{
  "variant": "placebo",
  "seed": 99,
  "timesteps": 150000,
  "metrics": {
    "Total Return": 0.6714610449607432,
    "CAGR": 0.18812060885762283,
    "Ann. Volatility": 0.18248729288435692,
    "Sharpe": 1.035878495980613,
    "Sortino": 1.5345605239193698,
    "Max Drawdown": -0.1701212070576495,
    "Turnover": 0.07144109904766083
  },
  "curve": {
    "t": [
      2048,
      4096,
      6144,
      8192,
      10240,
      12288,
      14336,
      16384,
      18432,
      20480,
      22528,
      24576,
      26624,
      28672,
      30720,
      32768,
      34816,
      36864,
      38912,
      40960,
      43008,
      45056,
      47104,
      49152,
      51200,
      53248,
      55296,
      57344,
      59392,
      61440,
      63488,
      65536,
      67584,
      69632,
      71680,
      73728,
      75776,
      77824,
      79872,
      81920,
      83968,
      86016,
      88064,
      90112,
      92160,
      94208,
      96256,
      98304,
      100352,
      102400,
      104448,
      106496,
      108544,
      110592,
      112640,
      114688,
      116736,
      118784,
      120832,
      122880,
      124928,
      126976,
      129024,
      131072,
      133120,
      135168,
      137216,
      139264,
      141312,
      143360,
      145408,
      147456,
      149504,
      151552
    ],
    "r": [
      -30.455771,
      -30.26945,
      -30.20101166666667,
      -29.9832435,
      -29.915133200000003,
      -29.672123142857142,
      -29.529126625,
      -29.478486777777775,
      -29.375356699999998,
      -29.259293545454543,
      -29.15225683333333,
      -28.995327857142854,
      -28.909403066666663,
      -28.8280184375,
      -28.73589011764706,
      -28.658320777777778,
      -28.57742794736842,
      -28.400417333333333,
      -28.300120409090912,
      -28.221692434782607,
      -28.141587958333332,
      -28.02916796,
      -27.80254325925926,
      -27.698390071428573,
      -27.607362689655172,
      -27.478047633333333,
      -27.370347354838707,
      -27.26562365625,
      -27.058135676470588,
      -26.946257714285718,
      -26.837208750000002,
      -26.738026108108112,
      -26.62873718421053,
      -26.52657558974359,
      -26.317715536585368,
      -26.225211904761906,
      -26.118907348837208,
      -26.020275136363637,
      -25.93140513333333,
      -25.708947170212767,
      -25.595314833333333,
      -25.491212775510206,
      -25.3812322,
      -25.2632401372549,
      -25.153410769230767,
      -24.92886424074074,
      -24.814107654545452,
      -24.694395107142856,
      -24.583485298245613,
      -24.46861422413793,
      -24.352197949152544,
      -24.12725875409836,
      -24.01464259677419,
      -23.89916538095238,
      -23.787852234375002,
      -23.683181184615385,
      -23.456116492537316,
      -23.339775764705884,
      -23.2257105942029,
      -23.111994785714288,
      -22.994748169014088,
      -22.881326430555557,
      -22.64730356756757,
      -22.53516709333333,
      -22.423687684210527,
      -22.307770272727275,
      -22.196684461538464,
      -22.08404201265823,
      -21.859526333333335,
      -21.748383439024394,
      -21.639739915662652,
      -21.52665692857143,
      -21.416630941176475,
      -21.310616837209306
    ]
  }
}