{
  "variant": "sentiment",
  "seed": 99,
  "timesteps": 150000,
  "metrics": {
    "Total Return": 0.8159120798355788,
    "CAGR": 0.22163070185808076,
    "Ann. Volatility": 0.18290785448907856,
    "Sharpe": 1.186056890603848,
    "Sortino": 1.7701400447084656,
    "Max Drawdown": -0.14240502880731173,
    "Turnover": 0.07197307795286179
  },
  "curve": {
    "t": [
      2048,
      4096,
      6144,
      8192,
      10240,
      12288,
      14336,
      16384,
      18432,
      20480,
      22528,
      24576,
      26624,
      28672,
      30720,
      32768,
      34816,
      36864,
      38912,
      40960,
      43008,
      45056,
      47104,
      49152,
      51200,
      53248,
      55296,
      57344,
      59392,
      61440,
      63488,
      65536,
      67584,
      69632,
      71680,
      73728,
      75776,
      77824,
      79872,
      81920,
      83968,
      86016,
      88064,
      90112,
      92160,
      94208,
      96256,
      98304,
      100352,
      102400,
      104448,
      106496,
      108544,
      110592,
      112640,
      114688,
      116736,
      118784,
      120832,
      122880,
      124928,
      126976,
      129024,
      131072,
      133120,
      135168,
      137216,
      139264,
      141312,
      143360,
      145408,
      147456,
      149504,
      151552
    ],
    "r": [
      -30.455138,
      -30.2803475,
      -30.22137766666667,
      -30.003586750000004,
      -29.938660400000003,
      -29.722401857142863,
      -29.588319000000002,
      -29.55769266666667,
      -29.470724700000005,
      -29.35694754545455,
      -29.26102958333334,
      -29.1101525,
      -29.036984733333334,
      -28.972486687500002,
      -28.888956588235295,
      -28.816676722222226,
      -28.746586684210527,
      -28.58910861904762,
      -28.500926590909092,
      -28.43468143478261,
      -28.36330670833333,
      -28.261330839999996,
      -28.06728018518518,
      -27.981684321428567,
      -27.90199548275862,
      -27.786498866666662,
      -27.693787774193545,
      -27.601306125,
      -27.42604279411765,
      -27.326155514285713,
      -27.23149108333333,
      -27.147725540540538,
      -27.055991052631576,
      -26.963948,
      -26.781914878048777,
      -26.70454702380952,
      -26.613347186046507,
      -26.529952022727272,
      -26.457806933333334,
      -26.268244361702127,
      -26.17196010416667,
      -26.08731118367347,
      -25.997754880000002,
      -25.89868245098039,
      -25.808350634615387,
      -25.614744425925924,
      -25.518661418181818,
      -25.412705535714284,
      -25.313967263157892,
      -25.20503286206896,
      -25.100412,
      -24.882447606557374,
      -24.77145758064516,
      -24.661476222222223,
      -24.551980234375,
      -24.446721123076923,
      -24.225545373134327,
      -24.110474176470586,
      -23.99465892753623,
      -23.88499324285714,
      -23.767196323943658,
      -23.658396111111113,
      -23.434125662162163,
      -23.32328130666667,
      -23.212252486842107,
      -23.09640803896104,
      -22.9832538974359,
      -22.867276063291143,
      -22.646335419753086,
      -22.533799951219514,
      -22.425296807228918,
      -22.31206847619048,
      -22.199183070588237,
      -22.08922338372093
    ]
  }
}