{
  "variant": "sentiment",
  "seed": 7,
  "timesteps": 150000,
  "metrics": {
    "Total Return": 0.6581279397691886,
    "CAGR": 0.1849319306271,
    "Ann. Volatility": 0.1709598770155941,
    "Sharpe": 1.0781827110198385,
    "Sortino": 1.5867951461257155,
    "Max Drawdown": -0.20076010641175707,
    "Turnover": 0.07150737196207047
  },
  "curve": {
    "t": [
      2048,
      4096,
      6144,
      8192,
      10240,
      12288,
      14336,
      16384,
      18432,
      20480,
      22528,
      24576,
      26624,
      28672,
      30720,
      32768,
      34816,
      36864,
      38912,
      40960,
      43008,
      45056,
      47104,
      49152,
      51200,
      53248,
      55296,
      57344,
      59392,
      61440,
      63488,
      65536,
      67584,
      69632,
      71680,
      73728,
      75776,
      77824,
      79872,
      81920,
      83968,
      86016,
      88064,
      90112,
      92160,
      94208,
      96256,
      98304,
      100352,
      102400,
      104448,
      106496,
      108544,
      110592,
      112640,
      114688,
      116736,
      118784,
      120832,
      122880,
      124928,
      126976,
      129024,
      131072,
      133120,
      135168,
      137216,
      139264,
      141312,
      143360,
      145408,
      147456,
      149504,
      151552
    ],
    "r": [
      -30.358439,
      -30.453711,
      -30.329363999999998,
      -30.2837435,
      -30.238405399999998,
      -30.000646714285715,
      -29.94356975,
      -29.84055822222222,
      -29.729791,
      -29.665323363636364,
      -29.600210750000002,
      -29.38123857142857,
      -29.2751052,
      -29.1726326875,
      -29.038188117647056,
      -28.918934166666663,
      -28.82104231578947,
      -28.635677380952377,
      -28.51203109090909,
      -28.43185460869565,
      -28.363226083333334,
      -28.260104639999998,
      -28.082781555555556,
      -27.996157857142858,
      -27.90761596551724,
      -27.802350699999998,
      -27.69232280645161,
      -27.597335,
      -27.408835470588233,
      -27.309039485714283,
      -27.214040055555554,
      -27.12083827027027,
      -27.019985184210526,
      -26.924915461538458,
      -26.721707219512194,
      -26.62424371428571,
      -26.52971332558139,
      -26.422305068181814,
      -26.321393,
      -26.10695280851064,
      -26.006672604166667,
      -25.891890081632653,
      -25.796030840000004,
      -25.692465509803924,
      -25.580234711538463,
      -25.36818740740741,
      -25.255003254545457,
      -25.145085624999997,
      -25.027783350877186,
      -24.91895679310344,
      -24.81049418644067,
      -24.586425295081963,
      -24.472766919354836,
      -24.367975809523806,
      -24.2575665,
      -24.15054556923077,
      -23.93006674626866,
      -23.816741323529417,
      -23.705765507246383,
      -23.58893738571429,
      -23.46942860563381,
      -23.352424597222225,
      -23.11818891891892,
      -22.99725248,
      -22.879146065789474,
      -22.762747935064937,
      -22.646919769230774,
      -22.52730784810127,
      -22.29848385185185,
      -22.18305267073171,
      -22.071819060240966,
      -21.960267583333334,
      -21.849435611764708,
      -21.743947337209303
    ]
  }
}