,AAPL,MSFT,JPM,XOM,JNJ,NVDA,ORCL,GOOGL,VZ,DIS,AMZN,HD,MCD,NKE,PG,KO,WMT,UNH,PFE,MRK,BAC,GS,CAT,HON,UPS,CVX,SHW,NEE,AMT,EWJ,CASH
2022-01-04,0.02696399,0.026413122,0.02573147,0.013606969,0.017638182,0.029676996,0.039925843,0.03108264,0.021387035,0.060158856,0.012528168,0.03613138,0.037735898,0.045683343,0.053283922,0.04498208,0.04217254,0.027352756,0.025690407,0.020102268,0.02675469,0.053027645,0.014011175,0.06666667,0.027132047,0.03093681,0.03508592,0.028477456,0.02211428,0.023099968,0.034445472
2022-01-05,0.021745738,0.053923804,0.022054784,0.012910896,0.016852904,0.034969203,0.029422147,0.034664083,0.027230792,0.037926435,0.0121752005,0.027363399,0.03718027,0.050374202,0.042885706,0.05290906,0.02195285,0.034836143,0.014764931,0.021473447,0.0308168,0.05008276,0.021103553,0.04577737,0.022981325,0.037243336,0.063829266,0.027811036,0.027285047,0.041437004,0.024016507
2022-01-06,0.01768414,0.06653909,0.01941755,0.014132372,0.016722608,0.029039068,0.024925528,0.03581463,0.031066587,0.033558343,0.013376512,0.03287168,0.03878583,0.04036641,0.04543696,0.06666667,0.020960376,0.027594492,0.015357074,0.018278198,0.033468865,0.04781017,0.020446666,0.041331988,0.026805267,0.050350565,0.06542705,0.02029768,0.025231177,0.0404045,0.019831961
2022-01-07,0.018047428,0.06666667,0.019285569,0.011864628,0.01820213,0.02571135,0.02109612,0.029307261,0.027764622,0.02811372,0.012693002,0.032017298,0.04100252,0.04626028,0.05218258,0.06666667,0.018972762,0.024378432,0.013184019,0.017137246,0.038867127,0.050248574,0.020510683,0.04278367,0.026017891,0.04917642,0.06666667,0.021391856,0.026589653,0.046987854,0.020205304
2022-01-10,0.019092506,0.06666667,0.018553609,0.013557378,0.018066557,0.02941814,0.01642153,0.03158202,0.025101054,0.027200712,0.014693714,0.026793638,0.04904116,0.048319407,0.05423833,0.0665919,0.019109758,0.023980765,0.014797907,0.016098673,0.03473047,0.043704186,0.02033437,0.041556228,0.027285455,0.038772732,0.06666667,0.02093244,0.031711005,0.054918293,0.020062728
2022-01-11,0.023379177,0.06666667,0.019510504,0.015843311,0.020899571,0.030724436,0.015416513,0.029165676,0.026143637,0.030413875,0.018153096,0.022815268,0.054647822,0.046761982,0.051986355,0.052619155,0.019572867,0.018801622,0.019518483,0.013893495,0.029693902,0.04557253,0.02299387,0.042247236,0.03196958,0.03244215,0.06666667,0.022770941,0.029402427,0.057363257,0.02194393
2022-01-12,0.025920372,0.06666667,0.021495556,0.016938232,0.022719283,0.030908441,0.015170651,0.02605109,0.026334729,0.029723668,0.019589325,0.020755013,0.04653497,0.043266803,0.0509574,0.052825343,0.019707184,0.016696563,0.018939028,0.012959731,0.03065949,0.0532428,0.026179109,0.043231636,0.03094297,0.034125898,0.06666667,0.023947392,0.028655147,0.055645913,0.022542927
2022-01-13,0.024982318,0.06666667,0.023998825,0.016339527,0.022910872,0.030467154,0.013901362,0.024389088,0.029062161,0.02860682,0.02149537,0.020248484,0.043224264,0.03684795,0.046727646,0.048754934,0.019867374,0.014331926,0.016975205,0.013254656,0.03754446,0.065230496,0.025332615,0.042873837,0.026946196,0.043244492,0.06666667,0.023555262,0.030279687,0.05213745,0.023136238
2022-01-14,0.022547398,0.06666667,0.024196161,0.01573251,0.026268555,0.029592546,0.012887696,0.023593413,0.028370412,0.024715608,0.02442471,0.02234634,0.046530463,0.027269138,0.04037854,0.051130015,0.018523159,0.011946169,0.017366683,0.013777806,0.05058531,0.06666667,0.020398771,0.043639056,0.022769773,0.057465263,0.06666667,0.02168184,0.03515069,0.04508715,0.021624828
2022-01-18,0.01867692,0.06666667,0.025495768,0.015635962,0.01915287,0.035347164,0.012436332,0.026513277,0.03628878,0.035263896,0.022140658,0.022504827,0.051954567,0.024441434,0.0326848,0.037780266,0.020973142,0.011189911,0.018912187,0.009425918,0.04761498,0.06666667,0.024537401,0.034371104,0.029014103,0.05863321,0.06666667,0.021698203,0.034577772,0.048692062,0.024042489
2022-01-19,0.016430771,0.06666667,0.025589468,0.013788132,0.023303319,0.03921034,0.011891605,0.022932943,0.04079345,0.031119814,0.023963016,0.023680778,0.05795174,0.020423122,0.025326924,0.023113647,0.016071366,0.009384668,0.017829273,0.009959306,0.06459783,0.06666667,0.024137104,0.027818417,0.026908174,0.060026374,0.06666667,0.020538412,0.03918635,0.0628772,0.021146458
2022-01-20,0.016391015,0.06666667,0.031346798,0.012220558,0.02284695,0.038838815,0.014286038,0.023258107,0.040140312,0.034103315,0.020704659,0.022993596,0.056964643,0.01929908,0.023890788,0.021891698,0.019780638,0.00978627,0.02195273,0.011000608,0.055120878,0.06666667,0.023833793,0.027165765,0.0313437,0.057376314,0.06666667,0.020750627,0.039288856,0.061571572,0.021851884
2022-01-21,0.016207086,0.06666667,0.031315543,0.012370101,0.025039727,0.039445452,0.016257325,0.022752669,0.038747437,0.03406835,0.020467553,0.026345985,0.055048097,0.018422086,0.022618309,0.021542132,0.0171866,0.010631265,0.022748165,0.012036487,0.049992632,0.06666667,0.0239559,0.024470406,0.03449417,0.054011278,0.06666667,0.022005515,0.040031116,0.06666667,0.021121955
2022-01-24,0.014794202,0.06666667,0.032395184,0.012670671,0.024352362,0.038612843,0.019315379,0.024799291,0.040196978,0.03650976,0.01763838,0.029039618,0.050131544,0.017838288,0.020126294,0.022691516,0.017090095,0.012820023,0.021879794,0.012410839,0.044039626,0.06666667,0.023612345,0.021317193,0.03841323,0.05907003,0.06666667,0.022112785,0.039251763,0.06666667,0.0202033
2022-01-25,0.016497118,0.06666667,0.03604386,0.013596408,0.029928515,0.037625574,0.020158054,0.019938223,0.03494149,0.030295512,0.016863653,0.02750772,0.04470902,0.021862414,0.020355212,0.024893947,0.016349649,0.0126313865,0.019109407,0.012861776,0.045188725,0.06666667,0.025843829,0.020373698,0.03756243,0.060007684,0.06666667,0.02531139,0.0418934,0.06666667,0.020983241
2022-01-26,0.01681799,0.06666667,0.03225007,0.014700318,0.033522192,0.034481082,0.021540174,0.02433379,0.035782747,0.029099328,0.016117873,0.03179636,0.040753838,0.027037274,0.024075681,0.025576616,0.015497978,0.015958142,0.018144323,0.013364,0.040611967,0.059624273,0.03281717,0.021648156,0.04429787,0.0476369,0.06666667,0.026326556,0.03623611,0.06666667,0.019951226
2022-01-27,0.019126924,0.066198215,0.033726063,0.012836801,0.035398822,0.027517628,0.025947941,0.022214083,0.033854958,0.036181394,0.0121311685,0.038930565,0.0335378,0.029864702,0.029384797,0.025215095,0.017540736,0.01537264,0.019179704,0.01198896,0.033992592,0.06105481,0.036055062,0.024901532,0.052854598,0.035807293,0.06666667,0.029042825,0.02474839,0.06666667,0.022060556
2022-01-28,0.020360233,0.06666667,0.03300888,0.014524987,0.030482609,0.03182469,0.024852315,0.024269424,0.03935049,0.038991123,0.012594313,0.03477212,0.03264314,0.037702408,0.029913066,0.020657247,0.018206801,0.018228276,0.020651756,0.0119357975,0.028563391,0.046695817,0.048163474,0.020052485,0.061699934,0.026649255,0.06666667,0.027317597,0.024097487,0.06666667,0.021790883
2022-01-31,0.021099579,0.05592226,0.03588447,0.015878284,0.020077568,0.0318015,0.02645176,0.028639572,0.04050242,0.031672373,0.010723774,0.03170351,0.030899933,0.06601804,0.031073747,0.019091161,0.019627368,0.049300782,0.019620433,0.01607642,0.022356302,0.020981507,0.058098298,0.018289862,0.04911871,0.018913181,0.06666667,0.027649814,0.028294606,0.06666667,0.020899436
2022-02-01,0.020863516,0.046064995,0.0347306,0.017743828,0.015348692,0.03573753,0.02575697,0.036090355,0.032146066,0.03256599,0.0102107115,0.02913765,0.029203251,0.06666667,0.033366725,0.021398203,0.025742987,0.057228897,0.01826481,0.016986301,0.019855127,0.021278808,0.054354195,0.020715745,0.047713757,0.02055189,0.06666667,0.025193835,0.031342875,0.06666667,0.020405684
2022-02-02,0.02102077,0.044014547,0.038881246,0.01635054,0.016409023,0.03336462,0.017982014,0.031308442,0.01851278,0.022574943,0.0087601775,0.0428582,0.03272083,0.055177357,0.046534505,0.028217325,0.030181577,0.054193392,0.01452523,0.013484094,0.030462103,0.031346865,0.044935092,0.02411337,0.034162458,0.026992759,0.06666667,0.031776894,0.04117764,0.05710113,0.024193404
2022-02-03,0.019259972,0.040149048,0.03246462,0.016986853,0.012421601,0.038449645,0.014868825,0.034456253,0.018945841,0.025113735,0.009561691,0.04164591,0.036315866,0.053930126,0.046046823,0.028439283,0.038254157,0.049890667,0.013662959,0.012311178,0.03222663,0.03427104,0.04805737,0.024315238,0.035795003,0.029033097,0.06666667,0.03098175,0.041136306,0.04804146,0.026300395
2022-02-04,0.014744522,0.037734326,0.02903788,0.013743635,0.017450681,0.047810998,0.019990847,0.035201978,0.020548997,0.025091982,0.009861877,0.047976136,0.033511046,0.033308566,0.02790628,0.023458013,0.034637243,0.04292933,0.014160256,0.014381312,0.03993228,0.04590083,0.048453424,0.025294222,0.03854628,0.0362928,0.06666667,0.034679446,0.045766745,0.052952826,0.022028582
2022-02-07,0.018937869,0.03229673,0.025967214,0.012766179,0.021735536,0.044802517,0.021813031,0.02715695,0.01788194,0.02150633,0.011554856,0.04524015,0.031919453,0.0350008,0.0327874,0.027310379,0.03941461,0.047575004,0.018790007,0.016261207,0.036700007,0.035167642,0.06666667,0.025515758,0.03984387,0.023693588,0.061325986,0.042412743,0.043624457,0.05004197,0.024289157
2022-02-08,0.01804186,0.032717384,0.025201188,0.010621012,0.027019808,0.041765224,0.023125699,0.02291655,0.01738575,0.019682288,0.011290571,0.05332884,0.032484762,0.028663414,0.031689152,0.029654529,0.031467002,0.044512466,0.017753491,0.015789801,0.042385254,0.044612188,0.06290375,0.02791302,0.03407573,0.025722621,0.06666667,0.042725142,0.04399658,0.04979947,0.024088798
2022-02-09,0.02029432,0.025303954,0.0262459,0.011824047,0.028382054,0.03879814,0.028197411,0.023795534,0.017286312,0.022339836,0.010719648,0.05934235,0.03137276,0.029232865,0.032708224,0.032388687,0.033597965,0.050211214,0.018937197,0.017693063,0.038908962,0.044818863,0.05762124,0.033563033,0.032354996,0.025110982,0.05666706,0.04656098,0.04053042,0.04094218,0.024249805
2022-02-10,0.022179864,0.0268773,0.022314887,0.016302442,0.029653136,0.050566193,0.029095065,0.025991477,0.016192855,0.025287949,0.012732447,0.05019361,0.028252,0.032207496,0.030489609,0.027219767,0.03686637,0.046226285,0.018352667,0.017289272,0.030629434,0.047072828,0.06666667,0.031862464,0.038810626,0.021580381,0.044208787,0.050544124,0.039034728,0.04044045,0.024858821
2022-02-11,0.02575371,0.028688118,0.024167819,0.01245241,0.034898408,0.049916815,0.034325924,0.022130806,0.020216431,0.025657546,0.015786393,0.05092496,0.02833735,0.02919292,0.028811378,0.02241047,0.030661732,0.043797445,0.024857583,0.024366423,0.03507324,0.04156602,0.061982453,0.029432103,0.033358596,0.019848382,0.0422213,0.053298924,0.040808145,0.037791748,0.027264442
2022-02-14,0.021212846,0.038741827,0.021705022,0.012656274,0.0354832,0.05209893,0.031921968,0.021913227,0.024701789,0.028993351,0.014192417,0.05386026,0.025147377,0.024216423,0.025812605,0.027074937,0.02984472,0.030671675,0.02455608,0.018888075,0.031517252,0.049032483,0.06666667,0.024934402,0.043961097,0.02439635,0.055467185,0.044029437,0.03399284,0.04026125,0.022048032
2022-02-15,0.023152165,0.04767368,0.024503198,0.011809713,0.032133505,0.052418265,0.029446153,0.018563086,0.027351206,0.02835329,0.015237078,0.046184625,0.027079677,0.027746987,0.025842419,0.02424933,0.026933055,0.030305402,0.022884056,0.021059653,0.03522191,0.04453959,0.060510408,0.021918278,0.0378957,0.025976237,0.063525595,0.042340294,0.038729813,0.04264887,0.023766758
2022-02-16,0.024526281,0.053084172,0.025632668,0.01376138,0.025126843,0.047532156,0.025238834,0.021105628,0.027437488,0.02682167,0.016125845,0.04827102,0.02940104,0.03220953,0.03093566,0.019593464,0.025676478,0.04139892,0.018088566,0.022524685,0.042367104,0.040871616,0.048814703,0.02220704,0.028671762,0.025426185,0.06656218,0.03861879,0.042944804,0.043053012,0.025970466
2022-02-17,0.025155675,0.04875915,0.026762389,0.014753712,0.027741276,0.04614826,0.03048609,0.022140944,0.028722424,0.026241336,0.017943129,0.047906335,0.025592897,0.028056202,0.027455816,0.017957529,0.024119109,0.04178827,0.019275365,0.026422795,0.04301824,0.04028427,0.04858962,0.02302222,0.027887763,0.028562782,0.06652803,0.03961212,0.0406699,0.04400884,0.024387516
2022-02-18,0.021368926,0.04014741,0.037034176,0.0129088955,0.024492206,0.04373498,0.038269646,0.02687185,0.036625355,0.031289198,0.015485207,0.0424139,0.020948239,0.022457886,0.021532012,0.019511344,0.03126942,0.04131006,0.025262268,0.02980906,0.04520791,0.036773566,0.04080918,0.023915261,0.028928561,0.040994845,0.063457906,0.034960918,0.04391745,0.03681216,0.021480193
2022-02-22,0.021287784,0.04435544,0.039877884,0.01210755,0.024221113,0.037224285,0.036845345,0.025394712,0.034078814,0.025981998,0.015848149,0.043982066,0.021920526,0.024407752,0.021776319,0.017152747,0.023608202,0.050229546,0.021589259,0.034680154,0.058170106,0.031834457,0.029124873,0.023173405,0.02119224,0.039423417,0.06666667,0.036451556,0.05521474,0.039679416,0.022499477
2022-02-23,0.017206002,0.04141237,0.03265374,0.011409154,0.026815604,0.032672368,0.03415412,0.02657802,0.027437074,0.023869371,0.015817082,0.06505705,0.02657089,0.0203183,0.023429189,0.016780067,0.021007998,0.05161719,0.020652128,0.031236533,0.06666667,0.03509013,0.019961866,0.028484665,0.020853432,0.03967224,0.06666667,0.033682477,0.060378652,0.041724417,0.02012454
2022-02-24,0.015823409,0.050584666,0.02968122,0.012758797,0.033185758,0.036291596,0.03283326,0.026530359,0.0264896,0.027253337,0.015618025,0.06485401,0.027274614,0.021673486,0.02160207,0.014133645,0.01806351,0.037423745,0.019496387,0.022861596,0.05908185,0.044240296,0.023348346,0.026406411,0.028618697,0.038939834,0.06666667,0.032237772,0.05465656,0.053219903,0.018150562
2022-02-25,0.018666247,0.050838187,0.03226253,0.01373361,0.037847638,0.049102377,0.02940391,0.020789945,0.021655735,0.032793824,0.016679158,0.04490738,0.027055604,0.028858567,0.02093513,0.009926665,0.021356685,0.025568519,0.019767938,0.01911599,0.044729684,0.051873382,0.02792658,0.02701884,0.037444193,0.030723987,0.06666667,0.035417765,0.05852561,0.056898013,0.021509642
2022-02-28,0.018349672,0.039111134,0.028240295,0.018537771,0.020375568,0.038661256,0.028027836,0.03802923,0.018897614,0.03212856,0.014008533,0.05363754,0.02798859,0.04224786,0.03438157,0.016232679,0.03042633,0.05291979,0.019309822,0.01986275,0.03366101,0.03349642,0.025489377,0.034014303,0.03875943,0.02547421,0.057866048,0.033909157,0.05224033,0.05025153,0.023463786
2022-03-01,0.017963246,0.044404022,0.029368984,0.01936136,0.018909302,0.050598547,0.027325569,0.04021785,0.021748716,0.04784564,0.014614874,0.042333502,0.027789084,0.033122078,0.028382942,0.013821278,0.03586052,0.030004628,0.02422956,0.014999572,0.027881788,0.044951186,0.02851529,0.02878326,0.053385455,0.02773997,0.057486422,0.031965833,0.04559604,0.045404315,0.025389161
2022-03-02,0.017035844,0.0528023,0.029643303,0.02070154,0.01701563,0.06666667,0.023793595,0.039484207,0.026750805,0.061846245,0.01434086,0.024488416,0.025577247,0.03256012,0.0200709,0.01077319,0.037971575,0.018987373,0.026026275,0.0110631855,0.019704016,0.04877187,0.038851935,0.020654365,0.06666667,0.025256675,0.05848172,0.030527147,0.039988402,0.048292305,0.025205618
2022-03-03,0.0168835,0.06079712,0.024658233,0.019972667,0.015439183,0.0643906,0.017931687,0.036939006,0.023817565,0.049478315,0.015079364,0.025328076,0.03138223,0.03665394,0.024357766,0.012877613,0.034775887,0.018781882,0.018494893,0.01084771,0.028027592,0.056223474,0.03191462,0.023692014,0.05484828,0.024461966,0.06666667,0.030634163,0.042951953,0.053086713,0.028605307
2022-03-04,0.014745014,0.05593127,0.02298916,0.022647187,0.015133097,0.06666667,0.0175868,0.047858946,0.02649699,0.05693584,0.016504051,0.020028507,0.031089773,0.029584289,0.01990366,0.0125437295,0.040428113,0.014920124,0.02080597,0.009978261,0.025949264,0.062112913,0.032414146,0.02519775,0.061916705,0.02777382,0.060947802,0.026453665,0.03868697,0.05105487,0.024714652
2022-03-07,0.012649387,0.049234305,0.020559011,0.022248428,0.01585177,0.06666667,0.01762288,0.054353397,0.028823249,0.06666667,0.016697768,0.019197896,0.032987654,0.0259343,0.018634189,0.014484555,0.047936346,0.011081662,0.024437586,0.008370789,0.02375783,0.06666667,0.032413397,0.027821178,0.06666667,0.02821722,0.052397035,0.022683347,0.03219941,0.049055524,0.02368322
2022-03-08,0.012467667,0.051609676,0.0225144,0.022569183,0.018813215,0.06666667,0.019571787,0.05828717,0.03824843,0.06666667,0.017437965,0.013588263,0.02699301,0.02188907,0.015545728,0.014183337,0.04789206,0.0075982823,0.031085983,0.008493478,0.01734671,0.06666667,0.03905759,0.025400864,0.06666667,0.029845722,0.054737847,0.01979203,0.024430096,0.054252293,0.019681482
2022-03-09,0.012694276,0.05626525,0.023081567,0.018078782,0.023179526,0.05540792,0.018298632,0.04334849,0.034250904,0.06666667,0.015221888,0.017759502,0.02759384,0.021092998,0.0204347,0.017957922,0.043614894,0.0058858576,0.02431879,0.007649448,0.025050025,0.06666667,0.032957796,0.0331619,0.06666667,0.03526778,0.06666667,0.021135403,0.021499056,0.05689891,0.021227276
2022-03-10,0.015689543,0.043231703,0.023831168,0.023820547,0.020850502,0.04887451,0.020658158,0.050246906,0.028434748,0.06666667,0.012388527,0.022798058,0.025516992,0.029674457,0.026559303,0.019130426,0.044415463,0.010941818,0.019784745,0.008073062,0.020208608,0.06666667,0.031556122,0.03920043,0.06666667,0.026158227,0.06498547,0.026269356,0.021146903,0.052499842,0.023054413
2022-03-11,0.016053796,0.03734906,0.023302924,0.024169901,0.02835359,0.049061287,0.021194981,0.04439547,0.029473761,0.06063016,0.015758172,0.022241909,0.027224382,0.026828166,0.025176624,0.01904551,0.044628993,0.010508909,0.023348387,0.008397354,0.022536444,0.06666667,0.035288353,0.043766934,0.06666667,0.02500872,0.055201903,0.02719394,0.022548405,0.053729717,0.024248915
2022-03-14,0.015342746,0.038964614,0.021060597,0.019932315,0.034874037,0.048093256,0.022620238,0.03807262,0.031949494,0.053906616,0.018089809,0.024264095,0.032217663,0.024593709,0.023561774,0.019578768,0.03412388,0.011989214,0.025200173,0.009056092,0.023924615,0.06666667,0.033581812,0.045842297,0.06666667,0.023157433,0.057368975,0.027372804,0.024263805,0.05730215,0.026361065
2022-03-15,0.016536534,0.026089877,0.022474712,0.019587094,0.04655477,0.033488516,0.029462574,0.037337955,0.029275082,0.044639938,0.018602394,0.03478052,0.03408248,0.025056519,0.028719634,0.026829127,0.030634189,0.018639112,0.027960269,0.012749313,0.025310816,0.06666667,0.024604231,0.06666667,0.057095766,0.021421645,0.042368125,0.029363267,0.024699992,0.04997774,0.02832447
2022-03-16,0.018482493,0.019230055,0.021655207,0.026580187,0.036275476,0.03419235,0.034575436,0.045080286,0.024844946,0.04473132,0.017428575,0.039356254,0.034649055,0.034608267,0.03414226,0.03327253,0.036996767,0.03596868,0.026394341,0.016464293,0.019071097,0.04751166,0.023322567,0.06666667,0.0559978,0.018697806,0.02767643,0.030172395,0.027366789,0.03965898,0.028929036
2022-03-17,0.020842673,0.014395201,0.020698123,0.02846543,0.03649664,0.029291324,0.041807733,0.04292919,0.01696721,0.03947627,0.014225945,0.057878837,0.028413016,0.035740584,0.041123435,0.043352,0.038005713,0.047419798,0.02460561,0.017827852,0.017953834,0.04437254,0.02118061,0.06666667,0.0498109,0.017534157,0.022196202,0.036226194,0.027407922,0.029443078,0.027245313
2022-03-18,0.021923196,0.012735618,0.018799892,0.03170873,0.032737754,0.028335083,0.041661724,0.04339327,0.0154358465,0.039076958,0.013555913,0.06666667,0.028842956,0.03584681,0.043839503,0.047006745,0.037196092,0.055999286,0.02416226,0.016416239,0.016678922,0.041934438,0.021456627,0.06666667,0.0435114,0.01595218,0.019167861,0.03935687,0.026587244,0.024482595,0.028864658
2022-03-21,0.025675815,0.01193873,0.018966027,0.035179373,0.026133526,0.026753157,0.04713003,0.042186264,0.016116703,0.048138283,0.012563633,0.06560946,0.022767102,0.034999102,0.04520299,0.054923475,0.041275747,0.05306474,0.024953019,0.015335799,0.01322754,0.04089613,0.023920255,0.0631898,0.044906538,0.016085893,0.015869115,0.041605722,0.020584118,0.01731114,0.03349078
2022-03-22,0.024209477,0.013931039,0.017999327,0.033334453,0.020783506,0.029754955,0.045070436,0.049917243,0.018182043,0.057654306,0.012111056,0.064875655,0.023688292,0.032453883,0.042911824,0.046658766,0.041394103,0.05342314,0.025196452,0.013649747,0.0126456665,0.041141704,0.026929194,0.053969543,0.046809144,0.015986819,0.018388184,0.043029387,0.019878855,0.01852788,0.035493918
2022-03-23,0.027975969,0.0137656955,0.01837473,0.035578694,0.018156258,0.032236125,0.04680043,0.053040076,0.016617443,0.062276572,0.01204449,0.06377586,0.021805447,0.034328174,0.043571867,0.044099353,0.04241245,0.056374896,0.027677901,0.014668295,0.011265246,0.037017424,0.032038473,0.044634216,0.04458346,0.016196346,0.015649682,0.04400363,0.019155918,0.015903618,0.033971272
2022-03-24,0.023699587,0.017797232,0.015769158,0.037628405,0.016374847,0.03816233,0.046255052,0.06666667,0.019348614,0.06666667,0.012067724,0.06666667,0.022083346,0.025652643,0.03666523,0.039428,0.041685272,0.044242177,0.028738067,0.0119917095,0.011231802,0.043824047,0.0389779,0.03416228,0.05507364,0.020805169,0.01804847,0.03815963,0.01662336,0.017113732,0.028390573
2022-03-25,0.022118503,0.018056003,0.013525697,0.0411744,0.01303634,0.03772814,0.037685413,0.06666667,0.016832426,0.06666667,0.01186069,0.06666667,0.024188759,0.02753145,0.042768653,0.041697167,0.050049406,0.04173083,0.024582384,0.009883294,0.0102446405,0.046851814,0.037895214,0.03701195,0.06008067,0.020914208,0.01801614,0.032874428,0.015769403,0.016917264,0.02897471
2022-03-28,0.021431258,0.017513819,0.012673686,0.03790568,0.012833023,0.036413766,0.03675612,0.06666667,0.016441433,0.06666667,0.012621333,0.06666667,0.02798343,0.028110387,0.045646377,0.0457992,0.049935173,0.0457181,0.027251467,0.010890937,0.010493211,0.042737722,0.036294643,0.03857342,0.055539742,0.020951023,0.017585393,0.029838542,0.016629035,0.017581811,0.027850268
2022-03-29,0.022331236,0.014161342,0.013190747,0.038538557,0.013659619,0.035769228,0.039270252,0.06666667,0.015316684,0.06666667,0.0134322485,0.06666667,0.030597122,0.028268863,0.044497024,0.04088424,0.054129418,0.05279468,0.032653425,0.01162523,0.009773722,0.035855047,0.034285042,0.038843613,0.053851247,0.018086756,0.012678373,0.030863823,0.018110875,0.015930986,0.0306006
2022-03-30,0.022627642,0.01352396,0.013806364,0.04070511,0.012396758,0.033584394,0.044650067,0.06666667,0.015046622,0.06666667,0.013669355,0.06666667,0.027790543,0.031128714,0.04571022,0.040561464,0.052144904,0.06612663,0.03024165,0.014407186,0.01013165,0.032250434,0.030875584,0.039113875,0.04559096,0.020733848,0.010741905,0.02952547,0.018153654,0.014916184,0.029844848
2022-03-31,0.020302841,0.013232701,0.013119132,0.039333656,0.012799943,0.034052737,0.041861117,0.06666667,0.016417872,0.06666667,0.015375989,0.06666667,0.032752436,0.029608924,0.045546662,0.033524215,0.056760482,0.06534502,0.034598675,0.015762921,0.012482092,0.031181576,0.02689373,0.04284742,0.046130527,0.019692898,0.010905604,0.026073167,0.020262593,0.01589207,0.02724301
2022-04-01,0.017926957,0.014386126,0.013235785,0.036322787,0.015704397,0.037469283,0.046879336,0.06666667,0.018357541,0.06666667,0.016357942,0.06666667,0.034059864,0.022726258,0.035412297,0.031719193,0.051399097,0.050198026,0.038082976,0.015224673,0.013848472,0.03903645,0.02654351,0.043724753,0.052694496,0.025788486,0.012277203,0.026055204,0.020896891,0.018318325,0.025353676
2022-04-04,0.017861228,0.0146354735,0.01439308,0.040198065,0.01222711,0.03736938,0.0470016,0.06666667,0.0217547,0.06666667,0.016418844,0.06666667,0.032247916,0.029235173,0.03416837,0.02921432,0.054564662,0.058790956,0.04443892,0.016446888,0.0109045915,0.026290461,0.028299894,0.03702089,0.057426035,0.022534562,0.0106139835,0.023231741,0.0206663,0.018317385,0.023727465
2022-04-05,0.021420022,0.017191583,0.016010487,0.045788646,0.012182808,0.044236347,0.045437716,0.06666667,0.024051497,0.06666667,0.02154331,0.04613425,0.033094376,0.03354881,0.030489521,0.02297464,0.053184427,0.052123643,0.04802289,0.018099913,0.011244357,0.0258953,0.030712895,0.03459759,0.053638127,0.022280946,0.010224151,0.024001598,0.022464903,0.019352343,0.02671958
2022-04-06,0.020821298,0.015562531,0.01639137,0.044058077,0.014747061,0.04777867,0.047112107,0.06666667,0.025032796,0.06666667,0.024512092,0.041571204,0.034835953,0.03319296,0.025681254,0.01841862,0.049777657,0.04879824,0.059186604,0.01986773,0.010810184,0.024364995,0.029898714,0.03401147,0.058551494,0.020188324,0.009869117,0.022278057,0.024358964,0.020736935,0.02425219
2022-04-07,0.017126711,0.014214266,0.014809409,0.041439213,0.017761657,0.03978033,0.04438329,0.06666667,0.02255267,0.06666667,0.025686232,0.051077724,0.039712157,0.031449445,0.027810073,0.020885102,0.04591319,0.053132776,0.054110456,0.020747008,0.013458107,0.025231993,0.023616478,0.04414156,0.055179294,0.021474082,0.010360328,0.01853464,0.02651054,0.02370456,0.021863373
2022-04-08,0.018444223,0.015389131,0.017450249,0.03873958,0.018676933,0.033850007,0.047523256,0.06666667,0.023303526,0.057372943,0.02476217,0.04648665,0.03762046,0.035384465,0.029953891,0.024848748,0.038697224,0.06600165,0.056002047,0.023867283,0.013676346,0.020614298,0.02134595,0.04461188,0.05046908,0.019083759,0.012557727,0.018323,0.02851851,0.027014896,0.022743449
2022-04-11,0.021353165,0.016491504,0.020470958,0.042020462,0.021755422,0.032157883,0.059300117,0.06666667,0.025026187,0.049743757,0.022354275,0.03531439,0.030990876,0.04089286,0.026612002,0.028276145,0.028960591,0.06666667,0.05304258,0.029182505,0.012293704,0.017858002,0.020673353,0.0454172,0.0464576,0.017622413,0.016615415,0.022017973,0.028532322,0.034550596,0.020682411
2022-04-12,0.021996751,0.017390782,0.023200667,0.037908472,0.03313127,0.027916647,0.06666667,0.06666667,0.025181789,0.038649265,0.021161176,0.04174937,0.028572012,0.038211692,0.022413487,0.03026686,0.017437765,0.06666667,0.049832955,0.040834516,0.014859406,0.01544212,0.015691597,0.044659164,0.037131753,0.018980086,0.021112684,0.024709078,0.034729965,0.040670704,0.016157962
2022-04-13,0.021896042,0.023499018,0.02505744,0.03407964,0.034496088,0.02867027,0.06666667,0.054938454,0.029109411,0.037716903,0.019137695,0.037585843,0.029889481,0.045794453,0.021342186,0.030778738,0.014902063,0.06666667,0.042178616,0.039333276,0.01602587,0.015615153,0.01653047,0.037682258,0.038132936,0.01901691,0.029566769,0.023176385,0.037242096,0.04806004,0.015212159
2022-04-14,0.022023644,0.02795731,0.025974883,0.032267522,0.024557745,0.028448682,0.05950823,0.05093121,0.032960165,0.039280035,0.018161861,0.03132242,0.03359752,0.06289236,0.025283199,0.035377394,0.018064063,0.06666667,0.03651231,0.03429566,0.017275425,0.0144410245,0.01803386,0.033948768,0.039117996,0.020069638,0.03128134,0.019994259,0.036699977,0.04614873,0.016906098
2022-04-18,0.018192166,0.036514957,0.022040829,0.021529676,0.026333336,0.027794711,0.044589717,0.04346294,0.038821444,0.03426506,0.02158637,0.037213277,0.0481445,0.050336875,0.025356367,0.036153052,0.015833164,0.054645326,0.031626645,0.03273453,0.03373272,0.020495303,0.015510967,0.033334002,0.032371003,0.028609542,0.04286124,0.017201874,0.04105961,0.050000805,0.017647995
2022-04-19,0.021025775,0.035355967,0.024549223,0.014968417,0.026094155,0.02483349,0.044615027,0.033739004,0.042582378,0.03625746,0.018454319,0.035737414,0.051200226,0.047076695,0.028776761,0.039855123,0.018540705,0.04437302,0.03553324,0.030987825,0.037592072,0.021644432,0.016395282,0.034786925,0.032086384,0.02499665,0.054051906,0.021336008,0.035943583,0.045808457,0.020802077
2022-04-20,0.025085725,0.028090872,0.023995044,0.015196142,0.021635395,0.02438692,0.040815834,0.034235157,0.038156852,0.033181723,0.018156122,0.0313531,0.055425588,0.06666667,0.03731294,0.041035436,0.024423337,0.055600405,0.032754485,0.037627097,0.036911014,0.016077459,0.017844345,0.037370108,0.028605305,0.020652091,0.039502837,0.021069825,0.03608749,0.039215088,0.021529598
2022-04-21,0.024521984,0.024582453,0.024799606,0.017513108,0.018825745,0.025307003,0.043372307,0.040530104,0.039913148,0.03862499,0.016437845,0.028796943,0.054502346,0.06666667,0.03306007,0.0482253,0.026399441,0.05680452,0.034381572,0.033072107,0.029556805,0.016706463,0.017663904,0.03568981,0.029770467,0.023164874,0.036567416,0.023623286,0.03344969,0.034368876,0.023101155
2022-04-22,0.020952819,0.022928772,0.022853443,0.017635971,0.021956556,0.024768885,0.044335645,0.043583672,0.039954223,0.033862192,0.017527184,0.039868694,0.055447,0.05904563,0.028337454,0.043197654,0.02388835,0.059324227,0.031651147,0.03773543,0.03938716,0.016695714,0.017739834,0.033889983,0.027184093,0.028832436,0.03237467,0.023006167,0.037219573,0.03537675,0.019438671
2022-04-25,0.018728694,0.02326432,0.024490148,0.017196355,0.029577883,0.026111659,0.059450634,0.041145083,0.041115373,0.04338816,0.014462446,0.0525237,0.038005624,0.04577809,0.024195949,0.041203056,0.02466154,0.046495087,0.03346783,0.030532895,0.029250894,0.021015748,0.02596174,0.030280398,0.04365391,0.03350019,0.030476976,0.024616698,0.029665438,0.037237618,0.01854586
2022-04-26,0.01841895,0.021616146,0.023719778,0.021759156,0.025665287,0.021996882,0.05013797,0.041371092,0.03125451,0.03598976,0.012377388,0.06666667,0.035370186,0.05963877,0.030500537,0.041212197,0.023150433,0.06666667,0.021495385,0.027873393,0.029039146,0.02022803,0.025677644,0.035112634,0.038905434,0.033363003,0.031423874,0.023391599,0.0292195,0.038875263,0.017882716
2022-04-27,0.016987126,0.01908336,0.02330791,0.036463264,0.039357506,0.02212535,0.06666667,0.051283557,0.02631985,0.042866286,0.012177149,0.06666667,0.021881552,0.033835005,0.023072006,0.040567543,0.02022946,0.047199056,0.024825368,0.0225419,0.021915909,0.029405361,0.030082365,0.036009252,0.05585899,0.049047295,0.024021607,0.026983138,0.0202202,0.036211565,0.012787737
2022-04-28,0.016947545,0.025078734,0.024747912,0.033360135,0.04108364,0.021059344,0.06666667,0.043503746,0.024012513,0.04090766,0.010780542,0.06666667,0.02250886,0.033480704,0.024609955,0.03706583,0.015596261,0.046913728,0.019958492,0.0196773,0.024989378,0.03659672,0.028600935,0.03544544,0.04810739,0.047686987,0.034151245,0.030731905,0.020671722,0.044146985,0.014245053
2022-04-29,0.019842364,0.024872744,0.02770082,0.036567524,0.02137055,0.016749332,0.06115361,0.048802193,0.023379618,0.043369483,0.0073814774,0.06666667,0.019528681,0.04751318,0.03673827,0.05611495,0.018793201,0.06666667,0.016522525,0.01712868,0.017581727,0.026239557,0.027862065,0.030953452,0.044368483,0.039148163,0.037013393,0.02920319,0.017672163,0.035388805,0.017706469
2022-05-02,0.018109584,0.02703299,0.025732914,0.036728855,0.024982905,0.01774749,0.06666667,0.0534825,0.027871927,0.05067293,0.008155815,0.06666667,0.01686733,0.03403365,0.032214053,0.05409806,0.018158361,0.04724945,0.018286759,0.0186282,0.020018946,0.034670763,0.025432272,0.028126517,0.051967304,0.054190405,0.03632371,0.025583176,0.014924142,0.030592324,0.014783333
2022-05-03,0.021344969,0.03641313,0.025812728,0.033511437,0.023101797,0.019894905,0.052973237,0.040189624,0.025869858,0.05367288,0.0075722523,0.06666667,0.015719045,0.04955326,0.037731104,0.053059082,0.019264162,0.032398146,0.014758424,0.015355838,0.017386947,0.03833678,0.029625075,0.025206858,0.06265036,0.044025607,0.045572173,0.027459193,0.014127001,0.033538483,0.017208986
2022-05-04,0.023627158,0.03419732,0.028288776,0.029182117,0.023474196,0.01822339,0.049783003,0.035196695,0.026904369,0.04986558,0.0076239733,0.06666667,0.015421075,0.052110825,0.043821376,0.06627408,0.021784732,0.029895542,0.016732084,0.016689137,0.016696677,0.03552954,0.02827048,0.027328832,0.059438236,0.04029764,0.046283215,0.02841928,0.013660842,0.030024696,0.018288476
2022-05-05,0.024625035,0.0318277,0.02633123,0.025893068,0.017244488,0.017902778,0.040194634,0.038066007,0.023824265,0.049879815,0.0063036596,0.06666667,0.017823426,0.06666667,0.062206198,0.06666667,0.02698722,0.035055112,0.014858399,0.016122488,0.016240597,0.035164174,0.02514798,0.030978527,0.052267067,0.03568584,0.043140914,0.028163489,0.014215377,0.024058076,0.019792441
2022-05-06,0.019302676,0.032779586,0.024362182,0.020312482,0.024890313,0.02370763,0.046844643,0.03838892,0.025808763,0.06298678,0.0068271393,0.06666667,0.019527487,0.037510715,0.04113353,0.06666667,0.025448566,0.02082576,0.022065686,0.013163393,0.016842434,0.052357655,0.028184278,0.027745688,0.06666667,0.046491366,0.04044602,0.028063552,0.014346393,0.023517132,0.016119218
2022-05-09,0.018047737,0.040369112,0.023673465,0.015156278,0.021106206,0.023095714,0.04031107,0.031483706,0.028310545,0.057721786,0.0067027095,0.06666667,0.024663126,0.041313335,0.048317797,0.06666667,0.025549222,0.02555333,0.021623094,0.012872042,0.017196137,0.045111004,0.027938563,0.026590535,0.06517832,0.038620617,0.05147265,0.026527828,0.015817521,0.027520102,0.018823113
2022-05-10,0.018021202,0.03315321,0.026858212,0.019080713,0.02937233,0.024548013,0.046041965,0.03482173,0.025908314,0.052403778,0.0079846885,0.06666667,0.023906229,0.033999145,0.039826475,0.06666667,0.02578797,0.027632201,0.025949731,0.0151306605,0.018674713,0.04336009,0.02728211,0.026295476,0.06666667,0.049983032,0.038334407,0.025969481,0.019739088,0.02553508,0.014399955
2022-05-11,0.016633991,0.042620365,0.024853118,0.019690711,0.027676992,0.028549906,0.037082452,0.031994842,0.023417091,0.050263096,0.008049139,0.06666667,0.024409616,0.03758326,0.040172473,0.058893856,0.024528617,0.027690802,0.020248776,0.011997544,0.018537384,0.04717714,0.031446,0.024336923,0.06666667,0.046035238,0.048221026,0.024769029,0.022453772,0.032681663,0.014651842
2022-05-12,0.014955236,0.045317657,0.023292797,0.017761784,0.03191796,0.030511072,0.034651123,0.032650538,0.023562897,0.04734529,0.009360114,0.06666667,0.02670741,0.030395593,0.03403896,0.046154317,0.020225734,0.022859354,0.021237321,0.0111591965,0.021819456,0.05753224,0.03166852,0.024794793,0.06666667,0.052768115,0.054635536,0.023473145,0.024089005,0.038160942,0.013620566
2022-05-13,0.016135506,0.047916967,0.02476789,0.018216232,0.030772798,0.025063725,0.0330351,0.030923039,0.025794834,0.03895465,0.010525028,0.06666667,0.027146997,0.035601117,0.04084569,0.05316693,0.018426722,0.029326543,0.020695806,0.012727241,0.023537366,0.045208402,0.030917227,0.024790566,0.062283695,0.050099388,0.053148594,0.023118112,0.024420809,0.040381476,0.01538489
2022-05-16,0.017435176,0.0486894,0.027130138,0.015142636,0.022367612,0.024875445,0.0361021,0.030102246,0.02889998,0.041219283,0.009147901,0.06551943,0.025020786,0.045739226,0.04081404,0.056280356,0.01834903,0.037365075,0.018837577,0.014681102,0.01961515,0.03657439,0.029809866,0.024575919,0.05552159,0.040969737,0.059818976,0.024729075,0.023923274,0.04246455,0.018278932
2022-05-17,0.017064936,0.053348973,0.032063123,0.013616966,0.018863348,0.02499188,0.034777075,0.03170581,0.03616839,0.041280374,0.009439747,0.05447822,0.026084429,0.040994674,0.03964853,0.05448446,0.018076615,0.04050763,0.021524739,0.01556852,0.0210116,0.033473633,0.027409658,0.022664865,0.049907964,0.042422056,0.06666667,0.024188258,0.02501529,0.042900033,0.019651532
2022-05-18,0.021924186,0.062442984,0.025210677,0.0134462025,0.019063104,0.027505018,0.031965192,0.026588108,0.033254188,0.039746642,0.011626066,0.04402534,0.030074304,0.053515367,0.04814264,0.054527592,0.013804802,0.04338946,0.021096408,0.017330272,0.017113298,0.028572815,0.028641371,0.021828368,0.044920545,0.02700634,0.06666667,0.028863512,0.024935102,0.047852445,0.024920985
2022-05-19,0.020675667,0.06160442,0.023438714,0.014790919,0.025562523,0.033105027,0.037136137,0.030330291,0.045466684,0.052132074,0.014899714,0.04148821,0.024538277,0.0382943,0.038845345,0.03978899,0.0168169,0.027183736,0.03284947,0.017432336,0.014789038,0.030138234,0.03810645,0.018135577,0.066373795,0.027773319,0.052507725,0.02764808,0.020540798,0.046307333,0.021299923
2022-05-20,0.020132167,0.06561652,0.021187775,0.014734425,0.02510097,0.03345039,0.031182714,0.026572773,0.049705073,0.04946913,0.01662497,0.039675992,0.02756446,0.045589242,0.042609826,0.037473463,0.017867796,0.0269303,0.031235179,0.01633057,0.015620148,0.027855406,0.040116996,0.018308673,0.06494278,0.023528114,0.051342215,0.026395114,0.021323651,0.0482997,0.023213468
2022-05-23,0.016340796,0.06666667,0.016714117,0.014299868,0.025817385,0.03865194,0.022896338,0.027085552,0.043237943,0.03832902,0.019862011,0.0427252,0.03686235,0.050659385,0.042297147,0.033638787,0.015581009,0.03453222,0.026037337,0.014903246,0.01648119,0.028006496,0.04384675,0.017618854,0.05949567,0.022741957,0.050787523,0.022113018,0.028273419,0.061269768,0.022227036
2022-05-24,0.01744367,0.052059416,0.0156029165,0.013295626,0.021542042,0.037097048,0.024759222,0.03440259,0.03622015,0.03731037,0.017355256,0.04290039,0.034785364,0.06008406,0.05203035,0.038650885,0.020399189,0.052567955,0.02660171,0.018812967,0.013423266,0.023861155,0.044297162,0.023181984,0.054996856,0.017832493,0.040464196,0.024180379,0.027216066,0.05369695,0.022928316
2022-05-25,0.014104141,0.043950334,0.013852135,0.012297704,0.022711473,0.038694046,0.02804548,0.042315785,0.03856543,0.039351415,0.017128829,0.04750086,0.037402187,0.044715088,0.044644337,0.04642995,0.022884956,0.053850044,0.03200067,0.01945197,0.0127696935,0.02567508,0.042437416,0.024333294,0.059751265,0.019506961,0.035730097,0.021813855,0.026956957,0.050380826,0.020747725
2022-05-26,0.015759958,0.040893372,0.013814317,0.011333285,0.02321244,0.036332823,0.030556336,0.037612304,0.039781302,0.03758177,0.017649783,0.043844186,0.03616814,0.048064854,0.04777723,0.051236086,0.025610467,0.05654998,0.034989048,0.02307758,0.013098315,0.021941293,0.04088524,0.02521718,0.05747043,0.014883721,0.031456515,0.025546987,0.026524564,0.04613128,0.024999214
2022-05-27,0.017660188,0.034710795,0.013621762,0.012059843,0.023840807,0.03666365,0.031128325,0.03570891,0.033367846,0.035000328,0.016413754,0.047122996,0.0318062,0.047368094,0.05126795,0.06465687,0.03183031,0.056292087,0.032410562,0.023959665,0.013935623,0.023755103,0.04459509,0.026606876,0.056117453,0.014322408,0.02676011,0.02890564,0.025842229,0.036088835,0.026179692
2022-05-31,0.019587629,0.031212045,0.013702082,0.012735261,0.018554425,0.041608833,0.030564334,0.038558424,0.032980505,0.04052482,0.01648667,0.04290243,0.032520052,0.04919288,0.05363011,0.05944288,0.040273305,0.054811873,0.033856086,0.024457363,0.013307923,0.023823055,0.04808071,0.026614996,0.05450643,0.01398883,0.021787412,0.028733205,0.023887442,0.029162811,0.028505178
2022-06-01,0.02082909,0.029425345,0.0138906855,0.011391537,0.020614354,0.049901735,0.03398002,0.03685792,0.034542393,0.04451987,0.018725585,0.042688157,0.03229299,0.0376353,0.04317703,0.04427669,0.045767434,0.04632053,0.043004353,0.027114749,0.015077076,0.024344943,0.05845329,0.022380434,0.05760386,0.014346165,0.01929557,0.032434836,0.025206184,0.02604444,0.027857423
2022-06-02,0.020667303,0.038029917,0.014379091,0.010723866,0.019335749,0.06542133,0.029138736,0.034910895,0.039029308,0.04952481,0.020434124,0.036510132,0.033072475,0.033051383,0.03446752,0.02992886,0.045253467,0.03539666,0.041075636,0.023864081,0.017634846,0.028564265,0.06666667,0.017376417,0.058113523,0.015226742,0.023348404,0.03405867,0.027462764,0.0282591,0.029073253
2022-06-03,0.021951167,0.038664263,0.013994672,0.010921805,0.01771075,0.06666667,0.024329133,0.031931512,0.033545416,0.04915368,0.022151107,0.03319528,0.035608295,0.033095635,0.0354549,0.031182915,0.053455286,0.028563766,0.033570506,0.022094673,0.020640027,0.03786542,0.06666667,0.01859848,0.05341846,0.018246088,0.023304598,0.035445698,0.030375216,0.02471158,0.03348634
2022-06-06,0.019180996,0.04073877,0.013131527,0.009896787,0.02289197,0.06666667,0.024309332,0.028907714,0.031681895,0.049650647,0.023763292,0.037942566,0.039070208,0.02327257,0.030277679,0.029390123,0.04625488,0.01867987,0.0360428,0.01873963,0.023976743,0.05380378,0.06666667,0.019225832,0.055604767,0.02390389,0.025198996,0.0338854,0.029247291,0.02533869,0.03265801
2022-06-07,0.018237652,0.040298272,0.011481455,0.012303872,0.023540577,0.06666667,0.022696316,0.030448858,0.025447313,0.048529904,0.024299573,0.044263188,0.041333925,0.02284881,0.030608203,0.029928662,0.044386845,0.018330775,0.0317425,0.015772248,0.023808142,0.05921188,0.06620412,0.020727301,0.057121217,0.025591694,0.02343325,0.034167964,0.02986756,0.025667168,0.031034091
2022-06-08,0.016123565,0.04241023,0.010115595,0.013593342,0.020837095,0.06666667,0.021291072,0.032991875,0.026096212,0.04754487,0.023376148,0.052268855,0.042707138,0.022517508,0.033448033,0.031091014,0.043039802,0.018687963,0.027922101,0.014117831,0.02697986,0.06196528,0.06272776,0.02222263,0.05433189,0.026834298,0.026001597,0.030145766,0.026202658,0.026600331,0.02914102
2022-06-09,0.014896967,0.04754311,0.010664299,0.012197028,0.021291511,0.06666667,0.02165759,0.03256287,0.034448765,0.049583834,0.023953058,0.04122995,0.039662622,0.02014684,0.026323324,0.025065586,0.04145244,0.014904485,0.028332334,0.01468889,0.031216308,0.06452822,0.06666667,0.020389156,0.05635642,0.028459365,0.033230677,0.02868719,0.025192296,0.031205073,0.026796464
2022-06-10,0.014086503,0.04734737,0.013684741,0.012641474,0.026549079,0.06666667,0.022888867,0.0299342,0.03752896,0.0503584,0.02215982,0.037108805,0.032907285,0.017181542,0.020031027,0.021994958,0.0374382,0.010160218,0.025509415,0.0137722,0.035342786,0.06666667,0.06472536,0.020010427,0.0599655,0.042507958,0.040522538,0.02834666,0.025597889,0.03390362,0.022460863
2022-06-13,0.011925576,0.051090386,0.01698679,0.012374637,0.027624339,0.06666667,0.021210903,0.03041917,0.039247528,0.045208406,0.019634219,0.034802847,0.030573692,0.016158663,0.016304515,0.016776988,0.03409167,0.009834191,0.021614134,0.013024176,0.041470703,0.06666667,0.05523929,0.01860952,0.0594899,0.0523587,0.054987166,0.024394555,0.03153,0.041755404,0.017928595
2022-06-14,0.011424091,0.047111645,0.02055171,0.011921176,0.03876129,0.051222354,0.023749787,0.027426012,0.030708758,0.034801945,0.01577072,0.05171113,0.028339455,0.017879201,0.01677945,0.017570265,0.023605542,0.011924093,0.01672221,0.01358988,0.05283843,0.06666667,0.039769404,0.022709325,0.050974503,0.06447923,0.066541225,0.024246408,0.03722558,0.04854804,0.01443047
2022-06-15,0.011109729,0.0655287,0.017429715,0.01564442,0.03840936,0.059288226,0.015218991,0.023806531,0.021419838,0.02858883,0.016607549,0.048655648,0.03262992,0.020870885,0.016092876,0.013859121,0.018817266,0.011036476,0.010631092,0.009209843,0.05540054,0.06666667,0.04173203,0.020621458,0.04872156,0.056696936,0.06666667,0.024388025,0.046894472,0.062683195,0.014673438
2022-06-16,0.01269687,0.057164483,0.01907592,0.016700353,0.03938295,0.052531656,0.015381646,0.023844682,0.018277902,0.02518517,0.016147537,0.054904614,0.034454715,0.027766183,0.019241242,0.013560673,0.01830157,0.01619533,0.0107864365,0.010895522,0.054789726,0.06666667,0.03858164,0.022274155,0.043137584,0.04329064,0.06666667,0.025923382,0.05412092,0.06666667,0.015386498
2022-06-17,0.013661795,0.047045995,0.022352416,0.020813704,0.048157312,0.05320425,0.019941576,0.02574343,0.018960321,0.024860393,0.018796846,0.05045389,0.030692093,0.02427631,0.0151018,0.012020802,0.01689991,0.01804733,0.0139257,0.013467794,0.05012456,0.06102109,0.038657166,0.023769861,0.044422127,0.047507618,0.063833565,0.026357949,0.0555448,0.06666667,0.013670932
2022-06-21,0.016509676,0.043358304,0.025921363,0.021607598,0.04525567,0.050767593,0.023736514,0.026331296,0.022441499,0.02633015,0.019754205,0.051382724,0.033093926,0.033609603,0.016721128,0.010734003,0.016923098,0.027731903,0.016435307,0.017902771,0.049497526,0.039655276,0.03682326,0.023716811,0.041092075,0.034966033,0.05403544,0.029724484,0.061428655,0.06666667,0.015845438
2022-06-22,0.016154645,0.031807862,0.027385687,0.021507703,0.024464825,0.039835144,0.020007486,0.035603028,0.022483282,0.023787938,0.015923321,0.05586433,0.041289136,0.048903458,0.02677771,0.012080711,0.024849001,0.06490661,0.016905928,0.019033663,0.051218037,0.022931762,0.028141167,0.03069542,0.031861447,0.022859128,0.050682425,0.026950227,0.06666667,0.059992064,0.018430188
2022-06-23,0.015807554,0.023922995,0.026225552,0.019829476,0.026436524,0.03720913,0.026315482,0.038081426,0.025104014,0.025872877,0.017472152,0.06666667,0.047229122,0.040420588,0.027368419,0.012560636,0.025515692,0.06666667,0.023903754,0.024756992,0.04860257,0.019419996,0.02378109,0.034764588,0.03110791,0.020745648,0.040153664,0.026683249,0.066563435,0.052347884,0.018464249
2022-06-24,0.016417295,0.022675317,0.02591939,0.02590271,0.019652702,0.04721336,0.027227735,0.05079528,0.028243877,0.03126022,0.018291906,0.059410997,0.047165852,0.047663655,0.02502988,0.010806271,0.030724771,0.06666667,0.028267274,0.026010739,0.035278197,0.014309997,0.02926759,0.027858382,0.03394064,0.017361738,0.028619431,0.02487004,0.06666667,0.048837297,0.017644122
2022-06-27,0.020175321,0.019854065,0.02561276,0.027885826,0.015090735,0.043378163,0.027527487,0.05613787,0.023678169,0.029420625,0.01700328,0.05483435,0.039094,0.062247064,0.03324708,0.015282875,0.034123126,0.06666667,0.023342583,0.030657997,0.032975774,0.01354408,0.028301032,0.033225797,0.02950056,0.016592722,0.026658183,0.029433604,0.062341694,0.041167263,0.02099924
2022-06-28,0.0194227,0.019626873,0.024742454,0.030070864,0.015678424,0.0482913,0.029361308,0.0655383,0.02586893,0.03341075,0.017935429,0.053079076,0.03695173,0.04955209,0.02862106,0.014257945,0.032559324,0.06666667,0.026511507,0.029337758,0.03112204,0.016145391,0.029524755,0.032842346,0.031527046,0.017771408,0.026729811,0.029407572,0.05629838,0.040224288,0.020922469
2022-06-29,0.015948398,0.022702979,0.020270048,0.026833385,0.02176457,0.054618035,0.032613855,0.060617704,0.022490978,0.035461564,0.01667237,0.06098384,0.031208059,0.03372418,0.02185918,0.014772029,0.026355881,0.06666667,0.022384213,0.024607563,0.03345095,0.028347299,0.029112052,0.035671394,0.03683864,0.023727046,0.03312865,0.03176327,0.051156472,0.045545977,0.018702757
2022-06-30,0.016734058,0.026326297,0.019901711,0.02463879,0.018470017,0.055532992,0.03246904,0.056124974,0.024598109,0.03581376,0.015261086,0.061070267,0.03381494,0.042682666,0.023495855,0.016231323,0.024780095,0.06666667,0.02164976,0.025466662,0.031448904,0.022564946,0.031631205,0.030062215,0.036244888,0.01990994,0.035768103,0.032021616,0.052238554,0.047153555,0.019227002
2022-07-01,0.014770835,0.026445998,0.018509991,0.024104273,0.02366362,0.056747552,0.034484163,0.051784933,0.021954533,0.03405824,0.015430358,0.06533531,0.032119025,0.03826467,0.021077907,0.019165523,0.021581678,0.06666667,0.02034393,0.024282934,0.028705452,0.027611608,0.031180566,0.03201776,0.040182337,0.023419075,0.035368145,0.030219907,0.052681588,0.0502785,0.01754293
2022-07-05,0.014756263,0.025597231,0.017775359,0.02639281,0.022609117,0.05925984,0.03721298,0.058567233,0.019119294,0.034522764,0.015023052,0.06532147,0.030362517,0.041095424,0.021278622,0.022055816,0.021705084,0.06666667,0.021101179,0.025459282,0.023730868,0.026291443,0.03358447,0.032164514,0.041326497,0.024405345,0.028568216,0.029173117,0.051401168,0.047400028,0.016072331
2022-07-06,0.017048765,0.023650926,0.019004112,0.029607497,0.019584259,0.0651822,0.041633308,0.0648031,0.022178832,0.044905227,0.015780237,0.05354486,0.025411211,0.041168965,0.019270249,0.019043181,0.027542165,0.06666667,0.026931312,0.025453405,0.01917338,0.022161089,0.044283442,0.025228133,0.04864294,0.022846594,0.019716214,0.03184762,0.042959116,0.037193056,0.017537938
2022-07-07,0.018488092,0.021054259,0.021003447,0.03146051,0.016695013,0.062102992,0.04172741,0.06666667,0.024312695,0.0494316,0.015865585,0.053565834,0.024663256,0.04231728,0.020768719,0.018636039,0.032142855,0.06666667,0.029345535,0.02616179,0.01900626,0.019777087,0.042185165,0.024833273,0.04642258,0.021840315,0.017687319,0.032802597,0.041921612,0.03076982,0.019677736
2022-07-08,0.020896455,0.021078652,0.021843823,0.032572027,0.015043017,0.05687944,0.041832983,0.06666667,0.022914078,0.04812424,0.014878155,0.05101971,0.020969816,0.0445628,0.024702309,0.021663498,0.034641616,0.06666667,0.025236232,0.027409373,0.020030364,0.021696458,0.042664144,0.028540488,0.040848218,0.02244986,0.02012492,0.036515173,0.03841495,0.028207682,0.020906178
2022-07-11,0.021068366,0.02192963,0.02143709,0.031839132,0.014099141,0.05844773,0.04228534,0.06666667,0.026023025,0.05559531,0.015020229,0.050100204,0.01972599,0.040989544,0.024105603,0.021726597,0.034982253,0.06666667,0.02635993,0.025010448,0.01875822,0.023651559,0.046684664,0.025945012,0.04165832,0.024712227,0.019361455,0.03586049,0.03318133,0.024503227,0.02160461
2022-07-12,0.018932605,0.022769319,0.01925648,0.033245422,0.014671069,0.06032479,0.044798344,0.06666667,0.026936097,0.06666667,0.014461641,0.054941386,0.019816857,0.03622172,0.022465503,0.022340944,0.032834306,0.06666667,0.029510422,0.020558875,0.014640988,0.02617048,0.046683572,0.022914018,0.049003214,0.026932798,0.016007213,0.032573927,0.028085204,0.021943837,0.020958966
2022-07-13,0.019188372,0.02230996,0.018885996,0.036159955,0.0170047,0.050819583,0.05378049,0.06666667,0.0313372,0.06666667,0.01601342,0.059684906,0.017146463,0.034242887,0.022336915,0.028226554,0.031138934,0.057638153,0.031186135,0.024253523,0.01589842,0.026001256,0.041815747,0.025266211,0.04802968,0.032139488,0.013904399,0.030037457,0.02382171,0.019314779,0.019083373
2022-07-14,0.01910807,0.025423033,0.02226915,0.03207228,0.016440708,0.05026238,0.05552853,0.06666667,0.04081442,0.06666667,0.016575217,0.04714078,0.01833355,0.03332152,0.020184452,0.029056102,0.031095328,0.054527815,0.036475465,0.024990939,0.016034432,0.023990884,0.04541528,0.021837234,0.046764903,0.035243366,0.014354812,0.02657306,0.023137756,0.0198012,0.019894013
2022-07-15,0.01781521,0.02196177,0.028724553,0.033859715,0.017037278,0.0515415,0.057172127,0.06666667,0.043208398,0.06666667,0.01558491,0.04126531,0.019487118,0.029526249,0.016841015,0.026220633,0.035628438,0.04937462,0.03973319,0.022668336,0.015778814,0.026832517,0.04164151,0.023146415,0.048982684,0.043728985,0.0138339605,0.022652082,0.024831638,0.01929525,0.018292436
2022-07-18,0.02424686,0.016297737,0.028017621,0.04054335,0.019711029,0.040878385,0.051799465,0.061954565,0.027298024,0.050487112,0.016330687,0.044904493,0.019768253,0.04566203,0.027587283,0.033592924,0.038208257,0.06666667,0.03487633,0.027520359,0.016759502,0.02145442,0.0370949,0.03574518,0.037685003,0.029784258,0.011279266,0.026507327,0.028913345,0.018694103,0.019731259
2022-07-19,0.027848057,0.017946562,0.03174902,0.032841302,0.024342071,0.041023374,0.06313865,0.04468514,0.03386981,0.054697532,0.016767971,0.033809263,0.015956508,0.037072856,0.023873985,0.0436287,0.040367883,0.047591813,0.041361045,0.028818386,0.017109616,0.025055954,0.043038454,0.034827616,0.041112725,0.032362934,0.012855185,0.030062264,0.02416815,0.01700467,0.021012504
2022-07-20,0.03402286,0.01934348,0.030181179,0.0237311,0.019884035,0.0367154,0.048685055,0.030207016,0.028446546,0.04245186,0.015768506,0.0318376,0.018661398,0.05240527,0.03821564,0.06666667,0.047241833,0.0453144,0.033533182,0.028995719,0.021422906,0.0259218,0.040979955,0.039532065,0.031866815,0.03132551,0.014546027,0.033492036,0.026459165,0.014099832,0.028045138
2022-07-21,0.03479042,0.021144934,0.027699372,0.019485505,0.022396408,0.03666913,0.045693934,0.023184692,0.029355664,0.045808032,0.015568483,0.030574458,0.01638488,0.041429985,0.03924902,0.06666667,0.06132021,0.021878852,0.03232718,0.02423363,0.023908399,0.037600454,0.05897135,0.0370992,0.039851308,0.04150385,0.014597732,0.03292653,0.018757328,0.012118909,0.02680349
2022-07-22,0.0357626,0.018169113,0.024581488,0.020491166,0.022792928,0.0337315,0.0417851,0.022187065,0.026579574,0.04507028,0.016673582,0.03205449,0.016712131,0.039227035,0.04363815,0.06666667,0.06666667,0.018744197,0.030212995,0.022449184,0.023468206,0.043015663,0.06556957,0.041605003,0.039380975,0.044382982,0.011793174,0.032225534,0.015418225,0.010665798,0.028278956
2022-07-25,0.030472985,0.016189551,0.02211264,0.01958739,0.027528156,0.030944988,0.05011889,0.022737559,0.024255928,0.04861408,0.016608793,0.0344273,0.015746398,0.029667888,0.038989425,0.06666667,0.062201187,0.015937522,0.029522397,0.021806398,0.018552639,0.05783899,0.057643007,0.047551937,0.04308363,0.05958851,0.0106738955,0.029667307,0.013028612,0.01050543,0.027729904
2022-07-26,0.030896341,0.018608848,0.022215812,0.019116804,0.028062195,0.031092098,0.04570709,0.021830563,0.024887662,0.04610984,0.018539025,0.02774921,0.016663305,0.029507384,0.039655607,0.06666667,0.05895589,0.013573644,0.029552681,0.022021512,0.018787915,0.06285473,0.056906953,0.049104687,0.04243971,0.061208125,0.012603935,0.029658632,0.012924813,0.012218654,0.029879669
2022-07-27,0.02295699,0.024487045,0.014669533,0.015016827,0.029097926,0.030663077,0.057536367,0.025585556,0.032877486,0.056315966,0.017217847,0.040080618,0.02080846,0.028663538,0.036759976,0.06666667,0.03289501,0.015467796,0.029610567,0.021569978,0.014690314,0.062658615,0.052075014,0.04394481,0.05490042,0.05643342,0.01713513,0.025482906,0.010097908,0.017466657,0.026167577
2022-07-28,0.023996513,0.02526282,0.015475504,0.012906237,0.018049264,0.034425437,0.042093854,0.024640473,0.033961143,0.059197366,0.013976613,0.030881857,0.023615971,0.039940365,0.043838784,0.06666667,0.04653276,0.017024627,0.024205212,0.021209624,0.014842065,0.05653548,0.061340306,0.042952396,0.05505047,0.045178138,0.024146924,0.024374088,0.011275086,0.018493028,0.02791093
2022-07-29,0.02181701,0.02171217,0.014897567,0.013013509,0.015552632,0.040611424,0.038016196,0.02919862,0.02824432,0.057131972,0.013975331,0.030056836,0.02465319,0.03756826,0.040936526,0.06666667,0.05786204,0.015314754,0.022782736,0.022419062,0.016455445,0.063046224,0.054281686,0.04306139,0.05237268,0.053632636,0.021614384,0.024867438,0.013409173,0.017027102,0.027801013
2022-08-01,0.023120891,0.025412958,0.015144266,0.010945583,0.017742857,0.04496097,0.024454286,0.026175682,0.021550216,0.04666319,0.014261101,0.03242963,0.03271265,0.042471092,0.047902483,0.06666667,0.05921973,0.01458579,0.021583881,0.017657327,0.02562069,0.06666667,0.054824784,0.04254937,0.04329614,0.038786612,0.025665723,0.027609324,0.020130403,0.018934308,0.03025473
2022-08-02,0.022909785,0.024408719,0.01846439,0.011082309,0.017373027,0.04714178,0.027027966,0.026707718,0.023294233,0.04818648,0.0144631425,0.029561684,0.031097831,0.034415085,0.040943712,0.06666667,0.061065648,0.015186706,0.0244295,0.019125149,0.024838971,0.06666667,0.05367807,0.03901337,0.041028738,0.049092732,0.024947742,0.028135914,0.022037467,0.016960809,0.030047985
2022-08-03,0.022263892,0.023468101,0.01973353,0.011228631,0.017294401,0.052653212,0.026333155,0.026561374,0.022780392,0.05725473,0.014640333,0.025780205,0.030069293,0.030615581,0.035748225,0.06666667,0.06666667,0.011869317,0.029867494,0.016163722,0.02086537,0.06666667,0.057547417,0.032858975,0.052951325,0.043579962,0.021387933,0.027452908,0.021516664,0.016529806,0.030984052
2022-08-04,0.026833829,0.021787412,0.020286595,0.0146803595,0.01676595,0.05845264,0.02948605,0.027459692,0.021756597,0.057233196,0.014683611,0.023189634,0.027283426,0.041515253,0.03541055,0.059277736,0.0654612,0.017198326,0.02739149,0.019190416,0.016280828,0.05375034,0.06411976,0.033063784,0.052123025,0.034771953,0.020202128,0.029742736,0.022313489,0.018147256,0.030140733
2022-08-05,0.030469002,0.02103379,0.023092285,0.018927582,0.020591132,0.060704462,0.03785231,0.02627433,0.020409303,0.060702614,0.016149115,0.02464757,0.024841629,0.03756591,0.030231223,0.052702002,0.051018104,0.01854782,0.029500624,0.020543257,0.013954033,0.055648092,0.05697513,0.03154435,0.050058957,0.039172098,0.019087706,0.034755,0.023898397,0.017935831,0.031166347
2022-08-08,0.03167082,0.02152816,0.025154559,0.024075901,0.021107763,0.06403292,0.035917778,0.028783113,0.018707437,0.06134226,0.014434918,0.024341894,0.023904765,0.037783924,0.029047167,0.049343176,0.04829091,0.01979807,0.027216509,0.018228693,0.012163076,0.05910707,0.052230664,0.030260716,0.049620196,0.038624156,0.021951338,0.037176233,0.026413938,0.018539036,0.029202847
2022-08-09,0.035435736,0.021189414,0.02639558,0.026368842,0.022809763,0.05804106,0.041558184,0.028180737,0.019757189,0.056584023,0.015283787,0.025330748,0.020352704,0.041273523,0.030407634,0.05370057,0.04295154,0.020698333,0.026622387,0.022592008,0.012559736,0.05554372,0.04893139,0.031374052,0.045038145,0.04402461,0.021643508,0.035713132,0.024026005,0.0182829,0.027329046
2022-08-10,0.0358487,0.0204136,0.02748901,0.021857686,0.023765985,0.055593755,0.039380167,0.026855716,0.01837328,0.05352527,0.015338216,0.025586497,0.024749348,0.041747652,0.034875043,0.054306995,0.042297475,0.02360793,0.030959472,0.024230888,0.012766083,0.05308696,0.03937093,0.037578955,0.042334415,0.0388404,0.02544871,0.03435991,0.02727931,0.01985697,0.028274668
2022-08-11,0.03993156,0.018129837,0.028742915,0.02546493,0.022056833,0.044054456,0.043423478,0.027717322,0.015192142,0.04686243,0.0132185975,0.026584808,0.020695396,0.048694674,0.042488318,0.06666667,0.04148127,0.032146186,0.025325082,0.026295887,0.011770308,0.04713783,0.034824766,0.045302577,0.03501473,0.03720995,0.023753747,0.03838768,0.024691768,0.018927133,0.027806718
2022-08-12,0.04491004,0.020965531,0.032965135,0.02438443,0.023070278,0.04560209,0.046075664,0.027436676,0.01595633,0.04858099,0.0125553375,0.022868093,0.017306065,0.0438872,0.040609878,0.066524826,0.039394345,0.026263466,0.025747806,0.028744044,0.012733416,0.05207567,0.03207103,0.04252,0.03130056,0.040474713,0.026450673,0.041036226,0.024022765,0.017325755,0.026140958
2022-08-15,0.049432117,0.020537434,0.031262405,0.024425136,0.020343935,0.03905255,0.043576613,0.02564149,0.016818037,0.04406928,0.013713889,0.025793774,0.019287888,0.04642432,0.04984717,0.06666667,0.038824935,0.034147505,0.025669733,0.031103326,0.014509327,0.045435693,0.027725939,0.046324488,0.024636034,0.034925565,0.026119424,0.04192007,0.024389504,0.015331846,0.03204391
2022-08-16,0.047931686,0.01702945,0.03118864,0.02482827,0.019255163,0.03663973,0.054096203,0.029718887,0.01798043,0.0482369,0.013850926,0.026590142,0.018835526,0.0467274,0.046331078,0.06666667,0.038263842,0.042593375,0.029688586,0.03737429,0.013318392,0.036588233,0.023400119,0.047852527,0.02367692,0.032267943,0.020534784,0.04092164,0.024003755,0.013647313,0.02996118
2022-08-17,0.04992199,0.014836209,0.034661956,0.029379377,0.019743923,0.034814026,0.05435677,0.032165583,0.019689322,0.04429491,0.014744826,0.022425031,0.016848104,0.049631365,0.04207887,0.06666667,0.041107755,0.047825474,0.029647343,0.04263604,0.014419656,0.031535793,0.022991946,0.049551595,0.021488244,0.031118339,0.01742925,0.038461104,0.025325865,0.012360697,0.027841967
2022-08-18,0.045144957,0.016284052,0.033121612,0.03021323,0.02062585,0.040587176,0.055593085,0.038405247,0.02029016,0.053414013,0.014376504,0.02292869,0.016913097,0.044491682,0.03591081,0.062258303,0.039053112,0.040330824,0.030960675,0.03713644,0.014034307,0.039165568,0.023840565,0.04660233,0.025027247,0.035794288,0.018527843,0.03518321,0.025549063,0.013100911,0.02513514
2022-08-19,0.04318801,0.018023053,0.035010867,0.028039694,0.018423641,0.040323067,0.0481474,0.036845744,0.018323872,0.054655865,0.012959395,0.02171738,0.018419076,0.04291696,0.037781905,0.06666667,0.039816145,0.03262089,0.027129197,0.02990158,0.015003842,0.049883917,0.022421207,0.049774516,0.025194915,0.0442305,0.022682503,0.033642102,0.025553042,0.013692633,0.027010417
2022-08-22,0.034711007,0.021777008,0.030805701,0.027466066,0.021739135,0.04660858,0.04106191,0.040048536,0.017697385,0.050690353,0.013708537,0.026921375,0.025201965,0.039434154,0.034460783,0.05629582,0.031141615,0.030664418,0.025004184,0.02567322,0.01716486,0.060146797,0.022689318,0.04829466,0.028446535,0.050832998,0.029048294,0.02938234,0.02931309,0.020165207,0.02340415
2022-08-23,0.027564246,0.024452187,0.029972656,0.025237545,0.02774015,0.03974254,0.041758917,0.038334973,0.017124696,0.04431991,0.012392864,0.033904877,0.023993203,0.03200229,0.03306355,0.054627486,0.02711476,0.024842447,0.021589566,0.02343394,0.02100461,0.06666667,0.02129228,0.05042338,0.033106383,0.06372564,0.04009313,0.026847977,0.027446415,0.02757286,0.018607846
2022-08-24,0.024816958,0.038223945,0.03395507,0.022011204,0.029337207,0.035381824,0.031054338,0.031643674,0.016877186,0.039047536,0.011141882,0.028547848,0.02546453,0.033742376,0.03365703,0.052446514,0.022302408,0.01695971,0.015721168,0.017950771,0.027244112,0.06666667,0.02036709,0.04859047,0.03258644,0.06666667,0.06666667,0.024697376,0.028828947,0.040275,0.017127384
2022-08-25,0.027529847,0.044386648,0.04094669,0.0231545,0.029020289,0.033792365,0.029329967,0.028500857,0.018446233,0.0368519,0.011599377,0.019113058,0.024253238,0.038674805,0.03306763,0.05332231,0.022950491,0.014661241,0.016924784,0.018094305,0.024335252,0.06666667,0.021579104,0.043333054,0.034869596,0.06666667,0.06666667,0.021920586,0.028128587,0.0448593,0.016353987
2022-08-26,0.027669625,0.03732038,0.036880188,0.025720142,0.029025102,0.027706964,0.027384857,0.029749742,0.015557195,0.031104399,0.011651969,0.020558322,0.025732126,0.04539585,0.039661117,0.060492408,0.02372468,0.018046575,0.015548122,0.017892096,0.024718545,0.06666667,0.019683046,0.05260949,0.030921228,0.063838445,0.06666667,0.020690054,0.027401129,0.043775488,0.016207386
2022-08-29,0.024040624,0.04816821,0.038864333,0.020619828,0.045250207,0.02974871,0.032356337,0.024797576,0.022267584,0.03300286,0.014110799,0.021947715,0.025133347,0.031123538,0.029236645,0.03892629,0.018181946,0.013316839,0.020280644,0.018160496,0.027012618,0.06666667,0.02252179,0.041630812,0.038941488,0.06666667,0.06666667,0.021092853,0.02663392,0.058470305,0.014161683
2022-08-30,0.024016019,0.052492216,0.041803014,0.017212002,0.05148625,0.028885962,0.026496012,0.018475538,0.022024542,0.024868794,0.015219737,0.01843038,0.026747432,0.03472968,0.029204601,0.034104638,0.01859486,0.012143863,0.01776315,0.018870486,0.03520637,0.06666667,0.023694433,0.042432796,0.035926048,0.061739728,0.06666667,0.021482158,0.031387966,0.06666667,0.014561327
2022-08-31,0.026042463,0.043612048,0.04423978,0.018173594,0.06666667,0.025236461,0.028825266,0.01640601,0.021320501,0.020499744,0.017401239,0.021609778,0.024353577,0.032210603,0.027709533,0.03037043,0.01705549,0.013094198,0.018474875,0.022252792,0.0404965,0.06392772,0.02431404,0.042435456,0.032664463,0.059448943,0.06666667,0.022707157,0.032391943,0.065346204,0.014045864
2022-09-01,0.025345251,0.041743595,0.04243051,0.017893914,0.06666667,0.025761899,0.028530499,0.014751523,0.020016372,0.01789063,0.018981079,0.024717046,0.02470526,0.030777475,0.025047032,0.026770024,0.0151763735,0.013171999,0.016941113,0.023543604,0.04805692,0.06666667,0.024707373,0.042610146,0.029821847,0.060734358,0.06666667,0.023817081,0.03588373,0.06666667,0.013506693
2022-09-02,0.025736602,0.033607338,0.035567462,0.022212883,0.06666667,0.025733193,0.027261825,0.01669199,0.015596489,0.014455384,0.021734321,0.031841785,0.027615068,0.035524126,0.027525201,0.028489199,0.014359327,0.019459741,0.016284915,0.025703799,0.044911765,0.057653975,0.026636755,0.04817735,0.027842887,0.054949317,0.06641658,0.02201984,0.039963517,0.06662463,0.012736068
2022-09-06,0.026796233,0.035734557,0.039463457,0.0201125,0.06666667,0.025110891,0.029090414,0.015386758,0.017130407,0.014226561,0.022762239,0.030756766,0.026001843,0.031484183,0.025988607,0.026478918,0.013790567,0.018501014,0.017996415,0.026981043,0.050210174,0.05668882,0.02702727,0.043546896,0.02681751,0.053032394,0.06666667,0.024837214,0.04052655,0.0658414,0.014345062
2022-09-07,0.025792018,0.033967037,0.03829015,0.018424107,0.06666667,0.02644499,0.029388957,0.016093796,0.018360438,0.015816677,0.024302758,0.033846866,0.030394444,0.030543162,0.025895773,0.023175955,0.014010786,0.018886274,0.02060718,0.028596751,0.05114797,0.05557984,0.024886178,0.04385418,0.02690872,0.047165375,0.06462198,0.02370642,0.043110013,0.06421377,0.0153007675
2022-09-08,0.0328781,0.021021862,0.044669397,0.01862492,0.06666667,0.023288483,0.03631731,0.017342176,0.01616239,0.015894497,0.024619779,0.036912598,0.029186046,0.040230475,0.033065856,0.026906403,0.018667027,0.028181462,0.027051834,0.042100575,0.04789065,0.04093979,0.022135919,0.0553386,0.023160705,0.039409578,0.039545257,0.024987971,0.044681717,0.044930484,0.017191468
2022-09-09,0.035435237,0.015103142,0.040345963,0.021855578,0.06666667,0.018656908,0.04246406,0.01933504,0.014657412,0.014668407,0.02715812,0.04400029,0.027470663,0.036469836,0.037788153,0.030163959,0.019418305,0.036661524,0.03196029,0.049920294,0.04653891,0.034736186,0.018889958,0.06666667,0.019969111,0.030451903,0.029281592,0.027621351,0.040426765,0.037405774,0.017811935
2022-09-12,0.03523799,0.01748114,0.03712697,0.022268785,0.06666667,0.020406762,0.041661356,0.021313265,0.014917362,0.014860534,0.024660528,0.039091595,0.025663456,0.040896535,0.039074358,0.029939726,0.019557565,0.04794805,0.028554076,0.04885197,0.042734906,0.029922852,0.0194972,0.0639633,0.018787704,0.025811585,0.03211962,0.03068403,0.042766407,0.03882011,0.018713592
2022-09-13,0.037542112,0.017250106,0.035059407,0.023116108,0.05526674,0.024633009,0.04466837,0.025408497,0.017550912,0.017949864,0.026276754,0.033328686,0.027969062,0.038227867,0.038023755,0.029700737,0.02341897,0.057412893,0.035350155,0.051898103,0.037710387,0.026352689,0.020994652,0.057759356,0.018267019,0.023101019,0.027436633,0.031357963,0.04188059,0.033716388,0.021371206
2022-09-14,0.027542768,0.02300835,0.030730968,0.020324418,0.06666667,0.036126293,0.05406865,0.02635721,0.02434675,0.025906116,0.029523514,0.034523506,0.024732213,0.021191608,0.022177387,0.025038786,0.021883093,0.02892602,0.04542547,0.043060344,0.03242559,0.041012403,0.027781295,0.04281269,0.033856638,0.033299137,0.031636752,0.031060508,0.03879716,0.038411047,0.017346647
2022-09-15,0.02239156,0.031742226,0.03071745,0.015550285,0.04741796,0.031452015,0.046231925,0.031911902,0.032249793,0.028605077,0.019929167,0.03793952,0.02455224,0.029171431,0.028439099,0.02579312,0.02391413,0.03705591,0.032715924,0.037430424,0.034090977,0.0369264,0.035779405,0.0373609,0.036042515,0.033584565,0.04994729,0.023984753,0.03127821,0.049674597,0.016119236
2022-09-16,0.024664909,0.023764543,0.02902247,0.020155624,0.06150027,0.024847869,0.053661466,0.030845143,0.029553534,0.024229303,0.019591492,0.04763464,0.020751419,0.028327055,0.02961723,0.026652772,0.021488447,0.040668502,0.03068769,0.040478054,0.033020552,0.0331202,0.033238452,0.043247573,0.03658913,0.029583344,0.04685593,0.025634797,0.027407289,0.049462736,0.013697565
2022-09-19,0.02196142,0.021207428,0.028468044,0.027783193,0.057610594,0.023242513,0.055990186,0.037227124,0.03544884,0.024803244,0.018051362,0.051482636,0.019487092,0.031140907,0.027007736,0.025931904,0.021042135,0.05011726,0.028763551,0.037438415,0.026469585,0.026591515,0.037450645,0.040654633,0.042487115,0.029098066,0.041578308,0.022245571,0.024566619,0.05327467,0.011377686
2022-09-20,0.022267973,0.019540278,0.031227894,0.029555798,0.062953785,0.022458894,0.055268142,0.035822175,0.02884581,0.020828318,0.016154656,0.056994386,0.018554464,0.033776578,0.027606867,0.027014095,0.019824937,0.058491927,0.023386562,0.038747996,0.02980682,0.028382866,0.03206713,0.04436083,0.033860087,0.030606275,0.039683122,0.02207205,0.029627224,0.04962525,0.0105868
2022-09-21,0.021582637,0.019999867,0.0356225,0.029793078,0.05420035,0.022180934,0.06143929,0.036731776,0.034771312,0.024601575,0.014694785,0.058806945,0.01673098,0.028897382,0.024928322,0.02764859,0.02100139,0.05796424,0.024848854,0.038465347,0.028893555,0.027939193,0.0303215,0.0413381,0.036053587,0.03391253,0.04226969,0.021877438,0.027127752,0.044435438,0.010921068
2022-09-22,0.018354474,0.02359433,0.035913307,0.031181196,0.051901363,0.024893634,0.056150284,0.037131947,0.034508396,0.029915338,0.013494421,0.06023762,0.016124602,0.02478137,0.02100591,0.02714712,0.022964956,0.03854372,0.021075832,0.027619813,0.0319903,0.040140722,0.03109072,0.039017953,0.044126876,0.046510763,0.04725345,0.021630242,0.026954949,0.04378656,0.0109578315
2022-09-23,0.01763448,0.02830156,0.03409472,0.03492857,0.03721393,0.02495837,0.04511871,0.04534021,0.040268533,0.03247531,0.014367228,0.05939428,0.018157383,0.03062393,0.023132475,0.021109097,0.021853248,0.046517845,0.019562028,0.025820572,0.030574825,0.032812152,0.03334924,0.03286838,0.04504492,0.041644007,0.053894784,0.019080663,0.02665426,0.051630255,0.011574029
2022-09-26,0.01923675,0.02581283,0.03504295,0.0422308,0.044446416,0.025221895,0.051180884,0.045709353,0.040859252,0.034746394,0.017211162,0.056875996,0.018068079,0.029979974,0.020464987,0.017244393,0.019622706,0.04044413,0.02195974,0.02882161,0.026647432,0.03061174,0.03288149,0.03151456,0.050106898,0.04192486,0.041415147,0.019837229,0.024516685,0.053582955,0.0117807
2022-09-27,0.019542731,0.025648437,0.035497095,0.044467736,0.043303333,0.02554238,0.053685986,0.04484345,0.042857975,0.038209666,0.017468654,0.056615483,0.017335633,0.027481645,0.01899577,0.016914725,0.02160141,0.03517609,0.02269219,0.027646359,0.026938044,0.031444047,0.03519975,0.030192964,0.053818464,0.04491967,0.03869877,0.019598681,0.022048498,0.049679156,0.0119352145
2022-09-28,0.020137455,0.028529393,0.037203632,0.04679197,0.0465584,0.026104953,0.044588443,0.040174462,0.041626185,0.03683125,0.017795336,0.058767386,0.018656282,0.027588634,0.020145476,0.015488467,0.021885494,0.030785527,0.02043449,0.023314046,0.032652963,0.03529786,0.03584774,0.029805884,0.050744865,0.042337194,0.041390955,0.020510014,0.023268048,0.05161011,0.013127096
2022-09-29,0.025493395,0.026612911,0.04181777,0.051931113,0.040318016,0.024895588,0.040182073,0.039859377,0.039163023,0.03279191,0.016881304,0.045191836,0.016353002,0.041945275,0.026024228,0.019737575,0.02595878,0.033324115,0.018889436,0.026505455,0.031904213,0.029597415,0.037148092,0.03388956,0.047188565,0.034471184,0.0417714,0.023103781,0.023304097,0.049249254,0.014496262
2022-09-30,0.024819141,0.02662172,0.040733952,0.039943963,0.049086455,0.024688898,0.04416947,0.035749003,0.043664876,0.03604548,0.017596789,0.050027896,0.016684772,0.031134259,0.02362323,0.019804183,0.023996962,0.024038475,0.022873547,0.025906418,0.036070738,0.036040075,0.035097353,0.033800222,0.049269047,0.037003804,0.04385759,0.0255171,0.021439807,0.04563552,0.015059251
2022-10-03,0.025291774,0.027519457,0.040820032,0.035063814,0.053049926,0.027727038,0.046557404,0.028510956,0.046874363,0.039945446,0.016967364,0.04380971,0.017236616,0.027582588,0.020702802,0.021512557,0.022315381,0.019394131,0.024515202,0.023609024,0.031775244,0.040401265,0.035949737,0.033651832,0.0535818,0.03686141,0.048571188,0.028877549,0.019958025,0.045329925,0.016036453
2022-10-04,0.029273037,0.026695123,0.04319481,0.0384096,0.034297843,0.02878713,0.042529713,0.033241954,0.04414591,0.04329862,0.013266787,0.034216817,0.015267577,0.039349563,0.027289413,0.032153457,0.030964002,0.0237011,0.022029033,0.023975363,0.024455868,0.03562956,0.034280524,0.037650857,0.055375505,0.030354073,0.049694326,0.030760948,0.018941298,0.038330935,0.018439258
2022-10-05,0.033109188,0.020939458,0.035970785,0.043072492,0.02511386,0.029450217,0.041519944,0.041913867,0.036334515,0.04392434,0.012223414,0.028647684,0.013418017,0.043285858,0.034671303,0.048051722,0.04223136,0.027185788,0.021910446,0.0253712,0.018322457,0.03240373,0.03490452,0.04480446,0.054651145,0.02581224,0.039113056,0.03497551,0.016238188,0.030108662,0.02032057
2022-10-06,0.029151509,0.024587257,0.02789534,0.039577216,0.02426569,0.040124413,0.03829174,0.04456136,0.042450663,0.05889592,0.013726441,0.02537728,0.0139704,0.031894132,0.027110314,0.042745583,0.04684748,0.015060853,0.02532573,0.019153507,0.016969569,0.044406425,0.048700467,0.03372953,0.06666667,0.028684638,0.03612423,0.032510325,0.01332969,0.027800545,0.020065084
2022-10-07,0.028839959,0.030081246,0.027974352,0.031082036,0.021011554,0.042721033,0.036892027,0.037533216,0.05120664,0.06666667,0.012847702,0.021848485,0.01251921,0.026912816,0.023992538,0.043535627,0.049151633,0.009728706,0.025550464,0.016726505,0.017898481,0.05142871,0.057168927,0.025965665,0.06666667,0.032856893,0.04034984,0.03404249,0.011025835,0.02423591,0.021538168
2022-10-10,0.027155077,0.04000096,0.025132641,0.022420589,0.020376036,0.04142036,0.03541886,0.03359014,0.061537452,0.06666667,0.01256879,0.023780862,0.013878905,0.025658814,0.023313489,0.04565049,0.036163554,0.008552651,0.024918668,0.01706842,0.020149607,0.053237017,0.05735108,0.019990297,0.06666667,0.036011867,0.053278685,0.031586833,0.010621162,0.024903461,0.020929895
2022-10-11,0.025631193,0.046225395,0.021958787,0.022815356,0.01697426,0.0394343,0.030381083,0.037398946,0.05872191,0.06666667,0.011755586,0.031820722,0.017704846,0.02749104,0.02798103,0.049042508,0.034800213,0.008849029,0.022466054,0.014097647,0.020479128,0.05576996,0.054061286,0.017678602,0.06666667,0.04015748,0.051846955,0.026901118,0.0104222065,0.022721965,0.02107806
2022-10-12,0.020967845,0.04511903,0.01883324,0.025039395,0.017353622,0.03920175,0.02605385,0.042058736,0.053802554,0.06666667,0.012639545,0.035519436,0.019975558,0.026032368,0.027504832,0.049002152,0.039879877,0.007186084,0.020800164,0.0110270595,0.023255335,0.06571948,0.05292057,0.019135011,0.06666667,0.04967372,0.045417883,0.020805055,0.010573779,0.02204179,0.019126957
2022-10-13,0.021093844,0.046603248,0.01739032,0.022276172,0.019572694,0.03799295,0.02451394,0.03758053,0.04569591,0.06666667,0.013111983,0.03833439,0.02213144,0.028033787,0.02847073,0.04795408,0.03427304,0.007512915,0.018410506,0.011063653,0.026290884,0.06666667,0.053018026,0.020388024,0.06666667,0.04670418,0.050965447,0.022696892,0.011853875,0.02585348,0.020213066
2022-10-14,0.021496829,0.038659934,0.0150476415,0.023503417,0.015107244,0.032819793,0.024654405,0.045788452,0.032798715,0.059651215,0.009649835,0.049868908,0.022422832,0.0388728,0.043061927,0.06666667,0.038583037,0.014016808,0.015153827,0.011265424,0.02168203,0.05519488,0.046736434,0.026422527,0.06666667,0.033912405,0.048156563,0.024266267,0.012018644,0.024961105,0.02089277
2022-10-17,0.022174563,0.032137062,0.013983428,0.02278875,0.022363244,0.03229869,0.032539617,0.046506856,0.033044357,0.05869967,0.011587493,0.063395955,0.023518335,0.03362959,0.040808238,0.064122505,0.03522227,0.015262021,0.021396855,0.015068364,0.021420658,0.048336957,0.045833763,0.026787937,0.06666667,0.029831188,0.03701378,0.025865322,0.012674908,0.025536126,0.019484831
2022-10-18,0.025694909,0.02485826,0.011932137,0.026716914,0.01840959,0.032511055,0.031126525,0.04673322,0.024929859,0.05264367,0.011461719,0.06499273,0.026446879,0.04904365,0.053993087,0.06429377,0.042755153,0.028616387,0.022877168,0.015837684,0.016025456,0.03009636,0.052807014,0.028695809,0.06666667,0.015931452,0.024120761,0.029668313,0.013871008,0.023608182,0.022634601
2022-10-19,0.028672757,0.017417261,0.012979102,0.026715113,0.020385245,0.031443566,0.040172677,0.046104267,0.021550415,0.052195378,0.011944219,0.065743245,0.024199031,0.040674847,0.05211972,0.06666667,0.046417706,0.03530538,0.03105905,0.018805653,0.014629239,0.027704297,0.046193212,0.034919746,0.06340555,0.014732122,0.017187392,0.034674175,0.014408949,0.017805079,0.023768928
2022-10-20,0.023382828,0.02077838,0.011832259,0.022378298,0.019165521,0.037851967,0.043734204,0.04605083,0.022258518,0.061329715,0.011106425,0.066474445,0.022939213,0.028513124,0.04287897,0.06566541,0.052936018,0.02755627,0.030510604,0.016065245,0.014935451,0.036448542,0.0474765,0.032835003,0.06666667,0.018194221,0.021275986,0.033751752,0.0140850935,0.018411888,0.02251065
2022-10-21,0.021336962,0.026449509,0.009579335,0.026369065,0.018245324,0.056850098,0.03389078,0.050053287,0.023019094,0.06666667,0.014369125,0.050280333,0.024861956,0.026812667,0.033939265,0.04792337,0.058611963,0.020594653,0.029880991,0.012205157,0.0135229435,0.041984417,0.06666667,0.026995698,0.06666667,0.018518891,0.021203434,0.033008754,0.015439881,0.022348233,0.021704812
2022-10-24,0.023164585,0.021216344,0.009150011,0.02810417,0.015821943,0.039295435,0.032423414,0.046959925,0.01836457,0.047296714,0.013544837,0.058089674,0.021754842,0.028341394,0.048537407,0.06666667,0.057350088,0.031134019,0.021053832,0.013998454,0.016322814,0.042419195,0.057072192,0.040998124,0.06666667,0.019515794,0.022190478,0.0333855,0.014062583,0.019527799,0.025570525
2022-10-25,0.02259561,0.019145958,0.010292759,0.034620807,0.013892156,0.042662747,0.035404015,0.059296403,0.019906493,0.057724472,0.0127201555,0.051944003,0.019253688,0.023699505,0.038319934,0.064706676,0.054299314,0.031659555,0.02288592,0.012873506,0.013191418,0.04484044,0.05582521,0.039427727,0.066119686,0.022619512,0.021513002,0.03400817,0.013010593,0.017940456,0.02360011
2022-10-26,0.023702202,0.018989844,0.011800382,0.036928352,0.011140172,0.04419437,0.042646077,0.06666667,0.022364054,0.06666667,0.012107441,0.04103219,0.01573794,0.02564454,0.03438551,0.06412054,0.05303363,0.035562564,0.02312423,0.014816069,0.010380957,0.04159704,0.051602446,0.036339734,0.06322965,0.024871564,0.019437736,0.03513563,0.012315912,0.016020391,0.024405494
2022-10-27,0.021685123,0.019547006,0.010839687,0.037685428,0.01659953,0.03792567,0.052281037,0.06666667,0.020101937,0.05127095,0.014493013,0.050584625,0.016110055,0.022408405,0.035704516,0.06666667,0.03992995,0.044334807,0.02116456,0.021092534,0.013126989,0.047627643,0.036695745,0.045179162,0.05130518,0.032561537,0.018408118,0.032263163,0.015671058,0.016759483,0.02330975
2022-10-28,0.02138732,0.018390752,0.010903362,0.030720152,0.020791782,0.029432714,0.058939725,0.063380934,0.01957627,0.044901084,0.014536603,0.054741174,0.018250288,0.02399229,0.04201597,0.06666667,0.035707932,0.04449202,0.02328385,0.025291631,0.014277219,0.04737003,0.025605185,0.05758481,0.04923024,0.03147173,0.01875284,0.030990234,0.016065542,0.016904404,0.024345232
2022-10-31,0.018545842,0.020579776,0.01025832,0.032872617,0.015197243,0.028649732,0.05343225,0.06666667,0.020094348,0.0498723,0.0122686215,0.059582423,0.017964737,0.031988192,0.047286656,0.06666667,0.036620654,0.057855234,0.019387886,0.023254417,0.0120242,0.04159318,0.023133503,0.052683484,0.052170735,0.02785712,0.019372921,0.026268173,0.015979217,0.017136944,0.022735944
2022-11-01,0.018470466,0.020633617,0.009835083,0.034728106,0.018676013,0.03236859,0.059178,0.06666667,0.01747398,0.051091995,0.013523527,0.05376902,0.01746542,0.029299373,0.041680157,0.06666667,0.03466606,0.047519404,0.021481905,0.022904525,0.010557592,0.046488177,0.022920765,0.051441904,0.060215477,0.030386772,0.017075505,0.026871158,0.016448325,0.01793973,0.021556018
2022-11-02,0.016555713,0.022165896,0.009546143,0.02957354,0.02440471,0.029270878,0.05934018,0.06666667,0.016426958,0.04318477,0.0137143005,0.060982514,0.016875666,0.02623331,0.04111611,0.06666667,0.031222133,0.041269988,0.019939449,0.025038693,0.012747603,0.055561755,0.020289335,0.05647207,0.057505574,0.03444437,0.019673336,0.026474623,0.017438024,0.01943521,0.019763814
2022-11-03,0.016252559,0.022233672,0.010541659,0.02571783,0.02713529,0.028665705,0.06133604,0.06495068,0.017771991,0.04607365,0.013910613,0.06493474,0.018971166,0.024728438,0.03958532,0.06666667,0.029505877,0.04211761,0.025821852,0.026138946,0.012891476,0.048289914,0.017219398,0.05145168,0.058769785,0.031308945,0.020004353,0.02771219,0.02078108,0.019016938,0.019493947
2022-11-04,0.014505015,0.023521364,0.009754453,0.023442766,0.032392357,0.026296383,0.04881294,0.05695876,0.015219697,0.038885765,0.015093355,0.06666667,0.02332697,0.023832442,0.045802224,0.06666667,0.031668857,0.033506915,0.02389465,0.022675406,0.017432902,0.05925853,0.015825382,0.059599523,0.059642598,0.035543982,0.022087606,0.02475001,0.02378837,0.020259185,0.01888826
2022-11-07,0.015458624,0.026176762,0.010461049,0.021946916,0.031160956,0.025012162,0.040758867,0.051578715,0.014205716,0.033400442,0.015885979,0.06666667,0.028045485,0.028229304,0.052525267,0.06666667,0.031732388,0.03507842,0.023108523,0.022127487,0.019668935,0.054779254,0.016830288,0.05788235,0.053431086,0.03345216,0.025019238,0.026264546,0.027564185,0.023562737,0.021318829
2022-11-08,0.015831297,0.023720074,0.012008576,0.025030691,0.028655378,0.02329248,0.03939621,0.05082779,0.012926216,0.03103674,0.013800013,0.06666667,0.02587775,0.027765213,0.054801542,0.06666667,0.034394663,0.036787063,0.020230262,0.01987162,0.019814905,0.05685189,0.016748779,0.06259331,0.050738193,0.038071614,0.02721059,0.028591553,0.025917957,0.022922438,0.020951854
2022-11-09,0.015497891,0.022724686,0.012324041,0.027129276,0.02562726,0.021665847,0.0386769,0.05521865,0.013736529,0.030862922,0.013693242,0.06666667,0.026938379,0.027323533,0.057778616,0.06666667,0.0370608,0.040283874,0.020356772,0.020429771,0.021182137,0.05052267,0.015652588,0.061763715,0.049300347,0.03790527,0.027173182,0.027453827,0.025644297,0.022374801,0.020364849
2022-11-10,0.017040845,0.019107852,0.014449411,0.03019351,0.026311425,0.022290906,0.047927704,0.061919846,0.017730597,0.039932676,0.014652877,0.06666667,0.026493905,0.023210386,0.046983413,0.06666667,0.035081785,0.043604564,0.032585572,0.021239288,0.015525498,0.03755694,0.01595069,0.048119936,0.05769429,0.03608987,0.022198532,0.02980257,0.023452694,0.0190238,0.02049528
2022-11-11,0.021837115,0.016240504,0.020898601,0.034247134,0.016059648,0.019833487,0.045957655,0.058614798,0.015252463,0.03562241,0.010278047,0.058473606,0.023094093,0.042844832,0.062478885,0.06666667,0.040552918,0.06666667,0.023695998,0.023274796,0.01184364,0.024014536,0.015734697,0.04568495,0.03996775,0.027423356,0.021415256,0.039574478,0.02703585,0.018145243,0.02656992
2022-11-14,0.024138441,0.018477349,0.027223602,0.031414844,0.019578049,0.025891665,0.05571042,0.050584126,0.014816012,0.037258893,0.0097824745,0.04554083,0.016494606,0.031222992,0.04153685,0.06666667,0.03505527,0.06666667,0.023537043,0.024535568,0.011782942,0.033077665,0.017854987,0.038812257,0.036089037,0.0353062,0.026933488,0.056317896,0.031139584,0.018182408,0.028371176
2022-11-15,0.021600276,0.02655987,0.02216863,0.034867935,0.017089965,0.030328024,0.04628765,0.05581814,0.016937174,0.0397174,0.010768103,0.050947618,0.018832766,0.025110757,0.03788212,0.06666667,0.028041052,0.06666667,0.021287054,0.019176153,0.011124713,0.036480155,0.021471353,0.02925671,0.040265035,0.039373975,0.034739327,0.05251536,0.0285641,0.021017822,0.028437424
2022-11-16,0.021120977,0.026081461,0.025412586,0.03645446,0.014151154,0.03436923,0.038395498,0.06159366,0.016545046,0.045153987,0.010417256,0.03844272,0.016824778,0.026496617,0.036931593,0.06666667,0.0386179,0.054265127,0.018689401,0.015929941,0.011446861,0.04499618,0.025808802,0.03039606,0.0415885,0.050843578,0.029784119,0.047386635,0.027514484,0.01876148,0.02891324
2022-11-17,0.02231489,0.023266207,0.027315388,0.035228148,0.014416225,0.036387514,0.040183607,0.062096298,0.01877175,0.04386715,0.012344985,0.03148764,0.016130397,0.026647916,0.032832693,0.06666667,0.039529584,0.054078326,0.021131609,0.020690627,0.012164986,0.04115759,0.026600344,0.031260062,0.03989874,0.054551546,0.028177382,0.0463517,0.027606962,0.018164085,0.028678983
2022-11-18,0.01767359,0.025737997,0.021783866,0.041189786,0.014481505,0.038769282,0.03406466,0.06666667,0.016916085,0.04586896,0.011650073,0.041985255,0.016537296,0.02443733,0.030247824,0.065063916,0.035190374,0.04642977,0.016709711,0.01474529,0.013298929,0.05330566,0.028683014,0.030839741,0.044838123,0.0629846,0.03100105,0.038711246,0.026397271,0.020913903,0.02287722
2022-11-21,0.017403906,0.023162557,0.021313364,0.05077688,0.015769232,0.03805412,0.030397689,0.06666667,0.014695508,0.038145818,0.013410947,0.0474782,0.018700704,0.023074606,0.030875472,0.05659249,0.033911724,0.047526814,0.014193093,0.01632049,0.017648771,0.060114644,0.022949556,0.037859768,0.036784098,0.06666667,0.031106528,0.034851607,0.030435706,0.022022367,0.021090005
2022-11-22,0.019054005,0.021692632,0.02341764,0.05042328,0.016965102,0.039693665,0.03445057,0.06666667,0.014489688,0.034656733,0.015171801,0.041862953,0.019253565,0.025113992,0.029194126,0.046100173,0.028706217,0.057238694,0.015159662,0.023113184,0.017864138,0.052790966,0.01813431,0.042890772,0.031161038,0.06666667,0.0300005,0.03605726,0.036091473,0.024190316,0.02172821
2022-11-23,0.01959004,0.02384968,0.023018124,0.059435673,0.015892651,0.039872926,0.027889378,0.06666667,0.013368398,0.03157493,0.015965825,0.03554816,0.019551145,0.026827829,0.030509157,0.04612879,0.028618272,0.054717876,0.013231702,0.019664684,0.017519362,0.05476706,0.018990615,0.043415137,0.030644258,0.06666667,0.032915425,0.036174905,0.036787443,0.026968358,0.02322886
2022-11-25,0.023019277,0.021420887,0.026126148,0.06511803,0.01612889,0.039531082,0.032165598,0.06666667,0.013537016,0.032530736,0.018523375,0.028512282,0.017309135,0.024969114,0.0295199,0.041790463,0.030480199,0.052485324,0.015125563,0.023173857,0.015621299,0.052915648,0.018288212,0.047577076,0.02995179,0.06666667,0.02896,0.037870582,0.033705715,0.025988122,0.024321351
2022-11-28,0.024661075,0.019375846,0.027046813,0.06664569,0.019225586,0.038288668,0.032011565,0.06666667,0.012940198,0.027193258,0.0225076,0.025233034,0.017229069,0.024392057,0.028394016,0.041739516,0.028344491,0.0512091,0.015903978,0.027107462,0.016051415,0.051896423,0.016907394,0.05284114,0.027265448,0.06666667,0.027542312,0.037087157,0.036524728,0.026556678,0.024544949
2022-11-29,0.023115527,0.017090179,0.028251551,0.064152524,0.02298742,0.032149937,0.035829343,0.06666667,0.014264668,0.025032954,0.026815204,0.034695078,0.018259244,0.019633029,0.02656921,0.035453454,0.026082732,0.056073204,0.018619768,0.029132202,0.020240441,0.047965337,0.016600862,0.055210292,0.02551945,0.06666667,0.026048318,0.033330463,0.037121754,0.027362427,0.023060102
2022-11-30,0.023343693,0.019632816,0.029654514,0.05719593,0.028303524,0.028285606,0.02831838,0.054232568,0.011802034,0.017710254,0.02764041,0.038400356,0.020966595,0.020721355,0.029411282,0.030687574,0.019642616,0.055529427,0.014720598,0.028048769,0.029752214,0.052387673,0.013179207,0.05906841,0.018590264,0.06666667,0.035270683,0.03505189,0.048510794,0.033484418,0.023789473
2022-12-01,0.026959885,0.018041013,0.03190505,0.057089172,0.022479637,0.029875081,0.028260363,0.052856177,0.011269173,0.018952169,0.02383475,0.036450174,0.022555726,0.02901677,0.03474057,0.027848318,0.022184053,0.06666667,0.014951089,0.027777553,0.023007773,0.04163666,0.015299489,0.057389356,0.019072128,0.0558788,0.034166478,0.039632946,0.04932298,0.033985242,0.026894756
2022-12-02,0.024126675,0.019068493,0.03350341,0.060381852,0.023710612,0.032105986,0.030146953,0.054093946,0.011979337,0.01868932,0.025663741,0.03485174,0.020154713,0.023141693,0.027058203,0.025642073,0.020203298,0.06666667,0.014239112,0.026141327,0.023348471,0.050030746,0.01654495,0.052762013,0.019331152,0.06666667,0.035324935,0.036253616,0.047590584,0.035743833,0.024833893
2022-12-05,0.023919446,0.019455051,0.03570933,0.05966736,0.02325553,0.030892096,0.032682028,0.055543296,0.011838694,0.018662268,0.025615683,0.038384426,0.019172816,0.023208525,0.025954887,0.021974312,0.018437626,0.06666667,0.013617278,0.029267862,0.026068967,0.050172456,0.015142734,0.04998329,0.018355181,0.06666667,0.036060017,0.035046197,0.048354317,0.036414146,0.023810854
2022-12-06,0.021348534,0.017967053,0.036998708,0.060622204,0.023007307,0.027742805,0.043694165,0.06609088,0.016599623,0.024635673,0.022013664,0.0493785,0.016004616,0.020491326,0.023464426,0.017347246,0.018694,0.06666667,0.016026722,0.029414935,0.023971995,0.043408472,0.01606166,0.04700285,0.023530759,0.06666667,0.03627061,0.031131132,0.036176324,0.037203982,0.02036649
2022-12-07,0.0204899,0.019984884,0.040384784,0.058325022,0.02736046,0.028941683,0.04607408,0.056108803,0.01675524,0.022961477,0.020692263,0.049468245,0.01480714,0.01899409,0.019575382,0.016117979,0.01576173,0.06453752,0.0143924905,0.030228166,0.025871845,0.048180375,0.015607337,0.042290155,0.023578338,0.06666667,0.04417196,0.031520803,0.040068407,0.041703295,0.018379487
2022-12-08,0.019522693,0.023299076,0.040504612,0.06339738,0.030451,0.028604813,0.041027706,0.051286284,0.016394868,0.019424481,0.020543296,0.044745278,0.015082764,0.01950884,0.0184115,0.0155824,0.013292987,0.06176135,0.012234255,0.027409222,0.025787551,0.04893818,0.016086463,0.041525528,0.02316531,0.06666667,0.054037005,0.028975371,0.042754456,0.053246696,0.01633197
2022-12-09,0.019770917,0.025779847,0.044699524,0.055318985,0.034315564,0.024983183,0.034488022,0.035606883,0.014244869,0.012931763,0.020723108,0.04216408,0.017832894,0.01979713,0.018968346,0.015684707,0.011122186,0.06666667,0.010759448,0.027862428,0.03313732,0.044122238,0.014461708,0.0404968,0.017044252,0.06666667,0.06666667,0.027031211,0.056807578,0.06407743,0.015767584
2022-12-12,0.022274056,0.030781256,0.049095612,0.05028204,0.04326954,0.026899269,0.03698216,0.026444815,0.017915547,0.011872456,0.02819561,0.029529322,0.019086855,0.019492334,0.0154582,0.012974388,0.0083594825,0.0645121,0.013352783,0.035331734,0.034656435,0.03787795,0.015071043,0.035386432,0.014810835,0.06666667,0.06666667,0.02628278,0.058148112,0.06666667,0.01565685
2022-12-13,0.023592645,0.028542483,0.05017258,0.040711448,0.03713527,0.025942244,0.031499416,0.024126353,0.01753239,0.010517134,0.026505519,0.028778134,0.025067199,0.025491428,0.019757293,0.016309917,0.010390354,0.06666667,0.01373992,0.040814858,0.039454136,0.03191258,0.0145961875,0.03852259,0.013028061,0.05772575,0.06666667,0.02459233,0.06625709,0.06666667,0.017284697
2022-12-14,0.027856689,0.02732731,0.056933366,0.03698283,0.029453587,0.024882058,0.038212135,0.02646951,0.023138138,0.013988186,0.025332142,0.025894009,0.026856275,0.02907922,0.023579173,0.01988732,0.011815344,0.06666667,0.018482631,0.044758394,0.02901497,0.027038774,0.016302506,0.03682015,0.01387417,0.0500488,0.064756446,0.027809687,0.052138478,0.06263258,0.021968447
2022-12-15,0.025986476,0.034427572,0.053000987,0.03206128,0.030924274,0.030340603,0.029905293,0.022498844,0.025357394,0.014288402,0.028772116,0.022285752,0.030900333,0.02516913,0.020867905,0.018827744,0.010950854,0.06666667,0.017801806,0.038601566,0.029202547,0.033977315,0.019076474,0.031843957,0.015123479,0.05436667,0.06666667,0.025792334,0.054294273,0.06666667,0.023354625
2022-12-16,0.022600664,0.04384479,0.054758433,0.026698938,0.043487374,0.03851952,0.028072752,0.017861744,0.028641896,0.014590526,0.030710416,0.01838605,0.033750594,0.021050876,0.014800442,0.014463405,0.009617274,0.047878403,0.020413028,0.032008354,0.03169847,0.039510183,0.02154631,0.025906907,0.018663535,0.055686787,0.06666667,0.026576985,0.064627,0.06666667,0.020295015
2022-12-19,0.024011567,0.053512383,0.059244365,0.0242082,0.043183796,0.038477812,0.024483677,0.014269909,0.029984925,0.014531735,0.029483551,0.0147694945,0.034170456,0.022368643,0.014684428,0.014392693,0.009164926,0.03397925,0.017085671,0.02898723,0.036954395,0.04580602,0.021216337,0.025771886,0.017930072,0.06511086,0.06666667,0.026396973,0.06295426,0.06666667,0.01953116
2022-12-20,0.020780548,0.05729187,0.050094463,0.024951138,0.04770997,0.037540343,0.019364469,0.014044946,0.024686957,0.014275821,0.027290702,0.018464893,0.040133152,0.01981996,0.016063826,0.018468749,0.010064781,0.02578493,0.01517633,0.019592594,0.040701643,0.061384972,0.021881199,0.028900355,0.02078124,0.06666667,0.06666667,0.024449045,0.06264279,0.06666667,0.017658312
2022-12-21,0.018710406,0.06211967,0.040851638,0.022475658,0.0447662,0.035796463,0.017450653,0.01488048,0.024842052,0.014807291,0.026555898,0.020194093,0.042782,0.021080784,0.018838366,0.024998447,0.0123889875,0.020476973,0.014275659,0.017682342,0.044536423,0.06666667,0.02575581,0.03248626,0.024484573,0.06666667,0.06666667,0.02091534,0.053187966,0.06666667,0.015992898
2022-12-22,0.019423248,0.06384563,0.038651247,0.020354582,0.03485999,0.037427355,0.013909714,0.01690247,0.026710734,0.014973802,0.02709801,0.017944116,0.05451927,0.026573163,0.021482453,0.02219497,0.014110469,0.022888025,0.015267311,0.017481599,0.049043808,0.05241921,0.025665877,0.02634349,0.021738674,0.06659131,0.06666667,0.019418301,0.060646147,0.06666667,0.0181817
2022-12-23,0.019616894,0.063025095,0.036651626,0.017710803,0.03804611,0.036077544,0.015760198,0.016555237,0.028949056,0.013598428,0.031307247,0.019694109,0.055858076,0.026821755,0.021143992,0.019436967,0.012341893,0.02629596,0.01772379,0.023113266,0.056252524,0.04001704,0.024172671,0.022592952,0.019619858,0.0631023,0.06666667,0.018686492,0.06492934,0.06666667,0.01756546
2022-12-27,0.020614266,0.063153304,0.034241583,0.014573487,0.03342986,0.036269993,0.014438447,0.01579086,0.028518673,0.013700033,0.030418577,0.017639473,0.059774924,0.032286596,0.025638489,0.022802679,0.014285008,0.02491023,0.018069832,0.023362868,0.05621961,0.0390746,0.025647284,0.024292106,0.0201613,0.056597713,0.06666667,0.018794028,0.061878208,0.06666667,0.020082634
2022-12-28,0.020269942,0.06666667,0.03186712,0.012057246,0.030450573,0.04183747,0.013230478,0.016191553,0.032149017,0.015367653,0.032317936,0.014191591,0.06666667,0.031082423,0.023362227,0.020985078,0.014531192,0.01949436,0.020359864,0.02406372,0.057597265,0.039461996,0.024848819,0.02030014,0.020333212,0.05375148,0.06666667,0.018506562,0.06381122,0.06666667,0.020913195
2022-12-29,0.02119033,0.0640001,0.029690312,0.0102719655,0.04174131,0.040806822,0.014111971,0.013836342,0.031260524,0.016735943,0.0321072,0.017154166,0.06666667,0.02996497,0.024703134,0.019237386,0.015119214,0.016076464,0.0245624,0.02267073,0.05778054,0.041587472,0.026640426,0.020736262,0.024193738,0.041945525,0.06666667,0.02055879,0.059754476,0.06666667,0.02156149
2022-12-30,0.023240628,0.06317019,0.02788387,0.011165195,0.03794154,0.04616075,0.013516707,0.014097713,0.028722554,0.017648615,0.031769164,0.015104954,0.06666667,0.038802825,0.026984852,0.019612122,0.017033562,0.017256077,0.023003707,0.022196593,0.048338335,0.040770497,0.03133912,0.021324871,0.024667574,0.035805836,0.06666667,0.0214523,0.05811126,0.06666667,0.02287859
2023-01-03,0.025240006,0.06666667,0.028310869,0.010789235,0.037495762,0.050961547,0.012189815,0.013295613,0.031193612,0.018862052,0.03337377,0.013485542,0.06666667,0.034858793,0.026053758,0.017090356,0.018153582,0.01433847,0.0265986,0.020165207,0.04766307,0.040759653,0.03471576,0.018394435,0.025665099,0.030232435,0.06666667,0.022687314,0.056864936,0.06600701,0.024553705
2023-01-04,0.027991895,0.056705646,0.024817225,0.012880631,0.043433722,0.058829136,0.011767244,0.014344503,0.026730279,0.01719764,0.044705708,0.013656197,0.06666667,0.041870102,0.027954383,0.014634484,0.021921357,0.018529156,0.03400162,0.024026599,0.040979214,0.029804993,0.04329922,0.017918631,0.026932368,0.022946348,0.041701138,0.023561087,0.06666667,0.059657965,0.02386818
2023-01-05,0.030632537,0.055775996,0.027610075,0.015100683,0.041473925,0.06666667,0.014090748,0.017397923,0.028226618,0.018919606,0.05049532,0.011295897,0.06666667,0.041862134,0.02381312,0.0093549695,0.020661153,0.026547212,0.04051711,0.03014168,0.033251874,0.023602478,0.042849332,0.016020887,0.023104658,0.018922916,0.029336473,0.025609199,0.06666667,0.058061678,0.0253238
2023-01-06,0.030795477,0.06666667,0.029598499,0.013323856,0.038282227,0.06666667,0.01063825,0.015757214,0.034041498,0.018547371,0.050271522,0.009692074,0.06666667,0.038474172,0.020672087,0.006444506,0.017137304,0.022273194,0.039459243,0.025940219,0.03816423,0.023134194,0.045626532,0.011326146,0.021556098,0.0158724,0.04086966,0.025100917,0.06666667,0.06558699,0.024747452
2023-01-09,0.027816338,0.06666667,0.025060916,0.012884832,0.027483046,0.06381956,0.011471062,0.020214163,0.03180696,0.016805436,0.04192147,0.013338461,0.06666667,0.041127395,0.028837614,0.012003802,0.02207402,0.037670694,0.03136066,0.030305188,0.04250049,0.023007952,0.041550096,0.015646933,0.017964546,0.020487357,0.039707858,0.02316467,0.06666667,0.054692704,0.025275778
2023-01-10,0.029785663,0.06666667,0.027542017,0.012127838,0.034011945,0.06666667,0.014193235,0.01598599,0.028629906,0.019915204,0.043122265,0.012307731,0.06666667,0.034782488,0.02222873,0.011842542,0.022623211,0.027456943,0.033160176,0.030673731,0.04295707,0.029498031,0.038708124,0.014856122,0.02020129,0.022655765,0.038718794,0.030660767,0.06666667,0.047690157,0.02699759
2023-01-11,0.03163996,0.065043055,0.028651282,0.010656471,0.028634414,0.06666667,0.015268102,0.014872138,0.0336101,0.022431338,0.041361984,0.010731755,0.06666667,0.033330582,0.022174435,0.0139249815,0.026607549,0.025206828,0.039385654,0.03235997,0.041877635,0.027586263,0.040505305,0.014499209,0.02004151,0.022234412,0.037547223,0.031539336,0.06666667,0.03858446,0.029694041
2023-01-12,0.0377431,0.046445586,0.028483208,0.011565195,0.029289348,0.06666667,0.015983958,0.014119916,0.027273979,0.02564891,0.038706146,0.012897763,0.06666667,0.035907622,0.02673823,0.017417852,0.03373889,0.022346247,0.041346572,0.02972779,0.042212497,0.03221988,0.044124115,0.017241387,0.019665195,0.022548245,0.028171143,0.036700506,0.06662919,0.027213635,0.034560557
2023-01-13,0.039147876,0.048501648,0.025151882,0.013560085,0.025710156,0.06666667,0.015997969,0.014961691,0.02736298,0.029262798,0.039750732,0.0142628895,0.06450535,0.034602087,0.030611401,0.022532318,0.035694536,0.018675447,0.039074976,0.02852617,0.04196647,0.03713313,0.040131878,0.018265197,0.019988863,0.024456104,0.026922377,0.03830126,0.05702746,0.022693856,0.038553737
2023-01-17,0.040125728,0.041525386,0.023491835,0.015885586,0.022568269,0.06666667,0.019011518,0.01845164,0.026156144,0.03625582,0.032795757,0.018917888,0.05712625,0.03035,0.032868654,0.031198673,0.04178261,0.01965081,0.03985098,0.025579004,0.037433606,0.04222329,0.04167729,0.019511355,0.021923322,0.027677638,0.024237214,0.042567343,0.04659179,0.016910873,0.038987063
2023-01-18,0.028230503,0.046151184,0.022279324,0.012583767,0.020160452,0.06666667,0.022265323,0.021207526,0.0316655,0.051645193,0.02484137,0.022872042,0.04848054,0.021358462,0.026454471,0.03171241,0.04893406,0.0138955135,0.036328528,0.020673124,0.0354356,0.065967,0.04802988,0.0179099,0.03018229,0.039908934,0.026704801,0.032749217,0.035581898,0.015468231,0.03365628
2023-01-19,0.026513908,0.05365648,0.023151634,0.015333679,0.023194518,0.06666667,0.025884688,0.021577943,0.037772175,0.051710755,0.023582218,0.027042741,0.037412122,0.01908693,0.021007491,0.026179697,0.03573786,0.013960065,0.0306178,0.019483663,0.034580044,0.06666667,0.060861193,0.014311396,0.0326473,0.047913946,0.03124091,0.034528494,0.030572552,0.019282142,0.027822314
2023-01-20,0.022269119,0.06666667,0.021021396,0.01546875,0.021663582,0.06666667,0.018935494,0.020404382,0.035771403,0.040366784,0.023781834,0.02926394,0.041660402,0.021899521,0.020725979,0.019583693,0.02556304,0.01481791,0.020021636,0.016103799,0.041142285,0.06666667,0.06550556,0.013318357,0.030573968,0.05269562,0.05002293,0.029374393,0.034794815,0.029978216,0.023271201
2023-01-23,0.02217185,0.06128532,0.022602936,0.0161925,0.01999065,0.06336709,0.018185733,0.019937113,0.030500699,0.034665685,0.019806325,0.033313837,0.037952967,0.024464125,0.024306778,0.021912515,0.02992821,0.01584103,0.01567876,0.015341109,0.046778213,0.06666667,0.06666667,0.01643283,0.02875723,0.060197096,0.05241921,0.029376764,0.032539863,0.02982734,0.022892896
2023-01-24,0.024103828,0.054950494,0.023422744,0.020558955,0.01983035,0.057896275,0.01885532,0.0231627,0.025921423,0.035537712,0.019134745,0.04004205,0.03467111,0.022685349,0.027302746,0.023904756,0.032916974,0.016882274,0.014864802,0.01512923,0.049747188,0.06666667,0.06306033,0.019668857,0.027640376,0.062215697,0.049719684,0.02975267,0.031436637,0.026017876,0.022300182
2023-01-25,0.023570968,0.05217301,0.023962736,0.025415277,0.02222583,0.060456473,0.02026138,0.025114827,0.025085917,0.033194523,0.020027827,0.03765645,0.031290174,0.019339731,0.023876347,0.026260959,0.03227291,0.015669113,0.014703917,0.016592698,0.051027372,0.06666667,0.056710146,0.022790905,0.026686713,0.06666667,0.0503642,0.030698478,0.032482266,0.02673228,0.020023236
2023-01-26,0.022450637,0.041818153,0.019250281,0.023922069,0.025854772,0.04188004,0.024625015,0.022600045,0.025205286,0.021977786,0.01860377,0.053043246,0.02885248,0.021623135,0.027585123,0.036064595,0.026474223,0.02485427,0.011236211,0.022431651,0.06666667,0.06666667,0.050207943,0.031128641,0.021397468,0.06271365,0.05116207,0.030978352,0.029914793,0.029995218,0.018815735
2023-01-27,0.023353634,0.049387876,0.020520765,0.017011078,0.023791686,0.046870258,0.018585956,0.017748944,0.025881844,0.020200096,0.01616935,0.03700961,0.032208905,0.029003933,0.030029789,0.033819452,0.027464168,0.022004686,0.010658234,0.020161768,0.06450625,0.06666667,0.057143964,0.028515525,0.022760857,0.045314167,0.06666667,0.032611832,0.035428017,0.037931666,0.020572357
2023-01-30,0.024788935,0.038508005,0.024926327,0.018903984,0.027368048,0.044504248,0.019008625,0.01698191,0.025947217,0.018003952,0.018129103,0.036949266,0.032421768,0.024950339,0.026851848,0.032054283,0.030671814,0.02177876,0.012007008,0.023863755,0.06666667,0.06666667,0.05494916,0.031449024,0.018601416,0.055078816,0.060648657,0.03452173,0.039557,0.034457047,0.018784622
2023-01-31,0.026580626,0.035773333,0.028450511,0.019018404,0.033520594,0.040458348,0.024924891,0.015938602,0.029039618,0.016688023,0.020726647,0.04502158,0.030918784,0.020020628,0.02257887,0.031989343,0.022169359,0.025612528,0.01567261,0.032673214,0.06666667,0.05757519,0.04159704,0.029988065,0.014506258,0.060674272,0.06070236,0.036789853,0.044896252,0.0315756,0.017251935
2023-02-01,0.032310314,0.031312615,0.031731013,0.026265815,0.032775976,0.041092034,0.022480983,0.01531743,0.021296376,0.014485356,0.019657299,0.04190489,0.03065832,0.031566992,0.027434416,0.032908138,0.023266733,0.035384897,0.013914139,0.030195354,0.06666667,0.04398823,0.043316655,0.031819258,0.01422831,0.044655554,0.048356287,0.043151747,0.053572256,0.033929095,0.020356849
2023-02-02,0.0370502,0.024677312,0.035342935,0.035250504,0.03499036,0.04393134,0.02770315,0.017340943,0.02074539,0.016352214,0.022404853,0.034965906,0.02665514,0.03258927,0.024189794,0.026407808,0.028054286,0.039126236,0.017261676,0.034680665,0.06134315,0.03647193,0.04525443,0.03364048,0.01596228,0.037379585,0.033876013,0.04910255,0.053880747,0.031832572,0.021536283
2023-02-03,0.04711565,0.023150872,0.04654398,0.048915982,0.03370952,0.046812728,0.038605083,0.019343173,0.020965777,0.021702014,0.019442461,0.025828833,0.017285842,0.04223922,0.021352243,0.021225056,0.026689146,0.052861907,0.020356536,0.038053796,0.032471653,0.024695752,0.05148657,0.027181283,0.018917482,0.02738897,0.026253508,0.062456526,0.047803406,0.028655272,0.020489769
2023-02-06,0.039277405,0.028851476,0.04733179,0.058209635,0.03407714,0.05319106,0.037984386,0.02369715,0.018890087,0.024045318,0.015779018,0.030406743,0.015630445,0.028717494,0.016753605,0.018221283,0.02006776,0.049961083,0.015684288,0.030944994,0.03184253,0.038220182,0.04027335,0.025313836,0.018578395,0.03617837,0.039934278,0.064785264,0.048072744,0.031673368,0.01740552
2023-02-07,0.038958143,0.027929977,0.04739675,0.052774187,0.032880332,0.044849575,0.041967373,0.022344043,0.019974725,0.024700869,0.013822993,0.037405696,0.017444003,0.029737381,0.019894661,0.022868693,0.018760279,0.05790721,0.0170594,0.033071782,0.03217794,0.035792094,0.030969722,0.028923897,0.018018497,0.033739604,0.045174874,0.06058762,0.045657218,0.029793812,0.017416652
2023-02-08,0.03839587,0.028363748,0.04641948,0.05111002,0.024282819,0.040205352,0.03940561,0.026099635,0.020833844,0.032530677,0.010049892,0.042338584,0.016233815,0.036658198,0.02740562,0.026664294,0.023829222,0.05223792,0.015755715,0.02588908,0.026820667,0.04023465,0.034246005,0.031850908,0.022001442,0.031910278,0.053159256,0.0547939,0.032996394,0.029286854,0.017990246
2023-02-09,0.03550608,0.026189167,0.043615986,0.05167545,0.032844506,0.036651056,0.042510934,0.023542983,0.021389253,0.028328678,0.010593732,0.05310639,0.01795757,0.029510403,0.026114583,0.023617227,0.01902833,0.053510424,0.016920865,0.027386094,0.02959996,0.040558472,0.02806223,0.036608055,0.020711329,0.02890687,0.058802485,0.05164276,0.033686318,0.035102952,0.016318854
2023-02-10,0.028371904,0.029580185,0.043769408,0.04645438,0.036581405,0.03595692,0.037409928,0.021533502,0.022392796,0.025554508,0.010660682,0.053347267,0.01925982,0.024874628,0.023147976,0.022353796,0.018301865,0.04210284,0.0139033105,0.022987574,0.039179217,0.055061474,0.026909696,0.039904524,0.020582838,0.039763644,0.06666667,0.040085327,0.035595372,0.04298396,0.014722586
2023-02-13,0.028084612,0.029580628,0.04553561,0.03805988,0.03480931,0.031065792,0.031083852,0.021112522,0.022258317,0.020692552,0.010971081,0.045073032,0.020921389,0.027287804,0.02779389,0.030316122,0.019911079,0.040425,0.013486694,0.024929326,0.046923026,0.055182014,0.025210949,0.045824237,0.01838756,0.04343838,0.06666667,0.034655962,0.036394354,0.048587844,0.015330517
2023-02-14,0.029906753,0.029684793,0.053040642,0.03579719,0.030358374,0.03317187,0.029799981,0.021998003,0.022728518,0.019465385,0.0114966165,0.03228836,0.022164047,0.031203602,0.025871413,0.02990032,0.019427635,0.04906969,0.014166812,0.028394375,0.045548208,0.04678013,0.024724687,0.04228539,0.016201667,0.041767493,0.06666667,0.03490816,0.04376483,0.05051017,0.01690821
2023-02-15,0.02865586,0.030508602,0.055369724,0.03533753,0.03455279,0.03609331,0.032047495,0.022070795,0.024290776,0.020012064,0.013054291,0.02991351,0.020969512,0.027512887,0.02240018,0.023587352,0.020615542,0.045708623,0.016776357,0.028952215,0.046334147,0.04507649,0.027807934,0.038172584,0.019026315,0.03966558,0.06666667,0.033273306,0.04564413,0.054025624,0.015877808
2023-02-16,0.03334815,0.025687506,0.06201221,0.028810892,0.03577106,0.033241723,0.033668313,0.01852365,0.024519714,0.017106494,0.014023275,0.026818512,0.021355867,0.028927896,0.022319382,0.0211615,0.020561846,0.04627509,0.018617652,0.040627517,0.061700072,0.037566114,0.022971794,0.038351912,0.013953734,0.036527324,0.06666667,0.034353733,0.051242944,0.04680185,0.016485602
2023-02-17,0.030071395,0.026769122,0.063295595,0.028429583,0.04190982,0.031676516,0.030619467,0.017586892,0.0251453,0.01648904,0.013775213,0.030538065,0.021486398,0.02503861,0.020591214,0.022595387,0.018565731,0.03733484,0.016988138,0.03511274,0.06666667,0.04572722,0.023004835,0.036993142,0.014282546,0.045369383,0.06666667,0.033364214,0.05107571,0.04763565,0.015194897
2023-02-21,0.025663383,0.01971913,0.052872263,0.031000031,0.034635045,0.02291257,0.03164786,0.023729239,0.022722233,0.0145415785,0.013435846,0.048813425,0.024933636,0.028494854,0.025808455,0.024896028,0.019092264,0.0637016,0.015957665,0.041293677,0.06666667,0.032322846,0.016193733,0.044408005,0.012219509,0.042809132,0.06666667,0.025550764,0.053078897,0.04065217,0.0135608325
2023-02-22,0.019342497,0.01757184,0.04273513,0.029015714,0.03847494,0.020681115,0.036940183,0.028699817,0.022346685,0.017439375,0.0138233695,0.06666667,0.024265196,0.020716622,0.024211964,0.025150243,0.021383211,0.04785015,0.01777973,0.03421785,0.06666667,0.040761437,0.01579114,0.05214847,0.016810767,0.057172585,0.06134889,0.023056682,0.04343704,0.040785436,0.012708587
2023-02-23,0.02004974,0.0201158,0.04073601,0.030221665,0.034121115,0.020629374,0.037685443,0.028426738,0.02278147,0.017807772,0.014656014,0.06666667,0.025555672,0.023626355,0.024145775,0.023120372,0.017711405,0.052883405,0.017067607,0.03584326,0.06666667,0.03471524,0.015261535,0.04691636,0.016835298,0.053915035,0.06501264,0.023501797,0.043665368,0.045651585,0.0140068205
2023-02-24,0.019912817,0.025532035,0.03711081,0.032762304,0.029329812,0.02122457,0.032997698,0.027360274,0.019700993,0.01997791,0.0139669925,0.06247747,0.03116458,0.025926102,0.02685433,0.02204297,0.015072763,0.054419506,0.012905503,0.025262346,0.061377816,0.044308655,0.013665404,0.0493576,0.016770039,0.051107317,0.06666667,0.02515816,0.044315293,0.053416613,0.017854657
2023-02-27,0.021097692,0.030737793,0.0407481,0.03193642,0.03350162,0.024059009,0.032328345,0.025778051,0.021611668,0.02042028,0.016646056,0.04890567,0.032715302,0.022371741,0.022960288,0.019469624,0.014297412,0.044760734,0.014936598,0.02568375,0.062539056,0.047791548,0.013266477,0.044119667,0.017001031,0.051845808,0.06666667,0.027442396,0.04916414,0.05633071,0.018866353
2023-02-28,0.021548552,0.034933593,0.040593017,0.0285134,0.02855679,0.02232096,0.03203884,0.025149386,0.021771848,0.020656858,0.014365857,0.052485548,0.033211626,0.02462394,0.026092798,0.020612517,0.013640778,0.048959374,0.012668431,0.025229275,0.06480758,0.047448955,0.012225829,0.04169271,0.015548832,0.051986944,0.06666667,0.02946144,0.047135867,0.05551512,0.01953666
2023-03-01,0.022817973,0.029671177,0.04551856,0.021715429,0.039197713,0.019712176,0.033799052,0.018865796,0.02293901,0.017759744,0.01564896,0.052109554,0.032890774,0.022562386,0.026682666,0.021618616,0.015292213,0.041087035,0.014576865,0.030643588,0.06666667,0.048645787,0.012119856,0.04502361,0.014043363,0.052766465,0.06666667,0.03127719,0.04909199,0.048248444,0.020340677
2023-03-02,0.019963868,0.034266036,0.038633898,0.018175125,0.039054427,0.0177626,0.029664384,0.01729962,0.02377786,0.017392656,0.015366143,0.061699405,0.035913337,0.01928238,0.030117095,0.025714746,0.015159199,0.028671518,0.012101565,0.02666262,0.06666667,0.06502507,0.010857529,0.048697863,0.013914003,0.06666667,0.06666667,0.02802206,0.04087502,0.046482783,0.019447196
2023-03-03,0.017737083,0.033893023,0.034513164,0.014671859,0.03071409,0.01816938,0.03042433,0.017688923,0.024290357,0.02013512,0.014031937,0.06666667,0.042908482,0.01906033,0.032353673,0.03373496,0.016919019,0.026735699,0.012944563,0.025530396,0.06666667,0.06666667,0.010165944,0.049292292,0.015187525,0.06666667,0.06666667,0.02623884,0.036727328,0.041570112,0.021028234
2023-03-06,0.019087633,0.02962453,0.026114682,0.017966287,0.025361618,0.01760091,0.03623234,0.021267606,0.021107,0.022483896,0.013381672,0.06363074,0.03303463,0.021022802,0.03632759,0.055488426,0.02064408,0.030139558,0.012126093,0.028038086,0.06300561,0.06148353,0.012325533,0.052289203,0.017651144,0.06666667,0.06666667,0.026155334,0.025828877,0.034524687,0.022722572
2023-03-07,0.01803805,0.038565043,0.023103997,0.018889628,0.0154741295,0.0223231,0.031622186,0.032187726,0.02502726,0.03602991,0.012771122,0.06331515,0.038293064,0.022875791,0.037039526,0.05332458,0.021424087,0.030406186,0.013017126,0.02228039,0.04770479,0.06460502,0.014918162,0.039587468,0.021390082,0.06666667,0.06666667,0.022807287,0.02295341,0.031937618,0.02475478
2023-03-08,0.017243583,0.04864082,0.023149837,0.018289275,0.014437797,0.028045503,0.029439103,0.035017073,0.030298904,0.05080451,0.014601647,0.05709089,0.04171867,0.022895604,0.032238968,0.037447516,0.021685608,0.021527125,0.016196355,0.018789316,0.043796737,0.06657424,0.017616145,0.02863995,0.029062655,0.06666667,0.06666667,0.020198176,0.023005681,0.03300933,0.025205651
2023-03-09,0.017548317,0.057039525,0.025163671,0.01860809,0.014442051,0.030900583,0.027592864,0.031103523,0.028863985,0.050033223,0.015474914,0.047931794,0.040492155,0.023418132,0.030162547,0.03678207,0.020911917,0.01939336,0.0127262715,0.018215353,0.04962687,0.06666667,0.01695181,0.030349903,0.026626628,0.06666667,0.06666667,0.022276266,0.025889175,0.035200454,0.026274556
2023-03-10,0.015754819,0.0663607,0.02816019,0.021063473,0.016184378,0.03653143,0.028363097,0.032065064,0.030876935,0.058757775,0.016291898,0.043245457,0.035394646,0.020625478,0.024248032,0.031391885,0.020539856,0.014653198,0.013875416,0.013653905,0.04255096,0.06666667,0.02144416,0.025470572,0.035255786,0.06666667,0.06666667,0.020979093,0.025037749,0.03876624,0.022457812
2023-03-13,0.015557416,0.06267643,0.03182553,0.020170934,0.019238817,0.0324731,0.030555664,0.030761894,0.02936407,0.05233008,0.015445765,0.045120448,0.031231852,0.022451805,0.026466733,0.031482585,0.021057785,0.0151397195,0.014534261,0.013911923,0.041294876,0.06666667,0.021758981,0.026036033,0.039639853,0.06666667,0.06666667,0.020168351,0.026480347,0.04194854,0.020876214
2023-03-14,0.014114228,0.055938024,0.030309636,0.019830355,0.020232998,0.035377648,0.032247033,0.028706718,0.028605146,0.05141547,0.014942637,0.044622645,0.03227855,0.024151748,0.023291465,0.026914783,0.021285066,0.018627834,0.014130373,0.013112188,0.037924495,0.06666667,0.023846127,0.02743702,0.04249641,0.06666667,0.06666667,0.020624038,0.02902526,0.047461417,0.021050693
2023-03-15,0.015809273,0.046150222,0.034341738,0.019175392,0.01371894,0.032734785,0.03359714,0.033455823,0.02729673,0.05246581,0.012777254,0.044651624,0.03481633,0.028616846,0.028651627,0.02592149,0.026289536,0.029004285,0.016477155,0.014623214,0.034701277,0.056270633,0.021520158,0.026336694,0.037727203,0.06666667,0.06666667,0.022298167,0.03008444,0.041733403,0.025419477
2023-03-16,0.01762755,0.029435664,0.04483236,0.021875506,0.012768974,0.037300143,0.048561744,0.041960333,0.035946697,0.06512066,0.013146187,0.041142274,0.032856554,0.025153937,0.021008326,0.01663285,0.030528998,0.04725094,0.028508484,0.019522814,0.025726557,0.03467557,0.023603853,0.023767551,0.038066827,0.060029674,0.04545019,0.025210908,0.032120615,0.034968067,0.025199194
2023-03-17,0.019977115,0.02282778,0.04383468,0.022283915,0.011851028,0.03479619,0.047208592,0.04149376,0.027678538,0.053179234,0.013384503,0.054137945,0.03406788,0.027551068,0.025893928,0.014729717,0.032342747,0.06666667,0.024170801,0.023389224,0.032799035,0.032295745,0.021685418,0.02808311,0.026874391,0.047933128,0.04040352,0.030743625,0.03776169,0.030365417,0.029589616
2023-03-20,0.01945723,0.02287095,0.0511635,0.022306416,0.012887622,0.04630008,0.049497683,0.03991162,0.034736287,0.058570564,0.01515155,0.037639014,0.029076958,0.021151701,0.016482024,0.010561517,0.03651027,0.058960196,0.029331652,0.023457807,0.031385742,0.033071276,0.02826534,0.022031883,0.030327404,0.049397398,0.03747439,0.033867903,0.04061072,0.028947022,0.028596284
2023-03-21,0.018778548,0.02358043,0.040684067,0.028559966,0.011126042,0.04675054,0.046850387,0.052148674,0.033139,0.049297325,0.017423185,0.034645755,0.025524506,0.024115387,0.017460464,0.01471245,0.03709739,0.06515952,0.023488818,0.026041646,0.03238076,0.03170436,0.029916022,0.024603989,0.03014376,0.055628538,0.03336597,0.030376323,0.039095372,0.028698323,0.02750248
2023-03-22,0.021440092,0.027354011,0.036106866,0.029018585,0.012015893,0.052502435,0.040501,0.05282362,0.028059205,0.04396329,0.020210845,0.030066054,0.024753664,0.028715229,0.01999833,0.0152110085,0.039441362,0.05081853,0.023073921,0.025439253,0.037393402,0.03389143,0.03837516,0.023831477,0.03153454,0.051304318,0.031008217,0.03220314,0.039776158,0.030650185,0.028518775
2023-03-23,0.018531928,0.033092372,0.037914503,0.024387395,0.012509427,0.06434519,0.03741802,0.04230411,0.032222893,0.046748105,0.020470921,0.023038702,0.023955978,0.019446844,0.01448307,0.015595332,0.03867749,0.03339711,0.024354069,0.020892762,0.034427453,0.042937532,0.042835556,0.02198223,0.038023952,0.06666667,0.040320575,0.03073721,0.03953446,0.03334162,0.02540653
2023-03-24,0.017236112,0.03887946,0.037356455,0.02486085,0.011182821,0.06666667,0.029565483,0.041103575,0.037902553,0.04334163,0.021582596,0.019574424,0.023829555,0.023119502,0.013875205,0.015607359,0.041546155,0.02975503,0.022757743,0.019487042,0.035819616,0.038054917,0.055301543,0.018691134,0.04103383,0.06666667,0.039679058,0.02635531,0.040470093,0.035782564,0.022915052
2023-03-27,0.015751595,0.034191463,0.038523916,0.023676967,0.010640799,0.06666667,0.029983083,0.04585537,0.036580097,0.04456615,0.021734187,0.018385792,0.026399218,0.024826538,0.014363567,0.016937548,0.045362867,0.03498701,0.025982307,0.01980088,0.03094095,0.03519248,0.051227763,0.021259671,0.042140387,0.06666667,0.033380717,0.02365995,0.042318135,0.035428416,0.022568852
2023-03-28,0.015429427,0.030998792,0.03060676,0.027591685,0.012384819,0.06666667,0.026504554,0.051665552,0.025233654,0.0382776,0.023433646,0.022040749,0.02913272,0.023842469,0.01725115,0.021688683,0.049148273,0.034739755,0.025757194,0.018982455,0.030625237,0.039552018,0.047984317,0.028203633,0.04407958,0.06666667,0.027305638,0.023159364,0.044975795,0.034542553,0.021528596
2023-03-29,0.013514783,0.038171124,0.027545786,0.022034805,0.012316963,0.06666667,0.026928734,0.048629295,0.026866745,0.04326065,0.019995706,0.022749225,0.030465579,0.021011073,0.016454743,0.028766941,0.04665064,0.027291596,0.02540971,0.016513586,0.02922402,0.047964137,0.04596072,0.025670618,0.049345173,0.06666667,0.033420186,0.0229663,0.04202884,0.03467966,0.020829327
2023-03-30,0.015565552,0.039202545,0.02876215,0.020237511,0.011096095,0.06666667,0.02704457,0.04709355,0.026170298,0.042790238,0.019289425,0.018849716,0.033264402,0.028029049,0.019610608,0.032163616,0.049511198,0.03560075,0.028770497,0.018942984,0.02450576,0.035163354,0.048020367,0.024338512,0.0461386,0.057877023,0.028799176,0.024514811,0.043880068,0.034605153,0.023495756
2023-03-31,0.01693778,0.036015324,0.029692622,0.020771595,0.010315435,0.06666667,0.03263794,0.049038585,0.029414138,0.051395558,0.018464444,0.015906634,0.03033333,0.027919222,0.019485125,0.035152424,0.05302162,0.036511075,0.03472645,0.019675044,0.018384328,0.032101136,0.047981773,0.024620289,0.049450096,0.052432757,0.024834149,0.024603136,0.03620982,0.030700449,0.024601063
2023-04-03,0.021521643,0.031691454,0.03053828,0.02599043,0.010495751,0.06601994,0.03805935,0.051319834,0.027700176,0.05389131,0.018110503,0.012617367,0.023670701,0.036871452,0.021119526,0.042249683,0.05034296,0.03891384,0.03312855,0.021834947,0.013296488,0.029631583,0.05015511,0.026474394,0.048085928,0.04683873,0.019232728,0.028124891,0.0290572,0.02669104,0.026324218
2023-04-04,0.021156639,0.029306043,0.026456835,0.03032521,0.009421102,0.0618508,0.035507284,0.057566408,0.027930472,0.058705132,0.016091304,0.012279061,0.020531042,0.03804184,0.023439134,0.053052187,0.053906314,0.030152282,0.030494293,0.016794471,0.010148309,0.03344146,0.05306584,0.0283433,0.059588064,0.04559206,0.018472496,0.026241042,0.020744283,0.024637148,0.026718145
2023-04-05,0.022774907,0.032169614,0.02311857,0.028831655,0.009224812,0.06666667,0.03882139,0.05790726,0.035761,0.06666667,0.01926471,0.009917147,0.02166056,0.045480926,0.020754261,0.03701175,0.051240925,0.029135792,0.04290577,0.018882675,0.0072373236,0.022554714,0.06666667,0.018788861,0.06666667,0.031008268,0.015180421,0.024007121,0.018721461,0.025876611,0.025094822
2023-04-06,0.02065838,0.030404866,0.0179063,0.0327423,0.009907722,0.06666667,0.03333881,0.06666667,0.03222847,0.06666667,0.020926215,0.012564318,0.02724491,0.05013928,0.022742376,0.030395389,0.053873714,0.029694024,0.046355277,0.016420845,0.0064838626,0.022344809,0.06666667,0.021331517,0.06666667,0.023627719,0.013789608,0.021326639,0.019031473,0.02885014,0.0223377
2023-04-10,0.023546051,0.025086416,0.01903713,0.034070175,0.010461635,0.06666667,0.03315621,0.06152234,0.029225344,0.06666667,0.023463268,0.011401948,0.029134443,0.05759192,0.022876402,0.02441073,0.054860685,0.031209502,0.055824216,0.017664462,0.005987131,0.018114787,0.06666667,0.021736328,0.06666667,0.018935421,0.011180722,0.02207506,0.020495487,0.027193395,0.023072127
2023-04-11,0.023544744,0.023868734,0.01827469,0.032062553,0.013278991,0.06666667,0.03397236,0.053142283,0.027102267,0.06302067,0.023999104,0.015385824,0.0332876,0.058786895,0.02695643,0.027273653,0.04893101,0.03262137,0.053475916,0.018148066,0.007839828,0.019506752,0.059103478,0.026132183,0.06666667,0.018451681,0.011250587,0.022428308,0.02272793,0.027626315,0.024466448
2023-04-12,0.023612294,0.024964474,0.01697198,0.033055943,0.018646687,0.06320111,0.033005126,0.04964059,0.023356674,0.05119545,0.02615044,0.020185685,0.03937947,0.06178885,0.030698083,0.030189835,0.03980008,0.033817682,0.046885394,0.019228538,0.010094155,0.02314286,0.049583223,0.030659478,0.06353195,0.019536162,0.011806484,0.02377248,0.026944444,0.030356841,0.02479754
2023-04-13,0.02283749,0.024853462,0.015910966,0.030751444,0.018168379,0.053405136,0.035938077,0.05198589,0.025015267,0.05896952,0.023482807,0.023684278,0.04055929,0.065246694,0.03453486,0.035824645,0.037684374,0.03266008,0.05068008,0.018129569,0.008939934,0.021844633,0.043734334,0.029639602,0.06666667,0.019554831,0.01185854,0.021931268,0.022462787,0.028772976,0.024272123
2023-04-14,0.024883565,0.026472589,0.014587358,0.031171024,0.015351504,0.05020188,0.034916956,0.051260795,0.025279028,0.054929525,0.023964806,0.025662206,0.041020207,0.06666667,0.04141573,0.03721946,0.036982607,0.04359159,0.04363502,0.020409685,0.009028991,0.018212987,0.05004685,0.027659768,0.06042443,0.018309142,0.011706962,0.020475835,0.02134242,0.028371096,0.024799328
2023-04-17,0.029599693,0.024020761,0.016660785,0.03252749,0.018040165,0.044881735,0.03507633,0.051792055,0.022639643,0.049540494,0.02304466,0.025425876,0.036994945,0.06666667,0.04348914,0.045377433,0.035772886,0.03935882,0.046023116,0.020755822,0.00921722,0.01933866,0.05014261,0.029193528,0.05570478,0.02040545,0.01205544,0.024872124,0.02045636,0.02599978,0.024925526
2023-04-18,0.03143932,0.02148277,0.018920677,0.03166282,0.02018789,0.040471062,0.038990423,0.048046555,0.022541776,0.048095953,0.022950405,0.02753907,0.03895325,0.06666667,0.044635255,0.048254665,0.034254067,0.044640057,0.05070727,0.02480925,0.009529743,0.01837186,0.042338807,0.030682681,0.046941318,0.02080515,0.010758401,0.025356341,0.021704156,0.023309834,0.02495251
2023-04-19,0.03340617,0.02392285,0.024644693,0.026940092,0.021426406,0.0421961,0.041057605,0.038210735,0.022499999,0.049559977,0.020682154,0.025126107,0.0385184,0.057627235,0.040764764,0.057731837,0.032743935,0.038100615,0.046154138,0.023897536,0.01099964,0.027376238,0.037744425,0.032626368,0.039039105,0.030057382,0.013815167,0.027305929,0.024429021,0.021819849,0.029575538
2023-04-20,0.030796189,0.022863882,0.02912748,0.023908146,0.018695483,0.03804434,0.04317462,0.040233858,0.02466134,0.05740451,0.017239643,0.026630009,0.038417287,0.04763181,0.039257895,0.06402821,0.03757301,0.039409705,0.05243286,0.02070478,0.010556534,0.026916288,0.036363915,0.029987806,0.040157367,0.03393546,0.01352095,0.026014837,0.022525003,0.01875226,0.029034518
2023-04-21,0.03031181,0.018288905,0.030437453,0.022579078,0.019722713,0.027963296,0.04963492,0.04078733,0.022713985,0.062150825,0.014499077,0.035160843,0.032318875,0.04429378,0.043389738,0.06666667,0.03949489,0.034431055,0.046259027,0.020765943,0.011887037,0.03421829,0.03304115,0.038752116,0.038633134,0.04510512,0.013817521,0.023975598,0.016799526,0.015615696,0.0262846
2023-04-24,0.032692052,0.017553605,0.033212513,0.022380684,0.017861897,0.024392048,0.054714765,0.0365631,0.022326339,0.05221128,0.015482521,0.03370373,0.031141318,0.041675556,0.045712467,0.06666667,0.040240422,0.041025713,0.049371503,0.024903502,0.0121235205,0.028101483,0.031881552,0.03865158,0.033332102,0.051472653,0.014174338,0.025300993,0.0175902,0.014700725,0.028839167
2023-04-25,0.032431096,0.018443601,0.03188003,0.02487805,0.017692287,0.023475414,0.051478997,0.039304323,0.020702261,0.04908373,0.016060041,0.033241637,0.030346565,0.040558945,0.047869377,0.06666667,0.040597476,0.034500476,0.04201868,0.02374423,0.014084635,0.033638164,0.029718818,0.04200809,0.031930503,0.06510724,0.015125729,0.023819977,0.016999332,0.014551718,0.028041909
2023-04-26,0.031083012,0.015360729,0.026513908,0.029608816,0.016391218,0.021312427,0.06666667,0.050722178,0.03485283,0.06280233,0.017709086,0.027482845,0.0222445,0.041724198,0.035813786,0.06666667,0.038301073,0.032451898,0.059481625,0.03047725,0.00929399,0.019125117,0.036502305,0.034500625,0.046157297,0.0472607,0.011715601,0.020229531,0.010574574,0.014811499,0.022161722
2023-04-27,0.03143939,0.01586315,0.032050636,0.025632039,0.020027626,0.021583477,0.06666667,0.039930087,0.040766414,0.056523893,0.014419517,0.031219782,0.021833003,0.04754426,0.030295298,0.0499217,0.036413282,0.03976112,0.05250026,0.029561633,0.0124763055,0.016474068,0.0474166,0.03242835,0.047830503,0.033167034,0.019250162,0.027985571,0.012443436,0.02454803,0.022026708
2023-04-28,0.03490683,0.016533937,0.034717802,0.035425384,0.014193344,0.026752863,0.055569105,0.044332094,0.036541272,0.041999534,0.015957419,0.024280608,0.02107831,0.06666667,0.032232206,0.044049874,0.03786512,0.061902933,0.0422949,0.03452562,0.011871394,0.011493355,0.051809598,0.027273808,0.037252296,0.030281406,0.017525064,0.027099056,0.017344374,0.024934385,0.021289436
2023-05-01,0.03519135,0.018325763,0.036691844,0.03748138,0.014153784,0.030172214,0.060967818,0.04884853,0.03812183,0.04903745,0.014382238,0.025816226,0.019159095,0.06252088,0.030116055,0.03876019,0.033710897,0.054197896,0.03825007,0.03573913,0.012381466,0.015029745,0.042510916,0.02867225,0.036517207,0.033308726,0.020195719,0.028371332,0.016556587,0.024082847,0.020728571
2023-05-02,0.031285834,0.020131517,0.036731325,0.042502712,0.014629061,0.030874267,0.0553578,0.049938895,0.03611268,0.04490591,0.014612326,0.038929913,0.02183716,0.054993827,0.030774925,0.033936277,0.032221723,0.06666667,0.032642428,0.03385657,0.015999686,0.016241882,0.032041308,0.029077262,0.03445043,0.03464262,0.023741363,0.025126103,0.023322843,0.023425948,0.018988734
2023-05-03,0.029760206,0.016929831,0.036334027,0.044028256,0.018274732,0.027057078,0.060575902,0.04504941,0.038914338,0.03923097,0.016750926,0.053632423,0.024591727,0.049106706,0.030357946,0.028475937,0.030657345,0.06666667,0.036960673,0.04017832,0.018755151,0.01349745,0.030927423,0.028959384,0.032489307,0.034155045,0.020592464,0.02161064,0.024465727,0.024016568,0.01699742
2023-05-04,0.032294422,0.019048238,0.04207253,0.050491042,0.020788237,0.027265705,0.05684836,0.037401866,0.039346736,0.033368118,0.019735092,0.04963728,0.024342593,0.046765618,0.02826015,0.024334691,0.026687074,0.06666667,0.034565058,0.046998844,0.022211896,0.013545451,0.027626824,0.027037447,0.028095324,0.03911065,0.023242172,0.02105745,0.028462538,0.026433632,0.016258288
2023-05-05,0.02515694,0.018881725,0.042174507,0.043263,0.024421053,0.028690707,0.049671866,0.033914015,0.036328863,0.03496455,0.019263992,0.052893605,0.028095473,0.03767402,0.0249518,0.02430911,0.030200042,0.06666667,0.034680307,0.034334507,0.022350382,0.018994031,0.029930545,0.029918741,0.035714075,0.048943497,0.027622806,0.019122686,0.030502267,0.030722704,0.01564152
2023-05-08,0.02413705,0.023180723,0.03906204,0.052700043,0.01942558,0.034936804,0.040578853,0.04081582,0.030886747,0.032521848,0.01925489,0.041740615,0.025553452,0.041832473,0.02412987,0.027322479,0.03262734,0.06666667,0.023979979,0.029606523,0.020878743,0.023244986,0.03595323,0.031094138,0.03443498,0.05249824,0.02916682,0.01865204,0.033262506,0.033845115,0.016009407
2023-05-09,0.023607638,0.023670092,0.038081832,0.049070425,0.018000046,0.039951675,0.037096415,0.044276427,0.03608779,0.03472192,0.023702446,0.035922818,0.024933487,0.033725698,0.021458518,0.023571521,0.038571823,0.060689103,0.02771196,0.030944886,0.023948802,0.02512462,0.041455317,0.030212693,0.035022438,0.058048356,0.026042031,0.01693553,0.031670406,0.029872516,0.01587077
2023-05-10,0.023110682,0.023672538,0.039614294,0.04423557,0.022122916,0.03720568,0.03397934,0.03661749,0.038315397,0.030419739,0.025936082,0.03422222,0.02175518,0.03115772,0.022545045,0.029005874,0.044372153,0.045429453,0.026241116,0.032601193,0.030669622,0.030618545,0.044598352,0.034602463,0.034539547,0.06666667,0.026946682,0.016099388,0.030384026,0.02738308,0.01493194
2023-05-11,0.023074232,0.022073772,0.03972247,0.042582683,0.01743277,0.045635812,0.028708436,0.037655137,0.04169505,0.038711376,0.028385188,0.026026001,0.025092414,0.02991199,0.020726886,0.022507047,0.058633108,0.03873366,0.032489892,0.027314857,0.025209475,0.02884922,0.053225018,0.03244413,0.040617373,0.064011134,0.023051562,0.015882043,0.028434811,0.024576288,0.016586173
2023-05-12,0.024433937,0.018024033,0.054580037,0.044769585,0.015427044,0.042388167,0.02606388,0.04001428,0.042089984,0.043176983,0.025561718,0.021957193,0.024617516,0.023796692,0.017795352,0.021160228,0.06666667,0.037898723,0.038502228,0.020456996,0.023542631,0.028880073,0.0559229,0.029764853,0.037973467,0.06666667,0.022851469,0.018879902,0.02831826,0.020144077,0.017674474
2023-05-15,0.0215223,0.021297704,0.05582834,0.03771249,0.015547717,0.051890757,0.023604738,0.036048174,0.041442897,0.0456636,0.02627396,0.017459987,0.02710231,0.022035453,0.014820578,0.02092537,0.065295994,0.02834906,0.03422037,0.019336112,0.023495689,0.04051274,0.053498045,0.03022848,0.03988774,0.06666667,0.029658027,0.018122476,0.031545836,0.022219134,0.01778725
2023-05-16,0.023056155,0.022623135,0.059837285,0.033297636,0.01715451,0.04402342,0.027310643,0.030178273,0.039488383,0.044755213,0.023610087,0.019227352,0.02461955,0.01935793,0.016870447,0.028920121,0.061838165,0.02531727,0.032821413,0.019850062,0.02407637,0.04888048,0.049866565,0.033614006,0.03891443,0.06666667,0.036019582,0.020336766,0.027316444,0.021384323,0.018767316
2023-05-17,0.024896538,0.026072882,0.057257783,0.035394408,0.016665427,0.04531581,0.027244005,0.02565859,0.041883927,0.048525333,0.023411134,0.016937116,0.024111556,0.019353071,0.01619942,0.02486107,0.055578083,0.025296692,0.033905964,0.01652818,0.01730145,0.041143555,0.06666667,0.025979914,0.046606418,0.06666667,0.039928876,0.022735449,0.022893153,0.025040135,0.019940732
2023-05-18,0.03280466,0.023711508,0.062130358,0.04393828,0.023008727,0.04173835,0.02677284,0.019905642,0.02762031,0.0368614,0.021696685,0.014441926,0.020594101,0.023893382,0.019298378,0.035480794,0.0492583,0.022459337,0.02548084,0.0157817,0.015680106,0.051775258,0.06499638,0.034078486,0.041133422,0.06666667,0.038505517,0.03074324,0.022335544,0.025637358,0.0215705
2023-05-19,0.035414845,0.021576185,0.058491174,0.045252215,0.02576038,0.041768268,0.024800656,0.01945419,0.027898489,0.040201362,0.022302859,0.014596065,0.019629056,0.02293053,0.02006344,0.037144464,0.05975928,0.015770812,0.028372426,0.013755494,0.017302053,0.057576276,0.06666667,0.03406931,0.04412836,0.06666667,0.028126633,0.030526135,0.019289939,0.019628169,0.021077601
2023-05-22,0.031482965,0.024176847,0.04973849,0.045026936,0.023486156,0.04107349,0.025844622,0.021998225,0.030230263,0.046604943,0.019895317,0.018273525,0.020112986,0.020744562,0.020758588,0.04262539,0.052803565,0.016157828,0.027686177,0.011430811,0.014840697,0.06196882,0.06666667,0.03253065,0.050497543,0.06666667,0.03068053,0.029430194,0.015421967,0.02056654,0.020578044
2023-05-23,0.03451527,0.021112317,0.042527657,0.05075825,0.041520685,0.034424268,0.027893983,0.017081324,0.027729146,0.039319426,0.022938391,0.024062157,0.018313762,0.02070969,0.0233406,0.044368934,0.041581076,0.015208394,0.028298974,0.012520206,0.01473867,0.061642822,0.06666667,0.04096929,0.051163416,0.054963455,0.02872682,0.034615833,0.014228125,0.02356302,0.020497378
2023-05-24,0.03532966,0.025448116,0.050103344,0.041259862,0.05505042,0.0318298,0.03145321,0.012986043,0.03500853,0.033891004,0.022253929,0.020027306,0.016641544,0.0203123,0.021002209,0.046265464,0.032186765,0.014076451,0.03193819,0.013701432,0.016204271,0.05373627,0.06666667,0.03700045,0.05307787,0.04510973,0.039075345,0.035160277,0.015246113,0.028687216,0.019270211
2023-05-25,0.034050178,0.030363098,0.05029162,0.038886573,0.05312413,0.03649134,0.03208466,0.013103843,0.038830902,0.039641425,0.022888161,0.01683119,0.017715625,0.018400177,0.018453125,0.03521161,0.03185165,0.011463576,0.03727238,0.012189853,0.015328646,0.05380339,0.06666667,0.029864568,0.061522454,0.04383212,0.041294053,0.032163233,0.0146905575,0.0326086,0.019080598
2023-05-26,0.029859997,0.040294725,0.04472907,0.03457829,0.04355439,0.041628536,0.024582747,0.011790984,0.025758322,0.04481141,0.018776257,0.016946618,0.023017883,0.018303478,0.019390246,0.026647158,0.032204393,0.011188694,0.022015138,0.008173011,0.017075075,0.06666667,0.058196533,0.033558626,0.061236575,0.042341,0.0652092,0.03498346,0.01916749,0.040976517,0.022337504
2023-05-30,0.035325706,0.034011062,0.049598616,0.03919963,0.03999279,0.04183521,0.029568756,0.011994185,0.026311902,0.046722706,0.016700102,0.014672075,0.01894438,0.019801551,0.018587483,0.031095883,0.03588079,0.013684658,0.024203422,0.009728773,0.013973782,0.06666667,0.059306003,0.031881537,0.059120696,0.037013784,0.060062848,0.038643423,0.018017467,0.03546461,0.021989498
2023-05-31,0.037115626,0.03154337,0.04597661,0.04327958,0.040062934,0.04504486,0.032047447,0.012528581,0.026691874,0.05210398,0.016447408,0.013854585,0.017072687,0.020102773,0.017197302,0.029817592,0.039640594,0.0134404665,0.024853619,0.00974872,0.012477258,0.064820014,0.063816085,0.029507466,0.06545652,0.032255374,0.051378768,0.03988254,0.017310757,0.03224282,0.022281792
2023-06-01,0.035160564,0.03006741,0.039230727,0.047585297,0.04730928,0.05165646,0.032260597,0.013627799,0.027138162,0.046726838,0.023011807,0.017396366,0.021713324,0.021173678,0.016405141,0.021660937,0.037123423,0.018901646,0.030032028,0.011845873,0.0142542925,0.052849486,0.06379327,0.029273944,0.06336774,0.026532404,0.04378149,0.03584438,0.022786073,0.036623072,0.0208665
2023-06-02,0.03239876,0.02177206,0.038154956,0.0537308,0.044471294,0.03856295,0.04147702,0.016486999,0.024263348,0.04338546,0.019668378,0.023509268,0.01673724,0.01816518,0.01900487,0.034096483,0.04310925,0.022947637,0.02413,0.013717075,0.015652956,0.06405833,0.050618384,0.04531806,0.054636616,0.03814029,0.037192903,0.035516426,0.018478949,0.029373784,0.021224268
2023-06-05,0.030052943,0.014339358,0.029194627,0.04031284,0.041047182,0.02554119,0.051815696,0.021128176,0.021776982,0.041937087,0.01507144,0.035704378,0.015500339,0.018270915,0.027581522,0.06666667,0.047333635,0.02342237,0.02163716,0.017846927,0.018051082,0.06666667,0.0377044,0.06666667,0.04463128,0.0468112,0.029060036,0.031326253,0.01219587,0.020579638,0.020125467
2023-06-06,0.028140692,0.012358789,0.023582848,0.03915921,0.039800547,0.024845231,0.053376798,0.024249054,0.023693994,0.050509978,0.016955035,0.035655882,0.015045248,0.016273873,0.027279994,0.06666667,0.054626986,0.017682103,0.028475726,0.016768929,0.014966774,0.06666667,0.04317508,0.06666667,0.05614608,0.040770803,0.020610033,0.028562114,0.00928921,0.017923042,0.020075953
2023-06-07,0.032095563,0.013746118,0.02399227,0.037105173,0.044231616,0.025979359,0.053176515,0.023460707,0.0236588,0.046365906,0.018950969,0.025505073,0.013032727,0.018663613,0.02677665,0.06666667,0.05214645,0.014646361,0.028202059,0.020601835,0.015724897,0.06552555,0.049979206,0.06579349,0.050809592,0.0414829,0.020218257,0.03332358,0.009408349,0.018953364,0.019776376
2023-06-08,0.03339952,0.01926385,0.025666093,0.028566023,0.051916786,0.026726931,0.053382333,0.021936465,0.023066262,0.04310866,0.017211866,0.020933095,0.014441995,0.021492017,0.030287025,0.06666667,0.04233415,0.012748004,0.02708257,0.023224914,0.017583806,0.06666667,0.037233118,0.06629286,0.0481157,0.04032463,0.027191672,0.037985466,0.011327365,0.02262951,0.021193981
2023-06-09,0.030493183,0.018740427,0.022336792,0.028827747,0.039318457,0.02715937,0.053717736,0.026155172,0.022719817,0.04848245,0.01766728,0.019338058,0.015619195,0.0224998,0.034473665,0.06666667,0.054703962,0.0148651935,0.030111544,0.022592865,0.014014522,0.06131582,0.037569378,0.06666667,0.056927066,0.040839624,0.021721195,0.030968962,0.010585004,0.021363389,0.021538984
2023-06-12,0.027242608,0.020951519,0.019775338,0.029841201,0.0399474,0.028990192,0.047457557,0.027728464,0.019776635,0.04668379,0.018772881,0.02069768,0.01652379,0.022519305,0.032982204,0.06666667,0.054156356,0.014782654,0.027101768,0.020747658,0.015649363,0.06666667,0.036680862,0.06666667,0.059756838,0.043070406,0.023120185,0.028999155,0.012776208,0.02331299,0.019954992
2023-06-13,0.028911127,0.02086036,0.017795915,0.03390415,0.04410952,0.031260036,0.0449723,0.026887117,0.017613038,0.040148567,0.022303855,0.021321777,0.017113362,0.026285283,0.033822197,0.06666667,0.05394047,0.01855506,0.025869997,0.023736764,0.017526373,0.060292546,0.038012758,0.06666667,0.05427122,0.0377279,0.020106195,0.029861927,0.01545335,0.023695773,0.020307727
2023-06-14,0.028147087,0.018144688,0.017345676,0.032451063,0.045451455,0.027685195,0.04717744,0.029026803,0.015015946,0.03911553,0.022119204,0.02458118,0.01783563,0.02719611,0.039165325,0.06666667,0.05611055,0.021014005,0.026496582,0.025737429,0.018080859,0.062138032,0.030369282,0.06666667,0.051160876,0.037670296,0.018269429,0.029728472,0.016509224,0.022490224,0.020433074
2023-06-15,0.024675213,0.026322326,0.019405952,0.02912988,0.031874776,0.037211727,0.041917715,0.035154298,0.017696854,0.051363237,0.021051535,0.017728213,0.021322204,0.033458665,0.031276356,0.06666667,0.058501463,0.02471441,0.02765471,0.022007827,0.015308517,0.050690807,0.03708126,0.046460677,0.05744751,0.03695762,0.017361129,0.029260391,0.022130234,0.02515476,0.023013053
2023-06-16,0.024223095,0.025090065,0.018947432,0.028521426,0.027159885,0.03901558,0.03842993,0.040313542,0.0151662305,0.04797472,0.020258194,0.020052243,0.025731634,0.04073926,0.034359615,0.06348887,0.055261925,0.034653172,0.026135989,0.023475265,0.015803924,0.045995023,0.03295435,0.047617942,0.049581874,0.033180125,0.018009627,0.03051944,0.026871212,0.026755419,0.023712995
2023-06-20,0.023656711,0.029111166,0.01898692,0.026024485,0.028171677,0.04090809,0.044158433,0.043416042,0.016580528,0.049717337,0.022616012,0.020891834,0.029011354,0.037202068,0.03087895,0.055730343,0.041152418,0.042480756,0.030990252,0.027117185,0.014668691,0.039535735,0.029414127,0.03823957,0.049046487,0.031093137,0.020102365,0.031568304,0.03189924,0.030650368,0.024979416
2023-06-21,0.023332624,0.022634974,0.020887895,0.03216493,0.031051526,0.03404264,0.058025945,0.04740587,0.01739211,0.053357653,0.01979104,0.028521225,0.026091805,0.033183306,0.028628476,0.046517663,0.035939034,0.054727845,0.030706836,0.0271439,0.013808259,0.03635772,0.025779502,0.041794673,0.048877183,0.030491626,0.01855201,0.031231793,0.028159656,0.03047259,0.022927694
2023-06-22,0.020956917,0.023882423,0.019684466,0.03585295,0.031045342,0.03340979,0.05500112,0.051469956,0.017980652,0.04898628,0.020887356,0.029269915,0.025789203,0.030820528,0.027075572,0.051626693,0.03412998,0.049718034,0.027064148,0.028451217,0.0147956405,0.040768463,0.023698287,0.041928858,0.049182817,0.03779753,0.021415621,0.024911981,0.029086579,0.03263228,0.020679405
2023-06-23,0.022022244,0.021462077,0.023001608,0.041857477,0.022722345,0.033112347,0.05189578,0.060298916,0.023704521,0.055517048,0.021598205,0.029126752,0.027533785,0.034644343,0.026009396,0.036228247,0.039488748,0.060280025,0.032652743,0.02825194,0.01471779,0.02798412,0.028232792,0.034998223,0.048836555,0.03414708,0.019375209,0.021086432,0.02721175,0.03206156,0.019939948
2023-06-26,0.024814634,0.019208983,0.026404595,0.051880255,0.028414935,0.031863723,0.055841707,0.06364691,0.0251739,0.056044836,0.024055706,0.028765282,0.024190933,0.03264422,0.023256795,0.02530451,0.03512796,0.051576313,0.033777364,0.029925732,0.016314996,0.029998709,0.027507484,0.03701562,0.04593817,0.035508554,0.018016735,0.020495996,0.02518789,0.03342144,0.018675117
2023-06-27,0.030280102,0.022649193,0.034415644,0.059438746,0.037658855,0.03496753,0.051259317,0.053213358,0.022859065,0.041860614,0.02706055,0.021859072,0.023240367,0.037231974,0.0216031,0.025414102,0.026657818,0.035856105,0.029704522,0.03577827,0.021672836,0.035012137,0.022537172,0.03479536,0.03449102,0.045411684,0.018311594,0.024500256,0.034114182,0.03542798,0.020717476
2023-06-28,0.034220435,0.023332441,0.038970355,0.060376678,0.03202354,0.03403604,0.051873792,0.04831689,0.023373993,0.039900396,0.02490207,0.019857973,0.023768095,0.041116882,0.023274194,0.027326735,0.027624637,0.03939545,0.028314734,0.038309664,0.02288605,0.030788675,0.020896431,0.032691497,0.030567726,0.045799613,0.019095534,0.025998753,0.034497954,0.033698764,0.022764
2023-06-29,0.030227793,0.022792352,0.036556724,0.04898189,0.027701445,0.03237949,0.054395948,0.052987877,0.024945363,0.04338554,0.02194175,0.02209271,0.02425272,0.039748117,0.02469008,0.02947402,0.032468803,0.0387921,0.028139384,0.03890603,0.024858017,0.031137588,0.020392906,0.0341304,0.032071326,0.050521016,0.020524345,0.025810748,0.03084695,0.033082075,0.021764498
2023-06-30,0.03469781,0.019847644,0.028999394,0.05396524,0.029960599,0.026963249,0.058214743,0.053785764,0.021075742,0.039556224,0.019776842,0.026477717,0.023203036,0.04786853,0.033905853,0.042337462,0.031485725,0.03945894,0.026514614,0.041095622,0.021554707,0.027671833,0.01967802,0.037441146,0.033959962,0.039727166,0.017431699,0.028161686,0.02363725,0.030024145,0.02152164
2023-07-03,0.032230172,0.014971463,0.028943209,0.048647117,0.02135497,0.024115171,0.06111346,0.055539124,0.022359338,0.04415863,0.015372164,0.026035115,0.021463959,0.04290648,0.039413605,0.06382013,0.04632283,0.045723684,0.030022578,0.036821645,0.0155250775,0.024165131,0.019988518,0.042606138,0.03601888,0.03850688,0.014151983,0.025441343,0.017977156,0.021808745,0.022475313
2023-07-05,0.035166062,0.014796095,0.034071155,0.038386654,0.02409799,0.023876468,0.06255957,0.0427928,0.020314423,0.03898684,0.015782805,0.024434606,0.022132577,0.03753674,0.040386375,0.06666667,0.04516647,0.042601414,0.031622462,0.043172184,0.019555071,0.028081823,0.015998827,0.051273853,0.02667036,0.04270257,0.015877308,0.029585276,0.021890001,0.01965625,0.0241583
2023-07-06,0.032964762,0.015932687,0.03708869,0.029475546,0.022506239,0.02962116,0.062867165,0.039827183,0.027619593,0.050362125,0.015622712,0.019393187,0.02505002,0.037057787,0.032230962,0.059846602,0.04873125,0.038775433,0.043254003,0.041540105,0.017003892,0.025889752,0.019172966,0.04436891,0.031505562,0.037264597,0.017713841,0.0295269,0.023520352,0.020113839,0.02415218
2023-07-07,0.028338559,0.01804864,0.037207115,0.03196106,0.025670348,0.03240659,0.06666667,0.039113507,0.027940564,0.053362325,0.014697763,0.02814731,0.025119727,0.031991456,0.026687969,0.042269547,0.042428967,0.044439588,0.037157703,0.037992395,0.019786607,0.028534817,0.017425116,0.041799337,0.035247996,0.04063523,0.020991128,0.031127317,0.027027324,0.023949957,0.021827372
2023-07-10,0.029143548,0.023467308,0.0368446,0.030724522,0.039805878,0.027275424,0.06593788,0.025046032,0.024734672,0.037081596,0.014947631,0.033677172,0.023492109,0.029504156,0.027963728,0.049606577,0.02716086,0.040040243,0.024431799,0.034438495,0.026283916,0.03994241,0.017401408,0.045484606,0.028247971,0.04827134,0.03340729,0.035476193,0.02830129,0.030456932,0.021402415
2023-07-11,0.026757956,0.023531009,0.034156103,0.029788813,0.050274495,0.01989151,0.054136463,0.020006644,0.019891296,0.026901063,0.013295978,0.042569753,0.022763988,0.028890755,0.035856184,0.06666667,0.024482442,0.02741201,0.017506659,0.028148364,0.03158761,0.056411795,0.01513368,0.053228825,0.026814146,0.06666667,0.03610378,0.0294257,0.024859533,0.027363084,0.019477038
2023-07-12,0.030156266,0.02417363,0.03256077,0.024084413,0.059679996,0.017010361,0.05243546,0.015192813,0.016136512,0.022401413,0.012587412,0.04368368,0.022202723,0.03352741,0.044118106,0.06666667,0.021284986,0.022986786,0.016285272,0.028430676,0.032574534,0.059406754,0.014420819,0.058053687,0.024641184,0.06436365,0.03802825,0.03212354,0.023610326,0.026806727,0.020365162
2023-07-13,0.0357355,0.024585173,0.041228127,0.020489663,0.05144254,0.018234743,0.05839335,0.014000861,0.018003076,0.027219588,0.011747764,0.031250678,0.021012314,0.03394228,0.042945568,0.06666667,0.023627726,0.021377178,0.020554427,0.029170739,0.025298059,0.05766039,0.016786786,0.05474479,0.025149291,0.06436068,0.03868971,0.037156038,0.021214422,0.024097975,0.023213899
2023-07-14,0.040203348,0.01957003,0.04330589,0.01870891,0.043386575,0.017514084,0.05926651,0.0139314355,0.019813156,0.030417662,0.013320947,0.03139947,0.022312298,0.032651212,0.044663925,0.06666667,0.026828239,0.0246984,0.024969406,0.03238136,0.025987083,0.050275743,0.018086541,0.06034218,0.021551628,0.05527797,0.032798983,0.04312497,0.01958389,0.019969894,0.026991593
2023-07-17,0.03998876,0.012970111,0.03888005,0.025271712,0.047664165,0.015952509,0.056401573,0.014495131,0.018393798,0.02596966,0.015858795,0.04631504,0.02430877,0.024296146,0.039513618,0.06666667,0.026300224,0.02874353,0.023988547,0.03084722,0.032784954,0.05206328,0.016843785,0.06666667,0.017926913,0.052714657,0.0281231,0.04515832,0.01936593,0.017494353,0.028032022
2023-07-18,0.037145745,0.010981131,0.039291807,0.03263414,0.049970698,0.014044304,0.055801824,0.017134458,0.018000131,0.027577858,0.013888435,0.05516625,0.017391825,0.017380012,0.03485403,0.06666667,0.03011331,0.02242969,0.021146327,0.02337241,0.03312788,0.06666667,0.019454304,0.06666667,0.020193666,0.0654381,0.028063666,0.042414855,0.015271611,0.014115252,0.02359629
2023-07-19,0.03678862,0.011692717,0.036629867,0.04169333,0.052177876,0.015671447,0.048850916,0.017273221,0.01559473,0.022520252,0.013845026,0.06337816,0.018510915,0.017777229,0.032754112,0.065681286,0.025923338,0.030182457,0.01823708,0.021381104,0.03501327,0.06351608,0.021022348,0.064209975,0.017918993,0.04894129,0.032673378,0.050724704,0.018856484,0.017457876,0.023101918
2023-07-20,0.037781682,0.012000802,0.040001806,0.040926177,0.054003403,0.015820287,0.058622602,0.016877675,0.017692225,0.01828883,0.014588969,0.05615191,0.018438881,0.01735531,0.027738083,0.06528767,0.019681623,0.046666045,0.01957078,0.029080838,0.035683237,0.047255695,0.019092608,0.060825627,0.01334813,0.045142103,0.03494289,0.053313408,0.023309948,0.019500509,0.021010244
2023-07-21,0.028365478,0.010813442,0.03271165,0.046170972,0.04883173,0.014396923,0.05616503,0.030754758,0.016843917,0.02069797,0.012697792,0.065923974,0.01764993,0.019720541,0.035067957,0.06666667,0.025493829,0.04950169,0.019495802,0.02756941,0.02983316,0.046747066,0.018723972,0.06666667,0.019978285,0.0486496,0.032514542,0.036303136,0.019081056,0.021518644,0.014444414
2023-07-24,0.032819137,0.01245392,0.034931526,0.05014784,0.0476286,0.016508924,0.056069527,0.033232845,0.015691474,0.020658659,0.015832197,0.04305127,0.01663681,0.025177896,0.03784339,0.06666667,0.025530327,0.04937935,0.02338926,0.03231199,0.023834493,0.039623346,0.020626605,0.06666667,0.02241294,0.045132898,0.029850213,0.03414714,0.02115393,0.025274515,0.015315648
2023-07-25,0.035140954,0.0128882965,0.038203683,0.046067487,0.04923563,0.017846905,0.05775814,0.032381024,0.015572567,0.021465743,0.01555377,0.026011026,0.0152249625,0.0303376,0.035949763,0.06666667,0.026030613,0.042851917,0.022881046,0.03352298,0.020360911,0.042442475,0.020707713,0.06666667,0.024530599,0.043310296,0.03409927,0.038802244,0.020948995,0.03027176,0.016268292
2023-07-26,0.032883015,0.013699521,0.036722,0.06127859,0.039238855,0.021237044,0.06346722,0.041871555,0.020585012,0.031896614,0.015276906,0.018373614,0.011180369,0.026068283,0.026973292,0.06666667,0.0331443,0.028343791,0.025900869,0.026373561,0.013767116,0.041391004,0.02826088,0.06666667,0.03852165,0.046002347,0.02883379,0.036777314,0.014355363,0.028885832,0.015356965
2023-07-27,0.03437556,0.012086288,0.040464617,0.062781274,0.033140536,0.017996963,0.06642601,0.048561163,0.022380987,0.030502792,0.014420227,0.018333882,0.009319398,0.030970154,0.028130734,0.06666667,0.03191922,0.031847425,0.022268971,0.030075073,0.015315775,0.03635139,0.028404845,0.06666667,0.03184891,0.05579345,0.024905005,0.035920247,0.01286597,0.024801113,0.014458685
2023-07-28,0.02875769,0.013904747,0.038791254,0.050472517,0.036415655,0.019224633,0.062586434,0.045827173,0.025821956,0.02852071,0.0143746855,0.019105138,0.011086447,0.029059883,0.023593461,0.05892258,0.02807661,0.03329127,0.018763633,0.028084539,0.02008729,0.043213844,0.0320773,0.06666667,0.028571645,0.06474381,0.03187055,0.037772533,0.014180432,0.03131757,0.014817338
2023-07-31,0.030355318,0.013253271,0.045911692,0.05188164,0.026125442,0.0181177,0.06604342,0.048941404,0.029983846,0.029538054,0.013516368,0.019200996,0.010388473,0.02809354,0.02358098,0.052140944,0.03288824,0.04567313,0.019333446,0.03143079,0.02095488,0.033077795,0.033277944,0.060945198,0.024314646,0.06666667,0.030048098,0.03781125,0.013892471,0.027135853,0.015476511
2023-08-01,0.039248534,0.018540604,0.054191545,0.04445876,0.027172768,0.023943188,0.06363902,0.035186734,0.032003526,0.028092561,0.016216282,0.011209294,0.009523171,0.022648454,0.019134136,0.047834184,0.028430743,0.029642433,0.019463787,0.034321684,0.024001772,0.044591554,0.033191334,0.052851334,0.01989645,0.06666667,0.043886308,0.04580286,0.016146235,0.02798537,0.020078713
2023-08-02,0.036086638,0.019123673,0.044585437,0.03968259,0.02939411,0.02530739,0.06666667,0.035035904,0.036430996,0.031024396,0.017836161,0.0114061665,0.010489643,0.018246055,0.016343523,0.04026124,0.026671361,0.021736665,0.018618373,0.036131557,0.028199527,0.055752676,0.030360162,0.05786435,0.020600457,0.06666667,0.048288696,0.047169723,0.013423568,0.03021343,0.020382196
2023-08-03,0.031495262,0.017896852,0.041596476,0.03363915,0.033873554,0.02285809,0.06666667,0.035976898,0.040444337,0.03335662,0.019108627,0.013864277,0.013329678,0.016326383,0.016274527,0.036925223,0.025867356,0.018519768,0.021471327,0.037042323,0.032964513,0.059108973,0.024216913,0.06369385,0.02198862,0.06666667,0.04972204,0.040666614,0.013194711,0.031801373,0.019442335
2023-08-04,0.03403488,0.017658895,0.043657556,0.030133702,0.033444606,0.019759351,0.059030555,0.030694557,0.043093182,0.028546404,0.018418951,0.013301329,0.014433965,0.020327032,0.019323193,0.03730559,0.028896794,0.017477306,0.021183934,0.038336687,0.03861162,0.04914686,0.027460136,0.061440565,0.02264999,0.06666667,0.057254292,0.039150767,0.012753545,0.03535158,0.020455502
2023-08-07,0.040605824,0.014924306,0.040147215,0.024610447,0.0493951,0.017059917,0.05102656,0.019111944,0.034910034,0.018779742,0.027589709,0.0132623175,0.017046457,0.020274112,0.023353476,0.034509733,0.027297014,0.014643797,0.0261307,0.044401594,0.050746597,0.041612834,0.030388229,0.06666667,0.019127678,0.061363414,0.0498489,0.04390454,0.014512911,0.038732924,0.0240153
2023-08-08,0.041280106,0.012055362,0.037931997,0.022300128,0.049897727,0.0139490925,0.039688665,0.017713094,0.027837783,0.013565619,0.03113058,0.01664812,0.020915788,0.023468474,0.032256585,0.037905253,0.031105297,0.018384522,0.023805901,0.046926625,0.06666667,0.039296232,0.02906188,0.06666667,0.015353209,0.05869486,0.046356495,0.040699538,0.01679401,0.036402617,0.025241107
2023-08-09,0.037888616,0.0135731865,0.03636348,0.02091244,0.049789146,0.01624314,0.04106413,0.018855162,0.03194963,0.014773183,0.03485148,0.014708529,0.020322768,0.021006145,0.02682642,0.028941784,0.029979613,0.015557532,0.024916556,0.052464645,0.06666667,0.040370706,0.03039923,0.06666667,0.016562859,0.064022355,0.047784984,0.035879254,0.016511442,0.040751982,0.023396268
2023-08-10,0.034102194,0.015769262,0.036121186,0.016900681,0.051874325,0.016943378,0.036471795,0.017759465,0.03358474,0.014146218,0.03749859,0.013328937,0.02240808,0.022237536,0.025866365,0.02584679,0.027476473,0.0132976575,0.02460322,0.056526683,0.06666667,0.04183655,0.027850818,0.06666667,0.016272726,0.06629163,0.05233435,0.030968532,0.018647255,0.046747822,0.022953413
2023-08-11,0.03456112,0.018704997,0.033951245,0.01661612,0.05249205,0.019086447,0.034032967,0.01585954,0.029743373,0.013119035,0.04003736,0.012111068,0.021865815,0.024358815,0.025701525,0.022312475,0.024817381,0.011891007,0.020734351,0.061554506,0.06666667,0.045505736,0.026084166,0.06666667,0.015894854,0.0647902,0.055223085,0.030133251,0.020246102,0.052469425,0.022768654
2023-08-14,0.033216994,0.018878242,0.03399075,0.018616186,0.0459043,0.018840205,0.031496733,0.01922257,0.03000158,0.015329361,0.038184162,0.011816681,0.023693435,0.023392774,0.026984913,0.026593119,0.0270564,0.0117172515,0.022542667,0.05300461,0.06666667,0.05049633,0.023485033,0.06666667,0.017435173,0.06666667,0.059636775,0.027470728,0.019261863,0.0488121,0.022919064
2023-08-15,0.032062754,0.023545064,0.030338429,0.02188006,0.03818193,0.024261666,0.028011687,0.02148831,0.031666245,0.019780438,0.040005963,0.010779559,0.028455744,0.022853853,0.02426191,0.018982768,0.02535531,0.011074634,0.021893388,0.04045725,0.06534024,0.056816984,0.024194174,0.06666667,0.02070226,0.0565901,0.06559995,0.027492886,0.01895772,0.056337018,0.02596504
2023-08-16,0.03157548,0.029350007,0.031932417,0.028450437,0.03647626,0.03384942,0.026116531,0.0230897,0.036875803,0.026404511,0.04396478,0.009886544,0.03331333,0.025190145,0.018855797,0.014744797,0.023969756,0.010684887,0.023506675,0.0347529,0.050049737,0.05610297,0.02868366,0.05056144,0.027313812,0.056402165,0.057097286,0.025184177,0.02121327,0.058678463,0.025722843
2023-08-17,0.03229395,0.037698,0.03551269,0.03296526,0.036506515,0.036452543,0.023008754,0.023269001,0.039511126,0.028997822,0.040849302,0.012024342,0.03406969,0.029217744,0.018322334,0.012879785,0.0212115,0.011580466,0.02363464,0.030770682,0.047374766,0.050148442,0.029703733,0.03679235,0.030782072,0.04764631,0.06454169,0.023971373,0.02494018,0.060037065,0.023285871
2023-08-18,0.028239137,0.05979942,0.029874861,0.028478332,0.03823037,0.037822746,0.01662569,0.019891847,0.035482153,0.026950806,0.04136064,0.014729046,0.046115916,0.03258337,0.021533271,0.012696348,0.015043216,0.012094887,0.021793887,0.021507332,0.04257391,0.052590225,0.034215346,0.030244097,0.03460203,0.03799949,0.06666667,0.02297694,0.028042205,0.06666667,0.022569148
2023-08-21,0.025233382,0.065802224,0.029960116,0.027444977,0.037309762,0.040243313,0.014471017,0.01818432,0.0322755,0.024880772,0.041613232,0.013719805,0.052139968,0.030115826,0.020693464,0.0144883,0.015474102,0.012286775,0.021612937,0.017780196,0.03918006,0.05703855,0.03412269,0.028601142,0.034593977,0.040142447,0.06666667,0.020968633,0.032988247,0.06666667,0.023300925
2023-08-22,0.0264369,0.064856455,0.03445191,0.026011817,0.037468642,0.037480623,0.01673231,0.01461654,0.034393843,0.026945451,0.039958157,0.0148528945,0.051259905,0.024789305,0.02044714,0.01595731,0.016181558,0.014274418,0.025451843,0.016200444,0.03657219,0.056833055,0.031746484,0.029671919,0.034813933,0.03610487,0.06666667,0.022770993,0.033359908,0.06666667,0.02602585
2023-08-23,0.02435462,0.06644239,0.036682613,0.026046373,0.04126018,0.04196142,0.019910023,0.013762563,0.037985172,0.026503244,0.040772963,0.013492056,0.042744927,0.024889842,0.016076637,0.016571488,0.015830562,0.016599063,0.02716526,0.018669778,0.031903934,0.049023554,0.03731652,0.02608626,0.037615195,0.03780802,0.06666667,0.021907715,0.03537789,0.06666667,0.021906404
2023-08-24,0.024751024,0.06444091,0.04148684,0.031822115,0.024106752,0.04325415,0.019959461,0.017478589,0.03816979,0.031615846,0.03459278,0.013583485,0.04180633,0.024962883,0.017753728,0.019487973,0.01921165,0.023952488,0.025661299,0.015689446,0.02600487,0.046982978,0.035150904,0.02617181,0.0335885,0.047120415,0.06666667,0.022202156,0.033947274,0.063025475,0.025351403
2023-08-25,0.020775836,0.05662127,0.039993413,0.02913682,0.028371267,0.037212152,0.023634117,0.019442413,0.03911628,0.03453929,0.030701734,0.02140851,0.04611747,0.023198636,0.019054411,0.01968474,0.020683274,0.028066982,0.029614845,0.016180396,0.030514868,0.043081865,0.027601121,0.027372641,0.037882417,0.041885383,0.06666667,0.021942817,0.03780747,0.05861563,0.023075271
2023-08-28,0.018162493,0.06666667,0.03153732,0.02671384,0.023518428,0.04371279,0.016668228,0.01964976,0.033198602,0.029828688,0.030621681,0.0209198,0.054283887,0.028924543,0.021125551,0.020305716,0.021961885,0.029575003,0.022925122,0.01450866,0.032551695,0.043171506,0.030900689,0.02495823,0.036362857,0.0395607,0.06666667,0.018562522,0.045697853,0.06387044,0.02288817
2023-08-29,0.019108498,0.06405701,0.029454647,0.02820129,0.022177696,0.04705972,0.016548282,0.019928634,0.028693305,0.029564366,0.031506523,0.018078022,0.04867922,0.029987648,0.021124136,0.026314467,0.025340635,0.023713095,0.021653349,0.014918595,0.033530552,0.048510823,0.031680483,0.026231196,0.03669836,0.04610449,0.06666667,0.020158866,0.04589386,0.054998465,0.023417102
2023-08-30,0.020427966,0.06319178,0.025526214,0.035587527,0.015157325,0.058314428,0.012432207,0.02587916,0.026216706,0.032555345,0.03325907,0.015217768,0.054017954,0.035322327,0.022039868,0.02379858,0.03213746,0.02370671,0.019116558,0.0132471975,0.034871344,0.045901164,0.033257466,0.023619607,0.032667704,0.04148284,0.055835463,0.022914253,0.049949978,0.045073714,0.027274314
2023-08-31,0.019137746,0.06274837,0.023980439,0.03448114,0.011801774,0.06666667,0.012680477,0.030987978,0.030383848,0.04460978,0.029307636,0.0139723215,0.048325326,0.031248255,0.019138096,0.024507372,0.039416477,0.017581023,0.019225745,0.011380606,0.033634774,0.05577085,0.038472574,0.021054003,0.03577725,0.049922325,0.047556918,0.022904342,0.040108174,0.034664858,0.02855285
2023-09-01,0.018906698,0.059275195,0.025060989,0.034075752,0.009296773,0.06666667,0.015057105,0.03700912,0.036977924,0.058494534,0.026292155,0.011229698,0.03523255,0.027566535,0.01720593,0.028373629,0.054693174,0.014439488,0.02369981,0.011130533,0.026712622,0.050553825,0.049123585,0.017145207,0.044009823,0.056546137,0.036591236,0.02336899,0.030631885,0.025928287,0.02870414
2023-09-05,0.020423742,0.05839403,0.023302156,0.034331065,0.009075663,0.061229765,0.016242262,0.03813656,0.038900837,0.06666667,0.02275536,0.011876744,0.028684542,0.02441525,0.019588416,0.037800692,0.05656307,0.010879442,0.024765108,0.009348315,0.022428697,0.057907294,0.05198215,0.016501574,0.047764815,0.055049755,0.035995297,0.025156943,0.020540325,0.021225499,0.032067966
2023-09-06,0.018106166,0.06373517,0.018789565,0.029706806,0.010283749,0.06666667,0.014479996,0.03408742,0.040261604,0.06666667,0.022516431,0.010654528,0.027746571,0.024130782,0.016885981,0.02547848,0.055268098,0.007748043,0.022873886,0.0072382963,0.01861202,0.06666667,0.06666667,0.014814099,0.0660307,0.04351457,0.041652646,0.024706349,0.017798718,0.026382726,0.029829927
2023-09-07,0.0167748,0.06666667,0.01879228,0.025813334,0.012930349,0.06666667,0.012211165,0.029196212,0.037806094,0.06666667,0.025218222,0.010073914,0.02907664,0.021032108,0.014958513,0.022267576,0.052367873,0.0053493003,0.02135029,0.007040485,0.02363484,0.06666667,0.06666667,0.01438194,0.06324395,0.053118665,0.04706337,0.024804667,0.020055097,0.03048225,0.027622737
2023-09-08,0.017263621,0.050203513,0.017507961,0.026041022,0.014508429,0.06666667,0.014362807,0.028660301,0.03428253,0.06226066,0.028120685,0.009895823,0.029154003,0.021746172,0.016413232,0.02919541,0.06439699,0.0054917466,0.024552671,0.0077854604,0.020592032,0.06666667,0.06666667,0.019489817,0.06666667,0.055661287,0.036124334,0.024190227,0.017177906,0.028658643,0.029596046
2023-09-11,0.020149011,0.045945898,0.017961692,0.025263011,0.016135579,0.06666667,0.01539053,0.028290717,0.032353166,0.06614053,0.029364895,0.009884417,0.029060826,0.024130438,0.017966937,0.02686567,0.06568255,0.0050292886,0.030235315,0.008749817,0.019519683,0.06666667,0.06666667,0.021348497,0.06666667,0.045149557,0.032911383,0.025447067,0.016007662,0.027698223,0.03065096
2023-09-12,0.022533948,0.032322213,0.018477611,0.027917428,0.016186357,0.06380569,0.020768933,0.0328139,0.03133616,0.06666667,0.03360701,0.010728659,0.02793809,0.02517895,0.01861531,0.028294444,0.06666667,0.006827966,0.039848376,0.013261687,0.017747281,0.056226738,0.06666667,0.025687313,0.06666667,0.044459213,0.02233524,0.026630582,0.01601933,0.024005868,0.029759042
2023-09-13,0.023265822,0.02548861,0.018778851,0.020087278,0.016553806,0.03524124,0.02922103,0.03756376,0.035949532,0.06666667,0.024061708,0.020558687,0.023082597,0.030453093,0.036265176,0.048138123,0.06666667,0.008343509,0.04668401,0.019494673,0.02569825,0.043013167,0.049608495,0.04081397,0.06499357,0.036106378,0.023442198,0.024706941,0.012492172,0.019787773,0.026772257
2023-09-14,0.025803149,0.023291454,0.01865001,0.018382914,0.017620336,0.03331726,0.02666435,0.02821519,0.028576843,0.061476786,0.02473128,0.02340173,0.026842246,0.037740536,0.04874046,0.056125052,0.06666667,0.008902507,0.052940816,0.018628458,0.024691842,0.03547376,0.050013494,0.041361198,0.06666667,0.030260233,0.019755773,0.024629215,0.014545212,0.01766141,0.028223146
2023-09-15,0.029144412,0.020833401,0.01920506,0.016525012,0.016131144,0.030136727,0.028642796,0.027447976,0.024828976,0.05191561,0.021576863,0.024011651,0.028183622,0.046962522,0.060267076,0.06666667,0.06666667,0.01263212,0.04676752,0.023357294,0.025107276,0.03283048,0.039770544,0.049219504,0.048439577,0.029613066,0.021242306,0.02786116,0.016082842,0.017085949,0.030844182
2023-09-18,0.028310224,0.025839893,0.016023226,0.016407216,0.021792103,0.03477829,0.027451564,0.024011226,0.02314802,0.045482703,0.028492784,0.0262094,0.029055785,0.040167924,0.05374625,0.057557017,0.06666667,0.010080818,0.040546414,0.02607626,0.03212183,0.040437784,0.035678018,0.048338495,0.04634464,0.03321039,0.024661874,0.027287984,0.019506948,0.020896714,0.029671537
2023-09-19,0.025473502,0.030044096,0.015210297,0.017399738,0.018112708,0.033572037,0.029293621,0.027810063,0.026134698,0.049595524,0.025188264,0.026261635,0.026364459,0.040115915,0.052073497,0.05885047,0.062374327,0.011221756,0.032749318,0.02394842,0.029123707,0.042171817,0.03711772,0.04752847,0.048886374,0.038982708,0.030383935,0.025410714,0.016480394,0.024353676,0.027766146
2023-09-20,0.021291882,0.03120104,0.014281915,0.022135386,0.018047914,0.030294567,0.026066551,0.032631095,0.025554119,0.04814524,0.023343123,0.03336503,0.024204236,0.03464944,0.050729632,0.06666667,0.061379634,0.010482461,0.028820265,0.017780315,0.027971745,0.047119603,0.040448315,0.042148937,0.055146158,0.05167291,0.029179133,0.023046058,0.015101865,0.022871329,0.02422344
2023-09-21,0.01910906,0.032897513,0.012872958,0.022092486,0.0269151,0.030405225,0.026934007,0.028926171,0.02248672,0.037004896,0.027645465,0.04113629,0.030446162,0.034158047,0.047017805,0.06666667,0.04573143,0.011820571,0.026500473,0.020930689,0.03616265,0.049993888,0.03191157,0.048303135,0.050709773,0.049741406,0.029693421,0.019889945,0.020646678,0.029440535,0.021809269
2023-09-22,0.018994808,0.04344049,0.014410469,0.02670894,0.03794039,0.035661492,0.028122187,0.025162235,0.022654738,0.03682148,0.02735102,0.04351209,0.026206972,0.03117916,0.03507729,0.04160575,0.032728594,0.009506265,0.022865152,0.01964362,0.036456723,0.057698805,0.033515055,0.03896349,0.062517285,0.04978153,0.039942387,0.019398458,0.022262223,0.04227691,0.017593993
2023-09-25,0.017777577,0.048919253,0.017872531,0.027325328,0.037217006,0.033456482,0.02606315,0.022663958,0.02180421,0.033044547,0.024901826,0.04012668,0.026280714,0.029351534,0.031537257,0.041455824,0.03025227,0.0100803645,0.01985055,0.01782725,0.040273085,0.06144112,0.028544959,0.037666753,0.058493838,0.056232635,0.052801512,0.017488778,0.025955271,0.046609487,0.01668424
2023-09-26,0.019079866,0.043026716,0.01962571,0.030753555,0.042829078,0.029152676,0.026547123,0.020855352,0.019093506,0.029069843,0.022918677,0.0400683,0.022260154,0.027877336,0.03262193,0.04845846,0.031646516,0.009715874,0.018194538,0.016422255,0.040034167,0.06635857,0.027880529,0.04216174,0.05944141,0.055321805,0.054476563,0.018444307,0.024325285,0.044964146,0.01637401
2023-09-27,0.017772632,0.046968274,0.022275314,0.02585312,0.049493175,0.030342225,0.028457422,0.018730653,0.023650344,0.028459607,0.020964038,0.04146869,0.022875486,0.025036834,0.025518116,0.03365087,0.02578285,0.009782303,0.017893473,0.016397484,0.047741473,0.066206254,0.02859588,0.035277307,0.058701456,0.05215947,0.06657289,0.01926817,0.025906384,0.05272379,0.015474021
2023-09-28,0.019465033,0.052023433,0.024445452,0.022766225,0.05010997,0.028075788,0.024599634,0.015050311,0.02382687,0.024217952,0.01801482,0.037146706,0.020654226,0.026070518,0.026373908,0.03460413,0.023457697,0.008301983,0.012216855,0.014454942,0.058327086,0.06666667,0.032728747,0.037593365,0.05297173,0.055569973,0.06666667,0.023752823,0.023421604,0.06026177,0.016163114
2023-09-29,0.021792095,0.044309452,0.026519477,0.022805009,0.050631512,0.024239765,0.023829212,0.014163897,0.021818327,0.019572193,0.017142292,0.04207617,0.02210362,0.026673757,0.030405315,0.038329452,0.02342556,0.01041172,0.010695439,0.015797846,0.06666667,0.06666667,0.028241692,0.044146128,0.039549425,0.055540264,0.06666667,0.028079448,0.02436575,0.055648174,0.017687006
2023-10-02,0.023825457,0.05627257,0.024124429,0.018899927,0.061216336,0.02884203,0.023849208,0.011560514,0.02483679,0.017856877,0.020112352,0.049149875,0.027531797,0.031518705,0.027626835,0.022804687,0.015949316,0.014390591,0.011454336,0.020370947,0.06666667,0.061710652,0.030463649,0.02792973,0.032550607,0.03237255,0.06666667,0.030098503,0.033389326,0.06666667,0.0192914
2023-10-03,0.024553485,0.04816865,0.023587001,0.023161037,0.0665074,0.03062933,0.026992945,0.011367877,0.024141027,0.018282307,0.020712052,0.056371707,0.023748964,0.028406026,0.023380337,0.015673432,0.015654633,0.017313821,0.010436836,0.019842576,0.06666667,0.060865697,0.03438608,0.030496228,0.0333043,0.027898312,0.06666667,0.033342764,0.032152034,0.06666667,0.018623145
2023-10-04,0.0216115,0.05592199,0.024113905,0.024404464,0.06666667,0.035237044,0.026190335,0.013089703,0.028239291,0.01840917,0.02375579,0.053716723,0.023599535,0.022629635,0.018525107,0.012076406,0.014237354,0.017078442,0.010807871,0.02043485,0.06666667,0.06048053,0.034922678,0.024445536,0.03436355,0.031020612,0.06666667,0.030709608,0.03680623,0.06666667,0.016505476
2023-10-05,0.024558257,0.039387535,0.025925675,0.032099325,0.063815765,0.033371087,0.029763134,0.015460058,0.024015697,0.019617757,0.024821216,0.06521547,0.022226987,0.024518566,0.019245658,0.010131861,0.017537873,0.02257132,0.012195678,0.022299454,0.06666667,0.048830368,0.033275466,0.025513694,0.033183955,0.028872568,0.06666667,0.033264287,0.038178757,0.05856043,0.01820878
2023-10-06,0.024681788,0.042875644,0.020666808,0.04796475,0.05700414,0.03692975,0.029542556,0.020537658,0.023637664,0.020839252,0.027179299,0.06642845,0.019161366,0.027468724,0.018714868,0.007284308,0.015547159,0.030045383,0.01073338,0.02152835,0.066230096,0.039843496,0.039239354,0.021691347,0.036508866,0.021968467,0.0584024,0.03169271,0.034832,0.06399084,0.016829126
2023-10-09,0.028288485,0.04053066,0.019132374,0.054289438,0.04984016,0.04045835,0.03073589,0.022620788,0.022547735,0.023055961,0.02769756,0.0652619,0.018546779,0.032864735,0.020154469,0.006635122,0.015299297,0.033778988,0.009386048,0.024537085,0.061489377,0.040032282,0.0373506,0.023411304,0.033587776,0.020789199,0.05249933,0.033458363,0.03323831,0.0605838,0.017897831
2023-10-10,0.026782133,0.0482841,0.01628973,0.058423843,0.041916676,0.05008384,0.027524073,0.026196918,0.024218235,0.02554579,0.027196292,0.052535884,0.018090988,0.03548394,0.019134335,0.00663295,0.01580012,0.030004459,0.0088709695,0.021805923,0.049757,0.04210296,0.045131635,0.021360103,0.03950636,0.019640537,0.056017775,0.032344118,0.030163832,0.06566921,0.017485278
2023-10-11,0.03305767,0.039836023,0.022003213,0.05561215,0.043033063,0.04847947,0.031852633,0.024467465,0.024817012,0.024959734,0.03063542,0.043262064,0.019148178,0.034108102,0.020183543,0.008988577,0.019465823,0.031976078,0.0118848225,0.030826535,0.0467078,0.040315807,0.043002788,0.02346358,0.03474815,0.02311876,0.047718212,0.035738233,0.033768218,0.05307142,0.019749455
2023-10-12,0.039552305,0.026993206,0.02301072,0.05368359,0.047572058,0.04918571,0.038372893,0.024202963,0.02504884,0.030402899,0.03580057,0.045235306,0.02117384,0.033112608,0.020574579,0.008569581,0.023584105,0.032206405,0.01768638,0.03915495,0.045025136,0.036372546,0.03828706,0.027520968,0.032200694,0.019948862,0.030241877,0.03941968,0.03405784,0.039132353,0.022669477
2023-10-13,0.03658201,0.0286236,0.02351385,0.047820263,0.043811884,0.05277313,0.035298523,0.02430124,0.027368655,0.034211375,0.035764482,0.04531659,0.023374014,0.027787726,0.019708296,0.0075291465,0.027335994,0.029757364,0.018288158,0.034734763,0.048037868,0.041323055,0.041055176,0.025784813,0.032623645,0.020724647,0.031826567,0.037461024,0.03443266,0.038253754,0.024575729
2023-10-16,0.034149315,0.0296289,0.021935511,0.03679394,0.04225078,0.059533726,0.03204449,0.024532532,0.025206694,0.03571143,0.034089174,0.03997801,0.025675505,0.028159317,0.02080296,0.008359352,0.03303405,0.02093991,0.018764952,0.0335316,0.047867075,0.050817046,0.042113453,0.026202211,0.038397454,0.022454754,0.033504564,0.034554183,0.034043226,0.038841933,0.026081955
2023-10-17,0.03834062,0.025728012,0.022532875,0.038257875,0.041756064,0.053752538,0.034121346,0.024115313,0.022677965,0.032766122,0.03219557,0.041768204,0.024977367,0.033236638,0.025568036,0.011729634,0.03697683,0.025796195,0.020990992,0.035729278,0.04330056,0.04157072,0.04024957,0.028735619,0.037304938,0.018747946,0.028122475,0.040634915,0.034789752,0.034596853,0.028929163
2023-10-18,0.037846837,0.027673239,0.023165088,0.029262394,0.044972457,0.057439364,0.03349958,0.023443298,0.02074125,0.034029454,0.03132061,0.041247822,0.026418723,0.031584,0.024765726,0.011191599,0.034052435,0.021351906,0.023196511,0.037410658,0.048355475,0.048696816,0.037185963,0.027432336,0.034183823,0.019787116,0.02840797,0.042437255,0.03887944,0.031791467,0.02822939
2023-10-19,0.032931812,0.03437009,0.023940692,0.01731231,0.036644246,0.06666667,0.034374077,0.020424845,0.022520216,0.041262258,0.024577206,0.030742928,0.025184931,0.030418994,0.020879634,0.013002143,0.041889768,0.014299238,0.027171224,0.03275443,0.038545374,0.052034304,0.047898516,0.018792987,0.05184576,0.02206242,0.036110643,0.041410364,0.038808104,0.03191279,0.029211031
2023-10-20,0.030474523,0.042834595,0.022768456,0.014465116,0.030245768,0.06666667,0.027373482,0.019405276,0.025174323,0.039729245,0.024747282,0.025291884,0.029152371,0.035956632,0.01998204,0.013017802,0.04162149,0.012971282,0.028402878,0.029524093,0.039221857,0.04262563,0.05605789,0.014293418,0.05640024,0.020431157,0.041821957,0.039670724,0.04387524,0.036516618,0.029280059
2023-10-23,0.02764229,0.05115983,0.024016107,0.012711897,0.021752594,0.060990594,0.029630216,0.023482624,0.034232814,0.04287242,0.02085979,0.03218736,0.033973794,0.045622736,0.023556642,0.013251099,0.031044586,0.019436687,0.027744355,0.034579653,0.045314208,0.029656721,0.04129088,0.012329295,0.045799933,0.02102625,0.049006242,0.03285693,0.04424617,0.039295763,0.028429529
2023-10-24,0.030304087,0.042519573,0.025868786,0.01631715,0.019353667,0.05925702,0.03181929,0.0273509,0.03883636,0.047243834,0.02497564,0.027380683,0.03259021,0.046852563,0.021895802,0.011406826,0.0361725,0.02092624,0.03322864,0.03996372,0.04398694,0.023556883,0.040449064,0.013298487,0.04415267,0.021111531,0.038790774,0.03099051,0.043774307,0.03636124,0.029264096
2023-10-25,0.02804139,0.0381691,0.03166294,0.015429325,0.013978994,0.056588545,0.027330235,0.03135492,0.041272476,0.043738075,0.027902285,0.021507405,0.042077728,0.048476767,0.020158568,0.009273286,0.038629413,0.03158434,0.03964975,0.048008617,0.04848837,0.014807948,0.025808876,0.012977233,0.0310737,0.018761732,0.036206342,0.02853732,0.06666667,0.03304963,0.028788015
2023-10-26,0.022489812,0.0314409,0.029536827,0.013350472,0.017993862,0.044197526,0.037002824,0.034784168,0.041162595,0.049173974,0.023308216,0.037649985,0.044996124,0.038439706,0.021018783,0.009556906,0.0325816,0.041927427,0.050026506,0.052977618,0.04478994,0.015088468,0.017401015,0.015852878,0.03106077,0.015183017,0.034093183,0.027606346,0.06358714,0.03301464,0.028706774
2023-10-27,0.02516304,0.021651441,0.02899815,0.013364533,0.02457861,0.035701063,0.050393447,0.03315008,0.041163508,0.044216797,0.025765417,0.03473571,0.044609305,0.037133917,0.020612406,0.010419509,0.024462411,0.05961845,0.06666667,0.06666667,0.03173346,0.010487527,0.012963649,0.021413857,0.026412508,0.009843128,0.026033701,0.03029555,0.060384125,0.03262282,0.028738542
2023-10-30,0.024596084,0.017893761,0.02829507,0.013320828,0.029106962,0.0337789,0.057954926,0.029462783,0.042410005,0.04707914,0.026878623,0.038896155,0.042507958,0.035053123,0.019375842,0.011962247,0.02794287,0.056421623,0.06666667,0.06666667,0.03249323,0.010664157,0.01485005,0.024325661,0.029101254,0.010696278,0.020703273,0.02916252,0.055385962,0.028972534,0.027374854
2023-10-31,0.028165542,0.015787298,0.031905647,0.0143913375,0.025358412,0.031163352,0.050848305,0.028090132,0.033334274,0.036252744,0.02357169,0.03904292,0.043567315,0.04596492,0.023488961,0.014824062,0.028596392,0.06666667,0.065745115,0.06666667,0.034725845,0.008886655,0.0135893915,0.02635611,0.021657908,0.009409281,0.020627666,0.031127974,0.06666667,0.026217561,0.027303182
2023-11-01,0.031072987,0.013398486,0.031267423,0.017555052,0.029265376,0.033716004,0.05344306,0.029239912,0.025358886,0.03498227,0.025067985,0.0394719,0.039877996,0.052191302,0.024881532,0.016870417,0.029282188,0.06666667,0.06666667,0.06666667,0.026001498,0.008991054,0.016232207,0.027141437,0.023274574,0.009486093,0.013950472,0.03241089,0.06666667,0.023182776,0.02571955
2023-11-02,0.031420488,0.0129148355,0.032014508,0.020929642,0.021941856,0.037334394,0.052848533,0.033466056,0.027864551,0.045023065,0.024522508,0.030871335,0.037639495,0.053233366,0.023009611,0.017832028,0.036739737,0.06666667,0.06666667,0.06484498,0.0199575,0.0086964145,0.019804146,0.027077211,0.025780777,0.009728528,0.011883825,0.034605265,0.056788944,0.020302795,0.027590275
2023-11-03,0.03517322,0.012958713,0.032171354,0.023227679,0.018208282,0.037840266,0.054176316,0.037788212,0.024995664,0.04602934,0.021037899,0.024363432,0.030280223,0.065928094,0.026244389,0.025849426,0.04079374,0.06666667,0.06190425,0.062267467,0.015130024,0.00933325,0.023717111,0.027826533,0.026087906,0.010157229,0.010365059,0.036766216,0.04605369,0.017663337,0.028995013
2023-11-06,0.040767007,0.0117789535,0.027273003,0.026290646,0.019496728,0.03125565,0.05812553,0.037917957,0.021357382,0.043450028,0.022024276,0.028108133,0.027713167,0.06666667,0.0344658,0.032706555,0.037584927,0.06666667,0.06527861,0.065390624,0.012116699,0.0079573225,0.023552958,0.028978527,0.026625907,0.008058113,0.007927449,0.039336298,0.03721732,0.015396745,0.02851436
2023-11-07,0.039216988,0.011858702,0.02625381,0.030309431,0.016850708,0.03441552,0.06386388,0.044513308,0.024178445,0.0611464,0.01929781,0.029688025,0.025206063,0.06603666,0.030653842,0.027762966,0.039760984,0.06666667,0.06666667,0.048488706,0.008899071,0.00818905,0.028538689,0.023950063,0.033619866,0.007727169,0.0072259684,0.03805324,0.02986661,0.0135643035,0.027530387
2023-11-08,0.040666163,0.011922252,0.027164074,0.032663044,0.01673506,0.03683517,0.06656354,0.04409042,0.025855467,0.06347992,0.018850667,0.030160872,0.02316384,0.06666667,0.027727343,0.02286676,0.03906775,0.06666667,0.06666667,0.04714616,0.008861089,0.007774716,0.031698227,0.021319797,0.033882968,0.007219094,0.0071287067,0.03842318,0.029254057,0.013406399,0.026073255
2023-11-09,0.042855356,0.013932076,0.026588071,0.041079216,0.017230066,0.046029303,0.065930635,0.045012213,0.026924774,0.06666667,0.018597512,0.028285025,0.02247894,0.06368972,0.022468824,0.01645883,0.032573376,0.06666667,0.06418835,0.039627958,0.0078933695,0.008476194,0.037065342,0.017294016,0.036274403,0.0068114833,0.007744342,0.042455852,0.028511444,0.014778482,0.02541149
2023-11-10,0.039740175,0.015627967,0.021921426,0.040680867,0.020412056,0.05303019,0.06666667,0.041981056,0.025541728,0.06666667,0.019043129,0.032979343,0.018840963,0.05361568,0.020088015,0.017511845,0.0316239,0.06666667,0.04870054,0.04552452,0.009207849,0.012164997,0.039456874,0.020835357,0.04240577,0.009440868,0.00979628,0.04408466,0.026498215,0.017129688,0.022116037
2023-11-13,0.03881499,0.0128619755,0.02296162,0.046555363,0.018566428,0.04855982,0.06666667,0.043223895,0.025255669,0.06666667,0.016130652,0.030896159,0.015879406,0.047040958,0.01999459,0.026087645,0.04254788,0.06666667,0.043856066,0.03798471,0.009077606,0.014667007,0.041813906,0.025151698,0.045590598,0.013059555,0.009828161,0.045448445,0.021991447,0.01472571,0.021428043
2023-11-14,0.034036573,0.013427129,0.02097372,0.046956897,0.016490499,0.050185587,0.06666667,0.047221337,0.02589822,0.06666667,0.016182244,0.030997908,0.017329188,0.040844277,0.019913165,0.030832568,0.047549933,0.061270665,0.04080092,0.035403688,0.0100069735,0.017192785,0.04027369,0.029097421,0.048015833,0.016839787,0.010903764,0.04094544,0.021130718,0.015134784,0.020810954
2023-11-15,0.04023198,0.011024878,0.024065986,0.052178945,0.019247277,0.040377278,0.06666667,0.041385554,0.019945905,0.053967364,0.014733174,0.029723812,0.015017669,0.04397276,0.024864398,0.05088361,0.046151917,0.060565848,0.035216324,0.038730584,0.009514564,0.019441707,0.033655442,0.03783577,0.037760332,0.01988832,0.009735433,0.047371183,0.02048623,0.013015586,0.022343507
2023-11-16,0.03947728,0.010497655,0.026658945,0.043016985,0.025724078,0.036098808,0.06666667,0.039098307,0.020926505,0.046562664,0.014250875,0.03457013,0.014747439,0.04315657,0.026132163,0.0507119,0.04315074,0.06179542,0.034553036,0.046941105,0.012878965,0.021138506,0.030492682,0.04485264,0.032717988,0.020272402,0.010683284,0.047230095,0.021572083,0.013671992,0.019752081
2023-11-17,0.039691057,0.014210866,0.021476561,0.04312329,0.023558373,0.036322158,0.06666667,0.03857867,0.024059542,0.052031577,0.014388169,0.04155665,0.01730229,0.055308614,0.030704772,0.04236387,0.028045943,0.06666667,0.032789737,0.04793261,0.009143276,0.016285744,0.03391675,0.034054507,0.038354065,0.015889343,0.012322338,0.047125515,0.01794895,0.018688729,0.019492708
2023-11-20,0.039011776,0.016561348,0.021073628,0.043708704,0.028102284,0.03515336,0.06666667,0.034915812,0.020817082,0.044246867,0.014429464,0.03912065,0.01789795,0.04836063,0.031362988,0.05802611,0.023652982,0.06666667,0.029284704,0.04338299,0.008793362,0.021379678,0.03470967,0.035561737,0.037742358,0.020221034,0.014894966,0.046589326,0.017649218,0.021097366,0.018918624
2023-11-21,0.039126784,0.019319417,0.021159451,0.042282175,0.024664722,0.03685011,0.06523951,0.035967745,0.021427764,0.047045775,0.014272802,0.037369646,0.022078121,0.058799993,0.0355242,0.049158063,0.022905469,0.06666667,0.030573888,0.038305316,0.007932274,0.019136252,0.03694256,0.030357163,0.03968924,0.016896306,0.015444114,0.04341492,0.018494371,0.023347022,0.019608162
2023-11-22,0.03307907,0.021775864,0.020302834,0.038720664,0.028785128,0.04147557,0.053145353,0.039825696,0.020064455,0.044286367,0.015414432,0.044670198,0.02759369,0.05761638,0.0345435,0.04083949,0.021068882,0.064144626,0.028195113,0.035073664,0.010569055,0.024744973,0.037750844,0.031468254,0.041300952,0.019972153,0.01845212,0.03802678,0.022137186,0.028550804,0.01640591
2023-11-24,0.038460534,0.023309719,0.023039028,0.038194057,0.029989809,0.043876536,0.053279217,0.034042306,0.01852118,0.038180266,0.016710196,0.03244995,0.024767214,0.06666667,0.03337256,0.042404123,0.019430071,0.06049393,0.028322563,0.037704624,0.009761041,0.022994531,0.04277819,0.02818859,0.040801954,0.021338446,0.019554906,0.03991334,0.023526704,0.031690173,0.016237572
2023-11-27,0.038355257,0.023285193,0.023115894,0.033738293,0.03290672,0.043112244,0.049519766,0.03151911,0.017908731,0.033414006,0.018610189,0.027594397,0.026730783,0.06666667,0.03576742,0.050115064,0.020317469,0.049385738,0.028285822,0.040862367,0.011550393,0.026435645,0.04245933,0.033134326,0.039743148,0.025208855,0.020779183,0.035636008,0.023943597,0.034103923,0.015794452
2023-11-28,0.03857229,0.024426427,0.024719281,0.031213863,0.033317555,0.045770977,0.05116637,0.028909659,0.02147654,0.037531488,0.020880332,0.022874407,0.028025793,0.0645909,0.031406928,0.044690616,0.0216641,0.040082753,0.032634325,0.041482996,0.012576577,0.0276298,0.04417175,0.03153873,0.040541485,0.027360225,0.021191843,0.035463423,0.023694087,0.033574484,0.016819986
2023-11-29,0.03536281,0.025171688,0.028392272,0.030307006,0.028409246,0.047626387,0.046344046,0.03296357,0.021499958,0.04217416,0.018238828,0.018921398,0.026214618,0.06629349,0.029501365,0.046910666,0.026308578,0.03386635,0.03120145,0.034260243,0.012214069,0.030793205,0.045549784,0.03000649,0.04492588,0.03404974,0.023217414,0.035268657,0.024372198,0.03289876,0.016735675
2023-11-30,0.04029032,0.02673387,0.029405115,0.03391361,0.03475514,0.042840526,0.044560567,0.031786583,0.019607846,0.035108693,0.0223854,0.020068737,0.031059118,0.06666667,0.03359614,0.03923244,0.019642163,0.046142276,0.032617226,0.040345564,0.013324785,0.025159743,0.036206756,0.029966652,0.034210898,0.026790544,0.021824267,0.037274577,0.030655779,0.035885893,0.017942108
2023-12-01,0.038763896,0.01897606,0.025721885,0.03795624,0.038127672,0.03252507,0.054791857,0.033585757,0.018853964,0.02750756,0.0227697,0.02421252,0.027766574,0.06666667,0.03555674,0.04393418,0.017474905,0.06666667,0.031280242,0.053940736,0.012838252,0.019182043,0.028820937,0.03807257,0.029221555,0.02348327,0.01856295,0.032697205,0.027789934,0.03629162,0.01596077
2023-12-04,0.039917693,0.022822268,0.025154384,0.039933294,0.033068575,0.033093594,0.048999354,0.040438104,0.019186245,0.02936167,0.022934109,0.021771299,0.032066267,0.06666667,0.03987862,0.043130524,0.016812366,0.06666667,0.028027244,0.054058164,0.013167426,0.018709118,0.027160723,0.03365856,0.026728187,0.024283152,0.018419297,0.029774925,0.029754784,0.037992362,0.016364357
2023-12-05,0.042941395,0.02096658,0.02570795,0.034738038,0.03937393,0.025148416,0.048816968,0.035087794,0.018210342,0.025878184,0.02144181,0.02811212,0.03324592,0.06666667,0.0501474,0.052408736,0.014793654,0.06666667,0.028280005,0.057326615,0.0156581,0.018384213,0.021319697,0.035917044,0.024108361,0.023168847,0.0183881,0.027292943,0.02841786,0.03433622,0.01704942
2023-12-06,0.04312496,0.017565422,0.031367827,0.034176294,0.04437083,0.021754436,0.04608938,0.035701253,0.02180903,0.0281243,0.020398676,0.03895936,0.0398497,0.06666667,0.05280469,0.03374809,0.015953928,0.06666667,0.033094317,0.05368041,0.021733338,0.015991585,0.01858336,0.038783945,0.020254191,0.01755984,0.016605252,0.024562454,0.03245108,0.031728707,0.015840009
2023-12-07,0.03983369,0.017605301,0.036578797,0.03209459,0.049924545,0.018274797,0.04813319,0.031065859,0.019698983,0.023455253,0.018088695,0.04989576,0.03482517,0.06666667,0.053013094,0.03486613,0.0129232025,0.06666667,0.028672481,0.05978641,0.029186606,0.01730829,0.012321761,0.041386362,0.015084583,0.02258607,0.01840294,0.022054555,0.038127393,0.028201368,0.013270787
2023-12-08,0.039964158,0.01534511,0.039607704,0.032971885,0.048948586,0.017141296,0.04823001,0.02866426,0.017544225,0.022871727,0.016351832,0.05330839,0.031041583,0.06666667,0.052660123,0.035801336,0.013831802,0.06666667,0.025465136,0.05479059,0.031985495,0.019361936,0.011793338,0.049545,0.013896578,0.026114684,0.019518891,0.024851544,0.037170745,0.02523674,0.01265196
2023-12-11,0.041569438,0.019638365,0.040914353,0.030948298,0.04812542,0.01865537,0.04710562,0.026271824,0.019919466,0.025878921,0.014659251,0.053071674,0.031640664,0.06666667,0.04978546,0.03260466,0.012567178,0.06666667,0.024486525,0.044853456,0.03499847,0.024419881,0.0128273,0.043660406,0.0134367095,0.025008954,0.027758433,0.026684267,0.035103593,0.026363855,0.013708853
2023-12-12,0.040115386,0.022940721,0.037845857,0.028684746,0.045111068,0.018406715,0.040597413,0.025289066,0.019796897,0.024979927,0.014991581,0.050082643,0.032780264,0.06666667,0.054956794,0.048945747,0.012879133,0.054470897,0.021036634,0.040890027,0.036631614,0.03041589,0.013724833,0.04182723,0.014448591,0.03518906,0.029775234,0.023850644,0.03368869,0.02458295,0.014397077
2023-12-13,0.03433569,0.016313212,0.040715914,0.02259711,0.032107763,0.010876343,0.055905044,0.028612778,0.024615481,0.02790527,0.00951853,0.06666667,0.025379246,0.06666667,0.06209034,0.058837708,0.014632108,0.06666667,0.02124604,0.04386821,0.041465394,0.021168673,0.010442899,0.04723758,0.012743138,0.03226585,0.028194774,0.022188386,0.022671554,0.01884489,0.0132200755
2023-12-14,0.03801784,0.01586481,0.04806587,0.023156196,0.022571305,0.011995445,0.05570563,0.032875683,0.022733286,0.033857416,0.008752174,0.053604975,0.02560182,0.06666667,0.064885795,0.062123615,0.017760051,0.06666667,0.021961138,0.04263965,0.032739945,0.023799347,0.009555095,0.051312026,0.010946098,0.036004778,0.024970151,0.021346413,0.022089828,0.015520046,0.016210234
2023-12-15,0.04240299,0.020128127,0.04958213,0.02900351,0.025114428,0.013320088,0.056087643,0.03878871,0.020775193,0.03657636,0.008639854,0.040421136,0.022111934,0.06666667,0.06454492,0.06666667,0.016864743,0.06147022,0.023029512,0.036743347,0.025030177,0.026098303,0.010594231,0.04712836,0.012689866,0.033426672,0.024698067,0.026511706,0.020953193,0.017288255,0.016642977
2023-12-18,0.04959592,0.021322548,0.054420684,0.031003378,0.029823434,0.014137027,0.055484485,0.0312597,0.021186158,0.037121896,0.009174262,0.035622884,0.020540293,0.060644243,0.059731565,0.06666667,0.017754866,0.047955766,0.023976289,0.031720717,0.02655546,0.03202314,0.011602517,0.045018632,0.012903901,0.03492462,0.027966779,0.03300977,0.020592323,0.016398521,0.019861571
2023-12-19,0.049262278,0.020734463,0.06021066,0.027180312,0.024143666,0.01432376,0.048135918,0.030741315,0.024227036,0.03776256,0.009984255,0.030506574,0.022940226,0.052191164,0.06149393,0.06666667,0.024057062,0.046073887,0.028115017,0.028359262,0.03049453,0.031207055,0.013205382,0.046779636,0.013139477,0.03700735,0.030314073,0.032770615,0.020953009,0.014942328,0.02207653
2023-12-20,0.04996426,0.024185404,0.055315204,0.02837791,0.02513541,0.015868736,0.040352657,0.032124143,0.024139766,0.032263096,0.011984813,0.0269106,0.022118483,0.049858876,0.061272994,0.06643981,0.023978448,0.040870477,0.025693476,0.028665787,0.03514321,0.03555155,0.016017068,0.04764967,0.0127437785,0.03868211,0.03543986,0.032536767,0.02142736,0.017286437,0.022001846
2023-12-21,0.050175376,0.026381508,0.056029465,0.027944854,0.031515233,0.017968914,0.047297154,0.029649934,0.032590225,0.03811357,0.013663792,0.024647437,0.018997343,0.043935455,0.04736806,0.055654667,0.023939101,0.029051488,0.03180156,0.027200619,0.03436076,0.03751999,0.022017615,0.04036114,0.017536687,0.04180779,0.038695697,0.03579318,0.018602662,0.018845499,0.020533223
2023-12-22,0.04522572,0.0254303,0.04511109,0.030624708,0.0285477,0.016558047,0.038183857,0.03168461,0.02980308,0.03136887,0.015084267,0.028406242,0.019911844,0.050280605,0.056415882,0.063181326,0.026212413,0.03126484,0.024675975,0.025352078,0.0393963,0.037677508,0.024308056,0.046039235,0.01702044,0.043974575,0.036969747,0.032331027,0.018562738,0.019690365,0.020706551
2023-12-26,0.037641484,0.017748637,0.05100068,0.036395725,0.030032188,0.016819628,0.04415347,0.03513279,0.0258549,0.03374943,0.012477294,0.025747519,0.015979676,0.033542894,0.044649113,0.06666667,0.030249063,0.027923966,0.026184246,0.01967463,0.026739327,0.04791115,0.022243181,0.06666667,0.020703197,0.06139748,0.035116244,0.0359478,0.015520596,0.018668165,0.017462187
2023-12-27,0.034912642,0.01746266,0.049016237,0.037858743,0.03253225,0.016582362,0.044564832,0.037649605,0.024879241,0.032719556,0.012913293,0.02510521,0.016249686,0.032255314,0.043066375,0.06666667,0.030326873,0.026421588,0.025668185,0.019380996,0.026205936,0.051741943,0.021561971,0.06666667,0.022568073,0.06197943,0.035211757,0.035399362,0.015456082,0.020415533,0.016560925
2023-12-28,0.03217227,0.014784288,0.04403048,0.039560378,0.034371164,0.014635405,0.050372604,0.04155953,0.024858762,0.03251072,0.013631633,0.028942375,0.016194385,0.028967764,0.043581374,0.06666667,0.031517018,0.028178403,0.026536738,0.021185355,0.026955817,0.052747805,0.018789627,0.06666667,0.022303483,0.06509987,0.030525748,0.03316265,0.014512444,0.01925648,0.015722102
2023-12-29,0.033073876,0.013397496,0.04310739,0.042617444,0.035975233,0.013379912,0.050699484,0.041874766,0.024233883,0.027150974,0.016254947,0.032505102,0.018047445,0.032409873,0.047035113,0.06666667,0.028667506,0.03969311,0.027943272,0.027503515,0.03001422,0.04003366,0.016151192,0.06666667,0.018407704,0.056160726,0.026105797,0.031485077,0.017253134,0.019836767,0.015648048
2024-01-02,0.030014457,0.01406878,0.040749725,0.045719095,0.03666169,0.013705245,0.050009597,0.04378092,0.023825824,0.02481494,0.017243298,0.03515129,0.018336141,0.032262493,0.04359859,0.06666667,0.025588728,0.042484235,0.026215501,0.028442735,0.031019768,0.037949346,0.015242014,0.06666667,0.018760674,0.05811272,0.026974034,0.029876897,0.01898838,0.022505684,0.014563868
2024-01-03,0.028480856,0.015352965,0.032908507,0.03816345,0.036035173,0.014703328,0.03852105,0.04450209,0.021533616,0.018660305,0.02359827,0.03080084,0.028491413,0.041349534,0.049929406,0.06666667,0.02331607,0.050986785,0.030927597,0.03584484,0.033790804,0.02637688,0.013865445,0.06666667,0.018069373,0.04054032,0.028119935,0.027090648,0.02785198,0.030888783,0.015966406
2024-01-04,0.025472239,0.023747837,0.029730314,0.032004725,0.030630674,0.021144362,0.03200349,0.05060164,0.026873276,0.022623593,0.02720186,0.023552973,0.031894222,0.043499187,0.042649508,0.048013642,0.02355086,0.041820854,0.035794143,0.033219658,0.030193787,0.023940248,0.018957488,0.06666667,0.025948811,0.033563033,0.03670964,0.023812752,0.032051973,0.045656595,0.016469952
2024-01-05,0.025844982,0.02879684,0.030434608,0.036491636,0.032775603,0.024376761,0.02872798,0.047702186,0.026100684,0.02059475,0.03193795,0.017241549,0.034675404,0.04137299,0.03555317,0.037120868,0.018611653,0.038200688,0.03171049,0.035041995,0.029998347,0.025199188,0.016411798,0.06563651,0.024016611,0.035822153,0.042137124,0.023583498,0.03911892,0.057901,0.01686207
2024-01-08,0.026293254,0.037033483,0.033661194,0.03874136,0.035300396,0.02607463,0.023933884,0.04089791,0.025792873,0.016722074,0.035154738,0.013378115,0.03515054,0.040800467,0.0323192,0.032612786,0.015333955,0.040657878,0.029108271,0.034117375,0.029765146,0.023772046,0.017631195,0.05541964,0.021013955,0.034968745,0.04938887,0.023947205,0.047912672,0.06666667,0.016429488
2024-01-09,0.025345953,0.036813594,0.039724115,0.0437314,0.025007036,0.030421324,0.024750778,0.043979313,0.030204143,0.018874498,0.031149453,0.011395809,0.03182328,0.03945972,0.026422488,0.02753932,0.01824762,0.060600962,0.027192662,0.031502135,0.024852619,0.020961944,0.020662116,0.04776435,0.020452384,0.035549752,0.04941476,0.023082823,0.050098687,0.06666667,0.016308296
2024-01-10,0.022461152,0.03344748,0.046703983,0.050849337,0.021513259,0.032247923,0.022165958,0.04704347,0.034993883,0.019424155,0.0317968,0.012542919,0.03145024,0.028171606,0.020709803,0.019488513,0.022477133,0.06565977,0.027448205,0.026206838,0.029406967,0.021093097,0.024046058,0.041563272,0.020329878,0.042732455,0.05075363,0.021962283,0.052205376,0.063342825,0.01576173
2024-01-11,0.021487579,0.033827927,0.05372573,0.060492508,0.017099885,0.035707995,0.018144222,0.049690224,0.033682108,0.018360065,0.028984671,0.012509747,0.027892366,0.026823966,0.017866606,0.016442535,0.025514437,0.06666667,0.021362495,0.024181372,0.032825757,0.022027023,0.027079048,0.034311164,0.01842316,0.049619697,0.053450253,0.021764748,0.058645822,0.05631701,0.01507321
2024-01-12,0.02302858,0.03195793,0.054302186,0.063489005,0.018390376,0.034488272,0.018915482,0.04486879,0.031730708,0.01659413,0.03279109,0.012538404,0.022664795,0.022822801,0.016161354,0.016205013,0.027276402,0.04998802,0.018376889,0.025824565,0.037927818,0.029155994,0.03318407,0.032702964,0.020009443,0.06666667,0.05590667,0.021746248,0.049871627,0.05475915,0.015654558
2024-01-16,0.019473277,0.045395758,0.04936445,0.06104264,0.014440684,0.045462817,0.016183326,0.054163232,0.03417766,0.019321667,0.03434444,0.010082526,0.021286348,0.022667523,0.012866859,0.011186517,0.02437469,0.038092174,0.0161311,0.02259332,0.03279764,0.033499975,0.042540736,0.02264953,0.023432067,0.06666667,0.058867637,0.020446114,0.046946656,0.063900396,0.0156015735
2024-01-17,0.022397265,0.05257395,0.04778686,0.061030544,0.014667476,0.058428604,0.01687923,0.04353097,0.039218187,0.02138461,0.042103328,0.0071661067,0.020994274,0.02370045,0.009630603,0.007211342,0.019770239,0.030475825,0.017252833,0.025141254,0.027618343,0.030070288,0.045680914,0.018240204,0.024341037,0.06666667,0.055116855,0.022095755,0.045765013,0.06666667,0.016394308
2024-01-18,0.021996094,0.053343423,0.045372996,0.06575132,0.015539496,0.058851674,0.016257694,0.04151341,0.036635306,0.021966254,0.040617254,0.008165214,0.021817682,0.025731582,0.009823545,0.006999038,0.019302206,0.028818542,0.015983054,0.020166738,0.026877906,0.032015298,0.04931023,0.017362112,0.028671443,0.0662655,0.053390082,0.022581365,0.0450827,0.06666667,0.017124172
2024-01-19,0.022367587,0.051744033,0.044164643,0.06666667,0.013465367,0.05962209,0.016301617,0.05110777,0.03407107,0.023343867,0.036356617,0.009776888,0.020437237,0.030105403,0.010942292,0.0076277726,0.020995067,0.034756485,0.012619355,0.020176444,0.029260742,0.034859166,0.05011781,0.019543273,0.025999516,0.06666667,0.045907397,0.021453043,0.0432102,0.06056452,0.01576939
2024-01-22,0.024763871,0.048035618,0.0409456,0.06666667,0.011941656,0.053587206,0.017335074,0.0557834,0.03441456,0.025254168,0.032531284,0.011702831,0.02090294,0.035624113,0.013742198,0.009313812,0.022374371,0.043967668,0.013400152,0.02207099,0.028615542,0.029979877,0.0507752,0.020225395,0.025202144,0.06666667,0.043932896,0.022990687,0.038757984,0.052187506,0.016307926
2024-01-23,0.024299795,0.04456002,0.03396449,0.06666667,0.012379687,0.050931882,0.019227574,0.06247536,0.028966924,0.026806202,0.033597834,0.017188463,0.023488091,0.033995874,0.016426913,0.010282234,0.023557248,0.050899103,0.012646631,0.023189832,0.03181872,0.03228671,0.041757934,0.025186546,0.02447911,0.06666667,0.038172867,0.022615027,0.037456583,0.048069466,0.015939554
2024-01-24,0.022207346,0.046916522,0.03767857,0.06666667,0.00951352,0.057414975,0.017290594,0.05393738,0.028040577,0.027033085,0.032445677,0.0160291,0.030701349,0.026436508,0.016040348,0.012008888,0.03055053,0.05167075,0.017086651,0.02240528,0.033877417,0.02805149,0.034750976,0.020894757,0.023558913,0.06666667,0.03987046,0.021037148,0.050456878,0.04053389,0.0182271
2024-01-25,0.022209015,0.052844394,0.03086443,0.05803638,0.01027012,0.05594952,0.018177122,0.047612596,0.032103572,0.031024864,0.033423502,0.015035117,0.027404875,0.021750802,0.016784484,0.013741236,0.03548637,0.035913993,0.018456377,0.01974606,0.030781027,0.034482278,0.048354965,0.02144354,0.03222482,0.06377621,0.050896864,0.022581413,0.03469315,0.043503564,0.020427344
2024-01-26,0.023509035,0.05202105,0.035714626,0.048267666,0.008243053,0.06314339,0.017256994,0.04866004,0.035013873,0.03810785,0.027906043,0.009375191,0.026479615,0.020995367,0.016931802,0.017111601,0.048720803,0.025705954,0.022569483,0.017180832,0.02243273,0.035573047,0.053679567,0.020419197,0.03628315,0.06666667,0.048677716,0.023660408,0.029311098,0.038235053,0.022147104
2024-01-29,0.025793364,0.054133166,0.0389072,0.040271644,0.009103223,0.06666667,0.0149344215,0.03954147,0.03899446,0.04053252,0.031522885,0.006652654,0.027910994,0.019761316,0.015489527,0.014617423,0.05434555,0.016377276,0.027516268,0.01595323,0.022055173,0.03761553,0.06204159,0.01732857,0.039053578,0.0611228,0.047692377,0.023282425,0.02988108,0.03687038,0.024031242
2024-01-30,0.029663432,0.04530623,0.04168284,0.03451985,0.008945951,0.06406653,0.01858035,0.038423173,0.043141168,0.046518933,0.03148597,0.006478309,0.025075605,0.020137206,0.017586492,0.016431823,0.06297413,0.015440754,0.034344535,0.019205663,0.021568576,0.03560226,0.058984548,0.020014914,0.03766743,0.05860311,0.04121902,0.024322648,0.02497044,0.030457506,0.026580593
2024-01-31,0.03715968,0.03554243,0.040548615,0.032482173,0.009726794,0.056106046,0.02529379,0.03806505,0.0524014,0.05543706,0.031194707,0.005288239,0.020263257,0.021258311,0.018308887,0.022177782,0.06666667,0.013391437,0.053639956,0.022917507,0.014905348,0.027436696,0.06437883,0.020200953,0.044902112,0.040932123,0.03074535,0.028305564,0.018605812,0.022901943,0.028815482
2024-02-01,0.030140586,0.03747546,0.032845154,0.030292043,0.013935454,0.049584974,0.032173052,0.03477367,0.0631906,0.044245336,0.035497524,0.008366495,0.02263689,0.016601982,0.017702883,0.029054923,0.05720081,0.0152107505,0.05069368,0.03143054,0.021203775,0.028105779,0.053337317,0.023143157,0.04232146,0.0490825,0.03254531,0.024917757,0.020352738,0.026376853,0.025560549
2024-02-02,0.030504894,0.03883858,0.036505096,0.029084956,0.0106365,0.04802992,0.03629491,0.040233318,0.06666667,0.048855945,0.031066367,0.008628484,0.025816016,0.01828545,0.016458396,0.028604396,0.04569867,0.028120445,0.05264805,0.034147117,0.019262964,0.02281863,0.046989154,0.021923194,0.030829623,0.04296147,0.035927158,0.025696833,0.022679972,0.026662102,0.02912472
2024-02-05,0.035071786,0.030176517,0.04052639,0.028499061,0.011415309,0.03949891,0.044361614,0.03541256,0.06666667,0.050152533,0.027442599,0.009322634,0.023020206,0.014952947,0.016834563,0.031143358,0.051743876,0.030001245,0.065671235,0.031317748,0.018790297,0.021416461,0.04326708,0.024826892,0.031185143,0.03455123,0.03586483,0.03188894,0.020014152,0.022540012,0.032423206
2024-02-06,0.033541176,0.03506218,0.046870966,0.034284003,0.011996139,0.045161385,0.042019352,0.03527434,0.06666667,0.053330977,0.026261432,0.0071184374,0.018533144,0.0109827565,0.01190512,0.023269918,0.0462768,0.023688316,0.050758153,0.024807826,0.018994745,0.029259255,0.048336297,0.023715042,0.031088768,0.04262026,0.04999616,0.033360366,0.018149769,0.026600717,0.03006954
2024-02-07,0.03418638,0.034959905,0.048719883,0.03532218,0.014366556,0.038688477,0.036868613,0.034165274,0.06666667,0.03687492,0.027013287,0.00974734,0.020190993,0.012912338,0.015803682,0.023518411,0.04206475,0.031414364,0.037997924,0.0278192,0.026979735,0.031085897,0.04521597,0.028239224,0.023756359,0.04557143,0.054942112,0.031743895,0.021131255,0.031980917,0.03005206
2024-02-08,0.039222807,0.03149415,0.05356236,0.03467622,0.016020216,0.036100883,0.038503937,0.028053047,0.061946716,0.033146232,0.026857737,0.009352723,0.020269234,0.015433531,0.01756107,0.022874592,0.03901934,0.035198137,0.035569243,0.029218087,0.027092548,0.031000646,0.043691665,0.030611312,0.021747746,0.04164117,0.05499124,0.035347734,0.02199131,0.03304732,0.034757048
2024-02-09,0.04087882,0.030279292,0.051108755,0.028172355,0.021107225,0.036706027,0.049918275,0.022110922,0.05299168,0.029635828,0.024434168,0.010620361,0.015625648,0.01642228,0.018380122,0.025036354,0.035371594,0.029909398,0.031301856,0.036098044,0.027349826,0.037982058,0.0440375,0.036171686,0.023600258,0.04371115,0.057279337,0.037115503,0.019279007,0.034075502,0.03328917
2024-02-12,0.045495424,0.021469718,0.051167004,0.03184199,0.025019128,0.03452488,0.054409195,0.022325005,0.049658835,0.031565897,0.026861113,0.012394069,0.014901369,0.01810756,0.019640489,0.0221477,0.042372014,0.03022175,0.03722021,0.038971044,0.026268668,0.032296892,0.05009845,0.037364542,0.026803825,0.037715714,0.038856175,0.03973074,0.018380364,0.02937666,0.032793593
2024-02-13,0.04669395,0.022110872,0.04923763,0.03164262,0.029708887,0.030736309,0.046259955,0.020516803,0.039588958,0.023164809,0.029801887,0.014696419,0.017010355,0.021033252,0.025712991,0.029423416,0.040583275,0.030382754,0.03493373,0.043928634,0.034069788,0.031791225,0.04382859,0.04068084,0.023265503,0.03947216,0.03852376,0.03767225,0.02303657,0.028974747,0.03151705
2024-02-14,0.035342347,0.029490657,0.044433463,0.025934298,0.031002175,0.033291418,0.043252666,0.019447977,0.043102723,0.022742825,0.03069073,0.018964129,0.019703493,0.018392527,0.02380231,0.02274873,0.03695604,0.024170494,0.030178607,0.039381616,0.04682195,0.037812334,0.04300898,0.036257684,0.02631452,0.05283445,0.043707356,0.03068177,0.025712404,0.035594773,0.028224563
2024-02-15,0.03779019,0.027940761,0.043407634,0.025458395,0.037377946,0.028101148,0.039314628,0.01681424,0.034480684,0.018929467,0.03285978,0.023907663,0.021555997,0.019793633,0.030140417,0.023339756,0.03514258,0.024006251,0.029450236,0.04065707,0.057190392,0.038742356,0.036248077,0.04195556,0.023028966,0.04796354,0.041237906,0.03062767,0.028327616,0.034946945,0.029262496
2024-02-16,0.03455669,0.022464827,0.038967926,0.024589613,0.041073278,0.018940711,0.04142652,0.018636039,0.025583735,0.01563384,0.02600578,0.03351687,0.019949656,0.020139748,0.046044394,0.04764298,0.037206486,0.026817389,0.029205889,0.03915475,0.050901435,0.038947962,0.027767275,0.058381606,0.022278003,0.05024807,0.037171803,0.02722633,0.024123274,0.030046418,0.025350701
2024-02-20,0.031009356,0.021128384,0.04278652,0.020851677,0.042153496,0.015627295,0.039759293,0.015659083,0.023406882,0.014385569,0.021359932,0.036641356,0.021828271,0.01784637,0.050848003,0.066347726,0.03578655,0.027052334,0.030400418,0.03312636,0.049619824,0.039679773,0.022155143,0.064580664,0.020527618,0.054999974,0.039356306,0.024814181,0.02446512,0.027611453,0.024185069
2024-02-21,0.026922343,0.01611,0.044888142,0.016616048,0.03857356,0.012021823,0.041916836,0.018940022,0.020799393,0.015602215,0.016197847,0.049945943,0.021470686,0.02211493,0.059755404,0.06666667,0.038400024,0.031150855,0.029901944,0.033425517,0.053297967,0.038152855,0.01798084,0.06666667,0.019324457,0.062038552,0.032403763,0.022119215,0.023965811,0.022506168,0.020123502
2024-02-22,0.029003778,0.01787123,0.043012496,0.016359156,0.032892857,0.011422144,0.041564506,0.020849949,0.021625502,0.015198865,0.016768167,0.047146425,0.024194255,0.027389372,0.06635516,0.06666667,0.03197327,0.035443462,0.032715674,0.037302908,0.05301935,0.029006947,0.01797327,0.06189756,0.01793624,0.05711334,0.033956718,0.02368527,0.023552708,0.024694046,0.021408703
2024-02-23,0.029003829,0.015777571,0.039555557,0.021233536,0.024694106,0.01105751,0.04629501,0.025889307,0.01946345,0.02064663,0.013395155,0.047862604,0.022465628,0.028472371,0.06666667,0.06666667,0.04429099,0.03952507,0.02724871,0.028213091,0.040353246,0.034345426,0.018919425,0.06666667,0.022540344,0.059333168,0.031509846,0.02535989,0.018123914,0.021522285,0.022902329
2024-02-26,0.028827779,0.012931008,0.033143625,0.02408744,0.027677154,0.010914573,0.053441506,0.028911514,0.018180916,0.020843448,0.014980969,0.054693542,0.022535775,0.027775543,0.06666667,0.06666667,0.042598236,0.04524387,0.030043917,0.03164155,0.036734037,0.031878363,0.018836357,0.06666667,0.022881908,0.05203553,0.02406265,0.025970656,0.01736721,0.019689577,0.022071345
2024-02-27,0.025545774,0.011925032,0.03037548,0.023288472,0.030236635,0.010160207,0.05949795,0.028011808,0.018256431,0.021785969,0.013795189,0.063294254,0.020393236,0.02213457,0.06495017,0.06666667,0.046464138,0.037160695,0.02786076,0.029539535,0.040278368,0.03902985,0.017958608,0.06666667,0.024025239,0.05993486,0.02192941,0.025007244,0.015031492,0.017376142,0.021419153
2024-02-28,0.028925363,0.012090066,0.035034828,0.027522543,0.03102397,0.010979803,0.05747962,0.030495409,0.01788271,0.02320891,0.014404765,0.057261705,0.019471155,0.024857778,0.061966017,0.06666667,0.046479657,0.04017972,0.030305823,0.033181954,0.037110314,0.033649318,0.019420538,0.06666667,0.021886453,0.054765083,0.017332738,0.02598715,0.016021503,0.016666478,0.021075282
2024-02-29,0.02904212,0.012038329,0.033499207,0.024462732,0.03610015,0.011982735,0.06666667,0.029761016,0.018836591,0.02652234,0.014188474,0.04962537,0.02012602,0.027553584,0.05334802,0.06666667,0.0411627,0.045781154,0.034420338,0.038446944,0.02831838,0.03179035,0.01895419,0.06666667,0.024302253,0.046569034,0.016561788,0.030380651,0.015589225,0.018729039,0.021907268
2024-03-01,0.030753477,0.011908821,0.031498387,0.024773747,0.04859711,0.013679346,0.06666667,0.026411435,0.017270308,0.028066298,0.016099516,0.045228027,0.020663407,0.027378224,0.04845534,0.06666667,0.03854007,0.035332598,0.034858167,0.03661488,0.025365254,0.038071398,0.022211451,0.06666667,0.027133811,0.042917795,0.014878113,0.035016052,0.014707942,0.020923745,0.022645282
2024-03-04,0.028108867,0.01339257,0.029423721,0.029200487,0.04855551,0.017004535,0.06666667,0.026883593,0.018051868,0.031091513,0.018314961,0.034115545,0.021189863,0.023336086,0.040516857,0.06666667,0.04450025,0.025211917,0.03331484,0.029258933,0.02047557,0.048492376,0.02742461,0.06666667,0.03407612,0.04803752,0.014697417,0.034863774,0.013284485,0.02317585,0.024000356
2024-03-05,0.028495165,0.010508896,0.03166075,0.023275021,0.06444105,0.016340785,0.06666667,0.019233309,0.013332385,0.02379996,0.019856166,0.038570415,0.02426997,0.018697614,0.03711145,0.06666667,0.04306952,0.025134217,0.035312053,0.03871437,0.025800165,0.050530847,0.018126061,0.06666667,0.026476823,0.04843647,0.013436951,0.041678358,0.018730795,0.020765522,0.024194913
2024-03-06,0.023028942,0.011110534,0.029504247,0.020174183,0.06666667,0.014716882,0.06466678,0.01902946,0.013238091,0.021042453,0.019509539,0.04540883,0.024954733,0.016682722,0.038874328,0.06666667,0.048021108,0.023113122,0.033641767,0.037279677,0.030384751,0.05469256,0.017074384,0.06666667,0.02875057,0.05494401,0.014712379,0.034498475,0.0201561,0.02031463,0.020474745
2024-03-07,0.02047458,0.01151836,0.02639743,0.02140776,0.06666667,0.011485119,0.04895989,0.01686909,0.0106921345,0.016536793,0.020731475,0.06263349,0.028021062,0.01429325,0.048502333,0.06666667,0.04486375,0.021791501,0.026939156,0.029094685,0.039819352,0.06666667,0.013543024,0.06666667,0.024263749,0.06666667,0.016033279,0.030858168,0.021945702,0.01868275,0.020308783
2024-03-08,0.021232868,0.011960586,0.028110633,0.023969056,0.06666667,0.012886013,0.045439888,0.017357828,0.009759087,0.019160671,0.02183822,0.055371944,0.028225482,0.01380491,0.047982503,0.06666667,0.050981775,0.017651197,0.028382687,0.024403857,0.036397245,0.06666667,0.014751282,0.06666667,0.027917048,0.06666667,0.015852997,0.031306505,0.021614501,0.018442046,0.021865847
2024-03-11,0.018841388,0.013013588,0.026908152,0.01773964,0.06666667,0.012654525,0.041548543,0.016547812,0.009562874,0.016440362,0.022515312,0.06554638,0.030973714,0.0133616,0.04698871,0.06666667,0.042837784,0.017656572,0.0271799,0.028518975,0.04789926,0.06666667,0.014047375,0.06666667,0.023861328,0.06666667,0.019991754,0.027105743,0.025137797,0.020855466,0.018932115
2024-03-12,0.018782897,0.014596549,0.024637284,0.016762018,0.06666667,0.015340829,0.035847005,0.016263762,0.007985002,0.0143243605,0.023565838,0.061523747,0.035177138,0.016669653,0.046564825,0.06666667,0.03822797,0.018857028,0.026151707,0.028851159,0.047052953,0.06666667,0.014599667,0.06666667,0.02631404,0.061133962,0.021833092,0.025698056,0.03246244,0.025515111,0.018595235
2024-03-13,0.01897927,0.018843558,0.021700293,0.02250303,0.06614507,0.024594462,0.027323728,0.01871905,0.0071305735,0.015711114,0.025208518,0.04210621,0.0368169,0.01772489,0.03740744,0.06666667,0.040972035,0.019178266,0.019874066,0.021745509,0.040377,0.06666667,0.021110378,0.06666667,0.031471573,0.055789158,0.025072254,0.030863352,0.037934233,0.032971736,0.021726348
2024-03-14,0.026568322,0.024469709,0.029745966,0.02301509,0.06434661,0.036180973,0.026714873,0.016541287,0.0097853355,0.019427842,0.03128707,0.017567154,0.031631935,0.016497858,0.024681764,0.047036637,0.036377463,0.012156915,0.02761298,0.023162099,0.032149814,0.06666667,0.027359402,0.06666667,0.03296617,0.047650106,0.035627812,0.0406796,0.040716384,0.038801193,0.025908303
2024-03-15,0.025026724,0.03428014,0.03247812,0.019535003,0.051601954,0.05276253,0.021875061,0.016047139,0.013009675,0.02459473,0.028695459,0.013654786,0.03091548,0.014390298,0.017677626,0.027111484,0.035626687,0.008943094,0.0262492,0.017603664,0.03511206,0.06666667,0.039854206,0.047591582,0.03553369,0.050613083,0.05841541,0.042370155,0.03968924,0.047117036,0.024958022
2024-03-18,0.023433732,0.04295797,0.029014485,0.021961508,0.048805732,0.052638967,0.018894732,0.016580544,0.01391046,0.02290638,0.031420365,0.013980877,0.030623307,0.011723509,0.017216804,0.027844794,0.030008558,0.0071260724,0.018759655,0.017773595,0.045125492,0.06666667,0.033174556,0.04782951,0.030650083,0.06666667,0.06666667,0.03656489,0.037283413,0.049033325,0.022756686
2024-03-19,0.024162747,0.04461238,0.029671567,0.021756325,0.043711793,0.055379696,0.017641857,0.018003851,0.015666202,0.023520457,0.03276104,0.012743859,0.029045435,0.011702829,0.016352063,0.024360329,0.03089887,0.006859855,0.017711898,0.020243647,0.049150188,0.06666667,0.034872472,0.04819041,0.02770365,0.06666667,0.06666667,0.0363943,0.036834985,0.048973005,0.021074288
2024-03-20,0.026460717,0.046609238,0.029960139,0.023842359,0.03985148,0.056027826,0.01808359,0.018043745,0.015632156,0.02360165,0.030534968,0.0137214605,0.028972965,0.0126375295,0.018085562,0.0320994,0.029801045,0.0073705413,0.016456008,0.020735668,0.047738288,0.06666667,0.03291241,0.04692352,0.02619899,0.06666667,0.06666667,0.03535437,0.03661106,0.04437158,0.021361744
2024-03-21,0.032582033,0.03782986,0.03166718,0.025542913,0.033509195,0.048821576,0.01994365,0.018330999,0.014347768,0.023833474,0.029487882,0.015993552,0.029818648,0.014892421,0.022689465,0.046209395,0.030501094,0.009815735,0.018278401,0.025448926,0.045131635,0.06666667,0.028421206,0.050144557,0.020506855,0.06666667,0.06666667,0.035405915,0.035446867,0.03182097,0.023577822
2024-03-22,0.040861152,0.029944697,0.031076549,0.030258592,0.03759092,0.04249394,0.021466084,0.016508624,0.013226803,0.021699894,0.03185769,0.014737769,0.027421933,0.017448448,0.025220644,0.058085848,0.03081176,0.009293772,0.023352357,0.028184893,0.039756097,0.06666667,0.026010396,0.050041854,0.019708117,0.0653536,0.051397424,0.044372424,0.033366125,0.024765149,0.027019778
2024-03-25,0.03643835,0.032347348,0.03391211,0.028704548,0.02999176,0.050705746,0.021117909,0.017111372,0.015614923,0.030689623,0.026960894,0.014787461,0.029758105,0.016583715,0.023599125,0.055285305,0.034994163,0.008807551,0.026820768,0.020895148,0.029769845,0.06666667,0.029246502,0.045849733,0.025965562,0.06666667,0.0547111,0.042527363,0.031495057,0.024597114,0.02737847
2024-03-26,0.036019064,0.04341131,0.033132754,0.024940234,0.03001171,0.062048525,0.01715111,0.016464323,0.016961528,0.031478863,0.03251256,0.013140911,0.041255113,0.018390706,0.023690676,0.033812556,0.030300759,0.008895488,0.03230408,0.019536346,0.03026789,0.06666667,0.028884318,0.03741107,0.025955923,0.049598355,0.057276234,0.03832844,0.040081453,0.031087771,0.028983269
2024-03-27,0.043338597,0.03027682,0.028000187,0.030404469,0.03567686,0.052030914,0.02304914,0.019176977,0.020635866,0.032762986,0.039803684,0.01344179,0.032170206,0.021669257,0.025130618,0.034845877,0.032832716,0.009434524,0.041251037,0.02893773,0.025485568,0.066246256,0.03262952,0.047292404,0.030917592,0.038095225,0.043599535,0.037339073,0.029005876,0.028743662,0.025775041
2024-03-28,0.04769299,0.025457429,0.027695486,0.03698261,0.026187094,0.042234834,0.028537026,0.028585706,0.021132953,0.034614213,0.035814665,0.016278947,0.03323699,0.029553866,0.036033086,0.048147235,0.03217797,0.017966293,0.04473327,0.03635689,0.02020957,0.045069985,0.026754292,0.052513134,0.025667222,0.03765758,0.03282283,0.032410473,0.026254438,0.025028838,0.026192084
2024-04-01,0.04843717,0.025989957,0.024457615,0.035454106,0.028898306,0.041742995,0.030438911,0.028607305,0.0186208,0.035003833,0.03783194,0.017366169,0.037280776,0.031051964,0.03859847,0.044409707,0.026330149,0.017922195,0.04781306,0.036298532,0.017807627,0.044297826,0.024202637,0.05266142,0.026889868,0.033120155,0.03263152,0.03407035,0.02635305,0.028049415,0.02736217
2024-04-02,0.044754993,0.033474825,0.02383367,0.026791751,0.02822647,0.048765767,0.021472873,0.024583714,0.020206332,0.03583138,0.039355297,0.016522963,0.051565748,0.03189929,0.038250774,0.02754033,0.027878355,0.014553455,0.054651294,0.02775475,0.019437302,0.041065466,0.0308539,0.039577957,0.033499837,0.023856144,0.04421336,0.033693217,0.03026961,0.037851773,0.027767407
2024-04-03,0.03994291,0.05175667,0.026699359,0.02126798,0.02649045,0.053287957,0.017407097,0.021015028,0.022092836,0.030998409,0.03690345,0.012426892,0.05468145,0.030171461,0.033706274,0.02144005,0.022034787,0.01318009,0.045638897,0.025095014,0.019543398,0.040872093,0.03629803,0.027813163,0.032075714,0.026616752,0.06568796,0.032869898,0.03255987,0.05355575,0.025870312
2024-04-04,0.039654516,0.058695324,0.030880699,0.019145964,0.028915597,0.05013222,0.011708914,0.017108953,0.018976124,0.026229711,0.03583113,0.012854301,0.06666667,0.02584937,0.03411315,0.017872473,0.020057295,0.012221448,0.03808866,0.01844176,0.028381579,0.050717708,0.029375702,0.025795048,0.023321826,0.027681654,0.06666667,0.03688996,0.04420664,0.055390023,0.028128918
2024-04-05,0.03174608,0.06619504,0.032610156,0.016790666,0.03281889,0.05817612,0.012324237,0.017289644,0.021815853,0.032846216,0.031023636,0.011904772,0.05624045,0.020750778,0.025306651,0.014923847,0.02210082,0.008245241,0.036221184,0.015870051,0.027618755,0.06650907,0.03204028,0.02197727,0.030603236,0.03296689,0.06666667,0.032488678,0.04259282,0.05701734,0.024318675
2024-04-08,0.03475966,0.057981394,0.037636776,0.016539715,0.029846668,0.05547081,0.012467054,0.016832758,0.020599283,0.03290575,0.02852902,0.011221328,0.0514744,0.020197444,0.027171014,0.015946608,0.02819957,0.008355372,0.035302706,0.015749402,0.029663876,0.06666667,0.03330016,0.02578376,0.029134227,0.034571625,0.06666667,0.035588894,0.04064219,0.053542912,0.027252289
2024-04-09,0.0396839,0.047673136,0.04524362,0.017617533,0.034431662,0.050113928,0.01441479,0.0158557,0.020475183,0.031594396,0.027928552,0.011061488,0.040560756,0.02035716,0.02768073,0.018908964,0.031029416,0.008084352,0.038477402,0.01840005,0.02996263,0.06666667,0.035126064,0.02633731,0.02925761,0.037978232,0.06666667,0.03774142,0.0387969,0.045007613,0.026866166
2024-04-10,0.039591778,0.039620724,0.04683111,0.01607033,0.034867052,0.0422228,0.017135376,0.016041894,0.019979812,0.03069391,0.025071274,0.014525395,0.03961304,0.023187231,0.033457495,0.021794155,0.031268038,0.010073706,0.037672475,0.02134196,0.03524587,0.06473966,0.030466706,0.032424815,0.025339961,0.04155119,0.06666667,0.03610195,0.037951645,0.041906044,0.026545942
2024-04-11,0.034059,0.038027164,0.051074054,0.016235752,0.030566968,0.0412636,0.017156135,0.015971059,0.025932653,0.030987332,0.023947882,0.013386144,0.03498935,0.015809493,0.026664065,0.024886385,0.04189844,0.0072687333,0.04231321,0.018317394,0.038487,0.06509136,0.035061453,0.029081166,0.031845357,0.055564616,0.06666667,0.03207487,0.03368237,0.036673613,0.025016729
2024-04-12,0.03267927,0.049732313,0.05240552,0.017200077,0.023143584,0.04491512,0.01413784,0.016751945,0.027709689,0.029899048,0.022768399,0.014674524,0.035852093,0.017660208,0.025700139,0.02028966,0.03651674,0.009549178,0.028474018,0.017076459,0.051148135,0.06666667,0.03806565,0.02212113,0.024209902,0.060636368,0.06666667,0.029751636,0.040422533,0.038056433,0.02511906
2024-04-15,0.027585095,0.045610704,0.05870104,0.020898454,0.023148099,0.046684712,0.016458964,0.020310668,0.02980643,0.035146777,0.02241622,0.017127939,0.033535454,0.016535968,0.019974068,0.016787048,0.034659576,0.010186305,0.029466735,0.016167738,0.05181331,0.06666667,0.038708597,0.018985283,0.026453407,0.06666667,0.06666667,0.024723604,0.042020835,0.03474242,0.021344552
2024-04-16,0.028654926,0.04505662,0.05902627,0.021707987,0.028424047,0.037299342,0.017080717,0.018968198,0.02319375,0.024950668,0.024359295,0.022405384,0.038416374,0.019688202,0.023001898,0.017210944,0.024110204,0.014859757,0.026282918,0.020071812,0.06666667,0.054777738,0.027220277,0.020689793,0.020269323,0.06666667,0.06666667,0.02547499,0.056461193,0.039774723,0.020562649
2024-04-17,0.029454123,0.04142027,0.056234702,0.023159469,0.037991907,0.036100168,0.019876525,0.0147335725,0.020036211,0.020500153,0.025553763,0.02557513,0.036264274,0.021319624,0.020609139,0.0147906635,0.020249452,0.015925344,0.023129873,0.02107513,0.06666667,0.05108456,0.025147973,0.02214659,0.021366207,0.06414261,0.06666667,0.028015198,0.06405293,0.046445325,0.020265777
2024-04-18,0.031004015,0.034649435,0.057629343,0.020629378,0.04045469,0.030084874,0.02349439,0.014448952,0.017095124,0.017409956,0.025223365,0.033869233,0.039434373,0.026320621,0.025049532,0.0171264,0.018062739,0.021814194,0.026840048,0.028097752,0.06666667,0.039043006,0.020209849,0.02354024,0.018972745,0.058696914,0.06666667,0.027558485,0.06666667,0.04325001,0.019990344
2024-04-19,0.02951347,0.03157248,0.051364075,0.021568278,0.04466973,0.02626375,0.027006863,0.014950643,0.014683949,0.0152089745,0.023765553,0.0435052,0.039757993,0.029125864,0.027926072,0.019485423,0.01620073,0.02682126,0.025570583,0.03059811,0.06666667,0.0339632,0.017235752,0.025651332,0.019602852,0.05206812,0.06666667,0.02792642,0.06666667,0.04506773,0.018925592
2024-04-22,0.029673804,0.025991185,0.04315958,0.018172882,0.057306387,0.02049934,0.028080704,0.014152812,0.011562783,0.011137481,0.022357263,0.052913062,0.038924642,0.035992473,0.03413612,0.025395267,0.013142855,0.03372266,0.025293278,0.038143314,0.06666667,0.02814028,0.014657976,0.030438937,0.017569939,0.03761756,0.06666667,0.027784377,0.06666667,0.046437405,0.017595625
2024-04-23,0.03061374,0.01738201,0.040625714,0.015333897,0.043254253,0.01343434,0.038589105,0.0155400885,0.01026548,0.01348702,0.015129574,0.06666667,0.034065094,0.03538366,0.053360403,0.05799382,0.019299988,0.04223723,0.028109433,0.034461692,0.048980135,0.027640216,0.013395427,0.044920567,0.018922927,0.038464203,0.05387299,0.028778387,0.047586262,0.030434906,0.021770766
2024-04-24,0.03277597,0.02057358,0.039411325,0.014376648,0.036553282,0.015521502,0.040188912,0.014800346,0.010972986,0.014703102,0.013674084,0.058009446,0.03896607,0.04218699,0.05454274,0.055430572,0.016568398,0.057010625,0.030765088,0.035586342,0.03528309,0.020972583,0.013702826,0.03864067,0.018911948,0.02614544,0.06116011,0.034364056,0.05007672,0.034778878,0.023345673
2024-04-25,0.030406412,0.021665426,0.037588336,0.013590762,0.029429384,0.018266173,0.047227908,0.01924421,0.012794848,0.021008434,0.012382829,0.06205443,0.03672336,0.039774448,0.049342953,0.05295055,0.01861971,0.05745034,0.033195294,0.035800666,0.032399047,0.023978181,0.014032289,0.036133394,0.021182813,0.028818142,0.06122575,0.033374183,0.045869917,0.030697789,0.022772022
2024-04-26,0.030460313,0.028315943,0.04122825,0.01579336,0.021411808,0.026939308,0.047124274,0.025427122,0.01454206,0.034684487,0.011570635,0.052307438,0.041111976,0.043850843,0.046059273,0.043228723,0.021116516,0.05794368,0.041042037,0.025437236,0.020779898,0.02467525,0.017015383,0.025014669,0.029582659,0.026678108,0.049637083,0.031967063,0.048484527,0.029018935,0.027551146
2024-04-29,0.034535248,0.025082348,0.039545365,0.021985652,0.01625678,0.02828685,0.040220074,0.028495139,0.01390987,0.04133226,0.010895057,0.057955984,0.039132264,0.056423943,0.049291413,0.03067448,0.024451517,0.06666667,0.035145592,0.020118581,0.020290684,0.020917071,0.017218372,0.024413008,0.028964454,0.01878872,0.04442737,0.03910273,0.051656913,0.023651786,0.030163812
2024-04-30,0.028560657,0.026043523,0.038139634,0.024087453,0.016017636,0.031970233,0.044091836,0.03460387,0.0154183535,0.044171613,0.010264842,0.06208016,0.03662417,0.044804294,0.04006458,0.03268751,0.023591137,0.06666667,0.032916177,0.018994434,0.020354573,0.024658661,0.016679209,0.025416445,0.027371941,0.022948608,0.04800627,0.03791255,0.054577094,0.023595974,0.026679894
2024-05-01,0.026039744,0.02571143,0.03758862,0.023334252,0.01996812,0.030771367,0.05264781,0.031567045,0.016005117,0.04181239,0.011022682,0.06666667,0.03664961,0.036576748,0.035338636,0.03691328,0.018951984,0.06666667,0.03362247,0.022917753,0.021155104,0.025936313,0.015636101,0.025339464,0.027765276,0.030085728,0.046726804,0.035689063,0.054355793,0.023616102,0.022921858
2024-05-02,0.025483305,0.018211676,0.028433708,0.027840618,0.028517783,0.02359023,0.060896873,0.033879362,0.013987896,0.035869498,0.013616675,0.06666667,0.036491733,0.045939766,0.044276185,0.045217607,0.01823421,0.06666667,0.03715305,0.028989077,0.015745906,0.01958948,0.017115874,0.036479548,0.03423968,0.021359794,0.032565825,0.03301851,0.043258145,0.027308052,0.019356603
2024-05-03,0.027457388,0.015845878,0.0324357,0.02908532,0.029522372,0.021475432,0.06666667,0.03111863,0.013929907,0.029770467,0.014911217,0.06666667,0.030115144,0.0443993,0.04162707,0.046794172,0.018057024,0.06666667,0.033218063,0.035535842,0.017435636,0.019752806,0.017190933,0.044569146,0.026357844,0.023891635,0.030629708,0.034863453,0.042318184,0.027471807,0.020219916
2024-05-06,0.030638808,0.013689654,0.03960997,0.04076783,0.02869347,0.02405327,0.06666667,0.036585793,0.015343376,0.038451757,0.014797479,0.063305944,0.018760698,0.038738694,0.031768378,0.04635436,0.01812251,0.06666667,0.034475498,0.0371554,0.011929323,0.022157997,0.0199355,0.04767556,0.027096497,0.029563684,0.022577437,0.03915909,0.03228763,0.023296962,0.019674094
2024-05-07,0.033258677,0.015773179,0.035995618,0.0435639,0.028425382,0.028838519,0.06666667,0.03771692,0.014605945,0.041226238,0.017177857,0.053868823,0.01724419,0.036543727,0.029489527,0.039906204,0.018054144,0.06666667,0.034971792,0.03679978,0.011116285,0.024468612,0.022181328,0.045420002,0.02900399,0.025911758,0.021843864,0.045337502,0.032029644,0.02341995,0.022473315
2024-05-08,0.03346623,0.011084527,0.043663893,0.04799917,0.020145958,0.025400218,0.06666667,0.053036604,0.016500225,0.06000357,0.01471199,0.045504168,0.01775016,0.02994784,0.028795611,0.040135846,0.024968639,0.06666667,0.048109133,0.025488045,0.009174295,0.022427985,0.01887359,0.042793825,0.029584076,0.025476355,0.015348876,0.046923593,0.02618832,0.015201875,0.02796206
2024-05-09,0.03404329,0.011360678,0.040205084,0.043120917,0.022900535,0.025423465,0.06666667,0.05248078,0.015712582,0.060266577,0.014655045,0.05049873,0.018327227,0.030951131,0.029963281,0.03657031,0.023397269,0.06666667,0.04700616,0.026471743,0.0104406485,0.023910875,0.016530402,0.044841945,0.029530317,0.020964716,0.01635104,0.049351282,0.026922861,0.015545445,0.028922332
2024-05-10,0.035874706,0.010595564,0.039725687,0.045253724,0.02246384,0.025571276,0.06666667,0.054452144,0.01597594,0.062193435,0.013205726,0.038470794,0.015733402,0.03269648,0.029556727,0.04445613,0.025819147,0.06666667,0.04656216,0.025013627,0.008628652,0.024893997,0.01793841,0.047292855,0.031840447,0.019875756,0.015808197,0.0505559,0.022398086,0.015017165,0.02879669
2024-05-13,0.028275168,0.010779674,0.03275541,0.037570875,0.022696113,0.025494115,0.06666667,0.05241723,0.015560655,0.057841953,0.011964879,0.049612444,0.018362345,0.027000949,0.03032625,0.054961223,0.028661206,0.06666667,0.04189632,0.023682132,0.011004396,0.030894037,0.014853101,0.056611717,0.035076644,0.02301961,0.018602595,0.04470057,0.022447698,0.014503534,0.02509382
2024-05-14,0.02496555,0.012355671,0.028650198,0.033900768,0.025372218,0.028855875,0.059658345,0.05328565,0.01482818,0.052811928,0.012874211,0.062217522,0.02517398,0.027759606,0.031845078,0.04425478,0.029218677,0.06666667,0.03761625,0.022520827,0.015605285,0.033617057,0.014757324,0.053789176,0.03398672,0.02131905,0.020799309,0.04070865,0.029286722,0.017732091,0.02356663
2024-05-15,0.027618933,0.015354058,0.022198033,0.038356166,0.029583488,0.039948758,0.05292374,0.05013754,0.015554979,0.05561716,0.017973408,0.043495864,0.029038737,0.029648898,0.027840223,0.038695984,0.029003179,0.054004,0.03914791,0.023394,0.012818803,0.03594669,0.021731028,0.047767907,0.042343676,0.017496724,0.021053351,0.04368089,0.028458333,0.02318488,0.025982667
2024-05-16,0.027235545,0.014462423,0.021543128,0.042922582,0.022925332,0.037602138,0.04715074,0.056011237,0.016430575,0.06236779,0.016471086,0.03970564,0.030934677,0.033518218,0.031140368,0.046361413,0.031777773,0.055513974,0.040591754,0.019808302,0.009207378,0.032629203,0.023480475,0.046510268,0.046345104,0.016745618,0.018326376,0.039965637,0.023023821,0.021712609,0.027578807
2024-05-17,0.0233478,0.010150295,0.020528695,0.04060002,0.02267016,0.036065836,0.040632583,0.06423718,0.012941578,0.05921599,0.015384548,0.042822048,0.029502667,0.034496576,0.03445017,0.04676638,0.05252232,0.049584128,0.038965188,0.017934183,0.010110133,0.034750044,0.023182029,0.05958664,0.052215114,0.018144272,0.012164462,0.03176115,0.024900608,0.017208457,0.023158748
2024-05-20,0.025240408,0.011001078,0.020100959,0.043812163,0.02310645,0.039062243,0.03540434,0.065416895,0.013704319,0.05766343,0.017441185,0.034144197,0.029042337,0.035367716,0.03356937,0.046090014,0.056294862,0.03822868,0.038110845,0.01748527,0.010979378,0.03773298,0.0285125,0.058481585,0.052552044,0.019173471,0.012748611,0.033241328,0.023479024,0.01838858,0.024423733
2024-05-21,0.022039115,0.016518213,0.021379858,0.04964161,0.019944608,0.05183025,0.030833522,0.06650259,0.017934069,0.06666667,0.021329438,0.027902456,0.031582877,0.029701604,0.02508136,0.0316895,0.05398881,0.030809388,0.039173875,0.014631422,0.011637915,0.04171208,0.03245325,0.0453532,0.05732649,0.0242333,0.015062411,0.030391622,0.025859127,0.02194017,0.02484921
2024-05-22,0.026125053,0.013302936,0.024460591,0.04888659,0.021467168,0.046514664,0.035286784,0.064433746,0.018373089,0.06666667,0.023208383,0.024924828,0.028604567,0.030585866,0.025121318,0.026776409,0.05567296,0.03388832,0.04373358,0.018336365,0.0115679605,0.037807595,0.0324029,0.05137797,0.049867786,0.022377811,0.013908738,0.031969022,0.024696257,0.021270562,0.02638352
2024-05-23,0.025168328,0.011922367,0.023452833,0.05343185,0.028318152,0.043001454,0.03482731,0.064517274,0.019962063,0.055075917,0.029988186,0.030457092,0.031247806,0.029207341,0.02374597,0.017978232,0.048590932,0.04429218,0.04975033,0.020915408,0.013310068,0.029777532,0.034249038,0.05405196,0.04593244,0.01818238,0.012384253,0.029185854,0.028735094,0.0248026,0.023537748
2024-05-24,0.025086556,0.015594308,0.028089497,0.061938558,0.031289194,0.046783652,0.03283613,0.05391652,0.025030615,0.060448818,0.03426047,0.023141809,0.030247493,0.02419355,0.01881109,0.011311304,0.045604657,0.035013482,0.048657514,0.01626164,0.013961994,0.034741096,0.0336673,0.048686,0.05001999,0.018811928,0.015905134,0.02933747,0.03113989,0.029690119,0.025522223
2024-05-28,0.027865577,0.017028423,0.036776055,0.0623084,0.033501796,0.04415177,0.036804277,0.049077824,0.025094053,0.053359807,0.031178951,0.022427317,0.023161672,0.02472549,0.018781448,0.012084723,0.045858808,0.041220404,0.047690056,0.018820057,0.0142017165,0.032018904,0.033807855,0.046383325,0.0456605,0.020090701,0.018670127,0.031307198,0.033956982,0.029443186,0.022542588
2024-05-29,0.029204445,0.023348894,0.040855706,0.05481806,0.040683262,0.054266334,0.03157763,0.03458163,0.024611697,0.052615706,0.03202113,0.015627382,0.020751541,0.02455668,0.015866421,0.011435388,0.044471122,0.025227241,0.041409966,0.015129555,0.014918186,0.043804303,0.04306639,0.040038016,0.050971642,0.02216753,0.024505435,0.034246128,0.03698516,0.032951888,0.023285523
2024-05-30,0.03014397,0.027442394,0.047226757,0.04565211,0.03590032,0.060145147,0.029604884,0.03123266,0.029665887,0.06025191,0.029637812,0.012750281,0.022161342,0.02557573,0.013868915,0.008807987,0.044940464,0.022645228,0.046661343,0.014006202,0.013784361,0.03854631,0.04947286,0.028707715,0.05554404,0.020496726,0.026517203,0.033437468,0.03710208,0.034336556,0.023733335
2024-05-31,0.028371032,0.03137464,0.057526316,0.03865952,0.039807625,0.045507308,0.035004225,0.035142917,0.030466435,0.043756455,0.025527451,0.017952733,0.02055895,0.03408432,0.018651564,0.013460668,0.03757123,0.03479327,0.036294807,0.022250364,0.021630134,0.034242474,0.03297696,0.031594634,0.040699456,0.029330872,0.029842153,0.028493142,0.048705902,0.035406344,0.020316105
2024-06-03,0.031085191,0.0310494,0.059759982,0.027408049,0.03491468,0.038344588,0.034545105,0.03406382,0.02474198,0.0357614,0.021641485,0.016828759,0.02214298,0.051117014,0.028202653,0.021125576,0.036308404,0.0442596,0.035167526,0.028197017,0.02084381,0.029516334,0.026340013,0.03594147,0.034628946,0.026233383,0.030854365,0.027800342,0.054653667,0.034169495,0.022352973
2024-06-04,0.03170613,0.023390675,0.050396696,0.029265804,0.032638695,0.029659593,0.03911449,0.036795344,0.023494883,0.035595194,0.025192799,0.02215544,0.026416242,0.050094757,0.034366496,0.025226446,0.035855748,0.06526465,0.04303586,0.031953156,0.019604158,0.020798145,0.021456895,0.03984309,0.031965755,0.023272773,0.020188676,0.025296846,0.053164016,0.028316464,0.024474096
2024-06-05,0.031751033,0.018211853,0.04377862,0.03133284,0.029790308,0.026305337,0.0498281,0.039273843,0.02282019,0.035731252,0.027674254,0.024495011,0.02575917,0.055337667,0.0343982,0.02893644,0.033276383,0.06666667,0.047085788,0.04226448,0.017796816,0.01613851,0.017065339,0.04442791,0.030380787,0.023003928,0.014125533,0.023943406,0.04972769,0.024241388,0.024431255
2024-06-06,0.034685224,0.017121606,0.04694344,0.036266092,0.030157827,0.02594193,0.043490734,0.035421193,0.018945783,0.03618889,0.028991034,0.025769614,0.030522428,0.053043284,0.034568362,0.026689645,0.031767245,0.06666667,0.048271194,0.035630945,0.020201193,0.017517142,0.015033965,0.04613096,0.026072174,0.021868544,0.012967823,0.027428277,0.055577535,0.022127947,0.027991304
2024-06-07,0.034761023,0.018823856,0.046631854,0.032786958,0.022872658,0.03178842,0.040229592,0.038554758,0.021770805,0.042726226,0.029872682,0.019258054,0.034957275,0.05534514,0.03054561,0.022086572,0.03592976,0.061074916,0.050702937,0.0337703,0.019324498,0.017601382,0.01834167,0.037243273,0.028549597,0.023043338,0.013872058,0.027667267,0.054893613,0.023345444,0.031628463
2024-06-10,0.03650663,0.030419866,0.04038675,0.035586998,0.023698667,0.043648902,0.031675596,0.03862745,0.024191879,0.047238875,0.033106085,0.017880028,0.03920756,0.054908928,0.027021373,0.014015963,0.027332254,0.050979596,0.040271275,0.028380202,0.019474236,0.021670796,0.02439926,0.026106771,0.031207515,0.01991673,0.019569715,0.028885825,0.059324503,0.031722676,0.032637097
2024-06-11,0.04241492,0.026024168,0.043395318,0.033794206,0.023894666,0.042418964,0.030131869,0.033666708,0.023685463,0.048115082,0.03465398,0.014436955,0.036591217,0.059748136,0.031172613,0.015162909,0.036045976,0.03405059,0.04232354,0.029564057,0.018514013,0.024340007,0.02764693,0.030600304,0.03456594,0.021779118,0.018145049,0.028760813,0.048485268,0.029946953,0.035924267
2024-06-12,0.037500754,0.030131536,0.04929751,0.040841,0.016278842,0.048855267,0.032495916,0.04215567,0.032800224,0.05965544,0.024012715,0.014539751,0.027814984,0.05777929,0.02297614,0.012797582,0.034422927,0.040731743,0.029181836,0.022926291,0.017137237,0.026892815,0.03788831,0.022619547,0.03714462,0.029236212,0.023649734,0.027319478,0.037574816,0.032192875,0.031148933
2024-06-13,0.036327425,0.03373414,0.037677564,0.060653213,0.019149585,0.06666667,0.027536934,0.039925817,0.024682155,0.06552417,0.024116488,0.011323669,0.021686768,0.052863467,0.016139632,0.010792299,0.03044654,0.027958559,0.01870378,0.01656117,0.012942345,0.04338376,0.051614862,0.023015946,0.04515087,0.02932071,0.024118273,0.03185348,0.032937724,0.034810655,0.028381344
2024-06-14,0.037259627,0.028407183,0.042291682,0.06278803,0.021332977,0.06666667,0.034837365,0.040900048,0.02658211,0.06666667,0.020961953,0.010887575,0.02029031,0.050064478,0.0137449335,0.010580649,0.031259857,0.028568072,0.021032032,0.018533377,0.010702562,0.04178851,0.047348786,0.023104334,0.050140172,0.025739694,0.02257618,0.033187833,0.030734127,0.0338004,0.027221808
2024-06-17,0.036660615,0.026223782,0.046132844,0.062323444,0.020788264,0.06666667,0.03573783,0.03963453,0.025368433,0.06666667,0.018305145,0.011750108,0.020061491,0.050189007,0.014084227,0.011248075,0.033425547,0.030317144,0.020946246,0.018410034,0.010452492,0.040390518,0.044110537,0.023979018,0.05152297,0.02566531,0.023806198,0.033989154,0.031050114,0.033281825,0.026811764
2024-06-18,0.0393057,0.025976306,0.04445291,0.06666667,0.020842612,0.06666667,0.03968928,0.04232783,0.022988109,0.06666667,0.016903106,0.012812274,0.015407954,0.052068155,0.014152252,0.011471729,0.03528735,0.02800324,0.019546945,0.019616064,0.010377759,0.040444147,0.047016487,0.02234593,0.054553755,0.027273873,0.021140117,0.035439555,0.027903745,0.029039912,0.023612907
2024-06-20,0.043443684,0.027750568,0.042733297,0.06666667,0.021474231,0.06666667,0.04130955,0.039202895,0.02384147,0.0636708,0.018165298,0.010172742,0.014890324,0.053415168,0.014179677,0.014272184,0.032613337,0.0310123,0.021516109,0.021194581,0.008944358,0.03246235,0.046624623,0.022361552,0.052725434,0.023145987,0.021799179,0.039457284,0.028626341,0.030932238,0.024729112
2024-06-21,0.043858945,0.02675841,0.036750756,0.06666667,0.02407774,0.058309436,0.036726695,0.03775231,0.021669196,0.05628553,0.018250516,0.012309166,0.017171558,0.059665974,0.020734169,0.01867734,0.037392147,0.030203775,0.025105303,0.020473799,0.00950757,0.030775368,0.048632503,0.024847468,0.05655271,0.019834802,0.021388665,0.036527082,0.026712747,0.031096933,0.02528472
2024-06-24,0.041620307,0.026241204,0.03262954,0.046365157,0.021491447,0.056998055,0.03416536,0.037918594,0.024272552,0.060449783,0.019810928,0.015151263,0.022452623,0.06666667,0.025041213,0.016623335,0.04237926,0.029652724,0.030753886,0.02303476,0.011731622,0.026612686,0.053859305,0.022552395,0.059574578,0.019306555,0.019636685,0.031287953,0.026352443,0.029859807,0.02550732
2024-06-25,0.040385522,0.031587046,0.028590508,0.03496834,0.018701863,0.053523958,0.028089449,0.04396899,0.0200415,0.056766964,0.018285828,0.019887922,0.030649005,0.06666667,0.035827514,0.02129717,0.03807541,0.032791205,0.029874016,0.02361568,0.014863281,0.02773753,0.041874453,0.024110833,0.051548615,0.018723212,0.02639093,0.031226533,0.031288724,0.03316025,0.025481082
2024-06-26,0.03464814,0.040966194,0.023508033,0.025734069,0.0131706195,0.055304922,0.025609858,0.04301785,0.027987361,0.06666667,0.018627597,0.018031146,0.0326002,0.065938495,0.033957057,0.019068604,0.038114436,0.022379145,0.030471053,0.019692436,0.014532631,0.02987842,0.046657726,0.021300387,0.060714908,0.020172864,0.03609962,0.02936501,0.02303032,0.03585498,0.026899246
2024-06-27,0.03318565,0.037187885,0.02794168,0.02319487,0.012805083,0.055760086,0.024193812,0.038296655,0.027789682,0.06666667,0.017608289,0.018721351,0.03564746,0.052257653,0.03233883,0.023046909,0.047674667,0.020809948,0.030291034,0.020040525,0.018773168,0.033689678,0.046938345,0.02270936,0.052288234,0.029592004,0.037525635,0.028946714,0.024742125,0.032894783,0.02644122
2024-06-28,0.03305008,0.033550914,0.0253843,0.020068886,0.017548252,0.051792607,0.024256393,0.03304846,0.02694715,0.06387631,0.020611867,0.020709908,0.033618174,0.04215731,0.03214286,0.027234789,0.04885036,0.015290058,0.030277109,0.023010107,0.023850178,0.046137273,0.047570936,0.02815704,0.049149297,0.034625802,0.039046388,0.028053915,0.022938654,0.031337377,0.025707252
2024-07-01,0.02543149,0.020973451,0.025485223,0.02695752,0.041227177,0.045799218,0.026225517,0.024943745,0.017508412,0.039003722,0.016717374,0.026556173,0.024372721,0.020291394,0.02256905,0.048233338,0.043985453,0.010084728,0.020420395,0.017580962,0.026178267,0.06666667,0.036454584,0.055193316,0.051478658,0.058388475,0.04999225,0.0380284,0.02273454,0.03356083,0.016956951
2024-07-02,0.026327485,0.028029354,0.026383197,0.025164073,0.03208785,0.053179756,0.022971107,0.02677342,0.02683226,0.052088644,0.016354349,0.0221773,0.030815324,0.023156114,0.02198546,0.03670504,0.046351813,0.0135649815,0.029332556,0.013567097,0.019473767,0.059743576,0.05561309,0.03354383,0.0595139,0.03353051,0.0507883,0.036484443,0.021853082,0.03754103,0.018067293
2024-07-03,0.029841866,0.021789523,0.031013798,0.029757751,0.034542724,0.04899975,0.025501674,0.02546707,0.025301082,0.049235627,0.01600276,0.019842863,0.023344899,0.021185026,0.02194803,0.046013605,0.055410367,0.014232144,0.031383988,0.014453586,0.015967293,0.0585638,0.06453079,0.037240572,0.057381067,0.03869483,0.041319445,0.03548601,0.019652646,0.029573794,0.016321627
2024-07-05,0.02567699,0.0224024,0.03006041,0.02898963,0.032935772,0.050125986,0.027098471,0.027287655,0.024713539,0.051922575,0.015003499,0.020226562,0.022387488,0.019145206,0.020010618,0.046777073,0.055922423,0.014752611,0.029471172,0.0137298545,0.015472879,0.06442745,0.060071055,0.040317908,0.056833316,0.043359622,0.042033065,0.034553602,0.01977665,0.029133992,0.015380524
2024-07-08,0.02231853,0.020257244,0.03223891,0.032164373,0.026343638,0.051294874,0.02733913,0.03477458,0.026428394,0.055435617,0.014440986,0.022086453,0.021800421,0.020340608,0.018670253,0.041728385,0.06528146,0.021627335,0.029665776,0.013696219,0.015678015,0.052206904,0.06223256,0.03941381,0.05509224,0.04710474,0.035343178,0.0312255,0.022108277,0.02736413,0.014297473
2024-07-09,0.024778182,0.018171795,0.036384787,0.0462069,0.027160954,0.051204495,0.040507413,0.038204547,0.02820977,0.060878076,0.0148509,0.018195236,0.014869908,0.017286068,0.014743381,0.037651222,0.061456587,0.026412776,0.03419104,0.0155625325,0.011253198,0.04229211,0.057609305,0.03748587,0.056899063,0.043084115,0.028287316,0.037051197,0.01994452,0.024402535,0.014764202
2024-07-10,0.025216408,0.013371561,0.035735156,0.056376033,0.027353173,0.038419124,0.053164095,0.047806248,0.027902475,0.057420846,0.013975485,0.022425005,0.011965272,0.01861636,0.016906792,0.03847761,0.06469429,0.04132595,0.034154035,0.019315068,0.010393294,0.031669162,0.05030577,0.0455802,0.052431375,0.03705271,0.021077365,0.034266233,0.017676814,0.0217777,0.01314839
2024-07-11,0.022250451,0.011296191,0.031571083,0.06666667,0.02388519,0.031219319,0.05494574,0.057233267,0.023277331,0.054210734,0.011878627,0.027360514,0.009978443,0.020884562,0.020672563,0.049112905,0.06666667,0.050849523,0.029213803,0.01681513,0.0084285615,0.029215245,0.04348595,0.05241058,0.05639331,0.03606295,0.017116938,0.030514512,0.015033959,0.01923436,0.012114931
2024-07-12,0.021185767,0.010572642,0.027777245,0.059650067,0.040567562,0.026235605,0.06341176,0.049977046,0.018969208,0.04367464,0.0131359175,0.03946703,0.0133512635,0.021373216,0.024714127,0.060014453,0.04224875,0.0522756,0.02912066,0.021629151,0.011133162,0.03612086,0.025505668,0.06666667,0.042993214,0.03760964,0.016872065,0.031737838,0.018064993,0.021119097,0.012825082
2024-07-15,0.022679605,0.010767753,0.029591251,0.055889707,0.048943922,0.025574408,0.06666667,0.040205237,0.016154846,0.03976742,0.014243226,0.037392627,0.01583062,0.023029843,0.024807177,0.06666667,0.03264846,0.053006545,0.02930582,0.025107535,0.010502179,0.038880687,0.019691555,0.06666667,0.03844049,0.03933387,0.017025033,0.033424698,0.020678608,0.023280783,0.013796097
2024-07-16,0.024861941,0.0104477955,0.030312274,0.04808959,0.05458316,0.018259855,0.06666667,0.03576138,0.014509005,0.03366755,0.010985684,0.04719281,0.014171192,0.023354102,0.032558143,0.06666667,0.029947022,0.043266088,0.021389937,0.0232213,0.014923528,0.054513957,0.016738657,0.06666667,0.03287204,0.04721309,0.02428897,0.039273553,0.016323913,0.023418553,0.01385492
2024-07-17,0.026874458,0.008934511,0.028183583,0.041504774,0.06666667,0.0140604805,0.06666667,0.0285838,0.011634739,0.02217772,0.0112718195,0.05399312,0.015192961,0.028655145,0.041689068,0.06666667,0.026100285,0.05013374,0.018413056,0.034923725,0.020476308,0.05055734,0.01297603,0.06666667,0.02379803,0.04829536,0.023432698,0.038584378,0.01836574,0.022533732,0.011986725
2024-07-18,0.02234085,0.00939531,0.02296452,0.03520607,0.06563014,0.012918503,0.06666667,0.033316854,0.011718425,0.021967703,0.010228952,0.06068976,0.016732767,0.033637512,0.046540227,0.06666667,0.025583534,0.046221763,0.017528094,0.033715643,0.020764632,0.050179876,0.012594372,0.06666667,0.02904938,0.050110333,0.024823438,0.033547837,0.01713225,0.025150752,0.0103105055
2024-07-19,0.0189612,0.012309113,0.022861311,0.027965484,0.066541545,0.016112268,0.06666667,0.03386814,0.014257944,0.02745501,0.010154626,0.052657478,0.018353047,0.032651413,0.039322574,0.06666667,0.02608016,0.032797556,0.020180462,0.029564183,0.019674499,0.054171532,0.013826508,0.06666667,0.0400423,0.052385412,0.027675178,0.030491613,0.018188132,0.030439787,0.011011518
2024-07-22,0.021194555,0.012331475,0.02570291,0.0271284,0.06666667,0.015857324,0.06666667,0.030866513,0.0141382,0.025473705,0.010813478,0.052610718,0.020001903,0.03511504,0.038327858,0.06666667,0.021889837,0.041657478,0.021620467,0.03385896,0.02013646,0.044904195,0.013454144,0.06666667,0.034030985,0.046088267,0.028605133,0.031149363,0.021368194,0.03315643,0.011851341
2024-07-23,0.021507053,0.011111664,0.025933037,0.026940241,0.06387711,0.013877994,0.06666667,0.029334547,0.01264502,0.028115738,0.009729605,0.058291133,0.018313007,0.033662014,0.042790726,0.06666667,0.025381768,0.03046312,0.018276723,0.028135352,0.021141514,0.057426,0.013636232,0.06666667,0.035582956,0.055442125,0.029177265,0.030301258,0.01721012,0.028534958,0.013161713
2024-07-24,0.02903738,0.0071962355,0.025910031,0.04175978,0.06666667,0.014178149,0.06666667,0.035256747,0.015068975,0.036716487,0.012427758,0.05486014,0.012548107,0.030576717,0.032974254,0.06666667,0.027729291,0.032286055,0.032514714,0.031533103,0.013045886,0.038497284,0.02099455,0.06666667,0.044250675,0.03877511,0.016465303,0.039831452,0.0126183145,0.022358138,0.013922702
2024-07-25,0.023926316,0.008561727,0.025187984,0.035219595,0.06666667,0.015956478,0.06666667,0.039851688,0.016588802,0.03415375,0.013298514,0.058329985,0.016447978,0.028817931,0.029347517,0.06666667,0.02256117,0.041777577,0.03593247,0.03317744,0.013727531,0.032161072,0.019172926,0.06666667,0.041462775,0.030256433,0.02065447,0.035016526,0.017068919,0.03066105,0.014014713
2024-07-26,0.023953773,0.011062853,0.026822502,0.032727346,0.06666667,0.016405715,0.06666667,0.039212614,0.021288862,0.029059017,0.0140550025,0.047076747,0.01828263,0.027612628,0.024594596,0.050375924,0.017135495,0.048157338,0.032997217,0.034105517,0.016492702,0.030195314,0.020867234,0.06666667,0.035823904,0.027330164,0.032140024,0.04063654,0.017995501,0.04839109,0.015201743
2024-07-29,0.028216163,0.010403219,0.029071873,0.0281382,0.06666667,0.0140302945,0.06666667,0.031817097,0.020859113,0.022508975,0.01519306,0.03945553,0.01781247,0.031090232,0.026437273,0.04735289,0.0148484185,0.06580248,0.031377204,0.043970887,0.017030017,0.023611689,0.019274874,0.06666667,0.027074063,0.022632124,0.03585228,0.04621485,0.019463155,0.053201377,0.017260192
2024-07-30,0.031239077,0.009939178,0.02831175,0.023609217,0.06480448,0.011359835,0.06666667,0.02950676,0.023262125,0.020169083,0.01789622,0.048341252,0.01898892,0.034079485,0.030920623,0.045315873,0.012791095,0.06666667,0.036070574,0.06618151,0.019027328,0.01718671,0.01739096,0.06666667,0.021426689,0.020767657,0.030062726,0.03942222,0.017836347,0.046623036,0.017469263
2024-07-31,0.030416036,0.009894642,0.023363492,0.014059437,0.06666667,0.010497309,0.06666667,0.019662272,0.017669844,0.0140619045,0.018731445,0.062689744,0.01965277,0.042985745,0.03643571,0.04479829,0.011453056,0.06666667,0.028347204,0.06666667,0.028589956,0.02041875,0.018652815,0.06666667,0.02064411,0.017252611,0.03188511,0.039655853,0.020912012,0.048403393,0.01553316
2024-08-01,0.031528518,0.013738317,0.023939632,0.0134061985,0.06666667,0.011936414,0.06666667,0.016798668,0.016749965,0.014781088,0.017884774,0.047569517,0.01983252,0.04336439,0.038187474,0.05484693,0.012006981,0.061907962,0.023413027,0.06088732,0.025664605,0.024142925,0.019167598,0.061534986,0.02275725,0.020999493,0.038692825,0.041272372,0.022126561,0.04822203,0.019306324
2024-08-02,0.028204598,0.009972876,0.024574978,0.010601292,0.06666667,0.013527861,0.06666667,0.018216783,0.015655695,0.015116817,0.021439923,0.058149476,0.028611798,0.04020144,0.036895446,0.042122442,0.01658887,0.06666667,0.038213093,0.06666667,0.027257377,0.017921332,0.017467247,0.057353195,0.024851345,0.020339957,0.02466544,0.03493798,0.030460678,0.04057416,0.019411234
2024-08-05,0.018493455,0.012614797,0.021215292,0.010948661,0.06610875,0.018101629,0.06666667,0.026118167,0.017281694,0.019731382,0.019796519,0.06666667,0.035844952,0.036522385,0.028626505,0.027830066,0.015973812,0.06666667,0.034205273,0.058174666,0.027766207,0.02099051,0.017389635,0.04703792,0.033655133,0.023931075,0.0275017,0.027949598,0.036318697,0.05252455,0.017346967
2024-08-06,0.015744021,0.014885805,0.02179384,0.011976955,0.06666667,0.019186903,0.06666667,0.026535839,0.016801484,0.02038707,0.018708862,0.06666667,0.03137763,0.0283593,0.025377344,0.028876457,0.015487741,0.049315356,0.02905864,0.050052095,0.033091128,0.03062753,0.017974563,0.049504768,0.040382363,0.034945574,0.03241961,0.028566027,0.035325006,0.058147423,0.015090669
2024-08-07,0.016991528,0.01472081,0.021054652,0.012154489,0.06666667,0.01797908,0.06666667,0.025249323,0.015910687,0.019029833,0.01725687,0.06666667,0.030558005,0.033069883,0.027583616,0.02652356,0.01586377,0.055586655,0.02585591,0.056170415,0.035046197,0.026419904,0.015010029,0.052924186,0.0355355,0.02779705,0.033736933,0.031164085,0.036653403,0.057736628,0.016416995
2024-08-08,0.015785635,0.01533275,0.02065487,0.012814254,0.057425458,0.018273965,0.06666667,0.031274468,0.017276779,0.021705449,0.016226199,0.06666667,0.033504214,0.030175151,0.027608253,0.027295277,0.01656883,0.06336685,0.027952671,0.04967586,0.03346807,0.025015412,0.016312722,0.04750158,0.0357312,0.030530902,0.036305934,0.02997439,0.035706036,0.057841916,0.01536157
2024-08-09,0.017322024,0.01619176,0.023007812,0.013724876,0.041503295,0.016934328,0.061747514,0.03459534,0.015373417,0.021572966,0.013969561,0.06666667,0.033591107,0.03682392,0.034747276,0.03217959,0.02033946,0.06666667,0.023178447,0.042944305,0.033971716,0.024199057,0.016199654,0.049673494,0.031336166,0.030413149,0.040181603,0.031661764,0.036822647,0.054468855,0.017991561
2024-08-12,0.020397801,0.01880633,0.02539082,0.014610066,0.034131438,0.02077671,0.05930079,0.040106438,0.018382296,0.027018378,0.015010414,0.057007164,0.032549746,0.039849404,0.031737857,0.028001342,0.022723194,0.06666667,0.027393628,0.042641994,0.028454766,0.021339474,0.020811955,0.040418513,0.033609364,0.027598046,0.040309798,0.034754664,0.035300482,0.055171933,0.019728534
2024-08-13,0.021111954,0.021034745,0.024892364,0.012688031,0.030174252,0.022002993,0.049279984,0.03890484,0.020853152,0.031932667,0.015977444,0.052648734,0.0393859,0.044104,0.036455754,0.025264831,0.028136209,0.064073734,0.02928931,0.038838014,0.031276915,0.021562168,0.022033196,0.038065787,0.03411428,0.022721972,0.040217318,0.033106036,0.03698845,0.049916815,0.022948151
2024-08-14,0.022368686,0.025739739,0.025516886,0.0140992645,0.025122112,0.023065148,0.039378297,0.03643041,0.021414679,0.03097124,0.01582148,0.059763372,0.043252233,0.046339042,0.039977845,0.02544218,0.026954032,0.06666667,0.02458901,0.03398627,0.036486357,0.021955838,0.022647964,0.0308351,0.02773241,0.022175612,0.045522284,0.033380903,0.042634774,0.045159712,0.024570456
2024-08-15,0.023565099,0.025452048,0.02632795,0.015927702,0.025471304,0.026771514,0.043337356,0.036238488,0.023785608,0.03290237,0.01600507,0.05213701,0.037440993,0.042404734,0.035642043,0.030078815,0.03046038,0.06666667,0.026210232,0.035619512,0.03214156,0.02359642,0.02604687,0.03048458,0.029699959,0.023107262,0.042648237,0.03462424,0.040563617,0.040050466,0.024591891
2024-08-16,0.020876776,0.022217909,0.024546605,0.015654445,0.021971984,0.026537612,0.037371334,0.03920629,0.024701659,0.033676855,0.013941381,0.058181137,0.029319325,0.03550553,0.038117368,0.039968997,0.05086634,0.062124968,0.0211069,0.029345071,0.04422708,0.032867257,0.03288287,0.036550935,0.028998787,0.031137249,0.03541648,0.028456043,0.034109883,0.027399326,0.02271561
2024-08-19,0.021265227,0.02392859,0.025379319,0.016245969,0.019473614,0.03180722,0.03441166,0.04284827,0.02581594,0.037274238,0.014154493,0.053265505,0.029302772,0.035504222,0.03568739,0.03917458,0.053204663,0.060527153,0.02195497,0.02903901,0.04302284,0.033736758,0.03377527,0.032712534,0.028578272,0.032679457,0.0336693,0.028118359,0.037855104,0.023681808,0.02190549
2024-08-20,0.020490654,0.024397176,0.022347692,0.015858911,0.018205969,0.032401353,0.029235223,0.038831677,0.021485265,0.03500901,0.013511663,0.06370638,0.029781617,0.03463664,0.041646693,0.045214422,0.06039715,0.05582167,0.02038887,0.02628669,0.043509956,0.036269326,0.034439173,0.03285356,0.031204605,0.031248072,0.03400791,0.027063139,0.03709357,0.021196343,0.021459622
2024-08-21,0.01957762,0.025600344,0.020301199,0.01956843,0.016674282,0.040581245,0.031466395,0.04280014,0.024087057,0.042900335,0.015232262,0.06353058,0.030453349,0.03295595,0.032725923,0.03848819,0.058410984,0.052929997,0.019563582,0.025139017,0.04080419,0.039410967,0.033099644,0.028543016,0.035037283,0.037980977,0.030769162,0.024360584,0.03772728,0.019450376,0.019829646
2024-08-22,0.019726196,0.026789704,0.017814986,0.024614988,0.01576183,0.04329133,0.029951036,0.047273036,0.022695113,0.04472087,0.017582057,0.062414214,0.030278523,0.036508635,0.03446778,0.038347732,0.060027152,0.04969958,0.019805381,0.023713036,0.03537689,0.038546853,0.03427912,0.027706068,0.03941465,0.037729423,0.025072468,0.021994088,0.036561742,0.018259889,0.019575622
2024-08-23,0.018560393,0.023489196,0.015328061,0.02609625,0.019201586,0.037959382,0.032942478,0.05304827,0.019108474,0.045277614,0.01783524,0.06666667,0.031218251,0.034657624,0.038104396,0.038615074,0.057052337,0.04606876,0.020808585,0.023183458,0.03387328,0.042689696,0.03055014,0.0338586,0.043191694,0.038215574,0.02290968,0.02091429,0.032478612,0.018942079,0.017154254
2024-08-26,0.01980875,0.022375723,0.014468847,0.02885363,0.018601181,0.037020735,0.029384805,0.053281996,0.016850041,0.043821953,0.017265853,0.061054,0.032118116,0.0460415,0.04413313,0.042589393,0.056514367,0.04410257,0.017765485,0.021112518,0.02880539,0.044413835,0.029351924,0.04083783,0.04232646,0.033336435,0.022270396,0.02170034,0.030728787,0.02054512,0.018518893
2024-08-27,0.021974545,0.02255258,0.015356904,0.029114135,0.018644724,0.04105841,0.028700352,0.059897643,0.01694428,0.04858868,0.017607903,0.051149063,0.033589292,0.045901652,0.043071803,0.0387037,0.05417268,0.034829807,0.018954398,0.0227092,0.02704705,0.05068005,0.02571774,0.042667072,0.041074693,0.03419732,0.02389274,0.021807132,0.029874211,0.02113902,0.018381229
2024-08-28,0.022161806,0.023229614,0.015000329,0.02931465,0.01838734,0.040931363,0.026992014,0.059003983,0.019136088,0.050087187,0.019012325,0.046023183,0.038058262,0.048777208,0.042325243,0.038934376,0.050855976,0.029912198,0.018278133,0.023467408,0.029525872,0.05358684,0.023271017,0.043950517,0.039135322,0.036259294,0.023816008,0.020865733,0.029275069,0.021545338,0.018880304
2024-08-29,0.022692338,0.019799303,0.016428437,0.03294625,0.020883953,0.039649338,0.029401531,0.061316714,0.019879458,0.053529356,0.0193264,0.044381686,0.03847886,0.046374124,0.039819766,0.037082583,0.04849609,0.02875272,0.021735262,0.022391979,0.024796503,0.05233585,0.023693502,0.048215307,0.041954093,0.036611065,0.02066514,0.02180532,0.026800856,0.021558015,0.018198214
2024-08-30,0.023452621,0.02189528,0.015751557,0.030104918,0.020806365,0.03964667,0.028237224,0.057179153,0.019380987,0.0505836,0.019730464,0.041893855,0.03843175,0.04782049,0.042084295,0.040720135,0.045518205,0.02700046,0.020269588,0.024323065,0.02673195,0.057316538,0.023472114,0.049485534,0.038169015,0.039038133,0.024300106,0.020196471,0.026069744,0.022436118,0.017953593
2024-09-03,0.02560225,0.021068621,0.016001783,0.031941343,0.021392329,0.03742259,0.026780989,0.0526941,0.018216534,0.045348246,0.023981871,0.038838487,0.04319008,0.044342306,0.04451402,0.041893728,0.04749693,0.028359067,0.023151442,0.025569752,0.027241273,0.053136703,0.024426712,0.053389795,0.03415318,0.038916066,0.022514338,0.020440927,0.026309459,0.02246842,0.01919667
2024-09-04,0.022967758,0.018709568,0.016721772,0.02714876,0.031007847,0.045763966,0.032549158,0.047053266,0.01889469,0.044047896,0.03231354,0.03269883,0.056026757,0.043296013,0.031125274,0.025488818,0.04380488,0.031672407,0.034640837,0.0346935,0.023615485,0.040890165,0.024513977,0.047774717,0.03899385,0.03245315,0.017358912,0.019475488,0.037739426,0.028602825,0.017956471
2024-09-05,0.022871275,0.014533693,0.015498628,0.026783677,0.0435492,0.04018828,0.033580124,0.03694704,0.012502418,0.034400497,0.03335754,0.03880676,0.05385537,0.04307082,0.03397647,0.027550338,0.04239778,0.029097322,0.029039603,0.03736709,0.024615102,0.04803383,0.020007774,0.06520578,0.03814742,0.032743227,0.014957436,0.019408809,0.03976496,0.029068476,0.01867327
2024-09-06,0.025965003,0.01625928,0.018080553,0.029966159,0.043914266,0.040690277,0.034394827,0.031817954,0.013799115,0.029608283,0.04097794,0.035161275,0.056452345,0.040186293,0.03199859,0.02337015,0.03757591,0.037122518,0.03475815,0.04064677,0.024594793,0.03686803,0.021964863,0.053653408,0.032926716,0.030950028,0.01485344,0.021076798,0.046215188,0.032047957,0.02210312
2024-09-09,0.021182463,0.01894937,0.019160159,0.026676204,0.055253655,0.04263928,0.035511818,0.027701313,0.014465466,0.024049912,0.04127801,0.03889074,0.063056536,0.034510147,0.023505345,0.016768815,0.024943952,0.041114442,0.030269198,0.041310664,0.030467594,0.038960863,0.018485542,0.048597634,0.029301122,0.0333568,0.018761676,0.019851841,0.057723653,0.043098785,0.020156993
2024-09-10,0.020092806,0.016400628,0.022869749,0.023478981,0.06666667,0.032572083,0.039154675,0.022947177,0.012798122,0.016518774,0.036094308,0.03370576,0.052758772,0.034373485,0.024275681,0.023197364,0.023074921,0.05420289,0.029764447,0.047015425,0.028523413,0.032105986,0.0164041,0.063601,0.026115207,0.029638153,0.021462446,0.021265544,0.06147969,0.050169557,0.01727219
2024-09-11,0.019218655,0.018805431,0.024852121,0.033527926,0.06666667,0.051387783,0.03610659,0.023213249,0.012618204,0.01949622,0.0431555,0.021657037,0.05273435,0.03080276,0.016280457,0.015367205,0.024085766,0.05443778,0.032312836,0.03694459,0.020015623,0.03217716,0.019892525,0.054218136,0.033608343,0.026202377,0.018172111,0.021990785,0.06666667,0.055550497,0.017834654
2024-09-12,0.022152806,0.021339342,0.030745994,0.035353374,0.05812747,0.058552865,0.03483498,0.023124209,0.015275939,0.025151389,0.04632704,0.017362596,0.047212392,0.02861041,0.014733791,0.01285741,0.028508756,0.044969972,0.039601747,0.035160046,0.020092918,0.03259533,0.022101901,0.045254704,0.03704685,0.024755472,0.018875076,0.02428903,0.06666667,0.048469596,0.019849919
2024-09-13,0.022134786,0.02594401,0.032809492,0.037299976,0.04301831,0.06666667,0.029381985,0.025086442,0.016840108,0.03054131,0.04358003,0.014297864,0.045400724,0.029382154,0.013681336,0.012017247,0.03479245,0.03528972,0.034804944,0.030257568,0.021209244,0.03988424,0.025507078,0.04082135,0.040750198,0.03037006,0.022574745,0.023935976,0.06666667,0.045272175,0.01978114
2024-09-16,0.024525445,0.027267473,0.032493472,0.035436768,0.034504972,0.06666667,0.029491855,0.026886122,0.020820089,0.0348506,0.04567348,0.012364557,0.044713542,0.032854244,0.0137662515,0.0112182945,0.03643979,0.032349713,0.03725733,0.035289142,0.022271482,0.037548628,0.024648262,0.03908038,0.0390757,0.028255746,0.024249407,0.023613544,0.064361125,0.04055675,0.021469168
2024-09-17,0.025716903,0.030980479,0.025922671,0.034401264,0.0325472,0.06666667,0.025568552,0.028172567,0.017973525,0.032784373,0.049161725,0.013488774,0.051682297,0.037227493,0.017354697,0.013143054,0.03199663,0.030264493,0.03579453,0.033922967,0.02103395,0.038860586,0.023907367,0.038359977,0.038273357,0.02662915,0.024635643,0.024957962,0.06282489,0.04181012,0.023936123
2024-09-18,0.030977981,0.041547164,0.027220594,0.026776077,0.031996205,0.06666667,0.028104745,0.02525523,0.021850897,0.04350692,0.043287586,0.011967938,0.05129791,0.041337397,0.018761832,0.010561909,0.023878671,0.026922608,0.039618567,0.031524327,0.01731593,0.03856049,0.027108325,0.030364612,0.038218156,0.020163853,0.031686135,0.029415352,0.04930696,0.047411952,0.027387016
2024-09-19,0.032493178,0.05289118,0.029812787,0.026446577,0.028717024,0.06666667,0.026050737,0.024566246,0.026803317,0.0457981,0.036684778,0.011857937,0.04846077,0.039126717,0.017542664,0.009961394,0.02121858,0.027038809,0.03261755,0.028976876,0.019790074,0.042980004,0.030540843,0.02518538,0.032923765,0.02186362,0.04466599,0.028467935,0.046184238,0.048556134,0.025110131
2024-09-20,0.0357494,0.059863977,0.02895863,0.032829896,0.026640663,0.06666667,0.025952272,0.023494406,0.024829341,0.043864567,0.025363652,0.014675754,0.037035197,0.04011489,0.021494152,0.017212057,0.020596571,0.030663667,0.021886228,0.02346665,0.020046964,0.05128198,0.035569154,0.025488898,0.02949603,0.025845215,0.0566665,0.033707857,0.03558816,0.04198038,0.022970222
2024-09-23,0.036386356,0.063737,0.029069647,0.025921565,0.020470697,0.06666667,0.027664667,0.025216207,0.036296476,0.051962353,0.025529921,0.012182871,0.03657911,0.046569876,0.019223189,0.018704219,0.023885362,0.030628711,0.028097948,0.0263888,0.017522987,0.037376396,0.04830144,0.015828203,0.033608407,0.025622208,0.04949299,0.028629407,0.035588678,0.034329366,0.02251828
2024-09-24,0.032261554,0.057876293,0.029413268,0.01986022,0.020609248,0.06666667,0.028088389,0.023864085,0.03766472,0.053645894,0.023164367,0.013750479,0.035311155,0.039558142,0.02108618,0.028827677,0.031110656,0.022537885,0.030597826,0.02341083,0.020624436,0.046058476,0.04922885,0.017277561,0.035292286,0.034939032,0.046816435,0.027316002,0.032264348,0.02687499,0.024002047
2024-09-25,0.03041547,0.05874854,0.02790354,0.018754048,0.021889336,0.061581027,0.025378894,0.020365395,0.03673913,0.042199656,0.02334402,0.015060443,0.035959516,0.037568416,0.023196947,0.040595207,0.033140786,0.019345608,0.025373964,0.023236202,0.030055078,0.05260628,0.043484762,0.019426718,0.0315538,0.044330124,0.05034418,0.025348693,0.033969093,0.024455143,0.023629978
2024-09-26,0.02846708,0.055367813,0.0303695,0.016493063,0.02292663,0.060383078,0.02150209,0.017825434,0.029527916,0.038520545,0.024241729,0.019569948,0.044365138,0.035539385,0.025500162,0.03620555,0.037201546,0.017596493,0.024979558,0.0227438,0.043204714,0.057742633,0.033453844,0.019758722,0.02786131,0.05239418,0.042697918,0.022524681,0.04646559,0.020821732,0.023748217
2024-09-27,0.023419188,0.058047917,0.024345806,0.018124383,0.025671735,0.049375813,0.019633094,0.016790574,0.02145444,0.025809478,0.02297606,0.03361163,0.042152155,0.0338093,0.028029323,0.044758722,0.028686067,0.021131048,0.015207491,0.022948865,0.061620023,0.063842975,0.029241648,0.02169955,0.022627775,0.06666667,0.046173964,0.021136945,0.050643567,0.022053406,0.018310394
2024-09-30,0.022776293,0.06666667,0.023208188,0.019277925,0.025819182,0.05433962,0.016070433,0.016203783,0.018494636,0.023559444,0.02158333,0.031173509,0.04335043,0.034914333,0.02743503,0.04574347,0.025388874,0.016364558,0.013541001,0.01879779,0.05814907,0.06666667,0.029622983,0.019906934,0.024950981,0.06666667,0.054353476,0.020311635,0.0520565,0.025069265,0.017537331
2024-10-01,0.02136919,0.06666667,0.024134029,0.021086656,0.023116952,0.06073144,0.014467221,0.018070396,0.017533498,0.025395848,0.018585548,0.026554696,0.041043993,0.037335556,0.026245395,0.04660527,0.028255614,0.014662641,0.011590633,0.015647447,0.051609777,0.06666667,0.033724766,0.021039266,0.027472528,0.06666667,0.06029695,0.019711213,0.050211053,0.027530288,0.015972132
2024-10-02,0.020081498,0.06666667,0.024348011,0.022055844,0.020664858,0.06262789,0.011978839,0.02074834,0.022636462,0.027854672,0.021985939,0.019107224,0.043115694,0.03705858,0.024168523,0.046981346,0.032035064,0.009469331,0.0142888855,0.013581792,0.049847875,0.06666667,0.039901257,0.017315207,0.0334068,0.06666667,0.057660807,0.017344208,0.044946034,0.028372454,0.016416576
2024-10-03,0.019675935,0.06666667,0.025129447,0.022451064,0.027957788,0.061634883,0.013619048,0.016249925,0.020549033,0.024479413,0.020471098,0.016897336,0.0364196,0.030544197,0.021658732,0.053371154,0.031578958,0.008134075,0.013085525,0.013458443,0.045347203,0.06666667,0.038477115,0.025334483,0.03684791,0.06666667,0.06666667,0.020116508,0.040456537,0.03391641,0.015471517
2024-10-04,0.018455308,0.06666667,0.027133945,0.021012498,0.030267362,0.0607489,0.012767848,0.014743659,0.023382353,0.02591147,0.019526329,0.014737663,0.034090377,0.029694196,0.02030343,0.046662614,0.03563753,0.006294487,0.012999226,0.011932397,0.044940088,0.06666667,0.043095175,0.026019862,0.04453804,0.06666667,0.06666667,0.018970018,0.037584137,0.037014022,0.014870394
2024-10-07,0.021095926,0.059105273,0.025674328,0.022235021,0.03744464,0.049006995,0.011649872,0.012234758,0.02002437,0.016862592,0.021036383,0.01661114,0.030807251,0.029113911,0.024692774,0.059958093,0.034239493,0.007230363,0.010920489,0.013428589,0.0544605,0.06666667,0.048102263,0.031549178,0.034627676,0.06666667,0.06666667,0.019959018,0.036694054,0.036938533,0.0142965205
2024-10-08,0.019788872,0.065312244,0.025311569,0.023335937,0.05446408,0.03814271,0.0119131915,0.009148679,0.022638628,0.012827863,0.020038262,0.020066576,0.031196231,0.023940163,0.023119222,0.06530889,0.02012973,0.0076348395,0.009306261,0.010999133,0.057492014,0.06666667,0.04523814,0.030728247,0.030447105,0.06666667,0.06666667,0.023522086,0.03466154,0.049206108,0.01408167
2024-10-09,0.02359982,0.058028363,0.030459486,0.02995453,0.052868802,0.03756324,0.01368606,0.0087671075,0.023617629,0.013449545,0.020022491,0.017935164,0.029078536,0.031005407,0.023815185,0.06666667,0.021211172,0.009483712,0.010013337,0.011929748,0.04124657,0.06666667,0.050397687,0.029122325,0.032412183,0.06666667,0.06666667,0.022658467,0.032266542,0.04430892,0.0144313155
2024-10-10,0.027102396,0.04949335,0.028275056,0.04064521,0.056707565,0.032250024,0.014882832,0.009387336,0.019230662,0.0112518305,0.021149326,0.02286995,0.027812634,0.034120042,0.0294537,0.06666667,0.018417485,0.013075025,0.0096924845,0.012690851,0.038919248,0.06666667,0.043447208,0.034334846,0.028014302,0.06666667,0.06666667,0.022846777,0.03219778,0.03988762,0.015177799
2024-10-11,0.026964266,0.046429228,0.029010916,0.039375022,0.05612038,0.031034146,0.01741111,0.009919932,0.019213991,0.012826176,0.020384876,0.024146173,0.028298914,0.03045542,0.030061794,0.06666667,0.019968595,0.012450772,0.010654757,0.012642856,0.03793952,0.06666667,0.041351818,0.03723447,0.031074768,0.06666667,0.06666667,0.023173383,0.029591605,0.040211033,0.015387406
2024-10-14,0.034145642,0.031376116,0.031231327,0.04402548,0.061300755,0.027851516,0.022130366,0.010843513,0.0142542785,0.012730454,0.019234875,0.024781736,0.026325528,0.032195948,0.03651989,0.06666667,0.023918774,0.016079908,0.013327866,0.01557573,0.029620964,0.06666667,0.037583154,0.04966274,0.02966048,0.060557377,0.054841146,0.028343972,0.02885427,0.033685442,0.016007422
2024-10-15,0.03634469,0.026640061,0.03143036,0.050068915,0.050652053,0.03139488,0.028524425,0.013489135,0.014235147,0.016774673,0.017594304,0.025198348,0.024716573,0.037291102,0.037052225,0.06666667,0.028528158,0.01941989,0.0163064,0.016922072,0.02046925,0.06355375,0.039342426,0.04946914,0.03643081,0.05568874,0.042705186,0.030131636,0.026592586,0.029572345,0.016794061
2024-10-16,0.038680747,0.018689128,0.037405778,0.052673016,0.041109297,0.029775674,0.048209663,0.024427336,0.019035287,0.023148011,0.016445007,0.024724595,0.02124995,0.045208443,0.035422273,0.06666667,0.031248625,0.042341482,0.03162919,0.026335109,0.012035945,0.030012704,0.044060554,0.040800013,0.039144266,0.04444349,0.022129174,0.03078088,0.02387694,0.023821842,0.014468895
2024-10-17,0.041456655,0.018952763,0.03232833,0.059743866,0.049930498,0.030308155,0.045277193,0.023478502,0.012288889,0.019480582,0.018128168,0.027145712,0.021365218,0.051733557,0.03918784,0.06666667,0.024318727,0.04536418,0.024896078,0.028033983,0.012916034,0.032543577,0.032536954,0.046341315,0.033780288,0.03445726,0.021637723,0.033912495,0.030422099,0.026027031,0.015339665
2024-10-18,0.040513735,0.020982219,0.030052088,0.06491246,0.048880458,0.032327045,0.05005408,0.0257923,0.012411546,0.021862429,0.018137466,0.026165472,0.01982776,0.045398492,0.036505494,0.06666667,0.024354529,0.04398802,0.026179977,0.027248502,0.011143693,0.032861736,0.03176021,0.041979723,0.039344437,0.033094484,0.022294413,0.034127098,0.028592993,0.027101748,0.015438728
2024-10-21,0.03694376,0.019493602,0.028608423,0.061714534,0.043940652,0.03177569,0.05132256,0.028677186,0.01181296,0.022158226,0.018036282,0.027469164,0.019516379,0.047935564,0.037124787,0.06666667,0.025820035,0.04940506,0.024671458,0.029192034,0.011494122,0.03187048,0.029387156,0.04599781,0.038523924,0.035153743,0.021185365,0.031793427,0.029850498,0.02744386,0.015014598
2024-10-22,0.036664125,0.021714471,0.028891716,0.05934179,0.045225117,0.037881866,0.05059971,0.026375143,0.013770818,0.027305411,0.019730248,0.024469193,0.01854463,0.037971836,0.03139407,0.057977937,0.031738102,0.03301862,0.029754872,0.024725482,0.011529273,0.037077587,0.03590603,0.04168253,0.052150812,0.033647906,0.025018733,0.032216623,0.029064866,0.02870796,0.015902529
2024-10-23,0.037117355,0.020765834,0.030615252,0.041876476,0.041351676,0.038763653,0.035266053,0.021979842,0.0131271165,0.028425882,0.018394986,0.022185503,0.02102964,0.04070846,0.037930083,0.04789614,0.04341635,0.024080891,0.026273377,0.020159293,0.014535212,0.050522383,0.043332543,0.05180996,0.05234766,0.03238662,0.033967793,0.03086821,0.02945763,0.030301644,0.019106487
2024-10-24,0.03638633,0.022052003,0.033481747,0.0603992,0.050064687,0.050272215,0.028781243,0.026390497,0.012375731,0.027698934,0.025200535,0.013366821,0.020148605,0.04045593,0.028357293,0.020490361,0.043998323,0.019162033,0.03124377,0.018131997,0.012409864,0.042040348,0.047215175,0.044749923,0.057747982,0.024026932,0.02733586,0.036257766,0.037254516,0.043827385,0.018675994
2024-10-25,0.03275343,0.024421494,0.043323703,0.047619216,0.057479773,0.04373517,0.025544293,0.017712276,0.009912035,0.017724946,0.019449173,0.016273005,0.02186571,0.030314412,0.025607383,0.01904471,0.03337178,0.026908416,0.020202141,0.015102409,0.019538574,0.053917862,0.038856395,0.050231732,0.035122577,0.03060764,0.04769988,0.04869217,0.049548242,0.056514718,0.020904733
2024-10-28,0.029800832,0.028290464,0.04529503,0.04724864,0.057469692,0.047387376,0.022619255,0.01551892,0.011426436,0.018775845,0.018923806,0.016579757,0.020124516,0.024625909,0.019981341,0.013510429,0.032299332,0.020777963,0.01744897,0.011833379,0.024156207,0.06324481,0.042751733,0.04236763,0.035838105,0.032588597,0.06031959,0.04932066,0.049116276,0.060352683,0.02000582
2024-10-29,0.03328657,0.02306298,0.048506115,0.05494958,0.06014366,0.040395603,0.029201547,0.016919084,0.012975794,0.016612755,0.01915207,0.018572098,0.01586304,0.021931577,0.01980237,0.017371453,0.031862147,0.02723777,0.01832337,0.01758364,0.025058975,0.053892687,0.04042116,0.04910448,0.030891286,0.03458625,0.060547266,0.050370544,0.042085942,0.051963665,0.01732452
2024-10-30,0.03428578,0.023948224,0.045457818,0.06588058,0.059958678,0.03871688,0.027315978,0.016611742,0.014144908,0.016940404,0.020925393,0.026119735,0.015735038,0.01914235,0.019082103,0.014784333,0.029627243,0.025646865,0.017543888,0.017043145,0.032139257,0.05161905,0.04262789,0.04332065,0.029507777,0.03662403,0.061936036,0.050716277,0.039632212,0.047559,0.015406743
2024-10-31,0.038804814,0.021222409,0.045415692,0.06511665,0.059187185,0.03449937,0.024727833,0.016400443,0.014182665,0.016680138,0.024035059,0.030389596,0.018366493,0.021859152,0.022633296,0.014167742,0.028729038,0.027734501,0.020151908,0.017223768,0.03409315,0.043801937,0.045449723,0.04327796,0.027385492,0.03276044,0.05674087,0.053744268,0.03908992,0.044903852,0.01722464
2024-11-01,0.031824052,0.022773968,0.040733133,0.052658755,0.06666667,0.02635336,0.02554508,0.0152330175,0.014176963,0.010907228,0.025410239,0.039352585,0.017166367,0.02147798,0.02408485,0.019564295,0.020733127,0.023583524,0.014541845,0.024939243,0.061804846,0.047629066,0.027090171,0.050518174,0.02039688,0.04915155,0.062105924,0.03956348,0.04704533,0.04412913,0.012839171
2024-11-04,0.035982367,0.02063503,0.03848745,0.04001105,0.06666667,0.021013822,0.02575162,0.011814924,0.013231239,0.010419346,0.02444162,0.03833204,0.018258328,0.024689093,0.03333625,0.029054794,0.025598066,0.02076677,0.015689032,0.023621568,0.06648629,0.046894226,0.025609266,0.05744425,0.022347497,0.044925746,0.06193318,0.041158948,0.04261525,0.036862373,0.015921902
2024-11-05,0.035520587,0.02030502,0.04536436,0.03607741,0.06666667,0.021291457,0.030247381,0.013009332,0.015285749,0.013787103,0.023893425,0.0314683,0.01591359,0.020418124,0.029993096,0.031134423,0.027928699,0.012607014,0.01971191,0.022151265,0.059126806,0.061374847,0.02677513,0.0563626,0.024886884,0.06391691,0.05201714,0.040741105,0.03169226,0.032587867,0.017743543
2024-11-06,0.03866521,0.015257595,0.043524362,0.033543505,0.06666667,0.016567465,0.032955896,0.012362593,0.013469181,0.011758541,0.024062969,0.03096224,0.015555435,0.021115618,0.03513014,0.043989893,0.029864391,0.014669522,0.019070644,0.027652876,0.064671144,0.056453474,0.020932294,0.06666667,0.01932574,0.062278625,0.045450483,0.042316914,0.029433904,0.026589267,0.01903675
2024-11-07,0.04911252,0.010404852,0.02482986,0.043212518,0.06666667,0.016196705,0.035919495,0.015110529,0.009605473,0.013872206,0.022227604,0.04010278,0.012938485,0.021488417,0.04883802,0.06666667,0.04530311,0.01258503,0.022003332,0.025015963,0.04043131,0.056292232,0.026489547,0.06666667,0.02960924,0.037021156,0.02998046,0.056395624,0.018546931,0.018579613,0.017886985
2024-11-08,0.046293873,0.011221521,0.024304286,0.051800095,0.051140368,0.02236772,0.038888346,0.017334804,0.013514852,0.020628104,0.021516094,0.030991249,0.010933162,0.018647725,0.03554059,0.06666667,0.059925396,0.010548308,0.02388116,0.021168517,0.027911166,0.05911519,0.043597087,0.06666667,0.03888178,0.046426944,0.022202387,0.050078087,0.014018961,0.015006888,0.018782012
2024-11-11,0.04759651,0.010544751,0.023954285,0.053382356,0.040103864,0.025981013,0.04636657,0.020243049,0.014254633,0.02677562,0.021914512,0.024448033,0.0098556075,0.018211043,0.031863086,0.06666667,0.06666667,0.009796388,0.030133298,0.023420623,0.01848236,0.054986075,0.045025524,0.06666667,0.045966104,0.05032902,0.01618185,0.04543554,0.012445186,0.012065371,0.020237738
2024-11-12,0.051873002,0.01004607,0.020304441,0.05427395,0.048708808,0.024682317,0.047974937,0.019509723,0.011992677,0.023157451,0.024250789,0.026836013,0.009063305,0.021573737,0.03484641,0.06666667,0.0580502,0.0086314725,0.026802512,0.02965898,0.02055024,0.055834405,0.041460168,0.06666667,0.043978162,0.049752794,0.014247524,0.045957528,0.0126485,0.011515114,0.018485432
2024-11-13,0.05493216,0.009862174,0.020192713,0.053358633,0.048519388,0.027549498,0.046427276,0.018136755,0.012585992,0.0251181,0.025471935,0.023838153,0.009048017,0.021357106,0.03170794,0.06666667,0.06309222,0.0072720777,0.029958164,0.029750882,0.020147813,0.05259355,0.044171438,0.06299745,0.047189534,0.04408843,0.013255678,0.047100127,0.013210585,0.01083002,0.019569522
2024-11-14,0.05522997,0.011905309,0.021134416,0.05700883,0.05115155,0.031407252,0.047395755,0.017825257,0.011623457,0.023965491,0.02312917,0.023999108,0.008795755,0.021961384,0.030214494,0.06666667,0.056521147,0.008806725,0.028468799,0.027208505,0.018187927,0.05150165,0.047515877,0.052504957,0.048722096,0.0406078,0.014808666,0.05333177,0.01577901,0.012337517,0.020283684
2024-11-15,0.05398243,0.0143171325,0.023241214,0.050520778,0.04420137,0.035216235,0.0653957,0.020729205,0.013724464,0.029921615,0.01864817,0.020642756,0.0068285237,0.021096922,0.026317624,0.06666667,0.049466804,0.0100067165,0.027943546,0.031666987,0.013552167,0.050032187,0.047343463,0.04647008,0.054751,0.040474854,0.017710075,0.052822445,0.0133200325,0.0139915,0.018997341
2024-11-18,0.056106776,0.01748173,0.024566015,0.051476087,0.04681532,0.042620428,0.06666667,0.023233641,0.0131517155,0.029789343,0.01793252,0.0145877255,0.006473027,0.028468372,0.023884008,0.06666667,0.041462187,0.011451152,0.024406454,0.041632835,0.010735052,0.042262413,0.042697437,0.03900846,0.059294388,0.03476,0.01906097,0.05233215,0.016244808,0.017802725,0.016928926
2024-11-19,0.05129183,0.020997018,0.026090374,0.055467397,0.038668104,0.050064646,0.06251367,0.02533829,0.012864988,0.031874526,0.016467204,0.011027773,0.006580955,0.030455537,0.021605615,0.06666667,0.041536927,0.012116656,0.021616021,0.035650015,0.008778401,0.042453293,0.043556012,0.03429381,0.06347933,0.03778301,0.022695709,0.052126378,0.018389784,0.020568106,0.016981946
2024-11-20,0.04710581,0.019399092,0.030070372,0.052207075,0.032828245,0.05370551,0.060134694,0.0274207,0.014223303,0.0365603,0.017195934,0.008406603,0.0066238004,0.027676886,0.018436983,0.062934816,0.051184528,0.012716155,0.024951776,0.033600874,0.008177078,0.04189048,0.04167271,0.036766723,0.06546197,0.04028035,0.021880975,0.04873234,0.020523418,0.019067792,0.018162705
2024-11-21,0.042604662,0.022696657,0.028017037,0.05252282,0.029547816,0.065582275,0.052570757,0.030810209,0.014243763,0.03822765,0.01877701,0.008131227,0.0080549205,0.028036885,0.017194286,0.05097993,0.050742608,0.012897469,0.024698062,0.031186564,0.008935786,0.045827202,0.040318146,0.03646889,0.06666667,0.039453603,0.02491976,0.044704545,0.024358658,0.022224873,0.018599268
2024-11-22,0.04303301,0.023807995,0.029001422,0.061589442,0.027590405,0.06255645,0.05601013,0.039612886,0.01635772,0.039214056,0.020831283,0.0070134453,0.008654053,0.028651094,0.016530076,0.050365176,0.04358667,0.015537531,0.026638411,0.035924885,0.008484929,0.040977508,0.03536283,0.03551606,0.058411215,0.03817283,0.022160785,0.041017536,0.024158617,0.023801193,0.019430349
2024-11-25,0.044050384,0.022408925,0.032220248,0.05440519,0.031197056,0.0505664,0.0660955,0.03916774,0.014940918,0.031555902,0.018533494,0.008602939,0.008009859,0.030229393,0.018321635,0.063092776,0.036317427,0.02188294,0.024008138,0.047955953,0.010171623,0.038086418,0.02733542,0.03711962,0.04429692,0.040784094,0.02364097,0.044719048,0.027540091,0.023531845,0.019211132
2024-11-26,0.046400685,0.016301882,0.03241036,0.0490401,0.03347718,0.033277053,0.06666667,0.044091336,0.014435371,0.028006172,0.016843025,0.017551757,0.008660207,0.036554724,0.025164284,0.06666667,0.02712865,0.049858496,0.02635726,0.06666667,0.012282862,0.02502362,0.018964268,0.041052375,0.030226463,0.03492871,0.019236447,0.04562815,0.028684385,0.020701032,0.017713146
2024-11-27,0.048337784,0.013146596,0.035139967,0.05370788,0.030182244,0.03563442,0.06666667,0.05001145,0.01646566,0.038354665,0.015420236,0.015536366,0.007845741,0.034427613,0.020418616,0.055038285,0.028493384,0.061101917,0.03579273,0.06666667,0.008351904,0.019846858,0.019404951,0.03830974,0.033962287,0.025183206,0.016732706,0.0484008,0.025803126,0.01839898,0.01721655
2024-11-29,0.04885863,0.0117053585,0.038525913,0.05375219,0.029269133,0.0312726,0.06666667,0.059128664,0.018006379,0.039499987,0.014688714,0.019870743,0.007933348,0.036812395,0.022866527,0.04574499,0.026993902,0.06666667,0.039008252,0.06666667,0.009147779,0.016571805,0.01686754,0.039220646,0.029563533,0.02261124,0.015895484,0.046159912,0.025688604,0.018194746,0.016140983
2024-12-02,0.044420928,0.010813023,0.03536005,0.059461955,0.03106501,0.027439384,0.06666667,0.058550008,0.015656268,0.03370031,0.014831271,0.024120009,0.0072711636,0.03267181,0.024322396,0.05709138,0.026887972,0.06666667,0.031578,0.06666667,0.009924557,0.019395756,0.015838478,0.04500365,0.027498446,0.028331121,0.015712235,0.04509963,0.025063543,0.017427808,0.015463841
2024-12-03,0.04009486,0.010458145,0.037036497,0.06093916,0.027204722,0.026052307,0.06666667,0.06483006,0.018545082,0.04002957,0.01303988,0.027357828,0.0061047636,0.03046325,0.02246323,0.04855275,0.029506795,0.06666667,0.030779589,0.06666667,0.009877166,0.019845473,0.019249339,0.04258313,0.030310696,0.03225959,0.01598646,0.044600047,0.020025693,0.017232902,0.014571018
2024-12-04,0.040760737,0.011476397,0.03980894,0.065283924,0.024664223,0.027301705,0.06666667,0.06666667,0.02450194,0.043126844,0.013781302,0.026061852,0.0059334645,0.030441696,0.01998795,0.038894024,0.027133586,0.06666667,0.030533897,0.06666667,0.011390774,0.020492453,0.022185268,0.03749134,0.0260428,0.032923266,0.017486867,0.04369025,0.020015638,0.016957648,0.014964549
2024-12-05,0.043250833,0.008692354,0.043429554,0.06666667,0.027762296,0.025467219,0.06666667,0.058426186,0.023135861,0.039104305,0.015710415,0.027189577,0.005713732,0.025082363,0.019317906,0.03458233,0.031061247,0.06450532,0.028107038,0.06666667,0.014742136,0.024902321,0.02008278,0.048624273,0.023179578,0.039986923,0.016043594,0.042174764,0.019279422,0.014453767,0.015991904
2024-12-06,0.044328894,0.012316825,0.060563788,0.04468666,0.024142863,0.025444025,0.06666667,0.0504118,0.037148863,0.038821828,0.01835098,0.024938218,0.0085956305,0.024713462,0.019106539,0.022799369,0.02544352,0.06666667,0.03481598,0.06666667,0.022259826,0.023009684,0.019353429,0.04020595,0.014424923,0.037101667,0.024581902,0.039978486,0.025670867,0.016451167,0.020332849
2024-12-09,0.049347386,0.013097685,0.06163986,0.04840172,0.029928116,0.027144566,0.06666667,0.04479996,0.0374713,0.030870877,0.024624603,0.022167513,0.009204566,0.025163634,0.016531987,0.016931212,0.0213417,0.06666667,0.034273867,0.06666667,0.026613807,0.021289853,0.023856964,0.03512332,0.012264934,0.03518959,0.023956506,0.041609462,0.029851625,0.018355958,0.018947417
2024-12-10,0.0405242,0.018336782,0.06261558,0.04356111,0.031601995,0.028977532,0.06299139,0.039181113,0.038384058,0.026446415,0.022665545,0.027050404,0.0125595005,0.024307232,0.015080678,0.01190971,0.0132049285,0.06666667,0.024959369,0.06666667,0.03503509,0.02523797,0.020752687,0.03139702,0.009872912,0.03500436,0.041951597,0.039394952,0.038640503,0.026497506,0.018524535
2024-12-11,0.03481478,0.01711778,0.06666667,0.034941692,0.029166933,0.023790918,0.051616814,0.03667844,0.03216564,0.022854814,0.016895711,0.038073275,0.011381929,0.0221407,0.017868405,0.012926053,0.01620037,0.06666667,0.018851323,0.06374068,0.055891484,0.030625423,0.01827566,0.034862287,0.009707741,0.050909158,0.053048138,0.033979774,0.039315645,0.024140453,0.014684643
2024-12-12,0.03903096,0.017822241,0.06666667,0.03427318,0.029635835,0.023164906,0.04111804,0.031239811,0.028233217,0.02078467,0.018461442,0.034798693,0.012405829,0.022857035,0.019092616,0.011588359,0.017692482,0.06480688,0.018999217,0.05994553,0.06666667,0.03126968,0.019167492,0.032788023,0.008822549,0.05148487,0.05546894,0.037044756,0.045394015,0.023809876,0.01546552
2024-12-13,0.03573794,0.021470085,0.06666667,0.028971504,0.027508399,0.023875182,0.037663583,0.029198363,0.0293757,0.019625716,0.016726136,0.04261177,0.016024623,0.022442047,0.018659545,0.010432198,0.014271552,0.06666667,0.019764243,0.054560095,0.06666667,0.028019473,0.018910252,0.027286142,0.008034971,0.04937575,0.06666667,0.035156365,0.05610376,0.0272147,0.014313236
2024-12-16,0.0327439,0.02210964,0.06666667,0.032505043,0.030837873,0.023319788,0.034280363,0.028175749,0.029028915,0.018179417,0.0161559,0.046584744,0.017981302,0.021253515,0.018436573,0.0117776515,0.014703739,0.06666667,0.019789133,0.046404462,0.06666667,0.028578738,0.01933125,0.02656156,0.008810531,0.05154721,0.06666667,0.03156179,0.061040495,0.028963888,0.0126701575
2024-12-17,0.0355851,0.017589137,0.06666667,0.029374354,0.03031985,0.01873516,0.034583148,0.024721831,0.025553234,0.019193288,0.016141372,0.05828384,0.018246902,0.021916997,0.025565457,0.018111702,0.020192755,0.05630296,0.020830488,0.046021257,0.06666667,0.033194337,0.018050335,0.034460917,0.009609109,0.06666667,0.05653443,0.028173665,0.047528416,0.021533614,0.0136463465
2024-12-18,0.03248452,0.018348267,0.06666667,0.027592752,0.03163743,0.01778685,0.034307934,0.02614469,0.030080974,0.018977165,0.016964834,0.06284216,0.019231543,0.024560237,0.025187925,0.015982302,0.018168164,0.06428925,0.020629901,0.048435576,0.06666667,0.029573942,0.021016993,0.03408056,0.009772011,0.056489,0.055809535,0.024574142,0.043778386,0.025362132,0.0125574805
2024-12-19,0.024941124,0.023363443,0.06666667,0.02674542,0.042591274,0.021650547,0.033951066,0.023344632,0.032379787,0.018215597,0.018826108,0.06467295,0.020831019,0.019227527,0.017823603,0.013692878,0.013908663,0.046325542,0.019108098,0.040417254,0.06666667,0.035390906,0.023783796,0.0282257,0.013266849,0.061970405,0.066062815,0.023331946,0.048172545,0.033521503,0.010923678
2024-12-20,0.027206888,0.02697125,0.06600605,0.028724043,0.037418466,0.021788148,0.03238583,0.021656115,0.033914037,0.017035615,0.019739164,0.05705091,0.021015162,0.021355003,0.019031461,0.014763714,0.014420153,0.052940976,0.017689168,0.042086497,0.06666667,0.03010098,0.02684746,0.025583433,0.013339501,0.05948117,0.06666667,0.022343274,0.0482604,0.036004853,0.011506942
2024-12-23,0.029800853,0.024342684,0.06666667,0.02864665,0.044657607,0.019394016,0.035890166,0.018071642,0.028286995,0.01424679,0.018042026,0.051409274,0.019334232,0.023611061,0.020740855,0.018997313,0.012248999,0.062396355,0.015973965,0.04515133,0.06666667,0.029875977,0.023756439,0.031202564,0.01208306,0.05214648,0.06666667,0.023700561,0.046421792,0.03802931,0.011541005
2024-12-24,0.030425962,0.026643144,0.06652821,0.03163623,0.040061865,0.01946684,0.039676648,0.01904497,0.033794023,0.016869603,0.01840796,0.047390483,0.02030622,0.024289297,0.02133328,0.021146756,0.012063205,0.06666667,0.018066406,0.043319926,0.0584004,0.0265029,0.02483892,0.029847756,0.013899198,0.047802757,0.06666667,0.022877065,0.04015482,0.03979104,0.012080779
2024-12-26,0.03480206,0.022316338,0.06666667,0.031741425,0.037031174,0.018753208,0.04583131,0.019743493,0.033733934,0.018506542,0.017267961,0.04460953,0.019631883,0.027479375,0.024760976,0.029786184,0.015414512,0.06666667,0.020955652,0.04958885,0.047591355,0.024728753,0.02519432,0.03416306,0.014885068,0.045063205,0.05920582,0.022956109,0.035610102,0.032670777,0.012643691
2024-12-27,0.036314312,0.021050561,0.06428561,0.031883966,0.032436818,0.017020775,0.046695802,0.020186633,0.03409673,0.018274743,0.017587073,0.04566379,0.019603232,0.029121345,0.029479975,0.039491955,0.01770955,0.06666667,0.021588182,0.05624208,0.045897573,0.022284616,0.023376344,0.03468444,0.014677638,0.0464163,0.05079999,0.0221233,0.032985855,0.027757015,0.013597138
2024-12-30,0.031993076,0.021953411,0.053278178,0.027866215,0.037116323,0.015224107,0.046134245,0.018390797,0.03326259,0.017172469,0.018145014,0.056377534,0.02149755,0.02778252,0.031340145,0.04940246,0.01579801,0.06666667,0.021286141,0.055181254,0.047843922,0.023645023,0.021748966,0.03432723,0.015064101,0.04866218,0.04888265,0.020877237,0.032154743,0.027466899,0.013458343
