{
  "seeds": [
    42,
    1,
    7,
    13,
    99
  ],
  "timesteps": 150000,
  "agent": {
    "Total Return": {
      "mean": 0.28293900140490585,
      "std": 0.17049595521872254,
      "min": 0.08406424143880598,
      "max": 0.4940323374101294
    },
    "CAGR": {
      "mean": 0.08547680250649639,
      "std": 0.048618190985612764,
      "min": 0.027454982894627555,
      "max": 0.144213190299193
    },
    "Sharpe": {
      "mean": 0.5526068220481976,
      "std": 0.2597938410432894,
      "min": 0.25169442672342,
      "max": 0.9148428162185994
    },
    "Sortino": {
      "mean": 0.8056883115919801,
      "std": 0.3819494660434092,
      "min": 0.36865191518281004,
      "max": 1.3418714594644592
    },
    "Max Drawdown": {
      "mean": -0.19367033855886473,
      "std": 0.04294900172165576,
      "min": -0.24904562369676417,
      "max": -0.13749674546922785
    },
    "Turnover": {
      "mean": 0.04512636363506317,
      "std": 0.01190373498520909,
      "min": 0.027172718197107315,
      "max": 0.05989157035946846
    }
  },
  "buy_and_hold": {
    "Total Return": 0.4438172786552428,
    "CAGR": 0.1309764662369215,
    "Ann. Volatility": 0.16032986504663432,
    "Sharpe": 0.8479054774832134,
    "Sortino": 1.2446372220413537,
    "Max Drawdown": -0.1276134941129496
  },
  "n_beating_bh_sharpe": 1
}