,AAPL,MSFT,JPM,XOM,JNJ,NVDA,ORCL,GOOGL,VZ,DIS,AMZN,HD,MCD,NKE,PG,KO,WMT,UNH,PFE,MRK,BAC,GS,CAT,HON,UPS,CVX,SHW,NEE,AMT,EWJ,CASH
2022-01-04,0.017473942,0.013952165,0.029032415,0.036018047,0.039395496,0.014814335,0.0420173,0.04182843,0.023113588,0.0503157,0.0298718,0.014924106,0.05586073,0.01607529,0.015217314,0.030807892,0.04219348,0.042118818,0.040208932,0.024504831,0.0368686,0.02213112,0.052215766,0.05214127,0.038761146,0.029150393,0.048854165,0.01994798,0.043817688,0.0228946,0.013472661
2022-01-05,0.01367725,0.018031433,0.03487105,0.049659632,0.036035694,0.01902635,0.041861977,0.050657894,0.022113355,0.033027276,0.03590156,0.019058393,0.051764306,0.018739142,0.018577738,0.04560133,0.06666667,0.035143174,0.031461235,0.029255316,0.03278171,0.01754308,0.055978626,0.05030171,0.036158975,0.01759705,0.045627493,0.021759434,0.02632691,0.013963254,0.010830995
2022-01-06,0.016459858,0.027976898,0.028938403,0.040970057,0.049850363,0.020855334,0.03695631,0.058269907,0.027264068,0.04122939,0.0269079,0.022990793,0.040068462,0.026394783,0.014823207,0.04191969,0.06666667,0.032515775,0.034354206,0.030473946,0.026370652,0.01802851,0.04515315,0.052409977,0.047504287,0.017401116,0.045814205,0.018431693,0.02080522,0.011829183,0.010365991
2022-01-07,0.014568701,0.017369539,0.030737465,0.040188298,0.056099404,0.019687992,0.054162696,0.05434622,0.029354282,0.035045918,0.033705596,0.018575512,0.04078623,0.027442165,0.011267299,0.047119148,0.06666667,0.034208026,0.026249617,0.021858735,0.02704998,0.021121742,0.051592045,0.054414853,0.043305997,0.017012985,0.042151675,0.020919384,0.022749128,0.010818276,0.009424424
2022-01-10,0.012606581,0.018064367,0.035219207,0.037030876,0.050675366,0.0194396,0.049471173,0.05410339,0.03092534,0.037518695,0.036937043,0.017530149,0.03967475,0.023711046,0.011527056,0.047207363,0.06666667,0.036042463,0.026927363,0.021434763,0.027315028,0.018833779,0.05937958,0.054887954,0.048842262,0.016464826,0.040219247,0.021506172,0.020321513,0.008915968,0.010600412
2022-01-11,0.014629947,0.018018791,0.0349895,0.0347937,0.047950163,0.019134246,0.036885347,0.050014734,0.03628423,0.046127018,0.036812127,0.01705005,0.0343297,0.022131376,0.01326743,0.04804714,0.06666667,0.038025837,0.026695512,0.018502321,0.025792712,0.01827653,0.06449785,0.051760923,0.05650189,0.018761612,0.037853703,0.022279734,0.023118602,0.009190439,0.011610166
2022-01-12,0.01771859,0.018122561,0.03476706,0.033405706,0.04919824,0.024435036,0.043074556,0.048622515,0.043736413,0.048377257,0.037338324,0.015660234,0.03989774,0.021191297,0.013412856,0.046611924,0.06666667,0.03735536,0.022528082,0.016041521,0.023992814,0.023965744,0.05385341,0.05163255,0.051744133,0.018248072,0.032181185,0.021997113,0.021621957,0.010201829,0.012399256
2022-01-13,0.021496117,0.019035194,0.030723156,0.039403163,0.04495712,0.029822087,0.039874267,0.044301715,0.043671858,0.04639105,0.0381945,0.01708699,0.045555864,0.018775826,0.013952311,0.056849413,0.06666667,0.03363772,0.018236786,0.017330464,0.021128213,0.03062692,0.044072445,0.059101574,0.04672137,0.017230857,0.031489242,0.020908479,0.01962068,0.012284932,0.010853012
2022-01-14,0.021507706,0.020347757,0.031011658,0.03664874,0.053609543,0.024279969,0.039966945,0.051004317,0.0490999,0.054977786,0.032427367,0.018524852,0.04044345,0.0179455,0.010595943,0.059366,0.06232597,0.033555247,0.019921565,0.019120745,0.016592138,0.03451534,0.04570619,0.058556985,0.035442654,0.018513123,0.030867916,0.020674612,0.017685411,0.013843748,0.010920928
2022-01-18,0.026794976,0.017145313,0.027256643,0.03190721,0.049359523,0.026778297,0.03301184,0.040348817,0.05165237,0.06481698,0.040125195,0.017247494,0.050531045,0.017016342,0.0084204,0.061623633,0.05555067,0.027970674,0.015194998,0.017363565,0.018299103,0.04889665,0.032344222,0.06458115,0.05131658,0.019905291,0.022284223,0.019563764,0.017635215,0.012795627,0.012262186
2022-01-19,0.034294855,0.013648483,0.025247678,0.027879104,0.053754717,0.028240405,0.0360304,0.041298375,0.059803035,0.06666667,0.04138725,0.014601144,0.057835978,0.016311295,0.0064403494,0.050369523,0.040479302,0.024834877,0.012249754,0.016258206,0.020227179,0.057601146,0.026718479,0.06666667,0.05714075,0.023052804,0.017736325,0.02128071,0.017105345,0.013100102,0.011739099
2022-01-20,0.02934516,0.011903632,0.025440913,0.02586579,0.044670783,0.024043467,0.037137166,0.052164316,0.05464216,0.06318146,0.04714338,0.013453993,0.06666667,0.017264936,0.007529787,0.041695558,0.05379577,0.02837031,0.01255711,0.015392043,0.022081628,0.049417127,0.026493229,0.06278433,0.06666667,0.020338511,0.01727736,0.021601737,0.016593967,0.012530694,0.011950353
2022-01-21,0.02883151,0.011283498,0.026859865,0.0232355,0.045152344,0.020521935,0.041467607,0.059185922,0.05942213,0.057993058,0.048882883,0.013560081,0.06666667,0.019569911,0.008186586,0.0338238,0.056625202,0.028143892,0.013347471,0.015507345,0.0262366,0.046732068,0.025483204,0.051281963,0.06666667,0.021438288,0.015866198,0.023316925,0.015940538,0.013543152,0.015227193
2022-01-24,0.02684098,0.011858602,0.029183839,0.023455743,0.047229603,0.018506676,0.043576013,0.055205956,0.054339822,0.048098918,0.051964074,0.016411819,0.06423928,0.023916332,0.008610297,0.035169624,0.057726696,0.029777905,0.014481226,0.016228616,0.026530756,0.04861433,0.025883537,0.045412187,0.0614283,0.022628846,0.016366674,0.02521008,0.01859051,0.015624364,0.016888395
2022-01-25,0.023114389,0.01252653,0.030103855,0.024212103,0.05033272,0.02087462,0.049084213,0.060158834,0.051153526,0.038436383,0.05430405,0.018323984,0.06328232,0.029171145,0.009153676,0.034567006,0.056077275,0.028907696,0.014020417,0.017181726,0.025169931,0.05282244,0.026483452,0.04318199,0.04944532,0.021822823,0.015753789,0.028564002,0.019079091,0.016930616,0.015760075
2022-01-26,0.025843674,0.01093718,0.03426506,0.02440581,0.053109486,0.026909856,0.048650496,0.06005835,0.05713436,0.03868954,0.05234615,0.017579343,0.060614057,0.032103382,0.008664822,0.030197876,0.049347762,0.02899913,0.012014057,0.01598057,0.024292871,0.056170594,0.021078397,0.04727284,0.055459313,0.020549249,0.01345216,0.02646966,0.016115623,0.0148895765,0.016398761
2022-01-27,0.024513898,0.0096672475,0.030494742,0.022158343,0.057891034,0.02759358,0.055675127,0.054230206,0.065717556,0.04025864,0.04839811,0.016997801,0.06666667,0.029393818,0.0090659885,0.023782888,0.042820286,0.029930463,0.0118284505,0.014037013,0.027197072,0.06361847,0.019500786,0.04998249,0.04450325,0.020271704,0.013728599,0.027649686,0.016122997,0.019229123,0.017073968
2022-01-28,0.025023488,0.01035471,0.028044883,0.021271281,0.05068286,0.03336018,0.052278753,0.051599078,0.06461289,0.03972798,0.04802164,0.017542442,0.06666667,0.032497045,0.010339356,0.019624967,0.04505712,0.03074017,0.011286879,0.013541194,0.027207445,0.06311053,0.015842862,0.053676564,0.056730088,0.020265877,0.013479039,0.025574155,0.015503173,0.018081695,0.018254993
2022-01-31,0.021954356,0.01212157,0.028506655,0.024950948,0.03223606,0.048377637,0.048201587,0.039469857,0.034216814,0.019423846,0.06666667,0.01816794,0.06666667,0.037474018,0.019683259,0.025658472,0.06391474,0.038322978,0.010709054,0.011707021,0.024671976,0.052942097,0.018234454,0.050476696,0.06666667,0.0168214,0.017507883,0.028275484,0.026693378,0.016643336,0.012636482
2022-02-01,0.022430155,0.016174152,0.032467782,0.028104184,0.026516939,0.054205097,0.046526164,0.04283286,0.029840043,0.017426834,0.06419103,0.02024734,0.06666667,0.03262045,0.023247777,0.030778939,0.06666667,0.034935527,0.012264894,0.014416527,0.024380201,0.048031803,0.018585915,0.047790546,0.06452146,0.015142292,0.018340059,0.02801677,0.023485798,0.015621442,0.0135236895
2022-02-02,0.022084715,0.013446048,0.03418748,0.03174278,0.032181203,0.0416208,0.052850824,0.058134828,0.033921164,0.01793545,0.0625559,0.02045767,0.06666667,0.03368974,0.019570231,0.02980557,0.06195632,0.031899262,0.012412458,0.017208368,0.028703742,0.052886944,0.016784986,0.04350149,0.05576863,0.013240352,0.016403655,0.028284872,0.020125384,0.012879702,0.017092757
2022-02-03,0.020823026,0.014798473,0.036404606,0.040281273,0.027170014,0.045340262,0.034017663,0.06666667,0.029758679,0.017111225,0.056272533,0.025897175,0.06498757,0.03461171,0.027233317,0.036051113,0.06660194,0.03190444,0.013610306,0.020910967,0.024423646,0.0478364,0.02080497,0.038108602,0.048332326,0.013509261,0.01865706,0.029799884,0.018745054,0.013310062,0.01601977
2022-02-04,0.014516577,0.01522088,0.031508222,0.03355721,0.042223625,0.031110518,0.030216906,0.06666667,0.033609238,0.016898658,0.04444718,0.034718506,0.041509178,0.0606727,0.024701037,0.033118904,0.06666667,0.03348177,0.02286574,0.021872066,0.02249649,0.04042495,0.035446092,0.02703589,0.037325084,0.019121464,0.02211333,0.039508272,0.024724256,0.017147455,0.015074472
2022-02-07,0.01188474,0.014534345,0.03439228,0.029859547,0.03964376,0.044850897,0.03612302,0.06666667,0.04234455,0.018168265,0.044363234,0.036926407,0.039002784,0.061583377,0.025562314,0.025629053,0.05845531,0.030577354,0.02102552,0.018833544,0.024878144,0.041877195,0.038284548,0.022173697,0.02784182,0.022706954,0.019092336,0.047448866,0.019150779,0.016291894,0.019826796
2022-02-08,0.013259409,0.013012562,0.033444602,0.029297924,0.046158727,0.042336904,0.04342499,0.06666667,0.047861643,0.02063439,0.041847862,0.0342755,0.03824676,0.06076038,0.02135461,0.024899272,0.050353955,0.028208848,0.021791048,0.018029608,0.026533999,0.04119543,0.040063336,0.022407789,0.026524607,0.023829233,0.018649038,0.048656054,0.019073905,0.016031276,0.021169674
2022-02-09,0.012225538,0.017836204,0.030633448,0.026760677,0.044263903,0.04435457,0.039646227,0.06666667,0.04117968,0.020725219,0.04029129,0.03420528,0.041743916,0.04913558,0.025492745,0.02733682,0.046203673,0.027965754,0.026731862,0.019628702,0.024625964,0.034811787,0.052228417,0.023689264,0.024019431,0.023538712,0.023679625,0.05149618,0.02238789,0.017629942,0.018865034
2022-02-10,0.011478131,0.021348083,0.031059366,0.026644256,0.041227274,0.043211386,0.040860754,0.06666667,0.037157077,0.021710368,0.03440042,0.03490134,0.036245782,0.052513953,0.028434869,0.024123378,0.04361661,0.026135929,0.029184712,0.023052862,0.027198005,0.030946517,0.050635982,0.021801183,0.020868642,0.026216816,0.024006624,0.057139035,0.024257349,0.019380296,0.023576338
2022-02-11,0.010460733,0.015848208,0.022469155,0.024219884,0.05228366,0.032094385,0.061152175,0.06666667,0.038373828,0.022391133,0.024797015,0.032072477,0.035105743,0.063970886,0.021776607,0.017472481,0.03869034,0.032917082,0.030829493,0.017744109,0.02624784,0.031567186,0.047759563,0.021982664,0.015761541,0.0291393,0.028750362,0.060100302,0.031654812,0.027303245,0.018397123
2022-02-14,0.011039723,0.019899858,0.020636976,0.01948257,0.0647163,0.032966398,0.06258336,0.06666667,0.045418974,0.028286956,0.020903463,0.030711241,0.03840329,0.057188433,0.016777813,0.015044141,0.036222894,0.028738447,0.033604242,0.020124154,0.026432713,0.030974066,0.046254314,0.0246553,0.016642615,0.02842725,0.027148575,0.05874648,0.025775138,0.026975702,0.01855195
2022-02-15,0.011060187,0.017441258,0.017802192,0.0201979,0.057531465,0.026931327,0.06666667,0.06666667,0.03884885,0.025698515,0.023327734,0.026579326,0.04672305,0.052028295,0.018389368,0.01522413,0.042255875,0.033473462,0.031810153,0.017282715,0.028951226,0.029729463,0.044551563,0.026831044,0.018549182,0.026452037,0.030852718,0.056345753,0.034219075,0.030727955,0.01685085
2022-02-16,0.014499718,0.016668594,0.018308107,0.023122102,0.04920096,0.02569394,0.06666667,0.058152616,0.038536277,0.02879525,0.027694648,0.023518829,0.05793383,0.043335654,0.020740667,0.015853027,0.04626343,0.03695477,0.026605628,0.01694855,0.03250926,0.034018375,0.031643473,0.03285797,0.024095325,0.024557305,0.030260878,0.048048347,0.03719631,0.030061278,0.019258222
2022-02-17,0.015792,0.01640247,0.017423887,0.024791956,0.04842003,0.026205482,0.06666667,0.0641883,0.038634982,0.030156424,0.025843784,0.024808928,0.057571884,0.043932136,0.02029604,0.015616222,0.04639696,0.035934914,0.02682277,0.017824357,0.03232741,0.033035178,0.029565312,0.032357223,0.024353905,0.024944715,0.030286463,0.046458386,0.03457431,0.030291628,0.01807527
2022-02-18,0.015460758,0.015210527,0.015154381,0.02446064,0.05064792,0.022509223,0.06666667,0.06666667,0.031919744,0.026237158,0.023244837,0.0275224,0.04903189,0.05557928,0.01605495,0.017627837,0.053715717,0.045921553,0.02826217,0.0164288,0.023962617,0.036099117,0.030010039,0.03812013,0.02696354,0.022913234,0.033452857,0.03990224,0.038336486,0.029324997,0.012591619
2022-02-22,0.015850224,0.01037894,0.016543822,0.02739351,0.046076372,0.017710546,0.06484419,0.06666667,0.03370285,0.024980133,0.031076007,0.026185364,0.04326175,0.055727344,0.016227577,0.020236326,0.062956646,0.050670233,0.022623109,0.014059938,0.025473764,0.03800659,0.03086687,0.03653979,0.031606097,0.023672646,0.030569209,0.037611764,0.04075877,0.025372706,0.012350245
2022-02-23,0.014919977,0.008775846,0.020579323,0.026462777,0.05017814,0.0133682,0.06666667,0.06666667,0.03622887,0.02842403,0.035947528,0.025089277,0.05040817,0.040581364,0.0120577365,0.02429389,0.05455161,0.045779303,0.024187174,0.014743303,0.03449972,0.034565587,0.039974645,0.03440172,0.028192658,0.024842897,0.028969241,0.04105401,0.038076613,0.021727603,0.013785458
2022-02-24,0.01722198,0.008572143,0.020116117,0.02254124,0.06213744,0.013060616,0.06666667,0.06666667,0.041911315,0.034442857,0.031909738,0.022358108,0.049801305,0.040615294,0.009140421,0.022656037,0.046119556,0.04322337,0.024508813,0.013634754,0.034633283,0.035000637,0.039820053,0.033991616,0.030302301,0.027867926,0.025830097,0.03998638,0.03928991,0.022276131,0.013697227
2022-02-25,0.015951889,0.008759148,0.01901863,0.021916632,0.051318362,0.012878342,0.06666667,0.05667407,0.038010627,0.032864477,0.035038266,0.020632576,0.06527438,0.031519894,0.009953292,0.021938223,0.03940733,0.0415523,0.024525523,0.013423446,0.042372502,0.03628394,0.04052499,0.03687298,0.025036296,0.028258856,0.025966229,0.047441635,0.04674875,0.027867815,0.0153019205
2022-02-28,0.01697422,0.010203216,0.028275143,0.031841394,0.029876672,0.017411526,0.06386443,0.060464848,0.03364882,0.030753339,0.04409521,0.025633423,0.06666667,0.027505338,0.01592508,0.024537573,0.06491119,0.041618485,0.018529402,0.017532969,0.047617722,0.03277188,0.02809439,0.04170158,0.042085223,0.021211397,0.023536444,0.031499512,0.025390754,0.016194826,0.019627327
2022-03-01,0.023292428,0.01277188,0.02639296,0.027413156,0.035490233,0.018987479,0.057481218,0.0638603,0.047744796,0.044084344,0.035220407,0.02456412,0.06666667,0.025100257,0.014992654,0.019742751,0.046911586,0.034559097,0.021082949,0.02009335,0.04769717,0.03679838,0.02398362,0.039906096,0.03901156,0.025029983,0.02046138,0.0337331,0.021463351,0.018982686,0.026480045
2022-03-02,0.026383106,0.013756422,0.026168993,0.02553487,0.037404645,0.023281984,0.042095307,0.06666667,0.058564104,0.053862225,0.033942718,0.024760172,0.058670137,0.025728576,0.014515395,0.019253366,0.039243996,0.032019444,0.020406742,0.020903697,0.03695494,0.042934794,0.024707668,0.042068265,0.041062985,0.028868165,0.017677158,0.036058173,0.02009897,0.019758685,0.02664764
2022-03-03,0.02511017,0.01267546,0.033389203,0.030707652,0.029925603,0.030013967,0.033936627,0.05733341,0.06666667,0.06131094,0.045764804,0.023293389,0.055433318,0.021036005,0.017812002,0.019452948,0.04186227,0.027941585,0.014580033,0.021805886,0.03772559,0.048526853,0.022641204,0.041426443,0.04140832,0.028183345,0.013676672,0.034737296,0.013424869,0.015740952,0.032456517
2022-03-04,0.0289981,0.016985193,0.034937065,0.031895194,0.033466566,0.030823726,0.02326635,0.06666667,0.06666667,0.06666667,0.036634434,0.025173465,0.045606032,0.018985905,0.016910834,0.02170839,0.03745972,0.024424655,0.019263353,0.030319292,0.032988682,0.04234275,0.026764758,0.042645495,0.042371795,0.029702242,0.013641851,0.035335798,0.011118862,0.014668834,0.031560652
2022-03-07,0.033965625,0.020032568,0.039652627,0.031756055,0.03329172,0.03211862,0.01834215,0.06666667,0.06666667,0.06666667,0.03344293,0.025570303,0.046731807,0.014493068,0.014892009,0.022931935,0.031029865,0.019604908,0.022671275,0.041885387,0.034916457,0.035611913,0.030235274,0.04444653,0.044941895,0.029325843,0.012428929,0.033946473,0.00819801,0.012900145,0.030635675
2022-03-08,0.032706875,0.025572615,0.040323276,0.026940105,0.037230756,0.03299621,0.018015891,0.06666667,0.06666667,0.06666667,0.025872402,0.026961703,0.05271292,0.012250812,0.014882417,0.017978203,0.026875911,0.017343054,0.027522774,0.054175567,0.034703687,0.03158517,0.03159423,0.04508972,0.034049436,0.027581448,0.012193028,0.037154187,0.0061822343,0.016635735,0.03286963
2022-03-09,0.030720504,0.020273495,0.041156717,0.024465712,0.04225718,0.032237347,0.024341106,0.06666667,0.06666667,0.06666667,0.028630434,0.023021227,0.06666667,0.008891263,0.011587541,0.015224276,0.02221178,0.0153715825,0.021529589,0.053069226,0.041490667,0.03971111,0.027571492,0.05015963,0.025646256,0.025609478,0.010585753,0.039456047,0.0048056426,0.017903127,0.035405155
2022-03-10,0.025039293,0.02034971,0.036662485,0.026758485,0.033255633,0.03206232,0.018636813,0.05982946,0.06666667,0.06666667,0.032368924,0.025116729,0.06666667,0.008351248,0.016809413,0.016485207,0.02640698,0.018968202,0.02221202,0.04811515,0.040456064,0.040075526,0.029542726,0.048605412,0.025792392,0.027825952,0.012434087,0.04163021,0.0066147014,0.019867983,0.039726883
2022-03-11,0.026908329,0.023749633,0.036633693,0.027688509,0.039312042,0.041564405,0.01647311,0.060156237,0.06666667,0.06666667,0.025717694,0.032449905,0.055343196,0.009723779,0.013587435,0.017063325,0.019176638,0.01665216,0.02333127,0.053303447,0.032559007,0.046660908,0.027101763,0.04827565,0.020542221,0.031838104,0.011932334,0.042257108,0.005998351,0.021043628,0.03962279
2022-03-14,0.026393149,0.018643767,0.038204897,0.031536683,0.03911023,0.036733903,0.018663213,0.054075386,0.06666667,0.06666667,0.025140574,0.033996046,0.0453989,0.010584376,0.01229865,0.017880388,0.01616959,0.017507004,0.02336773,0.051107783,0.034095384,0.048264977,0.029590977,0.04905415,0.019025564,0.038745694,0.013084928,0.04363781,0.007439061,0.023534376,0.043381486
2022-03-15,0.02500951,0.016770553,0.03666184,0.035644412,0.039704226,0.02991594,0.018622704,0.050763525,0.06666667,0.06666667,0.02427345,0.039633907,0.03563745,0.011982069,0.013504645,0.020122599,0.017988384,0.022102315,0.026087943,0.04704197,0.03224215,0.047172606,0.033073213,0.051781535,0.018950947,0.040505532,0.016617393,0.040230162,0.009153344,0.025369843,0.040102497
2022-03-16,0.019963313,0.019806474,0.033787142,0.04142662,0.026544927,0.025588915,0.017545354,0.04042111,0.059935685,0.06666667,0.026429163,0.04489422,0.029156161,0.0123740025,0.022568706,0.024065534,0.021071274,0.027458265,0.030229433,0.046487596,0.031384483,0.03723575,0.038966615,0.05455285,0.020448485,0.037797194,0.025057115,0.039557617,0.014452313,0.026009524,0.038117494
2022-03-17,0.018860431,0.020167368,0.032359503,0.03922113,0.030131366,0.028724073,0.020980295,0.037646588,0.0603653,0.06666667,0.023439962,0.046649896,0.026497055,0.014699264,0.02129777,0.022901477,0.016474076,0.02791947,0.033680405,0.04284774,0.03164766,0.03959434,0.03902784,0.045392495,0.015178713,0.042044766,0.02632482,0.044772256,0.01669567,0.028143853,0.03964775
2022-03-18,0.019646661,0.023881229,0.028232364,0.040322207,0.0332635,0.034825448,0.018972134,0.04010557,0.05608529,0.06666667,0.018866375,0.05224811,0.023593655,0.018237822,0.0212966,0.022129454,0.014835983,0.026587315,0.036391854,0.045172498,0.028737616,0.039938834,0.034614768,0.044349026,0.0151243135,0.043428224,0.028561847,0.042419784,0.016809681,0.028471055,0.036184125
2022-03-21,0.021775486,0.023487506,0.022535853,0.0387284,0.03620536,0.039778158,0.021955129,0.034977537,0.055231176,0.06666667,0.015739737,0.05351297,0.02165047,0.024740677,0.022673085,0.01934318,0.013498331,0.0290763,0.03390342,0.036081024,0.025096228,0.051889002,0.026010985,0.042083386,0.013019986,0.046493914,0.029969057,0.041582562,0.020511433,0.036777653,0.03500532
2022-03-22,0.023284968,0.021128433,0.022461606,0.038633764,0.03968936,0.04711838,0.022718422,0.03774365,0.065364845,0.06666667,0.016975079,0.050163582,0.025414031,0.025403654,0.02013874,0.01891136,0.014374059,0.026063569,0.029394718,0.0332162,0.025491616,0.05779413,0.022810074,0.041306954,0.014361873,0.044848684,0.025423156,0.04116461,0.017070511,0.03284471,0.032018587
2022-03-23,0.019691762,0.023354094,0.022044288,0.037947036,0.039325614,0.043361355,0.028596647,0.042068616,0.054399136,0.061688207,0.016742725,0.049631394,0.024752341,0.028024206,0.023580877,0.019930527,0.016870957,0.028852785,0.033149548,0.030985454,0.027207695,0.051095005,0.02655152,0.03641833,0.013514006,0.04368397,0.030121928,0.041505154,0.02071746,0.033481404,0.030705964
2022-03-24,0.023339964,0.026429823,0.019605128,0.03373575,0.047194034,0.044256546,0.0279201,0.04622104,0.06322256,0.06666667,0.015284753,0.04976751,0.024980655,0.029194824,0.01852679,0.01894813,0.015777143,0.02254071,0.033450317,0.0331297,0.029243475,0.050084706,0.023148153,0.032867152,0.015491864,0.044553652,0.025657315,0.040625397,0.017657313,0.029198855,0.031279974
2022-03-25,0.025765808,0.024917314,0.023452945,0.038934477,0.039077893,0.043114297,0.03048367,0.03990623,0.061271254,0.06666667,0.020734668,0.04502385,0.030801374,0.022855021,0.021254243,0.023923581,0.019234212,0.021373538,0.029968718,0.033084046,0.036600526,0.04752572,0.02374287,0.03661581,0.019598821,0.037950676,0.024331365,0.03835996,0.017209727,0.023379218,0.032841507
2022-03-28,0.02617057,0.023310758,0.026480295,0.047238365,0.036254223,0.044089284,0.0314393,0.04266298,0.055908944,0.06666667,0.023845352,0.043481335,0.03391655,0.019570379,0.019290097,0.03142152,0.022581987,0.020415569,0.02981438,0.034389943,0.039021425,0.040676266,0.02657669,0.038731825,0.02253221,0.033008706,0.024530258,0.034551714,0.01526619,0.017781768,0.028374447
2022-03-29,0.024337968,0.020574998,0.026156763,0.057669483,0.03164741,0.036762815,0.03052695,0.039980613,0.040038597,0.05379289,0.02689047,0.04704166,0.029449042,0.023111127,0.022807598,0.037151765,0.02525456,0.024167288,0.03283913,0.032387648,0.041701272,0.034834765,0.0308417,0.039103642,0.025384847,0.03289585,0.029074823,0.036086563,0.023036303,0.017828627,0.026622841
2022-03-30,0.025634073,0.019772127,0.025527459,0.064531825,0.028209355,0.03109076,0.034560658,0.03843415,0.028388618,0.042372312,0.02776479,0.044646993,0.029040083,0.024926351,0.025130471,0.043320823,0.02905649,0.026948689,0.033535484,0.031930752,0.044275932,0.030928154,0.030729724,0.039480057,0.028441625,0.031463005,0.034591608,0.032973874,0.031065803,0.01825206,0.022975892
2022-03-31,0.026720231,0.022233069,0.028073605,0.06050777,0.03045815,0.03195652,0.029238446,0.04379093,0.03143375,0.050645504,0.026538527,0.048338488,0.032065865,0.02158446,0.019407943,0.046951175,0.029237246,0.023793194,0.033835676,0.037547898,0.041532855,0.031257156,0.02970716,0.04137995,0.030449817,0.030996135,0.030815247,0.029417478,0.0231036,0.015862858,0.02111929
2022-04-01,0.029146606,0.019139862,0.025720485,0.05538217,0.0354424,0.024545254,0.032975532,0.04419811,0.029734049,0.054906424,0.024715696,0.044697862,0.03122608,0.021093842,0.013569988,0.051807027,0.023155192,0.023489691,0.036696427,0.03650096,0.042940162,0.031113138,0.034380384,0.042512305,0.028588863,0.033768535,0.03086207,0.03251605,0.028264938,0.017488327,0.01942157
2022-04-04,0.028873784,0.02111423,0.029742576,0.053308055,0.026200509,0.02733117,0.030389437,0.047941424,0.022911035,0.048807215,0.028287642,0.041120697,0.037773587,0.018781085,0.016709585,0.054350525,0.030425468,0.026914008,0.03234069,0.036751628,0.040846672,0.028011395,0.034611665,0.04769076,0.03873458,0.029692,0.03212924,0.0291194,0.026932146,0.015577501,0.016580295
2022-04-05,0.033014696,0.022846777,0.030567093,0.052690934,0.024120731,0.03008521,0.028932128,0.04038869,0.020976162,0.047665186,0.031054206,0.03673367,0.03922041,0.01723758,0.017870447,0.06184919,0.030302435,0.026656376,0.029091064,0.034174778,0.0366061,0.02923981,0.034272052,0.049051616,0.041132346,0.030540979,0.031466328,0.028447539,0.031004073,0.016838336,0.015923066
2022-04-06,0.03752696,0.026740452,0.030727599,0.047754463,0.026030341,0.029776817,0.02522162,0.04230128,0.019659812,0.05052441,0.026030008,0.037451394,0.035155706,0.019289453,0.015124756,0.06125719,0.02644785,0.028162908,0.03442972,0.03377916,0.030532803,0.026730115,0.0336616,0.04816951,0.04496542,0.034279265,0.03178475,0.027364122,0.03564633,0.018659072,0.014815123
2022-04-07,0.043193996,0.027232766,0.034558605,0.051020462,0.024264188,0.028887523,0.021413548,0.04572533,0.019495912,0.05438917,0.027649838,0.03633867,0.03620704,0.01719339,0.014950615,0.0586275,0.030315502,0.026168605,0.031775195,0.037090372,0.032334436,0.021905636,0.030334877,0.053443287,0.062009033,0.029374288,0.028889796,0.021823853,0.025764786,0.013951389,0.01367039
2022-04-08,0.04665929,0.02277945,0.038573377,0.056284044,0.020799918,0.031046335,0.020993087,0.046457738,0.021890387,0.047988497,0.03586406,0.037772138,0.036114614,0.017340874,0.017790325,0.05670048,0.038271982,0.026338462,0.023504784,0.034337606,0.033480242,0.026093286,0.024515206,0.054855,0.06666667,0.02693044,0.023495015,0.018319653,0.020323694,0.012509847,0.015303506
2022-04-11,0.04086686,0.023923222,0.04219837,0.052342605,0.02313582,0.029107036,0.018540876,0.05869815,0.02443936,0.046629664,0.036221832,0.03790817,0.030864142,0.018378844,0.018863136,0.0544311,0.0461089,0.027594456,0.02446462,0.035241883,0.028986817,0.024745833,0.028356723,0.05063954,0.06666667,0.026243445,0.022564605,0.01706107,0.017350186,0.01188802,0.015538041
2022-04-12,0.032005493,0.023419458,0.036663167,0.047853693,0.030084206,0.020210346,0.021595964,0.06601529,0.021389082,0.0398737,0.031422503,0.039069675,0.028520253,0.022690786,0.018168766,0.05123961,0.050469015,0.032416455,0.03305956,0.0332282,0.030281395,0.017777164,0.04157624,0.043177493,0.06037277,0.027018845,0.02996167,0.019931985,0.023737885,0.013938416,0.012830911
2022-04-13,0.028560283,0.020996511,0.036737632,0.03941529,0.03337622,0.021964855,0.02799804,0.055322114,0.022702588,0.03841126,0.038397733,0.030516122,0.03722357,0.023372056,0.016529398,0.047105905,0.06179484,0.03575336,0.027814465,0.024602262,0.029602258,0.020552427,0.042024486,0.048283704,0.06666667,0.025987837,0.029626654,0.01849218,0.025537893,0.013757664,0.010873735
2022-04-14,0.0319638,0.0249733,0.035644796,0.03850377,0.028974377,0.031678364,0.026034074,0.04086146,0.020461269,0.037048828,0.044817522,0.029199727,0.04665058,0.023488924,0.016620114,0.051980413,0.06666667,0.03484043,0.021723377,0.023520503,0.026079765,0.026550036,0.03144411,0.058344487,0.06666667,0.023523577,0.02893141,0.01611402,0.024285764,0.012562261,0.009845614
2022-04-18,0.033385437,0.023785638,0.031450815,0.04124008,0.033958323,0.033366673,0.023240559,0.039951436,0.027255448,0.05314406,0.03946912,0.03255608,0.05034961,0.02116665,0.010687756,0.053684153,0.057285927,0.028068854,0.019399162,0.028201232,0.025651569,0.031957265,0.026301907,0.061903127,0.06666667,0.025610773,0.025608871,0.015646908,0.01681639,0.012263739,0.009925766
2022-04-19,0.023728177,0.02151986,0.03480907,0.031741668,0.03853438,0.03834861,0.023188345,0.04013448,0.03703321,0.05713555,0.04420044,0.029580144,0.057733875,0.021890812,0.009570106,0.048830673,0.055606194,0.028059721,0.018532947,0.024479726,0.023148654,0.03937192,0.031660505,0.05144812,0.060013633,0.028713915,0.02251726,0.019467441,0.014459807,0.012942207,0.011598548
2022-04-20,0.017649595,0.02693321,0.034821887,0.03369115,0.030767111,0.047622126,0.024158267,0.03549382,0.024561567,0.040448464,0.045572966,0.031457778,0.058197986,0.02695774,0.013315824,0.051343955,0.06666667,0.034366485,0.01870302,0.02327712,0.019639889,0.03537881,0.03322323,0.051671352,0.05896785,0.02594228,0.03009987,0.01939933,0.017505737,0.01291091,0.009254002
2022-04-21,0.017125318,0.03888938,0.034597717,0.035081394,0.028854173,0.049129736,0.015403869,0.03942024,0.021820353,0.04049844,0.03732886,0.038018532,0.042937625,0.031135151,0.016466158,0.054184154,0.06666667,0.033229895,0.022375735,0.030325651,0.014941486,0.032670196,0.033008933,0.047897432,0.057270978,0.02729009,0.033295512,0.019032383,0.017144501,0.0139061725,0.010053278
2022-04-22,0.0162995,0.039930664,0.029306734,0.03127704,0.037391666,0.040541552,0.01780605,0.041014306,0.01864696,0.03591783,0.033057258,0.03816272,0.0353812,0.03763622,0.013463291,0.0590605,0.055706494,0.035491344,0.028993918,0.028642459,0.013950034,0.028170427,0.04331108,0.046153184,0.053243723,0.029139698,0.039847698,0.023522142,0.026207875,0.014632883,0.008093552
2022-04-25,0.015826205,0.028359586,0.021268766,0.025215192,0.051619183,0.030586218,0.028044738,0.04697366,0.018930906,0.025966298,0.028855082,0.036036313,0.033009734,0.05738343,0.011377333,0.047633573,0.046028927,0.04026034,0.03588791,0.019651987,0.016456788,0.02852249,0.047976322,0.03987701,0.044721488,0.02943965,0.042857267,0.03119032,0.043665122,0.019085716,0.007292441
2022-04-26,0.016812157,0.028080365,0.018644312,0.027133152,0.040186737,0.027682092,0.030786566,0.030846553,0.013092781,0.021099366,0.032143623,0.03389786,0.042242534,0.048466403,0.014761993,0.04552207,0.049844462,0.04674098,0.033825234,0.017396303,0.02000684,0.026747307,0.037946004,0.05307638,0.05743332,0.023834627,0.052850977,0.02484847,0.05693469,0.02010454,0.0070113083
2022-04-27,0.019166306,0.033496704,0.014030508,0.020403653,0.06666667,0.019694004,0.04185898,0.046665385,0.01417948,0.021845298,0.015089056,0.03418316,0.0368716,0.06666667,0.012987414,0.025566451,0.03690397,0.04606348,0.048957564,0.017443491,0.020599023,0.022467332,0.031470705,0.042078033,0.033796042,0.023194017,0.0556046,0.027295662,0.06382037,0.033896357,0.007038018
2022-04-28,0.022392217,0.026170237,0.012579447,0.021448862,0.06666667,0.01679807,0.060318425,0.041972768,0.016191157,0.023292542,0.019144423,0.026903184,0.049995955,0.06257999,0.012837718,0.021317696,0.038298737,0.04249667,0.037929688,0.016009128,0.027853666,0.028179223,0.021559162,0.049863037,0.040272936,0.020248787,0.0459333,0.02402363,0.06257362,0.035553843,0.008595216
2022-04-29,0.026823822,0.021657571,0.014638665,0.028697731,0.05216454,0.026468605,0.054902148,0.03345085,0.016911225,0.02050667,0.027953647,0.027081953,0.053519607,0.06666667,0.01705735,0.02247384,0.048128042,0.045430187,0.021814777,0.013955374,0.025954422,0.043212008,0.012193083,0.05942225,0.05902012,0.01800159,0.036491964,0.018303197,0.050103046,0.026979653,0.010015399
2022-05-02,0.0359682,0.025383243,0.011842528,0.02353289,0.06666667,0.022551186,0.06643839,0.040590778,0.023206072,0.028245466,0.01570021,0.028892208,0.046332322,0.06666667,0.011356593,0.018934816,0.031316534,0.043915205,0.026291197,0.014892999,0.021726007,0.053478643,0.010695146,0.050343312,0.032772098,0.022160796,0.038088683,0.02162301,0.04761822,0.04293857,0.009831338
2022-05-03,0.030044602,0.020908082,0.013476829,0.020200748,0.06666667,0.024674,0.06666667,0.036477376,0.03186104,0.032235563,0.020998958,0.020974506,0.060272496,0.055940416,0.010673949,0.016591735,0.031052351,0.04623651,0.020444797,0.012363258,0.022307359,0.06666667,0.011441717,0.055277023,0.02929901,0.02203769,0.03102791,0.025662849,0.044093557,0.04298106,0.010444607
2022-05-04,0.028680757,0.02346217,0.015572874,0.020182945,0.06666667,0.032818843,0.06666667,0.038144875,0.042569514,0.03533945,0.020895021,0.020987092,0.06342726,0.04871934,0.011740415,0.016235048,0.033642408,0.045878544,0.018484123,0.012671388,0.018640926,0.06666667,0.011327415,0.053555008,0.023329193,0.021415714,0.028096536,0.027428484,0.0320469,0.044197466,0.010510293
2022-05-05,0.023856439,0.02720486,0.020413768,0.023157084,0.06613435,0.039627317,0.06666667,0.0402903,0.043002058,0.03485377,0.025852157,0.019739289,0.06666667,0.032256693,0.014526395,0.019524304,0.040113017,0.042093173,0.01621996,0.01561947,0.020041758,0.06666667,0.0127729885,0.06261894,0.021309426,0.017889151,0.027866822,0.02510869,0.022239942,0.035011426,0.010656446
2022-05-06,0.023168683,0.026059307,0.015642583,0.020005297,0.06666667,0.02453236,0.06666667,0.0628422,0.044365514,0.041463837,0.015692642,0.02150625,0.063177854,0.037898265,0.0093622245,0.017748067,0.029275965,0.037558928,0.026950559,0.017836027,0.021484653,0.06085721,0.018073145,0.05016506,0.016185308,0.021279963,0.031248767,0.030992491,0.028021343,0.042888585,0.010383581
2022-05-09,0.019249566,0.019172814,0.019043216,0.022949,0.06666667,0.024003042,0.06666667,0.06312122,0.051284716,0.041290842,0.022340853,0.020009397,0.06666667,0.03204771,0.0123240305,0.017457886,0.04188339,0.037255697,0.0207855,0.016786672,0.027752427,0.05894745,0.019372296,0.04809023,0.019854134,0.019822314,0.027574882,0.030906191,0.021786125,0.032805856,0.01208254
2022-05-10,0.015742404,0.024986539,0.015246997,0.02046196,0.06666667,0.016518489,0.06666667,0.06666667,0.035217833,0.030975353,0.014794356,0.028072705,0.047754955,0.046597403,0.012944845,0.017657898,0.040857244,0.048305217,0.033327445,0.017469991,0.021875057,0.043500207,0.027312001,0.038997564,0.0149782095,0.020835763,0.04215154,0.03517618,0.035299096,0.04267461,0.0102681415
2022-05-11,0.016308492,0.022080611,0.016441768,0.018553637,0.06666667,0.017140826,0.06666667,0.060526162,0.042058967,0.03372897,0.019956378,0.025054911,0.054748837,0.042409692,0.013317823,0.016527852,0.041533366,0.045725867,0.028967911,0.015526087,0.026792604,0.047577303,0.0252202,0.040720306,0.019853225,0.02088365,0.034476094,0.037103195,0.034590878,0.035520714,0.013320339
2022-05-12,0.017816596,0.019337099,0.018378936,0.020469343,0.06666667,0.014452263,0.06666667,0.06666667,0.046414737,0.04184586,0.01929632,0.026251348,0.06282861,0.031174503,0.01019688,0.017929902,0.036640707,0.038688995,0.03132393,0.019501906,0.035211064,0.040572405,0.028579287,0.04146775,0.019445729,0.021112997,0.03132303,0.03635039,0.027479364,0.031502385,0.014407667
2022-05-13,0.021078644,0.01579528,0.020635527,0.026315074,0.06666667,0.016636074,0.06666667,0.06666667,0.046692457,0.038964853,0.021274554,0.029584542,0.051969502,0.035422347,0.012403037,0.019286048,0.040365294,0.043003205,0.022499342,0.018474577,0.03235799,0.048685264,0.023076303,0.044240806,0.022096006,0.020202698,0.029503625,0.031750746,0.024457997,0.028671114,0.014557097
2022-05-16,0.019546743,0.011808618,0.02209678,0.03196052,0.05623693,0.019163763,0.06666667,0.06576381,0.042883027,0.03271373,0.027940787,0.026452327,0.056987733,0.032880638,0.015797967,0.021155955,0.048712146,0.04644319,0.016951349,0.015549383,0.031895004,0.054750435,0.022384623,0.04630774,0.023386259,0.019652834,0.02770519,0.029936587,0.024882942,0.027459571,0.013926753
2022-05-17,0.023140755,0.011729335,0.023816876,0.035311196,0.05248475,0.022151388,0.058824018,0.06666667,0.050541744,0.03839949,0.027390229,0.028469354,0.05511277,0.032099668,0.016714774,0.019297473,0.05052365,0.043011114,0.014776399,0.018126504,0.030583035,0.062332455,0.017093483,0.047515962,0.026931474,0.019661434,0.023968719,0.025682617,0.01703486,0.02463554,0.015972266
2022-05-18,0.02007811,0.011056106,0.02940165,0.039496288,0.04029281,0.02329358,0.06033556,0.06666667,0.05839585,0.04140742,0.031474773,0.023813147,0.057650153,0.02290735,0.026388243,0.015370275,0.046561606,0.038669974,0.0153647605,0.018875694,0.044878654,0.044576645,0.02206507,0.037717126,0.022101307,0.021949964,0.023045849,0.032609414,0.015876105,0.025470182,0.02220967
2022-05-19,0.020713042,0.018222282,0.024068445,0.029839383,0.063762955,0.02612282,0.05325916,0.06666667,0.06666667,0.049665485,0.016251268,0.03271563,0.047375847,0.026327247,0.019486817,0.011533684,0.02936494,0.031780094,0.025501957,0.026066715,0.038462285,0.037274063,0.024738658,0.028237348,0.011197315,0.025612269,0.023699565,0.050418027,0.014131678,0.03742418,0.023413518
2022-05-20,0.021664495,0.021625616,0.025310013,0.027410332,0.055161238,0.030171847,0.04974924,0.065903075,0.06666667,0.05595168,0.01797992,0.030452564,0.056291178,0.02017807,0.019518502,0.011539495,0.0285849,0.027840089,0.024883498,0.0285693,0.043569252,0.03433594,0.024658544,0.029572528,0.012664091,0.024336956,0.021097755,0.051999707,0.012592566,0.033425566,0.026295377
2022-05-23,0.028345253,0.02230721,0.028855305,0.03785842,0.040798433,0.031731762,0.042745005,0.06156776,0.06348175,0.049229197,0.021519212,0.03416182,0.047509294,0.020397535,0.023077866,0.015208633,0.02985466,0.024106758,0.024913676,0.034682687,0.053758174,0.027546206,0.023665693,0.030842176,0.019666834,0.023228066,0.019527469,0.047762476,0.014024437,0.024987537,0.032638703
2022-05-24,0.017484393,0.020345312,0.034819294,0.040163595,0.028524898,0.02852096,0.052254673,0.06398397,0.05098531,0.037186056,0.02777083,0.030644048,0.05798777,0.014628759,0.02962403,0.016587675,0.04385305,0.025501728,0.026037402,0.03534353,0.06666667,0.020614848,0.03238578,0.032706313,0.01999323,0.01853664,0.022285094,0.042661533,0.011777269,0.019002628,0.031122718
2022-05-25,0.019753238,0.025690466,0.039480887,0.046710696,0.024221445,0.026985958,0.04112171,0.06666667,0.044626076,0.040120464,0.025406465,0.033508707,0.048377983,0.011550881,0.031247135,0.019320596,0.036907688,0.0200701,0.03412345,0.052188765,0.06666667,0.014312247,0.03926225,0.033304177,0.02085664,0.017690806,0.022888595,0.039208807,0.009016537,0.015258688,0.03345521
2022-05-26,0.017976435,0.020358298,0.044019282,0.049838927,0.02205205,0.029628705,0.043680966,0.06666667,0.051687162,0.03958924,0.028229984,0.032509867,0.043745182,0.012120852,0.037076354,0.017383207,0.03919264,0.020469045,0.026982471,0.04681594,0.06666667,0.01613756,0.039872695,0.030656662,0.017858848,0.018736104,0.01999064,0.042417757,0.007671871,0.015097242,0.03487068
2022-05-27,0.014673128,0.020623885,0.044948705,0.050174307,0.023464557,0.03380536,0.04827177,0.06666667,0.05332518,0.034276765,0.027251493,0.037335925,0.034523305,0.016534138,0.041864462,0.016097924,0.039256737,0.0210424,0.025796331,0.044512067,0.06047886,0.018482057,0.04091799,0.025728699,0.013675991,0.020215288,0.020495763,0.044761904,0.0076750303,0.015756773,0.03736654
2022-05-31,0.013000569,0.024930287,0.042594966,0.04675629,0.022231314,0.04201103,0.040267542,0.06666667,0.051632423,0.03427479,0.025628092,0.03646109,0.034419663,0.017525686,0.051562402,0.014969025,0.040577,0.020659346,0.027502485,0.046174444,0.05256143,0.017938653,0.042928718,0.024054551,0.013468626,0.02088645,0.02260015,0.04739975,0.0076304264,0.016219873,0.03446627
2022-06-01,0.010817067,0.022487177,0.037193798,0.041383635,0.028275779,0.04500206,0.04367394,0.06666667,0.050095245,0.03225649,0.021234136,0.040761508,0.027260022,0.025901,0.04163635,0.013316823,0.0296627,0.023855997,0.032992467,0.040036783,0.04285172,0.019669646,0.051885907,0.019608885,0.009673879,0.027770068,0.025550446,0.06454398,0.010980707,0.020472955,0.032482166
2022-06-02,0.010936028,0.022240402,0.03538184,0.03584322,0.031487964,0.051449317,0.043727282,0.06666667,0.054953765,0.03587814,0.02066766,0.04164697,0.028227333,0.028985903,0.0359022,0.012405816,0.02658626,0.022532253,0.029594986,0.03778117,0.039363593,0.024845576,0.0468482,0.018837882,0.009198787,0.031339392,0.023213202,0.06666667,0.01094394,0.022167997,0.03367959
2022-06-03,0.010316058,0.01975452,0.034681596,0.039000776,0.029601887,0.053545136,0.04750253,0.06666667,0.050645232,0.03292052,0.021204608,0.038469244,0.025297938,0.033302303,0.03900205,0.013359636,0.02642624,0.026208522,0.027997745,0.03129423,0.03320223,0.028321031,0.048417468,0.01877767,0.008047909,0.03361441,0.025143802,0.06666667,0.01388759,0.02535351,0.03137028
2022-06-06,0.012558354,0.019415148,0.03191202,0.036918677,0.041165993,0.04784476,0.04772686,0.06666667,0.055368725,0.042273276,0.016810264,0.036163162,0.02547647,0.033028062,0.026508482,0.01264624,0.018699538,0.023946043,0.03343419,0.03327009,0.032390576,0.028484788,0.04804657,0.019901354,0.0074533843,0.03745477,0.02514877,0.06666667,0.014272209,0.029004851,0.02934304
2022-06-07,0.012222213,0.021760223,0.031514544,0.035551403,0.04302566,0.044682525,0.042604037,0.06666667,0.054485667,0.043583926,0.016040213,0.037090465,0.02477358,0.03314108,0.02760206,0.012797272,0.019200308,0.023127915,0.035934173,0.03430941,0.0328038,0.025870858,0.051598623,0.018282762,0.0073090014,0.038048387,0.025196835,0.06666667,0.014911503,0.029789506,0.029408721
2022-06-08,0.014536283,0.023909103,0.032815646,0.03430319,0.043404676,0.052849386,0.037796196,0.06666667,0.06382568,0.04785072,0.0174606,0.0339298,0.02773336,0.03210278,0.029019987,0.012431604,0.022141246,0.020532224,0.031197168,0.034362786,0.033213854,0.026619703,0.042018443,0.018136876,0.009062686,0.0352738,0.021339718,0.06666667,0.0116385305,0.02674123,0.030419394
2022-06-09,0.0148402555,0.022586934,0.030865667,0.031269092,0.047078367,0.05968711,0.035725724,0.06666667,0.06666667,0.050653122,0.018658256,0.032924823,0.031923942,0.03014874,0.023635056,0.013280114,0.021611575,0.01982457,0.02890767,0.031309936,0.029784836,0.030449495,0.04351767,0.019425346,0.009021946,0.037199974,0.019480757,0.06666667,0.011231672,0.028615318,0.026342029
2022-06-10,0.016188195,0.02638455,0.026574492,0.025523644,0.056829896,0.052538037,0.03517457,0.06666667,0.06493321,0.049945757,0.017430624,0.033472117,0.035852496,0.028491355,0.017293485,0.015786557,0.017870534,0.018881846,0.032765083,0.033180907,0.026569368,0.03237309,0.048626296,0.020828277,0.008524903,0.036852527,0.020051632,0.06666667,0.013334243,0.032204237,0.02218474
2022-06-13,0.015513296,0.024957512,0.024167415,0.02275347,0.061908375,0.045800086,0.036738176,0.06666667,0.060379863,0.044520404,0.020109145,0.036365587,0.045821838,0.031255674,0.012769428,0.018581972,0.022556134,0.021159846,0.030734211,0.03050881,0.025833225,0.035966534,0.047426965,0.024323275,0.010866209,0.03402956,0.020044837,0.06666667,0.014775093,0.029479686,0.01732004
2022-06-14,0.014712789,0.02364462,0.020620864,0.019556595,0.06666667,0.03018288,0.054633286,0.06666667,0.043936163,0.03424577,0.021415457,0.035942696,0.05539751,0.032779455,0.0079649445,0.024351748,0.021387696,0.02398426,0.034384962,0.026312178,0.027959457,0.03431716,0.05277784,0.027268963,0.010999622,0.029867066,0.024069356,0.06666667,0.023536123,0.030637968,0.01311257
2022-06-15,0.012527978,0.018604496,0.023169847,0.020253105,0.06666667,0.02241545,0.0643332,0.06439752,0.045745436,0.028968062,0.03025614,0.03852503,0.03991864,0.039833866,0.006716778,0.030684272,0.022223616,0.021854408,0.028256543,0.023121344,0.03129563,0.039497737,0.052594572,0.025217181,0.011912125,0.031326845,0.019358624,0.06666667,0.030021483,0.026046207,0.017590528
2022-06-16,0.012857484,0.019310016,0.02457027,0.022064848,0.06666667,0.024881866,0.06046679,0.05411246,0.04207765,0.024333777,0.031912733,0.043199506,0.043295905,0.0400329,0.008161115,0.035097193,0.025097186,0.024543168,0.026525237,0.02152081,0.030013002,0.041793846,0.047051426,0.025231011,0.011657641,0.028692462,0.02050436,0.06666667,0.03124873,0.02854491,0.01786836
2022-06-17,0.013354104,0.022573907,0.019166185,0.020479443,0.06666667,0.020287508,0.050073717,0.051953707,0.033822365,0.020093823,0.022486838,0.05191724,0.02551645,0.06492489,0.0076066474,0.03892091,0.023639083,0.029165784,0.036319897,0.018762253,0.020735325,0.035748653,0.04900432,0.022362242,0.011475813,0.030978987,0.02675425,0.06666667,0.04994762,0.033948474,0.014646239
2022-06-21,0.011862252,0.01864346,0.019030537,0.021281475,0.06632659,0.018682674,0.050524242,0.038336694,0.029940207,0.018275674,0.0277399,0.047241494,0.028387796,0.060280733,0.009978761,0.03793609,0.027965868,0.035284344,0.032247018,0.015619029,0.023808615,0.033043176,0.052400824,0.023710338,0.013230877,0.030251164,0.02957447,0.06666667,0.063311204,0.034927636,0.013490191
2022-06-22,0.012049533,0.018358603,0.029809488,0.02947919,0.04164271,0.03048035,0.032482054,0.04004109,0.037843466,0.020802682,0.049978856,0.052957844,0.03905272,0.044789605,0.014673775,0.048619267,0.048861746,0.03433187,0.021471504,0.018369038,0.025621187,0.040293742,0.04184763,0.02986499,0.024046056,0.024090467,0.022159398,0.05856225,0.032942694,0.018863989,0.015612205
2022-06-23,0.013838139,0.023308046,0.027840126,0.03428104,0.036805157,0.02863638,0.023452396,0.04786784,0.026959483,0.019739583,0.03660945,0.0609624,0.03542041,0.043728426,0.020024855,0.047068667,0.044321574,0.035662066,0.031741705,0.023917245,0.027073346,0.026075274,0.047644563,0.028151147,0.024813693,0.023640946,0.029973239,0.056889053,0.03848286,0.020513967,0.014556925
2022-06-24,0.014593938,0.02666615,0.027471501,0.039706055,0.023220908,0.02555697,0.016221903,0.046118505,0.019028185,0.017460996,0.038904663,0.06422933,0.027868126,0.040259268,0.030128181,0.04828669,0.049836177,0.03466734,0.036312692,0.030573418,0.03243971,0.017451596,0.047921713,0.028017422,0.040031098,0.021863889,0.031910747,0.048747573,0.042634528,0.015301638,0.016569095
2022-06-27,0.01366229,0.018237038,0.033095002,0.05342024,0.017625205,0.026254078,0.022268247,0.03970359,0.017316878,0.014887167,0.046914496,0.06482253,0.028490897,0.035569493,0.035907835,0.051032357,0.053762216,0.040686786,0.02669181,0.027087146,0.038660727,0.022540348,0.040762313,0.02986188,0.03358452,0.02112034,0.032912236,0.040448073,0.038160365,0.015134868,0.019379025
2022-06-28,0.01670564,0.021735156,0.031976916,0.049162112,0.024029162,0.02576849,0.018914599,0.05256451,0.022912744,0.020571426,0.03487682,0.06666667,0.021868637,0.040573876,0.030921841,0.04677836,0.040819556,0.036693927,0.033234127,0.03207039,0.03413435,0.025058148,0.04002632,0.02735295,0.031214124,0.026500473,0.031339362,0.041262172,0.035069227,0.016830796,0.02236712
2022-06-29,0.014970323,0.020872997,0.027746636,0.036363512,0.040206045,0.018124146,0.023544597,0.06666667,0.030754972,0.0271129,0.026034074,0.0636972,0.019629722,0.041656256,0.01911325,0.03950302,0.03224827,0.03020826,0.045920633,0.03348834,0.03714236,0.022593645,0.055731595,0.022318821,0.022943933,0.030332504,0.029738553,0.04838229,0.033527605,0.017297277,0.0221296
2022-06-30,0.013006814,0.021877104,0.025707165,0.03676568,0.03402279,0.018349018,0.019832129,0.061202195,0.026161179,0.02452555,0.02929949,0.06594854,0.01643886,0.04686237,0.023368118,0.040023196,0.036711026,0.029281473,0.04409921,0.032887373,0.038454715,0.020045985,0.058595292,0.019940553,0.028484909,0.031704716,0.031224174,0.047583934,0.039608352,0.015302368,0.022685722
2022-07-01,0.013865538,0.022408815,0.023365332,0.03793692,0.036563773,0.015755773,0.019862663,0.059270114,0.024779564,0.024056502,0.025164107,0.06666667,0.01322349,0.05285713,0.02158763,0.038745683,0.03342577,0.028036555,0.052116614,0.03367473,0.038999576,0.017329825,0.05842126,0.019433066,0.027690321,0.032703497,0.0334411,0.046552397,0.042889465,0.015971879,0.023204241
2022-07-05,0.0133069875,0.026523117,0.025785105,0.036958385,0.030067112,0.014950833,0.021273479,0.06666667,0.020701788,0.022044018,0.02704995,0.06260993,0.013056094,0.045249514,0.026212769,0.039349172,0.038397137,0.02543072,0.05512054,0.03806874,0.04402984,0.013079583,0.064077854,0.01947651,0.03549918,0.02874055,0.034989756,0.038663384,0.037228893,0.012078674,0.023313714
2022-07-06,0.012454546,0.024633063,0.021506883,0.035868265,0.03175097,0.015660504,0.021823402,0.062485933,0.018215999,0.017961819,0.02217273,0.06666667,0.009984244,0.06407337,0.027260667,0.036196876,0.034575805,0.029584749,0.054928128,0.031381186,0.034945562,0.01467334,0.06125413,0.01756,0.027346002,0.032370906,0.038413174,0.044185065,0.052771214,0.015953796,0.021341015
2022-07-07,0.0145228505,0.026102869,0.020573977,0.04064543,0.028861847,0.019952608,0.017038498,0.05782506,0.018676162,0.018961057,0.022156982,0.06666667,0.010057491,0.06666667,0.032088403,0.036413923,0.036235824,0.03158722,0.05026096,0.032247454,0.03063307,0.017423522,0.04954524,0.0187984,0.029974977,0.03343466,0.038347423,0.043822963,0.05174588,0.017566577,0.021165347
2022-07-08,0.014161793,0.02592537,0.021763002,0.043049894,0.030975267,0.026788326,0.020261476,0.057620406,0.02316344,0.020796455,0.021492762,0.06666667,0.012299218,0.065644465,0.032249577,0.032358326,0.0367357,0.033935476,0.04386626,0.03163026,0.02874372,0.023237221,0.041788798,0.021119975,0.023144448,0.034035712,0.036555067,0.044439424,0.042013973,0.02106054,0.022476988
2022-07-11,0.015341344,0.03179989,0.018958611,0.04151178,0.037571892,0.030671077,0.019068815,0.058554236,0.024275031,0.022171281,0.015574357,0.06666667,0.011330709,0.06666667,0.03151318,0.029907849,0.032686863,0.033813395,0.046400145,0.03200742,0.021987485,0.027238013,0.035387218,0.020468652,0.018078167,0.03579011,0.038914695,0.043798044,0.043721534,0.027654136,0.02047074
2022-07-12,0.016552927,0.033959307,0.016306667,0.03837092,0.042061646,0.023889825,0.01954576,0.060014192,0.023819484,0.025893806,0.012213668,0.06666667,0.010525617,0.06666667,0.02911217,0.024270322,0.02831703,0.033235658,0.0569678,0.03415391,0.022287084,0.023314012,0.03281935,0.021357328,0.018510398,0.035980403,0.04194561,0.042074826,0.048092257,0.03047037,0.02060433
2022-07-13,0.016961548,0.036037337,0.0138074765,0.031510416,0.04908912,0.02030388,0.021028824,0.060714416,0.026428116,0.029809948,0.009668558,0.0634704,0.010972544,0.06666667,0.02699179,0.019892901,0.027832977,0.034649704,0.06216649,0.03158074,0.020255635,0.020818137,0.03471233,0.020460462,0.015392193,0.03730471,0.045255546,0.043168265,0.048415583,0.037590828,0.01704246
2022-07-14,0.018404666,0.033668205,0.013502295,0.031181991,0.04663539,0.020889439,0.024382422,0.055242646,0.026165832,0.028157782,0.010881967,0.058828205,0.012277145,0.06666667,0.028216558,0.019045988,0.029373689,0.03686674,0.05751684,0.028972631,0.020835562,0.022306299,0.031845525,0.021626292,0.017377755,0.03775492,0.04535899,0.043929372,0.053216092,0.041649345,0.01722276
2022-07-15,0.024472935,0.04067228,0.012278005,0.025904614,0.041619074,0.024361052,0.019525727,0.046107598,0.023638269,0.030593593,0.012480949,0.049417283,0.015694838,0.06666667,0.029066212,0.019342603,0.028480224,0.038075484,0.057399098,0.027851095,0.0186731,0.023583123,0.028320704,0.02662559,0.02653314,0.036620896,0.0445065,0.042821273,0.06233234,0.040260673,0.016075052
2022-07-18,0.01981638,0.04165266,0.016820677,0.027680501,0.038493734,0.0298833,0.020487364,0.043357164,0.026681922,0.028744468,0.018001562,0.048714295,0.016671188,0.062417608,0.033117346,0.023155509,0.0385342,0.04197602,0.052189067,0.02722151,0.018915359,0.02312245,0.032652114,0.028347759,0.03166183,0.031842772,0.04299722,0.04058296,0.052165378,0.02612375,0.015971933
2022-07-19,0.017451556,0.043148715,0.014145575,0.022181705,0.056310363,0.030926397,0.027110944,0.049416278,0.032553677,0.026465533,0.012292661,0.05230929,0.013304978,0.06666667,0.026055316,0.018194031,0.03431331,0.0409818,0.05539987,0.022754712,0.014584051,0.02698202,0.03080429,0.021967435,0.018558882,0.033890232,0.042187285,0.046286087,0.05131189,0.0353489,0.016095553
2022-07-20,0.01334947,0.03756549,0.014960583,0.030223604,0.04511806,0.039588045,0.03038281,0.047487017,0.0383235,0.025580395,0.017710242,0.05410609,0.016375057,0.06666667,0.031710956,0.021048855,0.05244174,0.038142268,0.03988799,0.024349086,0.016900955,0.032544944,0.03010263,0.023455165,0.0191771,0.02917989,0.03925068,0.0450297,0.03509425,0.027047245,0.017199516
2022-07-21,0.013279428,0.045736924,0.0108781895,0.023250086,0.06443709,0.054435376,0.035717297,0.047665186,0.045716263,0.02408731,0.012024283,0.05421318,0.015370831,0.06666667,0.025985124,0.015849195,0.040995985,0.033846293,0.039096523,0.020356964,0.012632784,0.040817913,0.024041241,0.020985162,0.012611499,0.029052002,0.038870018,0.049598176,0.031663243,0.035185695,0.0149340695
2022-07-22,0.014214706,0.057613984,0.009209082,0.023216125,0.060103256,0.062866084,0.027387662,0.042120893,0.043592744,0.025169488,0.009977439,0.05576842,0.013290167,0.06666667,0.030363122,0.015610384,0.038537614,0.031641237,0.041173466,0.020924747,0.011101842,0.03873307,0.0220867,0.019990502,0.01233149,0.029843017,0.041905057,0.049069032,0.0322876,0.038692582,0.014511817
2022-07-25,0.016891818,0.061395105,0.008209511,0.024954356,0.060063995,0.047502503,0.027696786,0.04422576,0.036495157,0.027190419,0.007946335,0.052194264,0.011125849,0.06666667,0.03078706,0.01475891,0.032116283,0.031346913,0.055207457,0.023299685,0.012254302,0.029654974,0.022632789,0.019615013,0.012817388,0.031472646,0.050275795,0.045795124,0.03891357,0.041810427,0.014683136
2022-07-26,0.017814258,0.049892485,0.009277169,0.028926546,0.054270048,0.04378618,0.026894474,0.053528372,0.048974752,0.03306737,0.010150713,0.04638824,0.012231752,0.06666667,0.036483802,0.014130767,0.043394584,0.031058053,0.048819985,0.023529947,0.014418083,0.029077075,0.023067582,0.020837778,0.016340356,0.030083843,0.04377242,0.042779874,0.028526017,0.035084173,0.01672664
2022-07-27,0.019692335,0.038216863,0.010523112,0.031193798,0.048521325,0.03522838,0.030269694,0.051335633,0.048491526,0.041046992,0.011897547,0.03553228,0.016009409,0.06666667,0.038384162,0.012593993,0.036231946,0.026114509,0.05323647,0.024229428,0.025146976,0.018803092,0.03144799,0.019135403,0.01869594,0.035368346,0.045425747,0.04834318,0.029684596,0.03412771,0.018404957
2022-07-28,0.013858275,0.03141132,0.01394258,0.034765594,0.029047538,0.048592046,0.034578994,0.041247785,0.048158668,0.03336136,0.026870463,0.030475281,0.02429992,0.04156462,0.04425893,0.020741815,0.051283594,0.026173903,0.040472373,0.021499762,0.027985493,0.023579106,0.044153526,0.026316654,0.024308076,0.030292539,0.04195992,0.05461566,0.026431559,0.023575777,0.020176882
2022-07-29,0.012200906,0.033427324,0.018550675,0.04222605,0.022381492,0.039963085,0.037303828,0.049270686,0.033523794,0.02932225,0.029740982,0.03259087,0.027085572,0.03003245,0.042892292,0.029459016,0.0538384,0.022710294,0.043812692,0.029895004,0.035421763,0.019723093,0.054177463,0.026147308,0.021792378,0.027183704,0.043128286,0.050519224,0.022157302,0.018573679,0.020948136
2022-08-01,0.015714658,0.033677764,0.027326599,0.04270486,0.024884705,0.066664726,0.037842885,0.046241004,0.04726165,0.043074988,0.034201365,0.03395972,0.03933789,0.019394629,0.027528996,0.034831256,0.03506488,0.017263344,0.026734866,0.035315324,0.032066338,0.03610277,0.041147836,0.035275467,0.018371409,0.026801534,0.02728291,0.04318103,0.0120373415,0.015028118,0.02367914
2022-08-02,0.015982162,0.03829149,0.024595892,0.044944793,0.023131082,0.06400693,0.032054428,0.050885342,0.032265138,0.03221858,0.02745219,0.039671674,0.030216403,0.027440054,0.03387648,0.038180307,0.036551546,0.021374054,0.03297246,0.034234863,0.024903938,0.03216306,0.045785993,0.03194691,0.017026853,0.02844745,0.036928497,0.04456335,0.017326996,0.019380793,0.021180294
2022-08-03,0.015491788,0.035549704,0.022205845,0.035851236,0.028681345,0.06081349,0.031334385,0.058879636,0.035029575,0.031091874,0.023410218,0.040052176,0.030424764,0.03856426,0.030077131,0.030719858,0.035381604,0.024624674,0.035789028,0.027756542,0.022574497,0.035160087,0.04402094,0.026576566,0.015670475,0.03157896,0.03531138,0.052645154,0.021286232,0.02325011,0.020196464
2022-08-04,0.012925931,0.038600754,0.020712193,0.03518564,0.021248017,0.059756722,0.030508595,0.045254223,0.023643916,0.024416868,0.026839424,0.035556246,0.035150267,0.03343853,0.042185385,0.028854901,0.0417954,0.030434571,0.03955998,0.02487274,0.024299046,0.025470478,0.05146443,0.028325852,0.01832829,0.029504662,0.04473094,0.053286,0.030556079,0.025084047,0.018009873
2022-08-05,0.014725116,0.042573657,0.01796904,0.03483698,0.023064012,0.045737926,0.031649876,0.035884704,0.01980427,0.02455317,0.021973025,0.034704696,0.036122072,0.030838354,0.042736925,0.026503146,0.031935606,0.031348,0.049022015,0.025519926,0.027059954,0.022337845,0.049364664,0.026612068,0.014689055,0.03156638,0.052174717,0.056698017,0.042631872,0.035773873,0.019589039
2022-08-08,0.011829188,0.04534881,0.020117668,0.030904971,0.024886487,0.038487308,0.032112814,0.038718224,0.020914322,0.024884809,0.02390468,0.030779418,0.03775648,0.026611118,0.039884854,0.027014298,0.033748657,0.03321298,0.054808475,0.025928855,0.024216188,0.021047056,0.057871047,0.028233234,0.013935963,0.028725373,0.050493926,0.05818046,0.042224094,0.033178784,0.020039473
2022-08-09,0.013893837,0.05930206,0.016184438,0.028822346,0.02826171,0.041861523,0.030458508,0.04051486,0.020371167,0.029462023,0.019618403,0.029979356,0.04207887,0.025182884,0.033948075,0.025668884,0.033946015,0.033080883,0.057015717,0.02828222,0.022825265,0.022188636,0.047037307,0.03217201,0.016395295,0.028273856,0.055669256,0.04847634,0.03949057,0.03358618,0.01595151
2022-08-10,0.012794647,0.05513071,0.020067902,0.030446187,0.026797973,0.041136403,0.03091054,0.041239507,0.02296393,0.03374136,0.024557926,0.027716963,0.04856578,0.019311534,0.032101355,0.028454969,0.038368475,0.03227189,0.054379214,0.029136099,0.025368424,0.021940354,0.050802175,0.03508533,0.019192403,0.02640946,0.051583875,0.04468324,0.031820692,0.0260329,0.01698778
2022-08-11,0.012100878,0.048866548,0.022476593,0.035960887,0.023471002,0.03647767,0.03699107,0.038982462,0.019863283,0.027535373,0.02699339,0.02561042,0.049386475,0.01721403,0.040044665,0.031658787,0.048707105,0.034688883,0.049889244,0.028043725,0.029455984,0.019482909,0.05251794,0.035764445,0.018279476,0.022257427,0.054868393,0.039069545,0.032086235,0.024607686,0.016647477
2022-08-12,0.010369901,0.04511405,0.020941883,0.03252465,0.032801177,0.029151125,0.052888878,0.052759662,0.02326837,0.029261664,0.021239413,0.023630334,0.0460441,0.019495009,0.02972689,0.028688535,0.05204717,0.035857983,0.052563164,0.02657676,0.026518198,0.020908335,0.054271925,0.034787513,0.013529997,0.021317279,0.056540526,0.03737831,0.02875017,0.025978653,0.015068375
2022-08-15,0.012240895,0.04001864,0.021065004,0.043354623,0.02659912,0.030509006,0.045301333,0.050003618,0.024606287,0.033013977,0.023897253,0.025912192,0.042762052,0.018109828,0.03728369,0.029678222,0.059516933,0.034605406,0.04420965,0.029780269,0.030628996,0.022019565,0.046013497,0.036412906,0.016466988,0.022375332,0.05350248,0.03244416,0.025216049,0.024620095,0.017831923
2022-08-16,0.012018201,0.039056715,0.020896694,0.04516592,0.026016437,0.025112474,0.04274541,0.050962474,0.0192747,0.028701989,0.020412106,0.026986975,0.035457704,0.020277617,0.03994509,0.032150574,0.059782106,0.0383734,0.050028127,0.029484272,0.02822449,0.018952822,0.05049616,0.032247316,0.01482701,0.023306997,0.06393332,0.030770108,0.031463865,0.027361829,0.015567101
2022-08-17,0.012239917,0.04213041,0.022152828,0.0443448,0.026273912,0.026805302,0.038939025,0.052694265,0.018190077,0.027746543,0.019545192,0.029691936,0.02740227,0.023142327,0.03919316,0.03423318,0.055281874,0.0438848,0.049896166,0.028923746,0.020340387,0.021029456,0.0518049,0.034680612,0.01407988,0.024692668,0.06576149,0.028710455,0.03339704,0.028326517,0.0144648645
2022-08-18,0.015199958,0.05050262,0.02315815,0.038775258,0.029685853,0.025930619,0.034623303,0.055589423,0.020277752,0.034699872,0.019264787,0.028536044,0.025477858,0.0218475,0.032301508,0.038003106,0.045331255,0.037954975,0.054982677,0.032659203,0.01988815,0.022030955,0.052741773,0.035000052,0.01703243,0.027590796,0.059284598,0.027146438,0.03265589,0.025687778,0.016139427
2022-08-19,0.016382871,0.04072174,0.024698934,0.039816912,0.029593416,0.023778409,0.04007409,0.0580028,0.02200349,0.035742808,0.02417372,0.024347754,0.03128762,0.020047365,0.029742677,0.041029748,0.048651528,0.03705776,0.04860508,0.029649932,0.022893567,0.02410237,0.052732024,0.037588637,0.020203793,0.025921438,0.05394579,0.026345521,0.03133545,0.02279206,0.016730696
2022-08-22,0.019639937,0.043546166,0.023587752,0.037214506,0.033572126,0.02165855,0.03435888,0.055845246,0.020121977,0.040013745,0.023255674,0.024636244,0.0338459,0.020224173,0.023149658,0.040920656,0.043097682,0.032486837,0.05549387,0.032807194,0.027352031,0.019204197,0.050524153,0.041087095,0.031137567,0.025673896,0.052883666,0.023894574,0.034023672,0.018909508,0.015832862
2022-08-23,0.020565122,0.04012458,0.022083366,0.031412117,0.04575749,0.020423295,0.03416123,0.063945234,0.02616442,0.043627523,0.022492623,0.024622079,0.040377203,0.022192584,0.017231718,0.034628224,0.045162532,0.030390011,0.055337586,0.031692926,0.030858828,0.018557927,0.0485278,0.03930867,0.034030348,0.024096724,0.04491619,0.025972951,0.028914755,0.017876873,0.014547069
2022-08-24,0.021528702,0.029068654,0.025543064,0.029736735,0.04870501,0.022368364,0.046711255,0.05616704,0.033416435,0.04544276,0.031383015,0.019745402,0.06666667,0.017492782,0.013497271,0.03539758,0.054862216,0.02924489,0.034244288,0.026405992,0.033840455,0.0262228,0.038719535,0.049479876,0.037816383,0.019525005,0.033845637,0.022306014,0.019940186,0.016026301,0.01464968
2022-08-25,0.022269774,0.031170905,0.027741568,0.027594337,0.043808408,0.027144339,0.04561091,0.053511992,0.03189484,0.038404852,0.035536755,0.01881269,0.06666667,0.018419264,0.015656816,0.03682857,0.06666667,0.033115633,0.028575312,0.023066442,0.02909301,0.02990933,0.034809493,0.051104017,0.04201921,0.018076573,0.03288925,0.01993095,0.018965496,0.017214276,0.013491651
2022-08-26,0.022737851,0.033499762,0.033147585,0.03344157,0.035821922,0.034736726,0.040441383,0.04581157,0.030463854,0.035577085,0.041126598,0.020422898,0.06666667,0.015368131,0.019316517,0.043910727,0.06666667,0.032515988,0.024537299,0.024201538,0.02966054,0.029290268,0.03330609,0.05470257,0.041781176,0.016072934,0.032114256,0.018318474,0.015363355,0.016265,0.012713003
2022-08-29,0.021311449,0.03474356,0.022885012,0.025080068,0.060710873,0.032912612,0.04088496,0.06012025,0.03635805,0.03650786,0.024553409,0.02314159,0.06666667,0.02638487,0.01373626,0.030263538,0.06666667,0.033707928,0.0293566,0.020937938,0.02368016,0.02957461,0.03262504,0.044420518,0.030045042,0.019383878,0.033172693,0.024594892,0.019700468,0.025061356,0.010811183
2022-08-30,0.017600756,0.027286917,0.026415402,0.023989266,0.05753792,0.036980756,0.04788156,0.057518557,0.039588604,0.033243533,0.03284194,0.021780409,0.06666667,0.02860294,0.0132147195,0.031260572,0.06666667,0.036359437,0.021647533,0.01706986,0.021851152,0.0379419,0.03344971,0.0458644,0.029983314,0.019087268,0.028113862,0.026539324,0.018653775,0.024230225,0.010131058
2022-08-31,0.016042527,0.026279505,0.021803552,0.022038594,0.06258917,0.031490296,0.050075024,0.052652616,0.033782218,0.024574073,0.027749244,0.025275629,0.0657221,0.040712614,0.013926288,0.031240102,0.06666667,0.04342982,0.023211148,0.013728974,0.017859247,0.037778452,0.035051975,0.03837936,0.023454204,0.020266416,0.03285989,0.030299824,0.028332796,0.033401757,0.00932591
2022-09-01,0.015584974,0.026209302,0.0204965,0.019710662,0.06666667,0.028439304,0.056805156,0.048097942,0.03138156,0.021836337,0.026252814,0.026133414,0.05755616,0.04740331,0.011710828,0.033479646,0.06372716,0.04207233,0.024962718,0.012648697,0.016772635,0.039321385,0.036947202,0.034231216,0.020135654,0.021942468,0.033394523,0.033625893,0.035804026,0.03742766,0.009221861
2022-09-02,0.015588367,0.034363724,0.020862179,0.023730775,0.057447925,0.031322774,0.05204794,0.045427486,0.022100097,0.018132795,0.024822867,0.03270256,0.049417414,0.05031458,0.014184987,0.03574424,0.063640095,0.044321936,0.029737731,0.014709959,0.016966023,0.029890899,0.03601982,0.037791237,0.023907445,0.020230763,0.04075745,0.029871272,0.040749475,0.034099743,0.009095426
2022-09-06,0.015761519,0.026317855,0.020959249,0.02194226,0.06666667,0.031050168,0.061282687,0.051722303,0.029125065,0.018137544,0.023436101,0.03275708,0.041741937,0.06633945,0.012736567,0.028983444,0.053120565,0.04479746,0.02524332,0.012398624,0.015384905,0.040036403,0.030816304,0.032046806,0.018346338,0.02316818,0.033815883,0.03353185,0.038874794,0.039596498,0.009862172
2022-09-07,0.016185148,0.025327977,0.022388512,0.02269416,0.065472454,0.027880872,0.06276226,0.053387687,0.03266795,0.021086218,0.02427656,0.032560837,0.0466922,0.05303012,0.013309856,0.027034165,0.04861105,0.04226135,0.027347388,0.014245857,0.018635672,0.036814507,0.03333064,0.033206988,0.018086817,0.02436394,0.03290955,0.03596242,0.035397206,0.041034468,0.011035168
2022-09-08,0.01406977,0.023053844,0.02584217,0.02910008,0.046029724,0.02526535,0.06666667,0.055040423,0.026430052,0.017626885,0.027579673,0.033436965,0.051538892,0.04125756,0.019170852,0.027558686,0.05639016,0.05074945,0.026986655,0.015139707,0.02153098,0.03330676,0.035226036,0.036328778,0.015813844,0.022006445,0.03867982,0.03159211,0.033785976,0.04193893,0.010856765
2022-09-09,0.015672583,0.02513712,0.032303378,0.033779968,0.04635909,0.027089555,0.06603231,0.06069966,0.032798637,0.019980494,0.023783403,0.04124579,0.03841485,0.04007747,0.022343002,0.026363803,0.048791513,0.04732951,0.029864553,0.018899117,0.020752693,0.031437706,0.034274116,0.032441087,0.012494237,0.023761826,0.035960246,0.030604651,0.024839772,0.042129133,0.014338732
2022-09-12,0.013934755,0.0242866,0.03619197,0.040180475,0.036561843,0.031738058,0.059518132,0.059249822,0.033662163,0.021243008,0.027893292,0.04246455,0.03647069,0.036055453,0.02843951,0.025569962,0.05960845,0.044169415,0.026114604,0.02193604,0.023824621,0.031052912,0.03396648,0.033523675,0.013796614,0.023548923,0.033966094,0.029592386,0.019083323,0.033877015,0.018479161
2022-09-13,0.013718347,0.026615964,0.038078252,0.044881623,0.029707,0.035998635,0.039031364,0.060513254,0.037938394,0.024962263,0.030729283,0.044514228,0.028087327,0.03528279,0.039802432,0.02536489,0.06666667,0.038574632,0.026080685,0.025688877,0.023682594,0.028298754,0.036204036,0.027962632,0.016753694,0.02696892,0.031156115,0.030101692,0.016384007,0.02769702,0.022553626
2022-09-14,0.011690653,0.021775322,0.02447266,0.031382743,0.054028682,0.022283338,0.044272467,0.06666667,0.04549052,0.029211778,0.016571507,0.048410267,0.016875865,0.059934046,0.021285404,0.01855606,0.043492567,0.038689878,0.037826035,0.021729069,0.020872116,0.027120965,0.046041656,0.020062966,0.010171746,0.03805386,0.032908164,0.047875155,0.023711488,0.038796306,0.01974005
2022-09-15,0.013862247,0.019112607,0.026081793,0.029004674,0.044579346,0.029827613,0.057140686,0.06666667,0.049053393,0.03280799,0.024896694,0.034900457,0.0394679,0.03727482,0.020169057,0.018050587,0.05487126,0.039182194,0.027832415,0.020166393,0.03144954,0.031257592,0.03687767,0.03144082,0.019195639,0.030027252,0.029831424,0.038481288,0.018425664,0.029659813,0.018404504
2022-09-16,0.013734277,0.025567401,0.024190294,0.023037318,0.055598985,0.030245202,0.043171044,0.064556025,0.05210182,0.03581792,0.020611474,0.037162542,0.03772839,0.03967071,0.019740006,0.016788108,0.049041223,0.040587902,0.03482984,0.019833578,0.027155664,0.027356042,0.040803507,0.027649308,0.017855348,0.031598162,0.032391496,0.041126974,0.020356745,0.032514162,0.017178541
2022-09-19,0.015645487,0.03432232,0.024262294,0.020983746,0.04985356,0.032774173,0.03964937,0.055112705,0.039929166,0.03263627,0.020873433,0.03553349,0.045809317,0.03353248,0.022292513,0.018656265,0.04427004,0.042326882,0.040123492,0.02132279,0.027535262,0.022568779,0.04407866,0.034315668,0.02155057,0.02748673,0.03772228,0.042225648,0.023931272,0.033890236,0.014785096
2022-09-20,0.013918409,0.0360953,0.025760945,0.021723138,0.044559248,0.029478904,0.04523995,0.052083734,0.03832845,0.029613905,0.024743719,0.033403706,0.055574745,0.026828716,0.024623707,0.019802665,0.049083017,0.04053878,0.03889437,0.0236895,0.030142214,0.02210471,0.04590686,0.036234163,0.019590849,0.024234515,0.03684677,0.04086233,0.0222502,0.033245653,0.014596821
2022-09-21,0.015683947,0.041307535,0.021346144,0.017071674,0.05288905,0.034969185,0.03971208,0.050031554,0.042444877,0.029712109,0.022297218,0.032296173,0.053089723,0.03469547,0.025190063,0.017419696,0.04727341,0.04209904,0.036479924,0.019248694,0.022455934,0.028722076,0.038127787,0.033733957,0.019960735,0.026191916,0.036705744,0.041903634,0.024897859,0.039327674,0.012715127
2022-09-22,0.016705653,0.03682868,0.017214477,0.013247921,0.06666667,0.030004624,0.042501763,0.046867922,0.04174938,0.028623583,0.019539958,0.028907591,0.045820624,0.047493383,0.017416948,0.0174247,0.037101597,0.04508547,0.038697846,0.014539388,0.018426612,0.034242503,0.03733937,0.031408932,0.018633144,0.028943218,0.0351256,0.048537984,0.03733646,0.045761887,0.011806106
2022-09-23,0.023240257,0.0418955,0.017199054,0.0145056555,0.054424316,0.039046034,0.029118748,0.04080163,0.043523688,0.035743386,0.022171883,0.029927552,0.054592565,0.039982673,0.02031756,0.018087044,0.03973606,0.043904077,0.03245306,0.016311996,0.020305306,0.03664377,0.027846294,0.037932172,0.032160312,0.028841922,0.032436304,0.042030822,0.033174608,0.03941096,0.012234789
2022-09-26,0.025500305,0.04193394,0.015640508,0.012999475,0.057447862,0.028958593,0.031375695,0.034858946,0.033623114,0.031374704,0.01873121,0.02763455,0.049371026,0.043195374,0.020807635,0.016618518,0.030057838,0.04892635,0.039756857,0.014932317,0.020176578,0.030359285,0.029681195,0.03410855,0.028393082,0.030261675,0.038454443,0.04736961,0.054753438,0.051598225,0.0110991085
2022-09-27,0.025959171,0.036463227,0.01479779,0.011848394,0.05758349,0.027806897,0.03503976,0.028623689,0.03389433,0.033534758,0.021003874,0.024662439,0.05180287,0.040924534,0.017480323,0.016134853,0.02639768,0.049305044,0.039237846,0.01360454,0.021104276,0.03243774,0.029786007,0.03744362,0.032437608,0.031570956,0.03688763,0.04876069,0.06269832,0.04942966,0.011337982
2022-09-28,0.029036865,0.033885516,0.01582149,0.011299702,0.06418289,0.03249517,0.036214843,0.027605506,0.046251897,0.036766775,0.023284564,0.0238145,0.05338219,0.040652394,0.015774101,0.01523346,0.0232535,0.043387808,0.03333726,0.013535478,0.02095985,0.040973622,0.025623651,0.036878455,0.030937452,0.031194787,0.027898768,0.053328153,0.05309132,0.046843402,0.013054622
2022-09-29,0.026809655,0.033512127,0.020754432,0.01362059,0.053536013,0.043853752,0.03957452,0.03371784,0.052637197,0.038199417,0.026071064,0.026622973,0.064305566,0.031824287,0.01756375,0.01664195,0.02717408,0.04380925,0.024313929,0.015881207,0.020102946,0.053360153,0.022976048,0.04497458,0.027098019,0.026227713,0.024734132,0.045785014,0.03058238,0.04021798,0.013517437
2022-09-30,0.027372435,0.029150665,0.017587762,0.013288335,0.06666667,0.035829708,0.0418661,0.042606816,0.057768673,0.042354044,0.018739006,0.029525721,0.050153106,0.03907637,0.012605189,0.015491383,0.020399347,0.04028848,0.0276589,0.01657064,0.01828492,0.056169976,0.023735566,0.040552538,0.02004985,0.029882507,0.025210036,0.048795387,0.031935573,0.047064047,0.013320249
2022-10-03,0.024002707,0.026177878,0.016725268,0.011849463,0.06666667,0.03138713,0.04008977,0.041291684,0.062311135,0.048321687,0.018810209,0.026010461,0.046654135,0.036211863,0.011949307,0.01505737,0.01942634,0.039755177,0.03045434,0.015279253,0.018813616,0.052923072,0.031143285,0.03945791,0.019811766,0.03287399,0.026399013,0.05473636,0.03523297,0.046887044,0.013289134
2022-10-04,0.018226141,0.02160182,0.024916105,0.01406385,0.0536006,0.035546552,0.04821937,0.0474199,0.06666667,0.05166345,0.029252162,0.022862589,0.060907107,0.022677435,0.014444049,0.016471809,0.02722597,0.03734839,0.019395992,0.017495394,0.022572588,0.06617236,0.030906178,0.04806758,0.020736257,0.027479844,0.020480908,0.046938833,0.019423386,0.03175749,0.015459213
2022-10-05,0.016097171,0.025650883,0.031106342,0.018172754,0.04253364,0.046803907,0.042377815,0.05430685,0.06666667,0.05095506,0.029159658,0.027523955,0.05535915,0.020037368,0.018822052,0.018852849,0.029778665,0.03285872,0.018356757,0.02308847,0.022250034,0.06666667,0.030713152,0.046045825,0.016891858,0.024938272,0.019756656,0.044794567,0.013099779,0.027160343,0.019174118
2022-10-06,0.017935697,0.02718963,0.028302351,0.017479677,0.052600645,0.0487223,0.040198844,0.06409597,0.06666667,0.058620133,0.022715267,0.029411433,0.043151665,0.024188565,0.015929922,0.01644035,0.020877069,0.025627261,0.021337757,0.025944158,0.021884661,0.06564998,0.030543545,0.037527036,0.014582387,0.029816061,0.01766822,0.050664265,0.013023882,0.02878755,0.022417061
2022-10-07,0.017080765,0.022341171,0.024462119,0.014996857,0.066416614,0.049996816,0.046173602,0.06666667,0.06666667,0.061337497,0.020804148,0.026927173,0.04081476,0.02991608,0.013386164,0.013517996,0.01839639,0.024843458,0.018910524,0.021784823,0.018946812,0.06666667,0.028906655,0.033009365,0.011479277,0.033760242,0.015980354,0.05800287,0.013016676,0.03432398,0.020466816
2022-10-10,0.016735133,0.020627337,0.020097768,0.01433458,0.06666667,0.04458787,0.049968176,0.06666667,0.06666667,0.06274028,0.01687443,0.02829654,0.035531417,0.039903257,0.010616923,0.012632597,0.017451152,0.027018806,0.019856287,0.0192898,0.01628581,0.06666667,0.027822828,0.030296592,0.0103261,0.040136795,0.018340653,0.05876643,0.015587686,0.041912433,0.017295655
2022-10-11,0.017288465,0.023405934,0.018088238,0.012331698,0.06666667,0.03736053,0.0533294,0.062210307,0.06666667,0.06666667,0.016249543,0.02492034,0.039910704,0.03425332,0.009099489,0.012837755,0.016212007,0.028175067,0.022615794,0.0196599,0.018540176,0.06666667,0.027962893,0.03372728,0.0131968865,0.041575953,0.021170428,0.052822094,0.018760977,0.039792705,0.017835446
2022-10-12,0.022185834,0.02605399,0.01931014,0.01270882,0.06666667,0.035223566,0.049549785,0.05307192,0.06666667,0.06666667,0.016938467,0.025802465,0.040913366,0.029223148,0.006989751,0.016860757,0.013884873,0.025713047,0.02566585,0.022931486,0.019989632,0.06666667,0.02841617,0.039961144,0.017429927,0.043884747,0.021329526,0.045891356,0.019814616,0.03457619,0.019012762
2022-10-13,0.018423991,0.01909267,0.020790368,0.014066228,0.06666667,0.03238241,0.051198777,0.053626407,0.06666667,0.06666667,0.02123941,0.026300782,0.03613979,0.032567162,0.0073786215,0.018889846,0.016353482,0.028111385,0.022849517,0.018864894,0.020179922,0.06666667,0.034164846,0.037306618,0.017966041,0.045642808,0.021036953,0.04719677,0.021761788,0.031146426,0.018655427
2022-10-14,0.014189649,0.017043877,0.02791663,0.015910791,0.06355845,0.039746694,0.0499162,0.057087034,0.06666667,0.06509853,0.032032646,0.02487487,0.03572803,0.028638013,0.010070176,0.02141201,0.022736847,0.027631953,0.017859872,0.018375434,0.022366613,0.06666667,0.037228536,0.037418496,0.02208377,0.039458465,0.018704023,0.043754496,0.0156106325,0.019380031,0.020833883
2022-10-17,0.012160651,0.018231228,0.025516542,0.016649816,0.06666667,0.0329678,0.04024056,0.06666667,0.06666667,0.05522191,0.023474572,0.035237115,0.020291144,0.04269767,0.010629417,0.021878509,0.02346536,0.027458081,0.024479458,0.018679503,0.019334782,0.06402149,0.048742566,0.024609594,0.0153155215,0.04678288,0.021441616,0.052392244,0.017062856,0.022067778,0.018949337
2022-10-18,0.008680296,0.016288055,0.0319033,0.02114711,0.054149568,0.03755295,0.038036294,0.06666667,0.06666667,0.04370356,0.032654148,0.03665066,0.01822229,0.03905546,0.019341515,0.022840507,0.03268493,0.029242052,0.021677798,0.017768454,0.023142964,0.051949516,0.06032709,0.023153177,0.01618305,0.040465277,0.021243056,0.05577682,0.015094042,0.016727624,0.021005105
2022-10-19,0.0074852533,0.016910175,0.03135087,0.022722315,0.058058873,0.0339872,0.036861602,0.06666667,0.06666667,0.040684227,0.024587095,0.041554607,0.013130687,0.04483825,0.0212293,0.022133792,0.02990081,0.031016337,0.027781691,0.01899767,0.020283388,0.045789596,0.06666667,0.019802136,0.011587308,0.04242051,0.025245395,0.05684839,0.01572486,0.018458916,0.02060875
2022-10-20,0.007021489,0.013990319,0.030291248,0.020364786,0.06666667,0.029484946,0.04125801,0.06666667,0.06666667,0.042896498,0.022876129,0.03746147,0.012587405,0.05260891,0.016123671,0.020508591,0.02744218,0.028925186,0.029598832,0.01758233,0.021560336,0.04647627,0.06666667,0.01742136,0.011331066,0.047632568,0.024191305,0.058354415,0.016750498,0.017674848,0.020918662
2022-10-21,0.0064885495,0.0134894,0.03291127,0.019187,0.06485989,0.027546,0.03751463,0.06666667,0.06666667,0.040255092,0.023620289,0.038510896,0.009865621,0.057170875,0.015259176,0.022131378,0.025154993,0.02735471,0.032217197,0.017165517,0.021817213,0.039602924,0.06666667,0.01498646,0.011869219,0.051481597,0.022339622,0.06627183,0.019889548,0.015763357,0.025275758
2022-10-24,0.0073006237,0.013329152,0.034355458,0.02366041,0.050738946,0.035880208,0.036912393,0.06666667,0.06666667,0.042177625,0.028055977,0.041396916,0.010245894,0.05261711,0.019917533,0.02211049,0.029109556,0.027498981,0.02463715,0.017290225,0.024090787,0.049735606,0.06566764,0.017259166,0.014107476,0.04610652,0.021210983,0.05179404,0.014906746,0.0133214025,0.031231655
2022-10-25,0.008389357,0.017332388,0.032219402,0.022576392,0.054495607,0.033879753,0.03416418,0.06666667,0.06666667,0.0457211,0.0219797,0.04031578,0.009945539,0.05250183,0.022676371,0.019899976,0.025728112,0.028576225,0.032237664,0.019891279,0.022867106,0.043340553,0.06581138,0.017989898,0.014536277,0.044592023,0.024168694,0.048155222,0.016351841,0.014662048,0.031660967
2022-10-26,0.010006885,0.016690806,0.031663127,0.027198888,0.044535343,0.03423238,0.033887815,0.06666667,0.06329171,0.04817863,0.020766698,0.0371468,0.01097574,0.04676506,0.029349115,0.018983908,0.02656785,0.032962337,0.031788766,0.021617923,0.023294184,0.04383487,0.06004463,0.020182922,0.014426478,0.04579048,0.02655642,0.046966344,0.016932804,0.01793087,0.030763546
2022-10-27,0.012318713,0.016048959,0.031682957,0.033179946,0.05049117,0.025140818,0.03267681,0.06666667,0.063218296,0.04735518,0.017094648,0.04153608,0.0064369836,0.06666667,0.027447933,0.018412394,0.028561583,0.03531991,0.03537336,0.022371436,0.019541563,0.037846476,0.049582753,0.016972043,0.015160039,0.04908706,0.027279349,0.04099845,0.017789304,0.016761633,0.030980835
2022-10-28,0.0129913185,0.013015356,0.037290186,0.036189288,0.047705848,0.02071977,0.039705936,0.06666667,0.06531268,0.056634497,0.018767366,0.036379233,0.008030729,0.055069122,0.02370777,0.018652475,0.027795533,0.03608051,0.033079468,0.024316609,0.023441065,0.036365457,0.052706424,0.019687265,0.014945651,0.048296977,0.027923992,0.0383512,0.014283046,0.01563398,0.030254578
2022-10-31,0.014126072,0.015703091,0.045490757,0.03766321,0.033628497,0.021141812,0.040751055,0.06666667,0.06028963,0.05545028,0.02430623,0.031107128,0.011994185,0.036587983,0.03368579,0.0190306,0.039235815,0.03608634,0.02992816,0.030095037,0.027940601,0.034696687,0.049892902,0.023424514,0.018985812,0.04216192,0.027164083,0.03311012,0.011235271,0.0154776955,0.032942057
2022-11-01,0.015042534,0.017626425,0.042789966,0.035176776,0.041754972,0.019216849,0.03781902,0.06666667,0.05737634,0.058525234,0.019691031,0.031032346,0.010581932,0.041677117,0.02710565,0.01971194,0.033300143,0.03523605,0.03739199,0.031473756,0.025541743,0.032102566,0.05376852,0.020366926,0.01721807,0.048012227,0.028272463,0.034983136,0.013382336,0.016741114,0.030414157
2022-11-02,0.015620368,0.01493474,0.045206983,0.035404157,0.043054864,0.0159545,0.046587616,0.06666667,0.05957792,0.05784957,0.019614972,0.027154684,0.011709353,0.036383573,0.023735048,0.018826105,0.031832397,0.035207268,0.038862344,0.03089615,0.030148938,0.028926257,0.056505505,0.02019124,0.015119973,0.04645204,0.027067905,0.036256332,0.012949357,0.017943254,0.03335992
2022-11-03,0.013864137,0.017430888,0.044410355,0.028954748,0.04761911,0.01340004,0.040144008,0.06666667,0.059605002,0.058869284,0.016392516,0.029227013,0.012485273,0.031715658,0.020952862,0.018460158,0.02765035,0.035151776,0.048029277,0.032961488,0.02803831,0.02562872,0.06666667,0.016771708,0.010963409,0.04789438,0.028198777,0.04198389,0.013596894,0.021846643,0.034419984
2022-11-04,0.013936283,0.01540288,0.05221937,0.02941638,0.049773443,0.011690893,0.05060645,0.06666667,0.06630416,0.060232528,0.018265035,0.029386139,0.016042985,0.024970489,0.016941126,0.020303342,0.028285956,0.031043649,0.04161992,0.03318034,0.033699844,0.026545025,0.06361126,0.017059008,0.00968581,0.041676886,0.024263218,0.038689893,0.010301429,0.019850755,0.03832883
2022-11-07,0.013109458,0.013276559,0.060689352,0.035451718,0.038721096,0.01139029,0.05619795,0.06666667,0.059763666,0.050691437,0.02422399,0.030162346,0.019517163,0.021110518,0.018172845,0.02458699,0.035214003,0.031103387,0.035062708,0.03362315,0.04050652,0.026877385,0.05978916,0.019235587,0.010494252,0.03522232,0.022940146,0.034737892,0.00913005,0.017663518,0.044667874
2022-11-08,0.013738719,0.016859384,0.059131846,0.03544307,0.04247553,0.012585638,0.048983622,0.06666667,0.05484337,0.047489394,0.02355856,0.03381888,0.019426223,0.025199065,0.019611299,0.027707273,0.040187515,0.03127746,0.036086727,0.036418665,0.035043214,0.029886086,0.054196298,0.020654501,0.011759495,0.03153938,0.025034463,0.031832527,0.009035846,0.01720685,0.042302437
2022-11-09,0.016403187,0.021461857,0.06191446,0.036704533,0.041769817,0.014834802,0.039137267,0.06666667,0.055739105,0.05055499,0.021523925,0.036842115,0.02154008,0.024183227,0.021635853,0.028435107,0.04073959,0.029315358,0.035720706,0.04266228,0.033313934,0.029865809,0.045786463,0.021068333,0.012362049,0.028970871,0.024462817,0.029707363,0.0074243965,0.017300623,0.041952416
2022-11-10,0.014731373,0.029430198,0.054587375,0.034709703,0.038956605,0.014463162,0.029096672,0.06666667,0.0448641,0.045303926,0.01633982,0.053331174,0.01680363,0.02769703,0.02652736,0.026692335,0.030845039,0.031938016,0.041935038,0.047702525,0.026971087,0.028361984,0.04643855,0.01613636,0.008170436,0.034025297,0.029149171,0.03516146,0.00937853,0.026837848,0.04674753
2022-11-11,0.012721992,0.025700018,0.058124635,0.04861341,0.020580972,0.019710723,0.029209163,0.06666667,0.03366831,0.031284735,0.026612705,0.042369034,0.024917068,0.02178223,0.055489447,0.027050639,0.055603534,0.042961363,0.027848575,0.038900197,0.029019093,0.030244214,0.038096894,0.021850375,0.010724137,0.02415487,0.029647073,0.031857215,0.009328306,0.024666073,0.04059633
2022-11-14,0.011207379,0.01893659,0.04579443,0.051279385,0.025360154,0.01892866,0.04227045,0.06666667,0.028693184,0.022272415,0.02194699,0.041909568,0.02028119,0.036070228,0.04735064,0.026129112,0.054878727,0.053568847,0.027589269,0.02844337,0.021846032,0.038974315,0.03809531,0.020779328,0.006990171,0.026936786,0.032517698,0.03640629,0.014314233,0.038573977,0.034988597
2022-11-15,0.013085358,0.017630039,0.042981427,0.05210658,0.028014097,0.020415502,0.045073733,0.06666667,0.027916977,0.023356881,0.019565968,0.04148328,0.019346396,0.04318131,0.044705667,0.021183807,0.04670867,0.053936366,0.02754327,0.026014948,0.024280738,0.038186546,0.031539287,0.020103892,0.007800413,0.02900073,0.03275078,0.03768764,0.016396377,0.040104438,0.041232213
2022-11-16,0.0126265455,0.017627869,0.038021944,0.04890082,0.03066106,0.019533694,0.0513835,0.06666667,0.02550255,0.021022588,0.018081635,0.03918008,0.018264467,0.04888714,0.038561814,0.023590572,0.04940584,0.061516955,0.028716136,0.022143021,0.020111386,0.042972352,0.031262297,0.022193566,0.007412848,0.026418604,0.034430303,0.03747857,0.020852113,0.041243706,0.035329357
2022-11-17,0.012555213,0.025378536,0.033944376,0.045833964,0.030045863,0.022313848,0.038513362,0.06666667,0.021306418,0.020107124,0.013789923,0.048735864,0.015909737,0.054879136,0.042421337,0.02317003,0.047038827,0.063548855,0.030660305,0.023894113,0.014328403,0.043220192,0.028327236,0.020744504,0.0063481797,0.028489066,0.039673097,0.034911435,0.021843312,0.05233111,0.029069968
2022-11-18,0.017973267,0.031359423,0.033843756,0.04269005,0.03678242,0.023575695,0.038205575,0.06666667,0.023542497,0.027377358,0.013668338,0.045865845,0.018689746,0.047225893,0.032514613,0.024693446,0.03614109,0.05584079,0.03603398,0.02805842,0.016899917,0.041581277,0.026373725,0.024881044,0.008717456,0.028887125,0.036430657,0.033893432,0.023631165,0.04461459,0.033340733
2022-11-21,0.021035027,0.04022248,0.03486675,0.045590058,0.033742633,0.020810898,0.028440434,0.06666667,0.02184863,0.031522855,0.014080014,0.04605492,0.018632917,0.03953184,0.03579528,0.028802294,0.038351197,0.052379616,0.041184764,0.034516413,0.017032389,0.0333878,0.02746802,0.027349861,0.011811165,0.026812363,0.038129404,0.029519407,0.023849418,0.037776962,0.032787524
2022-11-22,0.020667117,0.035413828,0.032348674,0.045138415,0.029644279,0.015508776,0.03703624,0.06666667,0.014330166,0.028147062,0.014185119,0.036349468,0.021737672,0.03542713,0.03367906,0.029527523,0.039133802,0.06666667,0.04525312,0.031175124,0.018729873,0.027127996,0.029169155,0.036017627,0.014939215,0.023609016,0.050749976,0.025137935,0.033959642,0.037156887,0.02536677
2022-11-23,0.02307248,0.03400645,0.041548956,0.05395302,0.026692633,0.016867364,0.034729507,0.06666667,0.015720535,0.029098056,0.017583484,0.037128817,0.021411967,0.032085117,0.036447145,0.03429831,0.042948972,0.06005128,0.035937313,0.03336291,0.019600347,0.030067122,0.025583606,0.03933858,0.017359627,0.021505727,0.040938485,0.02196465,0.028051147,0.031053277,0.030926457
2022-11-25,0.02474106,0.03507424,0.038547564,0.056530766,0.025681354,0.016042352,0.033290572,0.06666667,0.014935507,0.027417958,0.016293302,0.037068207,0.021932032,0.031784117,0.04146228,0.034165382,0.047295004,0.061271433,0.036213543,0.032681096,0.019461444,0.028494118,0.023477761,0.036898233,0.01697569,0.020255953,0.04326401,0.02045105,0.029635072,0.03367548,0.028316753
2022-11-28,0.026856864,0.0420255,0.038181283,0.058570534,0.02536193,0.016454969,0.029828219,0.06666667,0.013730447,0.026678469,0.014386793,0.04063796,0.019475088,0.032756574,0.041858718,0.03590479,0.04433561,0.059241213,0.03837577,0.03554363,0.016932474,0.026827112,0.021674778,0.036379226,0.01624656,0.019465877,0.045072913,0.01898602,0.029923659,0.034337714,0.027282638
2022-11-29,0.034001194,0.043045282,0.027309656,0.054912686,0.029764853,0.015620733,0.025987187,0.05946595,0.012112694,0.026960349,0.011812869,0.04688412,0.01873023,0.039936326,0.03272548,0.035867717,0.036367096,0.060253456,0.042311,0.032279212,0.016087003,0.02720742,0.01735411,0.039438616,0.019540796,0.020940332,0.051029332,0.017415637,0.042522617,0.039395124,0.022720924
2022-11-30,0.035890456,0.03425187,0.031033656,0.059200216,0.033282742,0.014818107,0.029617898,0.056765825,0.015575144,0.03078791,0.015519251,0.044580452,0.023060173,0.034626767,0.026071467,0.041131426,0.0376367,0.058533467,0.035101376,0.032692324,0.018350445,0.033459082,0.016491104,0.04489312,0.021931753,0.019999491,0.04280906,0.016983707,0.03666569,0.033586413,0.024652917
2022-12-01,0.031100256,0.031563982,0.034446035,0.066028304,0.022391597,0.016725967,0.02847589,0.0499695,0.012402346,0.024750045,0.02255267,0.038009714,0.033714198,0.026145607,0.040860955,0.04211069,0.050808158,0.059475075,0.02796817,0.031107925,0.022173736,0.03000281,0.01646033,0.050069157,0.02886021,0.015874628,0.042766877,0.015314076,0.036064822,0.02829041,0.023515878
2022-12-02,0.04016496,0.03133216,0.02806595,0.06666667,0.024490738,0.016069537,0.028873105,0.04550781,0.010049181,0.020940093,0.018241001,0.04393751,0.027207822,0.034558665,0.034119964,0.046681605,0.0413716,0.055803232,0.028770177,0.030461643,0.020179294,0.03335129,0.013101665,0.051942896,0.028435588,0.016724875,0.045016665,0.01401848,0.04761205,0.034035638,0.022268137
2022-12-05,0.04460606,0.029322784,0.02551038,0.0650585,0.025255717,0.0154882185,0.033324976,0.042863823,0.008950559,0.020007255,0.018229738,0.040317096,0.03146186,0.035068266,0.029810665,0.044724498,0.038955837,0.057558883,0.026144033,0.028007077,0.020407181,0.037109867,0.0110842725,0.056246843,0.03191346,0.016638236,0.045649014,0.012389907,0.052436605,0.036175746,0.019282648
2022-12-06,0.05449859,0.03083525,0.019370424,0.047701698,0.03236698,0.017117176,0.03489678,0.038151085,0.010566121,0.024299737,0.014376261,0.03963014,0.042909127,0.034019195,0.022228323,0.033660788,0.02972442,0.055454284,0.028011536,0.025787883,0.021053823,0.042913783,0.008985746,0.061276123,0.0307552,0.018827863,0.044856843,0.013405937,0.05512105,0.0510429,0.016154934
2022-12-07,0.049007673,0.028272504,0.017776337,0.04838117,0.03165828,0.014036592,0.03775788,0.03872128,0.009952916,0.02110911,0.015756177,0.042924497,0.044207077,0.033806257,0.022269927,0.036120404,0.034035094,0.055014394,0.026084887,0.025124254,0.021683488,0.04149302,0.010081612,0.05848054,0.027459586,0.018682344,0.046031494,0.0140385525,0.05883159,0.057316568,0.013884495
2022-12-08,0.055736415,0.030166518,0.01806341,0.05089766,0.02882138,0.013922322,0.039166998,0.03354856,0.010004093,0.021990376,0.019345768,0.040027272,0.056048885,0.026498284,0.022069577,0.037729733,0.038301755,0.04900546,0.024487646,0.027522534,0.026917519,0.03532745,0.009275061,0.06666667,0.037663486,0.015466087,0.042281035,0.012558266,0.05046015,0.04564499,0.014384645
2022-12-09,0.061986603,0.023171851,0.019788606,0.06666667,0.02481919,0.014190789,0.039967656,0.027163215,0.01073713,0.017659744,0.027832964,0.04175192,0.053559907,0.0279244,0.024662035,0.04406774,0.048455928,0.042019345,0.018139306,0.02590919,0.032226354,0.034919754,0.007681876,0.06666667,0.046572667,0.0128525905,0.03320543,0.011635661,0.043339115,0.033713184,0.016712513
2022-12-12,0.06343464,0.024255639,0.020285085,0.060985506,0.024452172,0.013998017,0.03616004,0.022520624,0.009716893,0.014365688,0.029347958,0.03893125,0.045428503,0.03263581,0.029277707,0.046628974,0.051905356,0.04364034,0.021759257,0.022779152,0.031312805,0.026059648,0.009938778,0.052704036,0.049084567,0.013975042,0.037554447,0.0134628685,0.059853256,0.03713957,0.016406378
2022-12-13,0.05179235,0.023024876,0.02905675,0.061009414,0.019878788,0.016793855,0.042912237,0.021551648,0.009921087,0.01266799,0.04265538,0.034688264,0.05340132,0.026643747,0.032036237,0.05330737,0.060235444,0.041427106,0.01716112,0.022458754,0.03128601,0.030491501,0.010466007,0.056375526,0.051094238,0.012354466,0.032891724,0.012489494,0.044198547,0.02752439,0.018204352
2022-12-14,0.05751741,0.021328852,0.030509328,0.06194047,0.017116852,0.020170132,0.04061698,0.020977765,0.010071024,0.013973899,0.03923797,0.028312111,0.0647696,0.0216988,0.039192945,0.04379877,0.054850608,0.044834547,0.015898306,0.021545202,0.0317347,0.032494478,0.00928523,0.060083516,0.050073497,0.012293764,0.03323988,0.012281613,0.040373683,0.030787123,0.018990934
2022-12-15,0.061718833,0.020789891,0.028015701,0.06600699,0.016182603,0.021434644,0.035448276,0.020001335,0.010430427,0.015102184,0.03650615,0.030641394,0.05446441,0.02299991,0.040178776,0.041893743,0.047415316,0.045296736,0.0167511,0.021950599,0.02913088,0.032819983,0.009129683,0.064376205,0.053737227,0.013680152,0.035634805,0.012580831,0.0422486,0.032818425,0.020614192
2022-12-16,0.051518954,0.01960109,0.026377825,0.05583614,0.024081519,0.017881166,0.03824575,0.024888003,0.012015936,0.017306592,0.032493945,0.030968197,0.049326178,0.030067675,0.029283844,0.038466174,0.043455277,0.049319614,0.022174863,0.020966204,0.029044194,0.030109756,0.013405417,0.059054848,0.046895046,0.016815327,0.037361298,0.018176427,0.056440484,0.038664266,0.019757995
2022-12-19,0.043981686,0.021346433,0.022877032,0.044568766,0.030082438,0.017286554,0.03954688,0.02284144,0.013844469,0.019234095,0.034384206,0.026730292,0.058969967,0.027793013,0.024343746,0.042180043,0.048947092,0.049680255,0.021754846,0.017962642,0.025643663,0.03297501,0.016252518,0.059623346,0.04398603,0.016546888,0.039519425,0.020108204,0.060843293,0.040167548,0.015978172
2022-12-20,0.03730817,0.024830885,0.024536518,0.04070742,0.03878619,0.016556662,0.03726658,0.024016393,0.016366096,0.020314967,0.036034126,0.028789362,0.05556777,0.029219566,0.02061188,0.050278753,0.0557514,0.045295957,0.024025474,0.017959876,0.024261639,0.03149845,0.019891335,0.055938892,0.04313387,0.015638027,0.037829243,0.021021105,0.055528626,0.034245644,0.016789125
2022-12-21,0.033955794,0.029308902,0.025076084,0.039389968,0.03997599,0.021048868,0.038661037,0.024272984,0.017985823,0.022101033,0.03583697,0.029290399,0.06064439,0.025817428,0.01743919,0.0595363,0.063347146,0.038457006,0.022577146,0.018515863,0.023581622,0.031526126,0.021641532,0.060700074,0.042672474,0.014660165,0.03699768,0.020225996,0.040801447,0.028712565,0.015241998
2022-12-22,0.02986631,0.026953766,0.031164719,0.05152884,0.03070454,0.026905516,0.031920847,0.023037404,0.020474225,0.022475233,0.048354443,0.032813642,0.058022235,0.026528854,0.021513076,0.064202584,0.06666667,0.03753999,0.016857006,0.020218447,0.024214054,0.033554062,0.018273532,0.05799309,0.051170543,0.013807484,0.02909168,0.01813777,0.029245563,0.020133024,0.016630847
2022-12-23,0.031094758,0.033916667,0.02551288,0.055263262,0.034870807,0.030579165,0.020643089,0.029310025,0.021277027,0.022736752,0.036464144,0.04601099,0.039800953,0.0428388,0.023488658,0.061462037,0.06666667,0.038485736,0.018605182,0.023159888,0.019088514,0.030761806,0.017293302,0.04533809,0.053261086,0.016248776,0.03261703,0.019035611,0.029241398,0.021253204,0.013673696
2022-12-27,0.028878113,0.027825477,0.030048793,0.06059426,0.028131563,0.03504925,0.021288512,0.0348977,0.023199162,0.024543434,0.044449627,0.04142848,0.047197834,0.034884702,0.02464938,0.06040832,0.06666667,0.035459902,0.014242342,0.024415782,0.021244233,0.03275689,0.017145237,0.05009136,0.062254682,0.014776317,0.02785537,0.017085478,0.019337445,0.016087411,0.013106277
2022-12-28,0.026367635,0.027784461,0.03211424,0.06446864,0.027468674,0.035516188,0.018634634,0.043584213,0.024679061,0.027596721,0.044463605,0.041144557,0.042446848,0.03411676,0.023948913,0.061568942,0.06666667,0.033332903,0.01391548,0.02810336,0.019522421,0.030915571,0.019518742,0.0478246,0.06269831,0.015485499,0.026845543,0.017072378,0.01579584,0.014125076,0.012273515
2022-12-29,0.023502057,0.027359283,0.032238703,0.056486875,0.036258537,0.033800248,0.020831218,0.04925332,0.029877052,0.030010756,0.038649987,0.0409715,0.041511077,0.0373331,0.022525512,0.054493435,0.06666667,0.035619564,0.017057158,0.025596676,0.019853653,0.028492935,0.0264911,0.041188743,0.046519324,0.017700791,0.02790236,0.023109514,0.018661993,0.01752332,0.012513534
2022-12-30,0.022440894,0.027212864,0.034300204,0.0565068,0.025717864,0.037609562,0.021788776,0.03997226,0.024485476,0.026943056,0.04782493,0.032906454,0.05021854,0.02653059,0.0285616,0.057862923,0.06666667,0.03437436,0.016120652,0.02587678,0.023820607,0.025222413,0.02986234,0.046932958,0.056184765,0.01625168,0.02861588,0.021812255,0.019090632,0.01570076,0.012584457
2023-01-03,0.021131089,0.026806649,0.034674965,0.051960457,0.030968208,0.041420348,0.024242938,0.04319903,0.033562325,0.030076625,0.045066252,0.034373045,0.0479836,0.028339928,0.02697314,0.05018209,0.06666667,0.03374417,0.016035294,0.024353934,0.02218074,0.029533913,0.030727645,0.042795144,0.043895446,0.018080976,0.025647115,0.025537657,0.017513722,0.017813833,0.01451305
2023-01-04,0.014476286,0.031290475,0.033482864,0.059681457,0.028013293,0.03312215,0.026111837,0.038765673,0.021248287,0.021810547,0.032674607,0.046869688,0.03061116,0.03596875,0.032868285,0.05123222,0.06666667,0.04236506,0.023976155,0.026191553,0.021547573,0.019029452,0.042499006,0.037415802,0.029194001,0.018977582,0.03941259,0.030226013,0.02741245,0.02199493,0.014863588
2023-01-05,0.010643678,0.025201363,0.032571163,0.056399256,0.02710473,0.019838352,0.03243896,0.04039354,0.015235362,0.017141387,0.02513839,0.03884062,0.024090474,0.044135064,0.043296013,0.033438344,0.06666667,0.05786195,0.03225217,0.023005,0.022545889,0.012103861,0.05083905,0.032936197,0.023182226,0.019623933,0.05217041,0.031537633,0.04530982,0.029558046,0.014500454
2023-01-06,0.009798146,0.01861936,0.032973945,0.048997995,0.033754468,0.019634506,0.04018677,0.04606674,0.020194953,0.019575804,0.025299154,0.03585736,0.021918174,0.054215323,0.032008238,0.027123727,0.06666667,0.061664708,0.027750041,0.019706817,0.020283407,0.016075261,0.04877932,0.033891134,0.022554195,0.0228737,0.04350726,0.0355323,0.048069198,0.030028032,0.016393298
2023-01-09,0.0094876,0.01577193,0.0389338,0.06630923,0.021589799,0.020460656,0.042580415,0.039475817,0.015046452,0.01814617,0.03430863,0.034535855,0.024525937,0.03919478,0.03693972,0.03497474,0.06666667,0.058926575,0.02420007,0.022687966,0.027846226,0.014553911,0.050228335,0.040785816,0.02967897,0.019745545,0.04732746,0.028887471,0.039452273,0.019657146,0.017074037
2023-01-10,0.007133406,0.017048843,0.032244228,0.050998375,0.027460957,0.017642558,0.040851783,0.042599466,0.013697695,0.015230751,0.024231857,0.037828173,0.017344749,0.058131695,0.033286434,0.032689836,0.06666667,0.055892203,0.031108774,0.02068412,0.021272453,0.015104183,0.06401353,0.02546209,0.014984669,0.025041066,0.050818626,0.04015642,0.054483637,0.028499262,0.017391495
2023-01-11,0.0066884058,0.019823084,0.034397088,0.04265744,0.02801531,0.024480006,0.044622462,0.04431275,0.015967047,0.017257886,0.022738993,0.036589745,0.020239038,0.054116294,0.031862725,0.028216593,0.0657656,0.053832266,0.031150881,0.021523107,0.01889735,0.018303063,0.063908555,0.024787052,0.012059113,0.028038386,0.048535295,0.045569953,0.04359085,0.032319073,0.019734597
2023-01-12,0.0075599765,0.027642539,0.030927908,0.038917083,0.031554613,0.03430289,0.040787596,0.043305535,0.016773446,0.018590612,0.01837552,0.04084204,0.020923506,0.055217084,0.0323974,0.02810582,0.04831834,0.048801962,0.03370134,0.023305353,0.01579637,0.023768935,0.05626863,0.023402723,0.009504117,0.030952891,0.04923229,0.046057694,0.043204512,0.040718794,0.020742478
2023-01-13,0.01037441,0.038134247,0.027406065,0.034248717,0.036766488,0.047486883,0.034678657,0.04401582,0.020602185,0.024697227,0.013688448,0.03931857,0.022804609,0.053950697,0.031102126,0.023928229,0.036729597,0.04355631,0.034752414,0.026550967,0.013681971,0.03012123,0.041833714,0.023839427,0.008597912,0.034545906,0.04733678,0.046272743,0.03524158,0.051068615,0.022667449
2023-01-17,0.01056529,0.03852729,0.025698237,0.031113293,0.040128313,0.0507581,0.036322135,0.04467008,0.021131832,0.026593292,0.011857473,0.03416934,0.02358112,0.04953293,0.029623685,0.02100457,0.027329413,0.044912383,0.037158135,0.024755497,0.01244777,0.032324787,0.04194679,0.024469841,0.0069224043,0.036328845,0.048001364,0.049050365,0.036487587,0.060339592,0.022248242
2023-01-18,0.014153628,0.032211844,0.021805547,0.031223902,0.04137189,0.053903535,0.048221055,0.04684632,0.023206156,0.02918459,0.012518275,0.029597912,0.032946747,0.042571064,0.026712926,0.019756591,0.022885397,0.034901094,0.032017577,0.025439423,0.016363591,0.03738359,0.036203805,0.03087524,0.0077960687,0.03701555,0.044282768,0.050734065,0.03370917,0.06411194,0.020048741
2023-01-19,0.015951706,0.037224013,0.014583226,0.022258744,0.054338906,0.05344545,0.04301488,0.04122794,0.02426916,0.027761752,0.010238693,0.029309636,0.03408315,0.05297262,0.023911629,0.015762378,0.020061923,0.033054527,0.034886215,0.0216309,0.015592876,0.038539745,0.031414337,0.026556924,0.0076984423,0.037947405,0.0430358,0.06010846,0.04526186,0.06666667,0.017190032
2023-01-20,0.016521268,0.03625581,0.013936944,0.020591876,0.056749772,0.055555016,0.037326153,0.04170096,0.02602167,0.027403409,0.012878426,0.027302247,0.04164254,0.056671355,0.022028266,0.017866418,0.027174467,0.031528413,0.031076474,0.019072928,0.017244143,0.03877127,0.029569544,0.025769899,0.012529483,0.03490361,0.038266096,0.058841497,0.048202,0.0606144,0.015983649
2023-01-23,0.016136082,0.028189914,0.0151688,0.024168164,0.048964377,0.063034765,0.04864219,0.04046371,0.023680272,0.022461515,0.019364621,0.024125727,0.0564109,0.04956954,0.023870781,0.022523545,0.034417085,0.03144424,0.021739988,0.016290694,0.019937089,0.045743845,0.029056985,0.032699395,0.015215845,0.028126935,0.035979554,0.054034125,0.046063732,0.04918812,0.013287462
2023-01-24,0.016928855,0.028932553,0.016154826,0.022680579,0.05416998,0.054620296,0.0553855,0.04037851,0.02706606,0.021692803,0.01875328,0.024659732,0.051406853,0.050651725,0.02440398,0.02238396,0.0310497,0.031341687,0.022778014,0.0155457705,0.018692214,0.049318906,0.02793165,0.029510768,0.011653941,0.027722355,0.034793332,0.05421009,0.04435767,0.05476183,0.016062587
2023-01-25,0.016041316,0.03743935,0.017701974,0.022063814,0.054954853,0.055339288,0.04889943,0.048445027,0.031353805,0.02335005,0.018336296,0.027598994,0.041778326,0.048531353,0.027804289,0.02355769,0.033477418,0.02688589,0.025907688,0.01934691,0.017639766,0.042929545,0.033716537,0.026382936,0.010484685,0.027801452,0.033976026,0.05700049,0.03355022,0.05004983,0.017654737
2023-01-26,0.01802992,0.030810561,0.017375998,0.026872186,0.056550734,0.06609833,0.045700096,0.04084071,0.031127065,0.021570262,0.02234617,0.028509106,0.031909883,0.05572282,0.025367081,0.032936186,0.031593047,0.026887352,0.021812089,0.016507009,0.015721075,0.04509199,0.036672506,0.028667,0.012453417,0.028376866,0.033801187,0.058308553,0.037966304,0.040334612,0.014039875
2023-01-27,0.013537047,0.022768771,0.02495955,0.02713227,0.04481732,0.06666667,0.04937234,0.03816637,0.04003931,0.021138506,0.041103803,0.025414992,0.0404577,0.03983636,0.022703396,0.042644992,0.03715038,0.023047095,0.016573943,0.015580774,0.017463325,0.055632662,0.04568326,0.030614069,0.014465714,0.026981153,0.025534524,0.061664045,0.026268488,0.025606558,0.016974613
2023-01-30,0.012764704,0.02979781,0.022188334,0.025163833,0.045416236,0.06666667,0.04064849,0.035426147,0.033458196,0.018302085,0.036265843,0.028471677,0.03519115,0.037885144,0.024785915,0.050396297,0.032765727,0.022577262,0.022804936,0.0179796,0.016174747,0.042872414,0.063370824,0.027429767,0.012052906,0.026489343,0.031874586,0.06666667,0.03166602,0.027542423,0.014904246
2023-01-31,0.0123983435,0.03777533,0.018351754,0.021906747,0.05230403,0.059814617,0.037152532,0.043076903,0.032517705,0.02053927,0.025707763,0.032851607,0.029434457,0.042419046,0.023775859,0.041761916,0.030710377,0.023810891,0.029881543,0.020782435,0.0154477935,0.03582501,0.06528309,0.023083732,0.0106716165,0.02933902,0.036631525,0.06666667,0.032692425,0.03269299,0.014693001
2023-02-01,0.013595483,0.03849817,0.020111896,0.02489213,0.045512836,0.061071023,0.03093776,0.043973837,0.029202513,0.017045068,0.033396937,0.03205512,0.027229577,0.045843776,0.030177608,0.04834839,0.036902424,0.024719043,0.029179879,0.020341774,0.016385645,0.031333793,0.06272189,0.023378575,0.016783087,0.023718767,0.033351727,0.06461142,0.037193228,0.022804331,0.014682292
2023-02-02,0.014821594,0.035234798,0.020626422,0.028557086,0.04093721,0.05434551,0.027202375,0.045073718,0.025210584,0.014552871,0.030869009,0.034537707,0.021797117,0.053703565,0.037631333,0.048205573,0.035030752,0.027760195,0.030925,0.019869216,0.015648903,0.027492281,0.062118992,0.020928489,0.015524896,0.024002424,0.03435301,0.06623531,0.046430424,0.025932513,0.014441117
2023-02-03,0.012602019,0.035856973,0.017746417,0.023611153,0.034155663,0.05465246,0.029024374,0.038089316,0.017181588,0.010410971,0.022165623,0.031201681,0.02028523,0.061556317,0.049983103,0.031344023,0.032374244,0.043055963,0.035171855,0.014644925,0.012480726,0.024367832,0.058955126,0.020415952,0.011211137,0.023900606,0.044754434,0.06666667,0.06666667,0.041940134,0.013526822
2023-02-06,0.011611096,0.034659617,0.017285002,0.017549023,0.051425416,0.033295628,0.0356347,0.040986743,0.021038923,0.012531183,0.017758168,0.026068283,0.017966704,0.06666667,0.041841235,0.021285996,0.029149361,0.047317706,0.044126663,0.013164497,0.012835526,0.02507985,0.05533753,0.017481178,0.009590079,0.028803859,0.044036064,0.06666667,0.06666667,0.054594245,0.01754572
2023-02-07,0.011290904,0.03436233,0.018780045,0.01458407,0.05713928,0.02826613,0.045460995,0.03976023,0.024497313,0.015793202,0.01661368,0.021046987,0.024411242,0.048301145,0.03895806,0.017009305,0.024807366,0.04844586,0.04788956,0.012395709,0.0148834735,0.023831798,0.059267316,0.018449908,0.008038818,0.028453887,0.04575584,0.06551183,0.06666667,0.060859945,0.018467108
2023-02-08,0.013141426,0.033257794,0.020037888,0.013016143,0.059632413,0.029624172,0.06429151,0.037445642,0.03211851,0.018864984,0.020632038,0.015973695,0.046578497,0.026786206,0.03529748,0.017230956,0.024587037,0.042565897,0.04501702,0.012534436,0.021338621,0.027205,0.05639997,0.024242038,0.00915918,0.023252485,0.04110599,0.060641598,0.052359637,0.05523011,0.02043163
2023-02-09,0.015797364,0.038567092,0.0165715,0.011879017,0.06666667,0.023343759,0.061046712,0.034979347,0.034920204,0.0245722,0.017924415,0.01563991,0.047651604,0.024318647,0.028450103,0.015211938,0.021496851,0.037443258,0.059873335,0.014085873,0.026570413,0.02084981,0.05289216,0.025454085,0.011050431,0.0226806,0.040054563,0.060919583,0.055427846,0.051762003,0.021898719
2023-02-10,0.020270813,0.0352584,0.015617093,0.013110972,0.06666667,0.020339502,0.06336305,0.033715874,0.041546587,0.02926247,0.022730146,0.016254252,0.052534826,0.022467798,0.02093678,0.019998753,0.022823988,0.029913427,0.05631679,0.015914787,0.03377116,0.02222254,0.04995724,0.029777143,0.015975146,0.021504402,0.032993373,0.059300393,0.054396033,0.039157946,0.021901658
2023-02-13,0.02239501,0.040168878,0.021542868,0.017396016,0.06302554,0.027429614,0.051296916,0.041100856,0.052493803,0.032551557,0.031971727,0.02128529,0.05893565,0.017577386,0.022398707,0.027070792,0.031318434,0.02347468,0.04235691,0.023522252,0.03665244,0.027413767,0.042995207,0.032124314,0.020492053,0.018230557,0.024737697,0.048798837,0.027383547,0.025564926,0.026293775
2023-02-14,0.021849466,0.030597623,0.028157914,0.025046745,0.045503173,0.022826923,0.04978928,0.03972652,0.04894174,0.02553889,0.048423566,0.024877494,0.040176794,0.018382048,0.031025954,0.039073873,0.039180737,0.025247296,0.03498757,0.02386557,0.036880992,0.029545635,0.047458667,0.030329358,0.022853585,0.018214282,0.022990087,0.044131245,0.029644687,0.021268569,0.033463713
2023-02-15,0.021648465,0.023138627,0.03126527,0.025561212,0.045408003,0.019248346,0.0473342,0.04460451,0.0617913,0.02487236,0.04848329,0.027727664,0.029222943,0.021157555,0.031185646,0.035989113,0.037153874,0.024332808,0.034302037,0.023285339,0.037444033,0.028604671,0.050907124,0.02326865,0.019049183,0.02095833,0.019259637,0.05192887,0.02741705,0.021159498,0.042290386
2023-02-16,0.017773692,0.021637902,0.030899728,0.02539642,0.0415373,0.020067783,0.04750912,0.0470611,0.06508105,0.025769051,0.05107301,0.02846294,0.03416375,0.018439492,0.030912742,0.034489818,0.04217423,0.02608774,0.03171998,0.02338156,0.034855455,0.029593967,0.057453543,0.021888528,0.015880222,0.022210278,0.02033431,0.05419369,0.022773145,0.022200502,0.03497795
2023-02-17,0.019767562,0.028991273,0.027662573,0.021555264,0.053423412,0.023017004,0.043015778,0.05070894,0.06666667,0.026225807,0.039503947,0.034029335,0.034349702,0.02118876,0.02658725,0.033088636,0.034222078,0.024223164,0.034271725,0.024882985,0.027753629,0.033797827,0.05349886,0.020153578,0.012307398,0.023478922,0.020787485,0.058962487,0.021376152,0.028667742,0.031834055
2023-02-21,0.021727528,0.039618813,0.029219912,0.023275524,0.04267906,0.021164617,0.03047963,0.043006297,0.054899093,0.029076964,0.042523865,0.040264513,0.0386179,0.01679628,0.030976444,0.0392314,0.041023877,0.026774406,0.039482303,0.031012103,0.030154238,0.02690304,0.051918935,0.023906397,0.018775938,0.02289598,0.026394947,0.044506058,0.019810691,0.023521086,0.029362157
2023-02-22,0.024341753,0.0321529,0.024002617,0.020657273,0.056405306,0.015537444,0.0368942,0.046986416,0.053427365,0.033293437,0.036151096,0.04239417,0.041597717,0.019415187,0.016986104,0.040994488,0.03472529,0.025200203,0.04363368,0.029648622,0.036446407,0.02862124,0.04821127,0.025450032,0.021292811,0.02512883,0.026418196,0.042489477,0.022341495,0.022603828,0.026551152
2023-02-23,0.02442797,0.029028162,0.024326425,0.020411769,0.047118966,0.014287143,0.038284317,0.040834714,0.046546817,0.03237014,0.043029636,0.038630575,0.047957588,0.018925006,0.02034051,0.037300024,0.03915619,0.028271813,0.039755248,0.026099056,0.04210336,0.026331948,0.048260283,0.025207775,0.026351284,0.026538266,0.028252266,0.042158186,0.026867043,0.023644986,0.027182536
2023-02-24,0.028208733,0.018309632,0.026083237,0.024431508,0.044649452,0.011966463,0.041677874,0.033447746,0.04953049,0.030454824,0.054011982,0.030893968,0.041417353,0.023435049,0.023149265,0.038158227,0.039383598,0.030946402,0.03049106,0.018923238,0.045021676,0.029885337,0.041674647,0.024310099,0.030742506,0.027673401,0.0251058,0.042997126,0.037433725,0.023421856,0.032163728
2023-02-27,0.02239972,0.0144516835,0.024941249,0.023043795,0.053367697,0.009440963,0.04639841,0.044142246,0.052872427,0.028312577,0.043170348,0.030377414,0.03189076,0.03271834,0.021949701,0.030870149,0.04123695,0.03828529,0.03147037,0.015389393,0.036136415,0.03083079,0.04658763,0.020095885,0.021571135,0.030867502,0.026481375,0.047593918,0.042996112,0.030107856,0.030001905
2023-02-28,0.019118743,0.01287214,0.025088998,0.022581933,0.05186036,0.0091932425,0.05061582,0.040346775,0.050476782,0.027834693,0.04766894,0.026190933,0.039470866,0.029677548,0.022403723,0.029961081,0.04607279,0.03943387,0.027643656,0.014503146,0.03880682,0.031929556,0.04907927,0.02070214,0.021258054,0.029767787,0.0277756,0.04796536,0.04316487,0.0301102,0.026424306
2023-03-01,0.015966872,0.009823008,0.02425289,0.02553964,0.051193148,0.011581047,0.050888777,0.042941514,0.05193359,0.02331741,0.04960934,0.027339496,0.03806215,0.03208285,0.021556819,0.032505326,0.04438211,0.04168847,0.022475958,0.012737584,0.029331919,0.03757288,0.057454985,0.02205226,0.015494548,0.03033379,0.028397804,0.05693337,0.040511403,0.03417782,0.017861225
2023-03-02,0.017264707,0.010825183,0.02289726,0.024865808,0.06022714,0.013431895,0.0474689,0.04374096,0.06655965,0.03507215,0.044486336,0.025084907,0.054987274,0.0239209,0.016865142,0.028968096,0.041697033,0.03458765,0.02148399,0.015673814,0.031828206,0.04183809,0.049412303,0.026603369,0.015372916,0.02927339,0.027176728,0.052960914,0.025537305,0.03310551,0.01678247
2023-03-03,0.016147625,0.010715782,0.023663243,0.027859934,0.04638075,0.011868627,0.048737127,0.046982422,0.055329837,0.036844485,0.04851133,0.02373863,0.06666667,0.018881503,0.020091042,0.027768752,0.048161775,0.031712633,0.022102956,0.019097567,0.04361252,0.035993412,0.048390277,0.029052798,0.018296653,0.02695467,0.029227624,0.04684404,0.02145649,0.030029418,0.018879414
2023-03-06,0.01548609,0.013367129,0.028348504,0.03313056,0.0374885,0.018263588,0.042730507,0.046466947,0.058924925,0.032577902,0.049644236,0.026451338,0.053825386,0.019317703,0.031150118,0.028652506,0.0521253,0.029048387,0.021966565,0.021272019,0.041252982,0.035502553,0.049265303,0.024219422,0.015341463,0.029165404,0.029280229,0.0471827,0.016317025,0.029200062,0.023034649
2023-03-07,0.019028427,0.014082137,0.028747704,0.03510841,0.0363152,0.017439652,0.039794333,0.049280137,0.06044563,0.03552689,0.04856085,0.026352933,0.04525773,0.019198997,0.03321566,0.031154132,0.04887432,0.027361555,0.023489958,0.02230081,0.043660868,0.034782797,0.045780595,0.023621166,0.02013918,0.030466259,0.029276384,0.04154515,0.017556679,0.02511722,0.026518244
2023-03-08,0.027603868,0.01359053,0.02372497,0.030813515,0.044463165,0.017242905,0.040422935,0.04450631,0.06573374,0.044412706,0.03774419,0.026473124,0.041821968,0.023258423,0.024623636,0.028204873,0.033494886,0.029335052,0.023925034,0.019453298,0.04013681,0.042252067,0.037664678,0.024214849,0.021392336,0.03843418,0.028271085,0.04467101,0.024758065,0.031570017,0.025785776
2023-03-09,0.029885065,0.013637472,0.022063004,0.031776883,0.03991673,0.018255182,0.03687528,0.036286965,0.05995232,0.042107996,0.038865715,0.02461826,0.04398081,0.023120906,0.02835053,0.02898632,0.032804053,0.031694572,0.022468181,0.017983388,0.035731334,0.047204077,0.0365333,0.024451047,0.019691793,0.0401351,0.029372843,0.04738244,0.030675577,0.040369187,0.024823671
2023-03-10,0.042922996,0.020758525,0.016061861,0.025589062,0.05223675,0.02087092,0.032061517,0.034559652,0.056428876,0.044586368,0.027081674,0.027589282,0.046080522,0.028102927,0.0207457,0.02821301,0.02447834,0.027296837,0.026037212,0.020337868,0.030222474,0.054381736,0.025937583,0.025846459,0.021444798,0.039341763,0.02848196,0.046151306,0.035770223,0.048109006,0.0222728
2023-03-13,0.04487216,0.018262286,0.017341187,0.026507853,0.050434638,0.021516686,0.036754172,0.036635283,0.056408066,0.03862782,0.032400925,0.025925025,0.05755776,0.025288187,0.019684032,0.028554179,0.025944607,0.029922966,0.024518069,0.01979419,0.03185476,0.04755315,0.027232902,0.030124025,0.025213769,0.03193518,0.02655649,0.04827183,0.03429642,0.041397754,0.018613625
2023-03-14,0.0469812,0.017287018,0.017234959,0.03230671,0.036980014,0.025945213,0.030349681,0.027803456,0.04332716,0.03422962,0.044569448,0.026085991,0.06257116,0.022692472,0.023159312,0.034945123,0.028119417,0.029516289,0.02322973,0.018694678,0.03577948,0.040115695,0.02936712,0.037076924,0.037642825,0.02925134,0.027142052,0.047638115,0.04029099,0.03354038,0.016126426
2023-03-15,0.037343938,0.012361945,0.021735713,0.03716875,0.024980012,0.02647756,0.030498179,0.027357476,0.039153863,0.027889518,0.063125074,0.024013793,0.06666667,0.020055467,0.032113384,0.033418953,0.039152466,0.034260243,0.018969396,0.016782427,0.04432836,0.0374162,0.028600872,0.03642715,0.04576104,0.025586203,0.025240852,0.044382654,0.03466814,0.025966622,0.018097082
2023-03-16,0.03294074,0.012317816,0.018606745,0.03663107,0.020191964,0.021553684,0.026048057,0.027191622,0.023912381,0.022504568,0.05449537,0.026291512,0.06666667,0.020427423,0.037720118,0.03121149,0.035096124,0.042352375,0.026927393,0.017065559,0.045135073,0.027039418,0.03423275,0.037447385,0.04863472,0.026186211,0.033489436,0.046179853,0.05485899,0.030168755,0.016474731
2023-03-17,0.029688401,0.00863707,0.022006037,0.046845827,0.014796087,0.022425935,0.027366156,0.023272045,0.021744795,0.018760279,0.06666667,0.028545212,0.06128298,0.020146726,0.04706011,0.03387255,0.036579747,0.041920543,0.02062326,0.015833097,0.05381538,0.029598886,0.031196963,0.03333623,0.045304004,0.0267015,0.030538334,0.04369293,0.052163024,0.026191277,0.019387955
2023-03-20,0.025544353,0.008782594,0.019931342,0.04343845,0.017126996,0.022315422,0.023866097,0.0288432,0.021477602,0.016905278,0.056444403,0.036516927,0.042201526,0.03104401,0.046050847,0.03319557,0.03482843,0.045192756,0.022964848,0.015924728,0.03932436,0.035063494,0.03516486,0.028430805,0.03343364,0.032278214,0.031536516,0.05434491,0.06299529,0.034629844,0.020202693
2023-03-21,0.027122406,0.009600175,0.02610735,0.048491254,0.014654758,0.029109724,0.022375256,0.032143295,0.023941457,0.018999094,0.06035028,0.041880127,0.034517985,0.031595033,0.048204653,0.035633307,0.04095457,0.04315242,0.019085303,0.018311823,0.034154657,0.03986228,0.03231044,0.028832098,0.037134323,0.034344073,0.027418032,0.04770931,0.04228965,0.027167618,0.022547252
2023-03-22,0.026119048,0.009655088,0.03063265,0.048531726,0.016748318,0.040752403,0.022091502,0.03931516,0.034703553,0.01998816,0.06336573,0.04386718,0.029066773,0.036306974,0.04542993,0.035073508,0.042741593,0.03531288,0.01584839,0.018302996,0.03043421,0.045643225,0.03169521,0.023020446,0.03368759,0.035934947,0.020386694,0.048765052,0.02889625,0.021617088,0.026065726
2023-03-23,0.021603562,0.011989301,0.023896484,0.039740626,0.022896571,0.035296787,0.01707914,0.044513598,0.03802875,0.019596072,0.048791483,0.049712237,0.018787634,0.05314595,0.04200722,0.03780435,0.042630997,0.031724602,0.021452146,0.017572561,0.02293762,0.04144368,0.042166807,0.017794589,0.027686337,0.038188078,0.023110984,0.06319579,0.036281936,0.023429913,0.025494192
2023-03-24,0.019796701,0.01270806,0.024006186,0.03597598,0.02018801,0.03593857,0.017435605,0.03440444,0.035386205,0.017623834,0.056647684,0.049667884,0.018177047,0.047994293,0.03943041,0.046589117,0.04540083,0.029831026,0.021847092,0.01758771,0.023461958,0.040756967,0.04787015,0.019565579,0.031783983,0.03637591,0.023284081,0.0631202,0.039331745,0.020727355,0.027085375
2023-03-27,0.0197848,0.014441836,0.026948046,0.042159636,0.01559341,0.035207197,0.012759259,0.03545229,0.02995362,0.016905723,0.06003947,0.051700976,0.016714796,0.041410927,0.048801653,0.055135746,0.054612316,0.027636135,0.022616023,0.021303076,0.023568884,0.033446897,0.048587367,0.019737491,0.039671388,0.03249673,0.023588736,0.052434,0.03422551,0.016498415,0.02656763
2023-03-28,0.016848521,0.016796427,0.03275714,0.03878558,0.018817617,0.027578816,0.014665592,0.04616566,0.032606486,0.017619321,0.051470716,0.05286265,0.011778167,0.047373362,0.044409443,0.054745924,0.05624005,0.026432382,0.02819496,0.022832062,0.023795025,0.025722232,0.059767216,0.01713008,0.037523285,0.031139,0.023441631,0.048962984,0.030656131,0.012599267,0.030282274
2023-03-29,0.01565897,0.015035701,0.033933576,0.040379923,0.020562962,0.02382793,0.01728427,0.049404576,0.032430295,0.017881019,0.051676445,0.04776974,0.011394353,0.04560916,0.037046123,0.06106166,0.054755334,0.02436825,0.02956831,0.023304963,0.025761813,0.023684166,0.06666667,0.017231656,0.034585617,0.031527717,0.023988444,0.050554533,0.030711474,0.012176333,0.030158011
2023-03-30,0.014180953,0.012426758,0.03767352,0.047365118,0.015478786,0.027689397,0.018905126,0.04419936,0.026816336,0.014884006,0.06149789,0.041805234,0.011853993,0.044569276,0.046343114,0.057517625,0.06486135,0.027171746,0.024399668,0.020565372,0.027164131,0.021616217,0.06666667,0.018430019,0.03930436,0.028148534,0.024205327,0.045872826,0.029714318,0.010353425,0.028319554
2023-03-31,0.01656286,0.014190785,0.03641266,0.048641503,0.014201353,0.031107364,0.016709762,0.043533854,0.024887322,0.01771383,0.054732434,0.038689643,0.012518767,0.041063078,0.05107363,0.051274657,0.063266315,0.02783568,0.026131306,0.022751914,0.026794236,0.020466004,0.06474002,0.021246329,0.047480907,0.0289489,0.026188353,0.041905053,0.02986293,0.01053934,0.028529225
2023-04-03,0.01701191,0.015987204,0.037102383,0.054369703,0.013119826,0.033416603,0.01686044,0.043531,0.022296505,0.017737648,0.046264004,0.03930183,0.011548786,0.041257598,0.06618355,0.04261094,0.061766762,0.031859398,0.026362328,0.025296155,0.02387499,0.02068034,0.05697708,0.02362052,0.042339098,0.028725466,0.029784849,0.037679583,0.030725751,0.012865265,0.028842475
2023-04-04,0.023090107,0.019395098,0.042637054,0.055071376,0.01441966,0.043230575,0.014888402,0.05055523,0.03035281,0.025915531,0.04331464,0.039393194,0.013510456,0.0334022,0.061553627,0.038233504,0.055787303,0.026101805,0.022947842,0.033198882,0.022330217,0.026016388,0.041232653,0.029278727,0.05149938,0.027234243,0.023688275,0.029651258,0.018881837,0.011253646,0.03193408
2023-04-05,0.023621008,0.01990329,0.03946891,0.05939379,0.01238336,0.0440227,0.012814142,0.048045482,0.024368437,0.02236937,0.03816645,0.043953378,0.01152572,0.040576905,0.06666667,0.037520546,0.055381812,0.028069949,0.024037356,0.032051526,0.021501988,0.021874418,0.040081315,0.024879968,0.05341519,0.030368129,0.02578232,0.030638138,0.02492126,0.013042286,0.029154187
2023-04-06,0.021624781,0.020402549,0.04167569,0.055552185,0.013598357,0.030862773,0.014775283,0.052504137,0.022982027,0.025853416,0.036073815,0.04344224,0.01355084,0.033745844,0.05533404,0.037364207,0.062125795,0.027660966,0.029424153,0.035040617,0.028873233,0.016835118,0.042343166,0.028819658,0.06666667,0.027322214,0.02688142,0.024818191,0.023982614,0.010851092,0.029012913
2023-04-10,0.01841204,0.021112988,0.03929082,0.055010565,0.012691746,0.024272729,0.015367856,0.0455212,0.0179663,0.021389335,0.035938065,0.04372365,0.01424368,0.02980532,0.060211733,0.041392427,0.06666667,0.030129995,0.03550192,0.032408606,0.03137791,0.012889174,0.052421052,0.027056614,0.06190236,0.025426462,0.03220145,0.025469916,0.031934872,0.011996043,0.026266517
2023-04-11,0.021880837,0.020826913,0.039542805,0.05861817,0.01655386,0.022268992,0.019154692,0.0422403,0.022139942,0.028629217,0.034441285,0.042894434,0.01780181,0.022975888,0.042226437,0.04392913,0.056091323,0.027293967,0.03994603,0.036767934,0.03881482,0.012678524,0.053339865,0.031959493,0.056516405,0.025829744,0.032237835,0.025541637,0.028547175,0.011926542,0.026383985
2023-04-12,0.020255595,0.022804825,0.040390905,0.061475962,0.019621484,0.018856687,0.01912648,0.04760766,0.023615371,0.030789478,0.030487029,0.04619697,0.016948938,0.022475429,0.037180576,0.04416891,0.058849487,0.02561801,0.04345768,0.04387168,0.038751017,0.011514772,0.05435928,0.03092618,0.04757745,0.02537501,0.033375435,0.023531396,0.024037626,0.011855183,0.024897503
2023-04-13,0.019433424,0.026708718,0.041313633,0.060767714,0.02033376,0.017356323,0.017352095,0.046090543,0.02574907,0.03389829,0.029540783,0.050454658,0.01748681,0.019457435,0.034519106,0.05024754,0.0637152,0.022806514,0.04272945,0.049881916,0.037876967,0.012269204,0.051392417,0.030207302,0.04407637,0.02509785,0.032667007,0.020608973,0.019198356,0.011691413,0.025071166
2023-04-14,0.022538658,0.034186848,0.037797805,0.06666667,0.015887786,0.025674572,0.015054246,0.032368965,0.02006017,0.030702833,0.032962956,0.050534043,0.02065146,0.018217107,0.04209281,0.056568623,0.06666667,0.02130259,0.034871496,0.048987657,0.036636133,0.012185007,0.038148355,0.034872863,0.0607126,0.022232568,0.035060905,0.016242197,0.01899346,0.010119433,0.021002516
2023-04-17,0.018636642,0.03106046,0.04602705,0.06510996,0.020478014,0.026310567,0.019782957,0.037781853,0.024768187,0.026715823,0.032661367,0.05090556,0.01815211,0.020894716,0.041061204,0.060186867,0.06666667,0.025555752,0.035768133,0.04041036,0.02921785,0.013802651,0.04891536,0.03046703,0.038630974,0.02225919,0.036425095,0.019318895,0.018776396,0.011360451,0.021891857
2023-04-18,0.019103257,0.036885384,0.04356386,0.06067814,0.021348359,0.023376314,0.021477632,0.035353035,0.021094883,0.025788656,0.027615584,0.04555296,0.016343014,0.023205446,0.04641716,0.056406114,0.06666667,0.030325599,0.042343147,0.037897903,0.025978355,0.012110257,0.049337983,0.030633083,0.037012022,0.021888744,0.04493372,0.01868557,0.023549244,0.013102195,0.021325711
2023-04-19,0.020172028,0.029995445,0.038104888,0.06185153,0.023625813,0.021636326,0.027989538,0.0376302,0.023120383,0.02422675,0.031839985,0.038250227,0.016776944,0.026824104,0.04393254,0.059078753,0.06666667,0.030075485,0.038224116,0.03289947,0.025127873,0.014711477,0.049714264,0.031917404,0.036807653,0.022578282,0.04383717,0.020312758,0.028184457,0.014233988,0.019653475
2023-04-20,0.019818524,0.026699826,0.039006706,0.056955412,0.024995761,0.021457897,0.03781567,0.035704363,0.020074107,0.020873113,0.030785546,0.03350951,0.021188335,0.031124499,0.0450454,0.051356655,0.06626002,0.037137747,0.038266793,0.027023016,0.025057904,0.016386323,0.046081427,0.032079346,0.032151435,0.020972075,0.049146615,0.021832583,0.0344075,0.0170746,0.019711295
2023-04-21,0.02264127,0.033256683,0.028587757,0.04747826,0.03147758,0.020039318,0.040824562,0.0360893,0.016729977,0.020209407,0.02169126,0.033987626,0.024989415,0.034486,0.038157847,0.047911555,0.05742004,0.041932132,0.0467877,0.025091728,0.021806471,0.017385399,0.0398668,0.03458044,0.029866809,0.021081908,0.06583572,0.01815098,0.042984236,0.023744775,0.0149070425
2023-04-24,0.021648256,0.029682491,0.023918912,0.052997723,0.025366493,0.019370053,0.04040025,0.034894783,0.012760491,0.015435609,0.02157474,0.037770703,0.023913521,0.044291634,0.04436856,0.04238919,0.06666667,0.047668967,0.043863174,0.023305627,0.02270375,0.016215622,0.031132035,0.0341163,0.03527428,0.01990369,0.06666667,0.015829552,0.04581155,0.025068445,0.014990261
2023-04-25,0.023745801,0.0333529,0.024417257,0.053861517,0.029213492,0.020090813,0.039603252,0.037375692,0.013817633,0.017230777,0.01982934,0.04249914,0.025561241,0.04647281,0.03742508,0.043165024,0.06666667,0.043563258,0.041880257,0.02682112,0.021834578,0.018642586,0.025434496,0.0349242,0.03532706,0.020002516,0.06666667,0.013421499,0.036744937,0.02486588,0.015542504
2023-04-26,0.028461635,0.04409385,0.01961667,0.04017523,0.028012305,0.021215491,0.032767765,0.036177803,0.0124174105,0.020721784,0.014806854,0.045246053,0.029519703,0.04260454,0.034338072,0.03745534,0.06666667,0.04702746,0.044692554,0.027100941,0.019019544,0.01737535,0.023591554,0.038361967,0.04025875,0.023195164,0.06666667,0.012855408,0.038397636,0.035036627,0.012123209
2023-04-27,0.025117522,0.02967931,0.017976608,0.03721823,0.028459689,0.025363052,0.037981957,0.023520075,0.01232944,0.01703919,0.02643509,0.04110893,0.03746363,0.04625709,0.026415884,0.051675957,0.064653784,0.04192097,0.03144232,0.01870279,0.022175677,0.023808073,0.025375528,0.042830896,0.04974363,0.021342343,0.057898674,0.01802302,0.055681463,0.030409155,0.01195002
2023-04-28,0.025270952,0.042069294,0.023230486,0.03959986,0.016758362,0.03888496,0.030902792,0.020681279,0.0082584955,0.012591968,0.033928555,0.03541758,0.038561314,0.039446305,0.038564064,0.06387211,0.06666667,0.040065266,0.025265127,0.020534217,0.019002432,0.021490213,0.02236897,0.043497402,0.064529344,0.015910367,0.052206937,0.01709647,0.05078254,0.020802777,0.011742907
2023-05-01,0.028268872,0.038434144,0.024256632,0.03238972,0.021485,0.0311364,0.048879046,0.024690242,0.009126814,0.015088549,0.031053241,0.023304943,0.052500553,0.033358283,0.032173555,0.046942323,0.065747395,0.04507264,0.026884716,0.018754384,0.020943379,0.023402864,0.020330448,0.05315267,0.061633028,0.014999659,0.051347144,0.015829494,0.052869916,0.024002941,0.011940997
2023-05-02,0.026383996,0.033145346,0.02354815,0.02911882,0.02337518,0.023444071,0.05198872,0.021207448,0.010968043,0.016231356,0.033288777,0.021855187,0.051548682,0.032023247,0.030741533,0.04140792,0.06207659,0.05266933,0.02936741,0.016392572,0.021650169,0.024664331,0.021210223,0.05591294,0.057816535,0.016345663,0.05209403,0.017505778,0.062865205,0.025586542,0.013566199
2023-05-03,0.029162794,0.03820613,0.019237278,0.026733983,0.02475339,0.023223989,0.0459996,0.01585175,0.010666864,0.017140761,0.031660773,0.02538002,0.045956198,0.035377182,0.03021038,0.03951597,0.049430836,0.0540694,0.032972448,0.015743727,0.022143364,0.02524669,0.01972244,0.0556114,0.061656933,0.019362865,0.058473226,0.018684505,0.06666667,0.028600862,0.012537577
2023-05-04,0.032642107,0.041867744,0.017425489,0.024205321,0.025620768,0.022156108,0.041274726,0.015175662,0.011513251,0.01909692,0.03161683,0.024535863,0.047002997,0.03325942,0.029151957,0.0399046,0.048771314,0.053337082,0.03122693,0.015959168,0.020749733,0.028311016,0.01821486,0.05759373,0.06439404,0.01984297,0.05749299,0.019055175,0.06666667,0.029932113,0.012002454
2023-05-05,0.038804863,0.03982969,0.01955511,0.025027908,0.025138225,0.021082873,0.03488381,0.013714645,0.0118660545,0.021174204,0.036610935,0.025390003,0.049259715,0.026334547,0.023669116,0.057136092,0.039206196,0.04494031,0.031987607,0.016917815,0.022031441,0.029911026,0.020891221,0.06068174,0.06666667,0.020080343,0.051272042,0.020342212,0.06666667,0.026248712,0.012678209
2023-05-08,0.039389323,0.03546537,0.023991184,0.028337691,0.018794844,0.026030228,0.033518996,0.011702428,0.012335221,0.020180633,0.053650673,0.022555653,0.04732103,0.022834845,0.027693423,0.06666667,0.04682779,0.039550517,0.02297747,0.016251203,0.023097755,0.034757037,0.018961241,0.0612013,0.06666667,0.019746497,0.04026784,0.01824757,0.06666667,0.019227067,0.015085173
2023-05-09,0.039350405,0.035003964,0.022524077,0.028034221,0.020644289,0.02747048,0.034553565,0.01416594,0.013079546,0.021165742,0.04180739,0.024930961,0.04601929,0.024365002,0.026326312,0.06200043,0.04446001,0.041463163,0.02541006,0.016364617,0.021698974,0.036111645,0.019648096,0.05786234,0.065809526,0.021672145,0.043505453,0.019578936,0.06666667,0.023312233,0.014994515
2023-05-10,0.044166535,0.051400427,0.021086672,0.026033577,0.025861815,0.04031698,0.030318642,0.015318552,0.015316647,0.024138983,0.030068671,0.030604376,0.04555575,0.024514671,0.023035549,0.06316613,0.03414755,0.03621234,0.027675083,0.020214638,0.016463283,0.043662235,0.018954601,0.058607623,0.044288,0.022532828,0.044819567,0.021742135,0.056783937,0.029065534,0.013926668
2023-05-11,0.038951535,0.059739463,0.020712698,0.025791263,0.021041524,0.04509804,0.023760106,0.014279575,0.01335203,0.024068307,0.026147302,0.031110888,0.053827405,0.019476619,0.03257718,0.054549564,0.031280123,0.036927216,0.03167266,0.021417426,0.016173873,0.036743514,0.021338144,0.05432785,0.03487071,0.02255156,0.05084229,0.025078936,0.058802716,0.038621955,0.014867528
2023-05-12,0.036490314,0.06666667,0.02044514,0.025941977,0.021429108,0.05320151,0.014441403,0.015360844,0.013286223,0.020619594,0.022488656,0.04120344,0.044481907,0.022312272,0.039841957,0.05987309,0.029921522,0.03864115,0.030797595,0.020977389,0.010631429,0.042199545,0.022087453,0.04204289,0.024064662,0.022970844,0.04908139,0.02715173,0.056525175,0.049907874,0.014915256
2023-05-15,0.033658437,0.06666667,0.020282056,0.027225591,0.018677885,0.043151516,0.013661787,0.017822573,0.01106022,0.02029462,0.020702811,0.04024961,0.05022242,0.017970162,0.04192288,0.060087014,0.029628746,0.037150286,0.036815047,0.025266942,0.011436956,0.034693122,0.025822088,0.04361055,0.021671468,0.022040708,0.054909814,0.027263895,0.05428448,0.05645986,0.015289801
2023-05-16,0.031486962,0.061027672,0.019945126,0.025633147,0.020883534,0.04060104,0.019065661,0.018015178,0.012986183,0.020745045,0.020849852,0.035156284,0.062133454,0.01701634,0.04052193,0.0500725,0.029137958,0.039181136,0.036079936,0.022612186,0.0130639,0.037893135,0.025820928,0.042734977,0.017248169,0.022069184,0.055805,0.029505892,0.04990291,0.065939754,0.016865028
2023-05-17,0.026710873,0.055688914,0.017166464,0.02400374,0.02161839,0.042828396,0.017493533,0.015535695,0.012554942,0.017448684,0.020454133,0.037006762,0.05125268,0.02411928,0.04791674,0.041719917,0.029618239,0.042919334,0.037393574,0.018010627,0.0125282705,0.03585686,0.0271036,0.033979304,0.016170137,0.024494471,0.05909583,0.037856605,0.06666667,0.06666667,0.018120674
2023-05-18,0.021182178,0.05869782,0.020794524,0.023017786,0.025965225,0.046627738,0.022403214,0.01803701,0.015117404,0.016640974,0.021437917,0.032338046,0.051406696,0.024393572,0.051346805,0.03900261,0.029637367,0.043081462,0.035179384,0.017510848,0.010786095,0.039711967,0.030824933,0.031904284,0.011116431,0.021659045,0.054172408,0.042817373,0.058024585,0.06666667,0.018497631
2023-05-19,0.02044424,0.06195234,0.020231161,0.020183597,0.03404974,0.056708276,0.028709674,0.019566882,0.019429952,0.01805594,0.017259905,0.031899117,0.04589353,0.028707907,0.044960245,0.03302431,0.02299155,0.04123403,0.031714104,0.016329851,0.008464064,0.05212472,0.029184055,0.03151126,0.007367356,0.023081914,0.04833713,0.048936963,0.053609,0.06666667,0.01737051
2023-05-22,0.022381373,0.060954686,0.019394446,0.020922055,0.036048558,0.06143457,0.02471719,0.020592937,0.02242278,0.02116797,0.016970474,0.03153043,0.043068044,0.030185658,0.048393335,0.029975537,0.02296318,0.03703235,0.030722622,0.017062185,0.009117126,0.051324457,0.027883653,0.031029405,0.008830989,0.023851223,0.04633463,0.049996104,0.048561778,0.06666667,0.018463584
2023-05-23,0.026618965,0.062337745,0.017052526,0.019846328,0.041048106,0.06666667,0.018888205,0.020475123,0.034833565,0.028653644,0.014749535,0.032710135,0.037775464,0.025888138,0.04864927,0.024111899,0.018479584,0.032559093,0.033552058,0.01818974,0.010666368,0.049574237,0.028865132,0.0291587,0.008277344,0.026848318,0.040212955,0.05880013,0.037204407,0.06666667,0.020639947
2023-05-24,0.02452039,0.048716847,0.019766921,0.01695102,0.05304277,0.06666667,0.02047053,0.026417486,0.05549065,0.03374221,0.01473407,0.0293493,0.03427861,0.030361218,0.041539114,0.01682296,0.017848156,0.03510392,0.028313823,0.014950092,0.008620967,0.060671072,0.02871949,0.028359832,0.00740563,0.029053561,0.03087106,0.06279335,0.02727767,0.06666667,0.020473946
2023-05-25,0.024890354,0.04374161,0.020739699,0.015509068,0.053941637,0.06666667,0.02112169,0.02909157,0.06146784,0.035143886,0.016546305,0.028404161,0.03435592,0.031779993,0.041065,0.015272526,0.01864173,0.032017782,0.026255542,0.01457704,0.009498942,0.059656747,0.029868092,0.02549111,0.008786875,0.031204311,0.026414042,0.06264604,0.025974259,0.06666667,0.022562891
2023-05-26,0.021760382,0.023812696,0.024152158,0.019403992,0.0528174,0.055774897,0.027960604,0.02545902,0.064080216,0.028808832,0.022332605,0.024209213,0.029532492,0.038988657,0.04475428,0.017267914,0.019934593,0.035313487,0.023206156,0.010795053,0.012717628,0.0563384,0.03493592,0.020477906,0.0076164883,0.030955546,0.024226625,0.06666667,0.038243648,0.06666667,0.03078985
2023-05-30,0.018871943,0.034381703,0.025105586,0.01776507,0.05043834,0.06666667,0.024228098,0.025357526,0.05920857,0.026614118,0.019817676,0.028584942,0.02776269,0.038925968,0.050823342,0.016943213,0.019548634,0.033055708,0.026432967,0.012441901,0.011087513,0.05160823,0.037864674,0.017174307,0.0059466804,0.031020498,0.025548808,0.06666667,0.033234812,0.06666667,0.030206481
2023-05-31,0.018149458,0.03502038,0.025308281,0.016223708,0.054812286,0.06666667,0.024318552,0.024517484,0.05891757,0.026130907,0.018622905,0.028107945,0.022165768,0.04583385,0.04824132,0.016407048,0.016959395,0.0335446,0.028801369,0.011208188,0.009977668,0.047159463,0.042772688,0.015061314,0.0055380664,0.03415731,0.025366656,0.06666667,0.038206052,0.06666667,0.028469764
2023-06-01,0.018040331,0.04353819,0.024582678,0.016370995,0.04900323,0.06666667,0.016655799,0.02467068,0.05115219,0.027021341,0.018175777,0.035255887,0.017546296,0.051005967,0.053598195,0.016821254,0.019145595,0.0330453,0.03302119,0.012780329,0.010120477,0.037656676,0.04458053,0.013428246,0.007413238,0.038722213,0.026298203,0.06666667,0.041193012,0.05809518,0.02772767
2023-06-02,0.02488581,0.042175937,0.028952181,0.021803973,0.04197472,0.06666667,0.01615182,0.025808414,0.051239416,0.029707737,0.024642775,0.032145627,0.02240341,0.036976326,0.06420502,0.02307681,0.020673916,0.02985435,0.025827428,0.015273349,0.011079793,0.043507885,0.043324295,0.018138284,0.009419775,0.03290161,0.025482662,0.06666667,0.033886597,0.04810985,0.02303689
2023-06-05,0.029401382,0.044473838,0.030764872,0.033506837,0.03725094,0.06666667,0.017680254,0.031176595,0.05359815,0.0457464,0.024383448,0.030877754,0.039845966,0.018176071,0.05807788,0.025679307,0.01971326,0.024865383,0.023963924,0.024987502,0.014920538,0.04416886,0.036289148,0.03144394,0.010456238,0.026467772,0.028153354,0.053784844,0.016856197,0.03739909,0.01922359
2023-06-06,0.033175956,0.04853481,0.02735333,0.033314828,0.037254438,0.06666667,0.014478661,0.035924952,0.053867564,0.050863735,0.017660448,0.03561852,0.030857885,0.02009516,0.059182007,0.022398757,0.016667191,0.023678541,0.029539742,0.027938895,0.014739554,0.0369863,0.035597987,0.030028481,0.01067755,0.02854246,0.030124603,0.052698296,0.016362429,0.038643923,0.020526333
2023-06-07,0.027270548,0.048185766,0.026268609,0.034533985,0.037787262,0.06666667,0.01589131,0.04237115,0.051116038,0.043410707,0.01480649,0.040033232,0.025794988,0.023743514,0.0599385,0.021554641,0.018849194,0.02541719,0.030452954,0.028609583,0.013702556,0.033965256,0.04008553,0.027248506,0.008208829,0.028589714,0.03257585,0.0544674,0.015548031,0.043544568,0.019361435
2023-06-08,0.018900074,0.03853684,0.029240185,0.029397927,0.04764731,0.06666667,0.02071682,0.06027316,0.06418954,0.05024168,0.013050229,0.031769242,0.022823295,0.02744595,0.04746573,0.013467077,0.023099935,0.029936938,0.03419698,0.027318753,0.014183497,0.028350603,0.044858247,0.024388399,0.0073945355,0.02854954,0.03092632,0.05261979,0.011936508,0.03870709,0.021701138
2023-06-09,0.018772887,0.045024563,0.031505767,0.033425387,0.03678902,0.06666667,0.016732415,0.057816792,0.05291465,0.04881449,0.014241728,0.036156774,0.020173382,0.027842797,0.06014239,0.014188092,0.02917102,0.029032435,0.03807441,0.032497533,0.016182777,0.02140977,0.046951167,0.024261842,0.010856984,0.027246218,0.03335616,0.046197228,0.011823715,0.028458623,0.023272322
2023-06-12,0.019333182,0.043789487,0.03333486,0.036122285,0.03676237,0.06129685,0.01480853,0.055947512,0.055474672,0.04790892,0.015378783,0.041600857,0.015583223,0.02934285,0.055018533,0.01754067,0.030352877,0.025988013,0.04070912,0.034712113,0.0168771,0.01933726,0.052114666,0.021232635,0.011653405,0.02836282,0.031213114,0.046177257,0.011948361,0.023212258,0.026865412
2023-06-13,0.018480543,0.0454064,0.035960082,0.039473448,0.032168966,0.06499805,0.013796582,0.046081636,0.046595093,0.041627374,0.016599877,0.0503148,0.011506516,0.03334407,0.05818801,0.021222405,0.02971003,0.02572532,0.03875045,0.034096587,0.016480314,0.01952352,0.054925732,0.018702982,0.011318673,0.032128982,0.03194994,0.04605724,0.013761256,0.021789696,0.029315414
2023-06-14,0.021807607,0.04079137,0.043180507,0.04643398,0.031036332,0.057651773,0.015296991,0.045737844,0.048366643,0.045630958,0.018139256,0.049359538,0.012044673,0.027009422,0.052138865,0.02601994,0.028709454,0.02532706,0.03796695,0.0367862,0.019024579,0.019714292,0.054586932,0.02054164,0.011643729,0.030689847,0.031074632,0.041272983,0.012033445,0.018589504,0.031393055
2023-06-15,0.018619929,0.020216387,0.047669265,0.06488857,0.02433457,0.04240764,0.019966729,0.035830706,0.030409833,0.024475824,0.026861276,0.047587235,0.008160769,0.047793627,0.054834113,0.038641304,0.03689932,0.03952151,0.029157652,0.022866676,0.017016754,0.022507211,0.058666885,0.020684512,0.013846132,0.032443527,0.03429443,0.044445094,0.026901465,0.018588565,0.029462494
2023-06-16,0.017008653,0.01850995,0.057793997,0.06666667,0.018149605,0.037058126,0.020288028,0.036306843,0.022849757,0.022398358,0.03560419,0.04255331,0.00919324,0.03829897,0.06010448,0.046210364,0.043930568,0.04070415,0.027085096,0.023844201,0.020107418,0.01943676,0.06301638,0.022867523,0.018603472,0.029187066,0.035997886,0.037780937,0.02636748,0.01369531,0.028381228
2023-06-20,0.01756086,0.013152521,0.06256284,0.06666667,0.017725343,0.025563952,0.023721442,0.040639255,0.023332216,0.019475456,0.036448598,0.04361931,0.007304971,0.04508472,0.05950398,0.04338804,0.04306734,0.04406251,0.027151965,0.021108536,0.022629606,0.017558025,0.06371379,0.017991416,0.016781878,0.032366145,0.033988178,0.03881177,0.028894328,0.014441118,0.031683236
2023-06-21,0.021536589,0.014606236,0.056138843,0.06500709,0.02231898,0.02446713,0.022424756,0.038952593,0.025040245,0.022226915,0.035375692,0.04240583,0.008450642,0.04221554,0.052425556,0.043328457,0.033630833,0.042973842,0.03154197,0.020394618,0.023499278,0.017517444,0.06666667,0.017924456,0.018324116,0.03537176,0.03589525,0.04254175,0.035012208,0.01504771,0.02673701
2023-06-22,0.026970519,0.015971294,0.062601775,0.06666667,0.019999567,0.024209527,0.023184327,0.041090097,0.027067004,0.026531167,0.040418286,0.04374304,0.010260574,0.032829713,0.047072265,0.050734278,0.03500375,0.03700972,0.027900076,0.024978474,0.026573371,0.018676385,0.059757557,0.020957347,0.02247321,0.034185298,0.032148432,0.03591313,0.025666434,0.012947933,0.026458781
2023-06-23,0.039905485,0.0212374,0.05191372,0.06666667,0.017432706,0.034865197,0.018282013,0.030189622,0.021688187,0.028160889,0.043943852,0.04356581,0.01608199,0.027495213,0.04624163,0.05783769,0.034034427,0.03699365,0.025122127,0.024722885,0.02628324,0.021461636,0.041082833,0.028663272,0.03905638,0.030535921,0.033134535,0.029356206,0.030251086,0.012269594,0.021524146
2023-06-26,0.054547258,0.024800614,0.04522572,0.054826178,0.023285482,0.035922505,0.019724118,0.02840069,0.023511197,0.035382867,0.038296327,0.038838744,0.020350387,0.026805619,0.03504568,0.052354116,0.026475579,0.038878195,0.027143778,0.024169536,0.025267245,0.024155049,0.034203067,0.03394667,0.044653248,0.031852134,0.033459727,0.02897598,0.036722023,0.014346683,0.018433582
2023-06-27,0.05128208,0.024563523,0.050727744,0.048151076,0.025668746,0.027357353,0.023476142,0.035208214,0.024899434,0.03622332,0.047088236,0.031406377,0.023098988,0.02494837,0.027333073,0.060453385,0.032522872,0.036437117,0.023974713,0.027446954,0.023441948,0.027214075,0.035512973,0.036886197,0.05170943,0.029034492,0.028749771,0.024915962,0.031046998,0.012720882,0.016499558
2023-06-28,0.050715107,0.027304402,0.048657693,0.04789676,0.023187008,0.033220842,0.02100484,0.032125786,0.022216279,0.032969777,0.053506292,0.028484015,0.027185956,0.026240945,0.03249417,0.05837066,0.038057543,0.035264224,0.019775132,0.02714495,0.0214295,0.028613597,0.02970504,0.037431285,0.06151898,0.02593723,0.027560132,0.02393993,0.030550608,0.012374092,0.015117228
2023-06-29,0.046234973,0.026594069,0.047216978,0.04815169,0.023324037,0.04090464,0.018890489,0.03358573,0.02033405,0.03210034,0.052954637,0.028071608,0.03359244,0.025550285,0.026793456,0.06517026,0.04237498,0.03325074,0.017934319,0.027991222,0.020447604,0.031530987,0.029342405,0.038617905,0.062386855,0.024407065,0.026969856,0.024437737,0.026909273,0.011534032,0.012395336
2023-06-30,0.03565999,0.026383303,0.062308177,0.04300802,0.027088132,0.040729117,0.02294037,0.038179692,0.023988498,0.032101575,0.055373255,0.02502652,0.031195158,0.025450345,0.027283076,0.06275441,0.044283215,0.035125643,0.01856451,0.026146596,0.020150285,0.029704388,0.038648106,0.031739626,0.049307685,0.025001204,0.026085831,0.027560007,0.023964455,0.010857424,0.013391391
2023-07-03,0.03199659,0.030665632,0.05967197,0.045176674,0.021004725,0.04434477,0.020180726,0.037508655,0.021514632,0.030608337,0.055606518,0.023718748,0.034471713,0.019554207,0.036597494,0.058723826,0.051146433,0.032725845,0.020781871,0.029523524,0.022234783,0.02362638,0.04007319,0.03604628,0.055123135,0.02003971,0.028257448,0.026351297,0.019794429,0.009298416,0.013632039
2023-07-05,0.027490688,0.026779363,0.051121272,0.04626235,0.024536613,0.031130794,0.023642002,0.04363407,0.02300876,0.03082445,0.048885733,0.021003844,0.03477396,0.01839406,0.03615275,0.055816334,0.05754598,0.036569137,0.02814226,0.02866455,0.02449352,0.019245775,0.05378693,0.034757327,0.043894526,0.019394845,0.034344386,0.02869304,0.02257664,0.010942164,0.013491885
2023-07-06,0.022012774,0.022689639,0.049771007,0.04472279,0.022510814,0.02833743,0.02563802,0.04383382,0.019792877,0.028852327,0.047706407,0.020228162,0.040854428,0.014293843,0.033945974,0.05724372,0.05063328,0.039638907,0.03247693,0.027598167,0.025318582,0.017010244,0.06666667,0.039821915,0.035631765,0.01993488,0.039627973,0.03229546,0.025915936,0.013240978,0.011754285
2023-07-07,0.019731876,0.019961575,0.039081577,0.03561267,0.028830484,0.020127553,0.026286606,0.032595262,0.017973112,0.027222035,0.050822563,0.019292904,0.03831157,0.017450841,0.027388943,0.06449139,0.04734527,0.041776888,0.036902677,0.021512449,0.027791904,0.017774835,0.06666667,0.036928095,0.0387084,0.02342341,0.04318139,0.03844962,0.048412196,0.015055076,0.010890161
2023-07-10,0.020994373,0.019339828,0.03889582,0.034085333,0.03772245,0.02349133,0.031190598,0.028591545,0.023638373,0.029066522,0.051958814,0.01838189,0.046070114,0.01596999,0.023134073,0.066449806,0.03952237,0.036891248,0.032747865,0.019769823,0.027899645,0.022189157,0.06666667,0.036020663,0.026926352,0.02404892,0.038897634,0.044630177,0.04475877,0.018924879,0.011124978
2023-07-11,0.02263528,0.023956286,0.037726544,0.03172121,0.052196737,0.023939835,0.041802473,0.0299261,0.028098676,0.03233039,0.04453266,0.01920097,0.051812112,0.015742607,0.01566744,0.06398511,0.03441699,0.032661844,0.031638857,0.022515917,0.024292916,0.0293439,0.06666667,0.043594766,0.021922342,0.021300124,0.037082195,0.036273513,0.03213435,0.019650433,0.011230752
2023-07-12,0.020654548,0.021354387,0.036231406,0.035265505,0.053797454,0.025323458,0.049340572,0.033079084,0.03320194,0.032656655,0.04449638,0.019285407,0.060436416,0.014581347,0.01573372,0.05700289,0.039156914,0.030946596,0.026915697,0.022862785,0.025855064,0.03227724,0.060894854,0.047026392,0.01891786,0.019879933,0.03564807,0.032366954,0.0232711,0.02032695,0.0112124225
2023-07-13,0.017545117,0.019078627,0.033641253,0.036816385,0.048058927,0.0247878,0.05938406,0.03571928,0.031230463,0.02625999,0.0408355,0.018925255,0.060218368,0.017142609,0.021106904,0.04649815,0.046138655,0.035947446,0.026677348,0.02048431,0.024425853,0.033297367,0.057741724,0.045549136,0.015254467,0.01924383,0.040535264,0.033504233,0.025054395,0.026503803,0.012393487
2023-07-14,0.014616476,0.016003298,0.0287151,0.03929707,0.041294094,0.023123039,0.0637887,0.031374417,0.02505321,0.021511909,0.031558484,0.020430952,0.057920143,0.01979004,0.028484393,0.037825808,0.044029653,0.046435524,0.028108662,0.016673608,0.023587158,0.03133118,0.05775772,0.04118416,0.010501007,0.020471916,0.052820478,0.037379194,0.03485097,0.04169356,0.012388072
2023-07-17,0.016854394,0.026098173,0.022936638,0.038970657,0.04539908,0.022807889,0.034473,0.027471662,0.02488877,0.025815198,0.026644226,0.032275733,0.045800593,0.023091506,0.034298852,0.039887764,0.036534216,0.0400786,0.03642926,0.021684268,0.02049314,0.03204059,0.050951898,0.037784882,0.011648584,0.024982397,0.056584463,0.035231937,0.042151734,0.05176746,0.013922443
2023-07-18,0.020080552,0.03867464,0.02210498,0.02853632,0.061207812,0.027723076,0.03822661,0.027302844,0.038546026,0.029019745,0.022697678,0.036084656,0.045271,0.022074627,0.03246352,0.03531792,0.026258275,0.031036152,0.03583378,0.02342574,0.017512456,0.045560423,0.040699046,0.032198388,0.007584342,0.02494142,0.043603193,0.036902875,0.029457863,0.062125444,0.0175286
2023-07-19,0.019617999,0.056031223,0.021813175,0.028361594,0.060033835,0.029106725,0.025090354,0.02621347,0.04141297,0.029938357,0.022623716,0.045489807,0.032811865,0.026467623,0.04020858,0.0367479,0.029419295,0.024820939,0.03904453,0.029833246,0.018250335,0.04050251,0.03617776,0.026660392,0.008853213,0.02529251,0.037401374,0.036067918,0.026044954,0.05447925,0.025182577
2023-07-20,0.01970343,0.06353618,0.022676624,0.03121554,0.053431768,0.032498855,0.02014178,0.031596757,0.036723968,0.027968932,0.023574028,0.04369493,0.027601065,0.029347736,0.050084688,0.038164485,0.036647875,0.025411848,0.040951136,0.031699605,0.015986167,0.030811552,0.041017693,0.025023412,0.011004614,0.023713471,0.03886232,0.034885615,0.025331717,0.044361804,0.02233041
2023-07-21,0.018684125,0.06666667,0.029767035,0.02675607,0.05572762,0.026806882,0.025313973,0.048997153,0.035496693,0.02760732,0.018073536,0.047053464,0.02885313,0.025610205,0.044139136,0.03273366,0.04214872,0.026043555,0.057339504,0.042071503,0.018396366,0.02153991,0.03989192,0.027286917,0.012527405,0.017438142,0.042009134,0.0253543,0.015455014,0.030267943,0.023942998
2023-07-24,0.017989606,0.06666667,0.030870909,0.033264942,0.04114039,0.021671511,0.02200942,0.058932327,0.03591229,0.024716021,0.01823317,0.052729923,0.020716809,0.026653644,0.058476295,0.02687581,0.059336398,0.027191168,0.056611825,0.045187242,0.022309808,0.01567578,0.0359044,0.023582201,0.015368902,0.016618678,0.03879713,0.02057362,0.012205922,0.023901353,0.029875835
2023-07-25,0.016606847,0.0596508,0.038878076,0.040298805,0.034922436,0.021176374,0.0187748,0.06666667,0.03900704,0.023867128,0.022284359,0.048851456,0.018805068,0.021387054,0.061149225,0.031879384,0.06602647,0.027283598,0.04890215,0.045375142,0.019971544,0.01598103,0.043945424,0.02346137,0.013902013,0.015819928,0.03318796,0.02069449,0.009997813,0.02107601,0.030169537
2023-07-26,0.018786611,0.06666667,0.03583583,0.036441818,0.034938645,0.022695946,0.015743913,0.06666667,0.040889837,0.02829472,0.018924112,0.04764773,0.020713279,0.018844519,0.06437684,0.028996665,0.06588649,0.02540431,0.04941103,0.04795379,0.019558916,0.015430421,0.042947892,0.023622394,0.013717128,0.015914412,0.031491518,0.021491593,0.009051473,0.024038535,0.027616303
2023-07-27,0.01794755,0.061510786,0.030815275,0.0375968,0.03719245,0.021631137,0.015320389,0.06666667,0.033281416,0.022425065,0.015992483,0.04649416,0.024547068,0.021918625,0.06666667,0.029444695,0.06666667,0.03612356,0.050855264,0.03992873,0.015918242,0.015122804,0.047402427,0.023875741,0.011861354,0.015304633,0.03979041,0.022423651,0.012543288,0.035566833,0.017165165
2023-07-28,0.015692292,0.053020846,0.028317275,0.03950478,0.041116584,0.020074354,0.014713848,0.06666667,0.024078596,0.017244799,0.014359774,0.0563141,0.025772244,0.02658436,0.053577803,0.035685487,0.06666667,0.032945324,0.051124424,0.04223328,0.015653048,0.016232088,0.05073749,0.023603704,0.009773905,0.015882915,0.04301399,0.024182472,0.016681619,0.044472042,0.014073218
2023-07-31,0.014914292,0.05424422,0.024017803,0.037776243,0.032743238,0.023168739,0.013057125,0.06666667,0.01721698,0.014723189,0.015652753,0.05183641,0.03274627,0.028243598,0.06666667,0.032643285,0.06666667,0.039699968,0.04715548,0.03766631,0.015117556,0.016156906,0.04359095,0.027347025,0.013489058,0.01441976,0.051048946,0.02215298,0.020662896,0.046220474,0.012287549
2023-08-01,0.014784147,0.04122807,0.024409559,0.041700453,0.03269853,0.026415594,0.01532067,0.06666667,0.023142781,0.018754149,0.019139867,0.047574714,0.033277623,0.032656733,0.061381206,0.029712154,0.06666667,0.04087197,0.03774053,0.036685076,0.014700673,0.02313981,0.041597713,0.02854408,0.014824572,0.018168291,0.043711722,0.024060793,0.018515011,0.04738464,0.014525537
2023-08-02,0.013498793,0.036703046,0.022721449,0.038587507,0.03738427,0.02175034,0.016977593,0.06666667,0.021419635,0.025851969,0.017215528,0.039095405,0.03943994,0.028893013,0.047445063,0.027235705,0.06666667,0.04236933,0.040937234,0.03610106,0.016482864,0.022422569,0.046157412,0.03184304,0.014716246,0.020315288,0.05076141,0.024645874,0.021289563,0.05168947,0.012716048
2023-08-03,0.013298682,0.03868059,0.020195602,0.033575542,0.04374492,0.017621601,0.016245395,0.06666667,0.021355595,0.03270337,0.014672752,0.03566456,0.042753626,0.026556173,0.035893984,0.024885323,0.06666667,0.04417802,0.0475214,0.036034606,0.015854964,0.02023444,0.04714072,0.03480864,0.015788207,0.020928089,0.05439231,0.02435445,0.023551809,0.053517032,0.010514262
2023-08-04,0.012965911,0.03257817,0.023938634,0.033782754,0.044863388,0.022261854,0.020257683,0.06666667,0.0243111,0.027765129,0.019844485,0.035395835,0.04889781,0.031092811,0.032375224,0.02809893,0.06666667,0.048576873,0.036944967,0.02870309,0.014462047,0.025388222,0.04541457,0.036169756,0.01708976,0.019651659,0.046361476,0.026312903,0.023458835,0.049659822,0.010042959
2023-08-07,0.01575562,0.029778386,0.022825183,0.04211522,0.046012983,0.029739698,0.021074925,0.06666667,0.026968015,0.027639754,0.017483318,0.050635707,0.042714678,0.04076236,0.02696663,0.030292694,0.06666667,0.042610202,0.031206587,0.028518919,0.015472438,0.026888572,0.036549874,0.03154364,0.015516681,0.020171147,0.04139022,0.028990261,0.019672299,0.04600517,0.011365486
2023-08-08,0.01821507,0.027735604,0.026309423,0.05936958,0.035336077,0.03570309,0.019004958,0.063639976,0.022030365,0.023468047,0.020334534,0.06666667,0.0381096,0.043125357,0.02578285,0.042212483,0.06666667,0.041112043,0.023758015,0.030122224,0.014629115,0.03030967,0.026561815,0.03732654,0.019183207,0.017618611,0.03960592,0.02151809,0.01722683,0.0351382,0.012179364
2023-08-09,0.021505544,0.027672192,0.02308524,0.058455143,0.035593554,0.0356916,0.018884106,0.06578097,0.020962624,0.024663446,0.019416753,0.06418574,0.036862824,0.042791624,0.02212706,0.0441928,0.06666667,0.039416853,0.023207914,0.030821292,0.013973757,0.031424463,0.024474956,0.043237425,0.023487011,0.018116219,0.040594086,0.019847287,0.018459396,0.03405672,0.010344743
2023-08-10,0.02616673,0.024779597,0.025231421,0.06002482,0.034286167,0.03942928,0.0204342,0.064111464,0.021466114,0.028113099,0.021552224,0.056638613,0.04055403,0.036852077,0.017432164,0.047091413,0.06666667,0.039729215,0.019191127,0.030059053,0.013307785,0.03871655,0.020734806,0.052502714,0.02733116,0.018067427,0.03600588,0.017342592,0.016549643,0.03037045,0.009261513
2023-08-11,0.028912753,0.021706419,0.025695665,0.05412958,0.03353711,0.039996155,0.02336344,0.062354803,0.019797985,0.029510006,0.024193618,0.04334128,0.04251024,0.035840172,0.016154828,0.046415437,0.06551248,0.04453859,0.01720923,0.025573755,0.0132217845,0.04216626,0.021000223,0.06035738,0.03510986,0.019039,0.036743447,0.016272618,0.02003762,0.027535683,0.008222592
2023-08-14,0.036219608,0.02458581,0.033657737,0.051979702,0.031218184,0.046690438,0.018348105,0.06490631,0.023247143,0.039463524,0.024430126,0.038779497,0.03999901,0.028842252,0.016756002,0.045606695,0.0543131,0.04359074,0.016081229,0.026939731,0.0116527425,0.04618405,0.019562034,0.06121347,0.038631126,0.020999715,0.03137089,0.014368936,0.015679777,0.024855122,0.009827192
2023-08-15,0.045429144,0.017411688,0.04132386,0.05283303,0.029816706,0.04564397,0.01781664,0.055436127,0.027493373,0.047748167,0.029433958,0.030070938,0.039588936,0.025707996,0.01873992,0.043478537,0.04188641,0.044470593,0.014237238,0.021404404,0.013798474,0.047863763,0.021704592,0.055552173,0.042823758,0.026410421,0.026280336,0.017333813,0.020044144,0.025717195,0.01249969
2023-08-16,0.04762548,0.019463254,0.03694997,0.04384617,0.03426835,0.035658818,0.018756991,0.043707423,0.02184089,0.043350242,0.025077209,0.03014429,0.029479627,0.03489774,0.018768294,0.044549182,0.030456556,0.052259795,0.019186867,0.018152593,0.01218556,0.045886498,0.026068635,0.04783535,0.03788546,0.034123342,0.032998744,0.022383263,0.042863753,0.036449317,0.012880334
2023-08-17,0.044213314,0.020165477,0.033470977,0.030935256,0.041363142,0.031545136,0.023602117,0.03567428,0.025231227,0.04376891,0.023218995,0.027488912,0.030654842,0.036893144,0.016398715,0.035849273,0.027782224,0.061512288,0.019592943,0.013867029,0.011109583,0.05525905,0.024351785,0.04915423,0.0341812,0.03697335,0.033188496,0.02278742,0.05184094,0.044652898,0.013272851
2023-08-18,0.046830133,0.013503296,0.039656684,0.03205632,0.041644853,0.031592485,0.031837493,0.030586781,0.03196484,0.04354659,0.029833794,0.021764925,0.039202243,0.031215305,0.015858583,0.031646594,0.028808717,0.060535338,0.016301204,0.010515633,0.015871394,0.054066837,0.023329102,0.050411485,0.038552493,0.03408641,0.027824204,0.023265392,0.04759847,0.039746866,0.016345534
2023-08-21,0.043308213,0.011864946,0.043303464,0.035892334,0.039182797,0.024710018,0.034436237,0.030173354,0.031643797,0.03875597,0.038025428,0.021593062,0.029589068,0.03310785,0.015902549,0.04081489,0.036006987,0.057578113,0.0158188,0.009733115,0.016976375,0.051366698,0.027057685,0.04783613,0.044449557,0.03278903,0.025744563,0.022234198,0.05261135,0.03008881,0.017404612
2023-08-22,0.04192448,0.008597655,0.039912634,0.03440279,0.03897272,0.021433843,0.038603097,0.02652347,0.040518895,0.040326424,0.045176942,0.018617336,0.029601278,0.02990469,0.01653552,0.03795525,0.03423756,0.054107424,0.015028319,0.008127397,0.021501092,0.051795945,0.030612849,0.041660346,0.039920878,0.034909718,0.022546398,0.029201772,0.0572601,0.029433202,0.020649975
2023-08-23,0.0367536,0.010544364,0.036782593,0.032464325,0.038162064,0.024520617,0.038260523,0.026344517,0.03435857,0.031547252,0.04358293,0.02177994,0.024261625,0.037907813,0.018245436,0.0424786,0.037289727,0.052603733,0.016295465,0.008029341,0.01912019,0.050510734,0.03549019,0.035047516,0.03422024,0.037123337,0.025315285,0.034099992,0.06666667,0.031953968,0.018238846
2023-08-24,0.0378572,0.013062096,0.03394224,0.03278419,0.030658776,0.023765713,0.031166408,0.022698082,0.02807131,0.031043384,0.047216654,0.019970745,0.026664851,0.029814584,0.023575632,0.050348666,0.040728495,0.052666295,0.01697204,0.008943859,0.019541271,0.051010616,0.03486527,0.03957281,0.041013263,0.03436948,0.029229706,0.0321182,0.06666667,0.030981485,0.018680008
2023-08-25,0.03657543,0.013526003,0.03649031,0.027149629,0.042831417,0.021864906,0.034043085,0.02632693,0.030747484,0.032622077,0.03765204,0.01990622,0.03088185,0.03279884,0.017991029,0.045332782,0.03194715,0.05677249,0.021797197,0.008908877,0.018518519,0.04573426,0.040542208,0.03469521,0.0298952,0.03541054,0.030079925,0.03905699,0.06666667,0.036531847,0.016702889
2023-08-28,0.03383176,0.015009904,0.041647736,0.031287014,0.031764608,0.026840787,0.033958104,0.022136819,0.026832135,0.029656244,0.05349043,0.021160785,0.033508662,0.02623985,0.017897666,0.059924673,0.036148433,0.046203498,0.01889487,0.010187199,0.02151264,0.044639766,0.04070345,0.04015081,0.0402366,0.03166843,0.02762385,0.033942617,0.060918745,0.024032624,0.017949281
2023-08-29,0.033115596,0.018548392,0.044218615,0.031156965,0.033395555,0.02880426,0.029470159,0.02667413,0.029067826,0.029899353,0.05082197,0.022329638,0.02714246,0.028279709,0.0186714,0.06666667,0.038235676,0.042807978,0.020731466,0.011017512,0.018127332,0.043483343,0.04802881,0.033787515,0.03442547,0.032763828,0.026999736,0.03651043,0.05417091,0.02249358,0.018153727
2023-08-30,0.030548241,0.025126802,0.047156453,0.03235669,0.03211795,0.034381688,0.020723542,0.026177594,0.0323815,0.032587122,0.049460094,0.024340697,0.020230664,0.029015312,0.022192657,0.06666667,0.035531934,0.0377866,0.022484425,0.013282492,0.015034733,0.043694884,0.05159901,0.028201118,0.028761482,0.035583157,0.024222188,0.043575134,0.050750475,0.021835594,0.022193102
2023-08-31,0.03376557,0.029429052,0.040532187,0.029156415,0.03619953,0.040182844,0.018115578,0.028795378,0.036960904,0.040229257,0.040727112,0.02349178,0.019713761,0.027829763,0.019675365,0.06666667,0.026208224,0.032478303,0.025322992,0.015542442,0.013305189,0.047156874,0.050058324,0.029018676,0.026153883,0.039562475,0.023139762,0.047732037,0.046921782,0.02389146,0.022036416
2023-09-01,0.033777043,0.035910126,0.03386135,0.026323276,0.036734056,0.05486562,0.016239239,0.032242537,0.036510527,0.040018562,0.028626872,0.026612129,0.017783314,0.038015038,0.022096708,0.05257248,0.025208127,0.034458265,0.025999185,0.01616251,0.01043914,0.051010467,0.041792866,0.026970675,0.02150237,0.04124307,0.024527213,0.05343745,0.04265916,0.03025084,0.022149794
2023-09-05,0.039852582,0.04041164,0.03412645,0.027115589,0.03621742,0.06666667,0.013656508,0.03465777,0.05140516,0.051733904,0.025480598,0.028091598,0.018235512,0.03427477,0.024861522,0.038905106,0.021859568,0.027476566,0.021561868,0.020829266,0.010239911,0.060125127,0.030092789,0.026306327,0.019977674,0.04195701,0.019089542,0.049901564,0.024472266,0.031557918,0.0288598
2023-09-06,0.03988068,0.039831717,0.031568404,0.02433014,0.037842598,0.06666667,0.011994424,0.03173051,0.05614215,0.053429518,0.024906727,0.02921062,0.017657818,0.037881322,0.02286351,0.03883986,0.01956954,0.021885023,0.020748986,0.019913247,0.010545096,0.062017012,0.02980989,0.023724744,0.020829955,0.04632779,0.01634419,0.054782845,0.025488783,0.03171375,0.031522475
2023-09-07,0.03275601,0.039447144,0.02748189,0.024564806,0.046292454,0.06666667,0.014685405,0.04221882,0.05220436,0.050523236,0.021675993,0.032469578,0.01711059,0.043782637,0.016892096,0.043451585,0.022094587,0.0200088,0.02238919,0.02223549,0.010967534,0.05898428,0.032223884,0.024609175,0.01867514,0.041796885,0.016884804,0.05319733,0.024336372,0.030809378,0.02856389
2023-09-08,0.03266402,0.050683253,0.027188417,0.031120645,0.038512584,0.06666667,0.011379724,0.045008924,0.037131492,0.04857511,0.018826714,0.044114746,0.017452093,0.04207,0.017887777,0.05123208,0.022491507,0.018076986,0.027444074,0.03172341,0.0116720395,0.04450695,0.033206563,0.027437223,0.020424703,0.03782333,0.020645456,0.04819309,0.022653038,0.028486924,0.024700457
2023-09-11,0.03013108,0.049894802,0.027724002,0.0287664,0.04119354,0.060608935,0.016599141,0.049595777,0.038145393,0.050684184,0.017989716,0.0430847,0.021745374,0.036594085,0.016553015,0.043905634,0.021575859,0.018208973,0.02964998,0.03295593,0.01435629,0.045557726,0.032486264,0.029504737,0.018251903,0.037605852,0.021734046,0.044418983,0.020899206,0.031622227,0.027956247
2023-09-12,0.029396905,0.06666667,0.026552167,0.031951133,0.03160607,0.054962724,0.01773275,0.044738397,0.023702241,0.03915785,0.016238755,0.049975723,0.022148902,0.030649485,0.024021856,0.04853556,0.023483533,0.020369757,0.040113058,0.037816748,0.015777998,0.028846277,0.039299853,0.029599776,0.017804064,0.032495968,0.03298313,0.04099345,0.025017321,0.033608355,0.023753526
2023-09-13,0.03328605,0.06666667,0.03193154,0.020887027,0.04685946,0.06477612,0.030709675,0.049576208,0.037206322,0.055635955,0.012945914,0.03808733,0.050644316,0.014841651,0.0111585865,0.03666196,0.016178163,0.01880598,0.03938088,0.04307802,0.017785091,0.034117457,0.032854553,0.03709843,0.012821128,0.025105756,0.027623434,0.03336715,0.010970866,0.028726764,0.02021154
2023-09-14,0.026598105,0.06666667,0.034185417,0.023573214,0.041425638,0.06116781,0.03703985,0.046591777,0.03191954,0.038954746,0.014685925,0.04782301,0.048119705,0.017079396,0.014770158,0.040532824,0.021230375,0.020441318,0.04366922,0.042499166,0.020386927,0.028159922,0.038873676,0.033214495,0.012023659,0.021270102,0.033059098,0.034039736,0.011923775,0.026204763,0.021869991
2023-09-15,0.021302786,0.06666667,0.039078534,0.029452166,0.03359707,0.05020176,0.03989402,0.045670792,0.027929943,0.033200104,0.018317616,0.048322365,0.04980733,0.012577263,0.016035624,0.05213717,0.026557438,0.018691052,0.043544002,0.05226271,0.024635065,0.023934163,0.045302793,0.03543982,0.012323947,0.018028636,0.035958003,0.02782512,0.00974525,0.020003278,0.021557514
2023-09-18,0.019264532,0.066580504,0.029535407,0.027309038,0.044084802,0.034742124,0.03368086,0.051776037,0.035030268,0.03884088,0.0159166,0.0502314,0.03733072,0.015061081,0.0134285195,0.049844068,0.030591724,0.018535221,0.055109363,0.04936299,0.026085826,0.020096043,0.055589914,0.029270316,0.013110378,0.021241376,0.037820276,0.030592998,0.011554488,0.019010264,0.019371971
2023-09-19,0.019126827,0.059456583,0.03092114,0.027655335,0.04226618,0.032614194,0.03668604,0.048560787,0.035319872,0.03970449,0.019905504,0.04163313,0.049685325,0.011782707,0.014224719,0.053121496,0.036958713,0.018186795,0.050532103,0.04630134,0.031894766,0.018999182,0.05855371,0.031048177,0.015948685,0.018654669,0.037161194,0.028471302,0.011217173,0.016403772,0.017004097
2023-09-20,0.019261282,0.059487317,0.032645572,0.027194466,0.045764808,0.030557802,0.034156445,0.045844477,0.038891938,0.03613212,0.021347078,0.047777813,0.04048496,0.014170663,0.015406672,0.058974,0.040017325,0.01855024,0.046479296,0.043557208,0.02911576,0.023241777,0.056821093,0.027546069,0.014825385,0.018830758,0.03475542,0.029676769,0.011387643,0.01732411,0.019773727
2023-09-21,0.01844836,0.057396326,0.029319955,0.02540618,0.053879004,0.023759425,0.030086631,0.05089568,0.04151525,0.041912895,0.021602908,0.04437702,0.034401797,0.017206,0.013842563,0.053302336,0.042988557,0.01865309,0.052509516,0.041049995,0.028786147,0.01873398,0.06333094,0.026880194,0.019627443,0.020992892,0.035058938,0.029300192,0.013097437,0.015006235,0.016632102
2023-09-22,0.020483831,0.06666109,0.02176378,0.016404837,0.06666667,0.021402176,0.028933221,0.0534741,0.055350646,0.047105163,0.020228194,0.037996598,0.034989625,0.022564815,0.012407758,0.037402596,0.04008178,0.017271064,0.055871688,0.035035666,0.02787246,0.0198858,0.05566871,0.024139453,0.02438487,0.023292525,0.030519236,0.033023957,0.016175508,0.016921854,0.016020339
2023-09-25,0.024034826,0.06666667,0.02537001,0.015604008,0.06666667,0.025067627,0.02600664,0.049946263,0.06666667,0.049778044,0.024629653,0.038040783,0.040877234,0.022197025,0.0130947875,0.03741045,0.043276004,0.01595633,0.04168002,0.034039065,0.025307756,0.026690444,0.04404725,0.024657855,0.026830498,0.023063872,0.023634195,0.03135486,0.013234818,0.016837137,0.017332543
2023-09-26,0.026797317,0.06666667,0.02866906,0.014826232,0.06666667,0.03553964,0.025565222,0.048566952,0.06666667,0.05322501,0.027447827,0.036460955,0.046275634,0.021466715,0.012981827,0.035037182,0.040196422,0.01553167,0.033408288,0.031639706,0.022123037,0.034866888,0.038351446,0.025863385,0.025279928,0.022798829,0.019166272,0.0326281,0.010410383,0.01648002,0.018396057
2023-09-27,0.026898112,0.046690263,0.026679615,0.013185729,0.06666667,0.03229172,0.033071704,0.056049567,0.06666667,0.05034824,0.027449764,0.032140333,0.045269616,0.03253628,0.010098232,0.03220464,0.03658411,0.01928915,0.031045444,0.023438824,0.019981474,0.045245018,0.03824764,0.02612957,0.02553982,0.027058005,0.018622426,0.03814238,0.015565592,0.020829657,0.016033746
2023-09-28,0.024060044,0.02640082,0.029256638,0.01341606,0.06666667,0.037237342,0.041846145,0.056133565,0.06666667,0.047423292,0.037677217,0.025675498,0.054264832,0.030515635,0.008249422,0.035267115,0.035208493,0.018895492,0.019655285,0.01794724,0.019550603,0.06642568,0.038730644,0.028785305,0.023591124,0.026112137,0.014337718,0.041491203,0.013715729,0.019649591,0.015146797
2023-09-29,0.020652346,0.023775589,0.030817617,0.015495036,0.06666667,0.03644078,0.036114477,0.05980723,0.06666667,0.044619158,0.03953154,0.027436478,0.04820866,0.032529682,0.009558382,0.039269652,0.039124746,0.019612612,0.018398872,0.018458221,0.018538874,0.06666667,0.0422681,0.026451407,0.021259911,0.025674982,0.014733049,0.044061907,0.013638926,0.018890638,0.014631122
2023-10-02,0.019709462,0.012878314,0.026437612,0.019285016,0.06666667,0.03343042,0.043286934,0.04516811,0.06666667,0.039348908,0.045710955,0.026777046,0.044642154,0.045461297,0.009541692,0.03145092,0.039361548,0.024985043,0.015886445,0.013119176,0.024121676,0.06666667,0.0354085,0.024286486,0.022991335,0.03344982,0.014008047,0.04835386,0.021900957,0.023314172,0.015684096
2023-10-03,0.021727009,0.011267862,0.021807918,0.018257214,0.06666667,0.034940798,0.037714384,0.035726536,0.06666667,0.04296547,0.047938548,0.025851915,0.04542112,0.045746706,0.009631097,0.028758744,0.032866996,0.025794705,0.01577388,0.011321321,0.024558648,0.06666667,0.033141512,0.026828991,0.026403554,0.037934646,0.014352049,0.052507572,0.029147245,0.02603776,0.015575796
2023-10-04,0.021658558,0.009858379,0.023924807,0.018562643,0.06666667,0.03398215,0.035285097,0.04401317,0.06666667,0.043999482,0.044653095,0.02931458,0.034892395,0.057035554,0.009960918,0.024808144,0.031762183,0.027496627,0.014681149,0.0113004735,0.021538446,0.06666667,0.0303003,0.023582652,0.023349995,0.043759353,0.012786549,0.0555891,0.026238289,0.028392598,0.017273312
2023-10-05,0.01875824,0.009364965,0.023219515,0.017810171,0.06666667,0.025343627,0.03517243,0.037464198,0.06666667,0.035971038,0.04374879,0.030849576,0.027358964,0.065459445,0.01170519,0.026067697,0.030610662,0.03488685,0.015970418,0.009671003,0.019714598,0.06666667,0.032740973,0.02062021,0.021466132,0.045734815,0.015266011,0.0557593,0.040878247,0.031187473,0.017199477
2023-10-06,0.023191333,0.012359507,0.023499483,0.016513309,0.06666667,0.02941201,0.025456995,0.03361904,0.06666667,0.039449908,0.0370193,0.03387382,0.020038482,0.06666667,0.013999724,0.023541719,0.027115123,0.033165954,0.018047016,0.0106113935,0.0189526,0.06666667,0.028031508,0.018406989,0.025269393,0.05229104,0.0149558615,0.057846725,0.044448406,0.030427547,0.021789147
2023-10-09,0.021569313,0.011887631,0.022250121,0.017692221,0.06666667,0.02590746,0.028555958,0.029007796,0.06666667,0.042222008,0.040847626,0.027003009,0.025323732,0.050695747,0.016566737,0.023641627,0.02691394,0.03400882,0.019079348,0.010506022,0.023842368,0.06629482,0.03272582,0.019928249,0.025400372,0.04803739,0.017113676,0.059022173,0.050120756,0.029735172,0.020766754
2023-10-10,0.022268465,0.0129452655,0.026855107,0.018149631,0.06666667,0.03566685,0.027960887,0.03302774,0.06666667,0.051184617,0.041699674,0.023191422,0.02525098,0.045150306,0.015254341,0.02340406,0.023573136,0.030515466,0.01759924,0.01168984,0.02218947,0.06666667,0.0324072,0.023746002,0.029065184,0.048821878,0.0155359525,0.05695556,0.04142214,0.023816593,0.020652985
2023-10-11,0.019915042,0.013278412,0.028182494,0.021743499,0.05321037,0.033925008,0.02541161,0.038876843,0.06666667,0.0437333,0.04045243,0.02405198,0.021241551,0.048028573,0.02518175,0.02282875,0.032713667,0.037860956,0.02028759,0.011576647,0.01969402,0.054220237,0.038546562,0.02271257,0.02689543,0.04497572,0.019513953,0.05675289,0.042353746,0.025247317,0.019920418
2023-10-12,0.020459397,0.013841248,0.025633644,0.02427521,0.04731576,0.030520307,0.023154989,0.034451798,0.06666667,0.046706438,0.035160054,0.02440621,0.02003314,0.037682712,0.028402122,0.024465727,0.024943622,0.037352894,0.02607806,0.013321778,0.021232618,0.044849575,0.048107833,0.02126997,0.020262374,0.04991856,0.022759095,0.06666667,0.049559712,0.03112314,0.01937868
2023-10-13,0.023042936,0.012813239,0.02379081,0.024430014,0.048533734,0.03062617,0.020633217,0.030536478,0.06666667,0.051476475,0.03500317,0.024620173,0.018087143,0.040669195,0.025313495,0.024401587,0.0226087,0.034526028,0.027486224,0.013133565,0.022008281,0.04524755,0.04436397,0.021134343,0.0234708,0.054010358,0.02128159,0.06666667,0.053336345,0.028783571,0.0212975
2023-10-16,0.01944841,0.011087287,0.028271964,0.026094297,0.045336094,0.02594501,0.023218809,0.04210855,0.06666667,0.055877566,0.040850237,0.023035543,0.020311998,0.034103278,0.020565052,0.027607355,0.02528834,0.030592991,0.028645782,0.015855253,0.027047018,0.040018994,0.05435443,0.022118794,0.027702132,0.053000238,0.020157948,0.062371176,0.04085355,0.020789873,0.020675369
2023-10-17,0.019049773,0.009630981,0.031221319,0.033701498,0.035583816,0.026717715,0.022902189,0.041878425,0.0605118,0.051871568,0.043631744,0.024805147,0.019600222,0.032369968,0.02494669,0.027537381,0.027891617,0.03489789,0.028067144,0.017401343,0.03171645,0.035086617,0.05488965,0.025143022,0.031077009,0.04939148,0.02242803,0.055695128,0.038884856,0.018353743,0.023115788
2023-10-18,0.017351244,0.008252864,0.031368606,0.037268646,0.03865951,0.022335887,0.024992201,0.05725902,0.063262306,0.05536314,0.03982403,0.02517537,0.018092388,0.031221667,0.021865794,0.02774858,0.028688245,0.03323957,0.027244193,0.019405302,0.03281787,0.03320415,0.060136233,0.024275988,0.02835398,0.050795645,0.022999566,0.04919398,0.031066425,0.016930291,0.021607308
2023-10-19,0.012558723,0.0059344335,0.031135336,0.0365849,0.03680192,0.019113591,0.03174122,0.065996185,0.054112375,0.037164457,0.051365733,0.027689302,0.015574396,0.045014426,0.016349372,0.033273704,0.03552976,0.031963475,0.022872556,0.015652841,0.03054114,0.036110166,0.06666667,0.019846132,0.028416239,0.053603265,0.020566236,0.050406165,0.033097655,0.014725982,0.019591657
2023-10-20,0.01103113,0.0058492706,0.03569708,0.035664417,0.03182973,0.021351287,0.0332911,0.059040457,0.050573785,0.027269464,0.06666667,0.031949125,0.015318557,0.047024995,0.016025603,0.043368593,0.045462485,0.029047847,0.018293833,0.014115868,0.029756173,0.036404535,0.06666667,0.017679075,0.029808188,0.049659573,0.017896444,0.05220413,0.029110484,0.012130464,0.019812977
2023-10-23,0.01442104,0.006977341,0.032451965,0.03085495,0.0344661,0.019444933,0.036855273,0.05465578,0.045218736,0.028497867,0.06666667,0.0290524,0.024330424,0.038221695,0.012719963,0.045674216,0.047159713,0.030125225,0.01976512,0.015315948,0.037313394,0.034171157,0.065552406,0.02028558,0.040862333,0.04454605,0.01990578,0.045860816,0.029508358,0.011798755,0.017320028
2023-10-24,0.015364811,0.007124782,0.029060323,0.02907417,0.030785104,0.017025817,0.04210751,0.04392099,0.0363623,0.025921661,0.06666667,0.030287176,0.026050352,0.036452968,0.011669168,0.050168592,0.04605466,0.03383994,0.02101413,0.014348572,0.039686874,0.03421093,0.06489476,0.022065163,0.042569257,0.045288056,0.021616409,0.04630551,0.0387055,0.013760361,0.017597482
2023-10-25,0.0133155305,0.008699855,0.039631393,0.03558613,0.018914768,0.016803842,0.031360157,0.04557986,0.02807503,0.022756835,0.06666667,0.035686262,0.032087684,0.024369266,0.016309146,0.064357705,0.061091915,0.03415398,0.021536967,0.021187931,0.040068537,0.027019637,0.06666667,0.022535952,0.0411917,0.03717471,0.021822128,0.044678777,0.029770477,0.012309059,0.018591434
2023-10-26,0.018157696,0.009470231,0.040206715,0.032928996,0.020583851,0.011273319,0.03625958,0.047020324,0.030007318,0.027684085,0.06666667,0.034005135,0.027165998,0.02425122,0.014708415,0.056267735,0.053320512,0.031326067,0.0253093,0.023789166,0.051978715,0.025061397,0.057828773,0.023152068,0.050961345,0.03854421,0.020468011,0.03534909,0.028729979,0.011625532,0.025898555
2023-10-27,0.017743638,0.0075458237,0.0428363,0.036228586,0.017734244,0.008527455,0.03277726,0.052818228,0.030318039,0.03530757,0.06386637,0.028498743,0.024205046,0.017487558,0.015933001,0.047978204,0.045092274,0.03626805,0.030006997,0.024882367,0.058863904,0.017256021,0.06666667,0.023709986,0.04580255,0.043589547,0.022590943,0.03831989,0.02967476,0.012949639,0.02452034
2023-10-30,0.020553317,0.009204875,0.0369963,0.033335675,0.018595446,0.011691489,0.038509,0.037764173,0.026179923,0.03308693,0.059583694,0.032627683,0.025744036,0.018701527,0.015101034,0.053630043,0.030995904,0.034719765,0.031512402,0.02316526,0.05550341,0.020749042,0.06666667,0.023726206,0.03586092,0.051078755,0.026397675,0.048503343,0.040856563,0.017023506,0.02193544
2023-10-31,0.018000288,0.011303907,0.043378454,0.03517916,0.014857692,0.015875243,0.038118128,0.030285472,0.021455567,0.026627252,0.06666667,0.035760693,0.027387299,0.019678384,0.018639002,0.057773087,0.037241112,0.03870823,0.028069187,0.022505827,0.047089566,0.023089213,0.06666667,0.025141038,0.038947225,0.044833727,0.027743649,0.03990608,0.039200727,0.014934716,0.024936745
2023-11-01,0.018954096,0.01615792,0.041203376,0.035907734,0.015612889,0.015916001,0.034408152,0.034299575,0.017361049,0.020664925,0.05127155,0.041254714,0.017038815,0.030033246,0.024538638,0.05746867,0.035528556,0.040784225,0.036998395,0.024387257,0.03760768,0.01862279,0.06666667,0.02048542,0.037242755,0.044257324,0.03369376,0.039081424,0.05087365,0.015770908,0.025907848
2023-11-02,0.020824997,0.023029272,0.038346283,0.036252975,0.0146368425,0.022141088,0.027639898,0.025990965,0.016131647,0.021790523,0.042197485,0.04546904,0.01549385,0.02970585,0.030450711,0.058704607,0.029776562,0.039754923,0.039745923,0.025614692,0.030414496,0.019803705,0.06666667,0.021719854,0.030966267,0.045201924,0.038341835,0.042288914,0.05426838,0.019655816,0.026974017
2023-11-03,0.019929258,0.02485318,0.044356816,0.04140713,0.014640815,0.028386317,0.033976495,0.03042976,0.017322063,0.019820828,0.041677907,0.043893047,0.014910211,0.03389122,0.03784239,0.053975664,0.034750428,0.04052717,0.034762945,0.025896395,0.026549214,0.022575201,0.05721574,0.02181997,0.026493987,0.041358676,0.037082393,0.038271256,0.044363465,0.019837737,0.027182326
2023-11-06,0.019233396,0.02436129,0.03983765,0.044140294,0.016761526,0.02818367,0.03449939,0.0316967,0.017024977,0.018169118,0.026577603,0.04795125,0.010140871,0.04922083,0.04477896,0.041179124,0.032239523,0.04898473,0.038332064,0.022853749,0.022525746,0.0210329,0.05031889,0.0176832,0.01847212,0.044624127,0.044194777,0.039392523,0.050597895,0.026273921,0.028717188
2023-11-07,0.017640643,0.02242469,0.032341532,0.03986079,0.01848567,0.023369987,0.03216222,0.029910687,0.017573783,0.019822342,0.022038436,0.0438146,0.008936126,0.054525025,0.048850603,0.029945089,0.027966937,0.053847052,0.04409464,0.020049157,0.021636086,0.01973401,0.04935806,0.016844805,0.017473206,0.050126288,0.047624677,0.041696712,0.06631194,0.03194913,0.029585078
2023-11-08,0.01684282,0.022407928,0.02748235,0.03587315,0.019728802,0.023973022,0.029953424,0.026427357,0.018116018,0.021459056,0.020721171,0.041761212,0.00893918,0.058427025,0.050987102,0.024624461,0.02602399,0.058491774,0.04598761,0.017932454,0.02034198,0.020589676,0.047489017,0.016774377,0.017243333,0.05606235,0.049214542,0.04429757,0.06666667,0.037263293,0.027897295
2023-11-09,0.015145094,0.019423116,0.02483767,0.03146929,0.02319118,0.018240722,0.03122336,0.026327636,0.018025339,0.021365693,0.019305153,0.036054384,0.0077817603,0.06666667,0.05281198,0.020205803,0.023457877,0.062393036,0.047697224,0.0149913775,0.0201773,0.019907983,0.049705226,0.014908009,0.01585073,0.061999973,0.049478382,0.04788382,0.06666667,0.04446762,0.028339928
2023-11-10,0.012031789,0.016718987,0.020293564,0.023734875,0.027265375,0.017082725,0.04115771,0.029120382,0.017195813,0.021843275,0.020307628,0.027071025,0.009345912,0.06666667,0.038506087,0.019044597,0.024485476,0.06279528,0.050250895,0.012109783,0.021877017,0.019258685,0.06536254,0.016419653,0.01723364,0.0639579,0.05421005,0.05640284,0.06666667,0.041242115,0.02034105
2023-11-13,0.010135426,0.02352222,0.022696227,0.023029502,0.026587492,0.023553628,0.034407895,0.030335749,0.018351825,0.022250934,0.022899076,0.028675182,0.011507837,0.055285048,0.044097923,0.022818806,0.027243674,0.05503072,0.051511925,0.014503454,0.018909497,0.020712566,0.06666667,0.01749254,0.014558489,0.053849015,0.052067474,0.06200598,0.06666667,0.0386534,0.019973164
2023-11-14,0.009578137,0.025688373,0.02210496,0.021792449,0.029014248,0.02297111,0.031989716,0.03599314,0.017699242,0.023770023,0.020949837,0.027308764,0.012335824,0.05626422,0.039045822,0.023868093,0.029125568,0.053458314,0.0578848,0.015214628,0.01823034,0.01904938,0.06666667,0.018443126,0.01572918,0.049746946,0.055577856,0.061044585,0.06666667,0.034689605,0.01809838
2023-11-15,0.008247748,0.03219029,0.024669588,0.023485245,0.025567539,0.023445122,0.031583875,0.04147207,0.01639041,0.021329684,0.018986404,0.026904862,0.013249429,0.04393411,0.053126752,0.022930432,0.031079028,0.05152312,0.06103991,0.019857878,0.017643463,0.017272059,0.06666667,0.018439086,0.011329179,0.039982446,0.060448136,0.05750155,0.06333003,0.03691624,0.019457646
2023-11-16,0.008611831,0.03231701,0.021865679,0.022124752,0.030922612,0.024700617,0.030394979,0.044096366,0.017924428,0.023381947,0.015751535,0.025033902,0.014981825,0.04038122,0.0468843,0.019782912,0.029166935,0.057903748,0.0647551,0.019594751,0.015329761,0.019178258,0.06666667,0.022885492,0.0106458245,0.03916367,0.06596467,0.050797325,0.059322853,0.042806517,0.01666252
2023-11-17,0.009092632,0.029892836,0.024643496,0.023877392,0.023374164,0.025456361,0.029214142,0.0382623,0.0151777165,0.020199375,0.01859516,0.019642472,0.019332543,0.033316225,0.06666667,0.01564333,0.030575376,0.052286483,0.059679084,0.019011943,0.023633536,0.012679319,0.06666667,0.017930567,0.012331189,0.039969582,0.06666667,0.05616036,0.06579649,0.046368524,0.017857404
2023-11-20,0.01014073,0.030999374,0.029651947,0.024193833,0.025652483,0.028716845,0.03509689,0.04546089,0.018173018,0.02180878,0.018303746,0.018327137,0.020599104,0.030479342,0.06666667,0.014352313,0.02830106,0.049911898,0.056516804,0.01978024,0.022929255,0.013719119,0.06666667,0.018634176,0.010852974,0.03715165,0.06582319,0.05520303,0.051032357,0.04521062,0.019643862
2023-11-21,0.011270144,0.028882625,0.033117175,0.02601821,0.021849668,0.029202761,0.03631161,0.03930032,0.015752206,0.019642493,0.02069881,0.01683846,0.021438481,0.02933756,0.06666667,0.015107802,0.029565781,0.054510098,0.051630516,0.018261807,0.024505762,0.013237924,0.06666667,0.01998256,0.013279968,0.035656985,0.06666667,0.051205754,0.059167273,0.043382555,0.02084469
2023-11-22,0.012810791,0.027744232,0.034896806,0.027323391,0.023741066,0.026043138,0.03653538,0.040161766,0.016351832,0.021247571,0.01981329,0.017877689,0.024337856,0.025787381,0.06666667,0.016393512,0.028567135,0.053102944,0.05365033,0.01896636,0.026187878,0.012452452,0.06666667,0.02149426,0.014021818,0.035465974,0.06659152,0.04595364,0.057151657,0.04249005,0.019504946
2023-11-24,0.013233448,0.029804256,0.036863156,0.031645484,0.019365542,0.03128866,0.03178497,0.038684923,0.015094095,0.017993698,0.025646495,0.019896382,0.024859171,0.026255902,0.06666667,0.019464714,0.034934465,0.050080694,0.046015613,0.021020588,0.027186189,0.012801308,0.06666667,0.020806562,0.017629726,0.034844466,0.06475335,0.042749535,0.05436362,0.038238343,0.019361304
2023-11-27,0.015337961,0.03453717,0.03879205,0.0341491,0.019606164,0.034988116,0.028417043,0.040101822,0.01621384,0.01920335,0.027020846,0.021487463,0.023895161,0.02575081,0.06666667,0.022836225,0.036984146,0.045959692,0.045751505,0.023619413,0.02619477,0.012991875,0.06666667,0.022189569,0.021831442,0.033352047,0.063292645,0.036659256,0.04426192,0.031390756,0.019850507
2023-11-28,0.0164496,0.032590996,0.03825613,0.036633447,0.01871424,0.035138194,0.025437318,0.037648253,0.016647207,0.019587347,0.028206639,0.02170924,0.02359264,0.024815366,0.06666667,0.02498384,0.035750143,0.04568497,0.04416264,0.023390086,0.024634197,0.012959313,0.06666667,0.0228358,0.02117363,0.03437657,0.06158842,0.03897055,0.04668079,0.034918856,0.019130245
2023-11-29,0.015059308,0.035225652,0.042304497,0.038969956,0.017530268,0.036811195,0.022891583,0.037460387,0.01570065,0.017519085,0.031216696,0.024139313,0.025023036,0.023954622,0.06666667,0.030773574,0.039891362,0.045538377,0.041825753,0.025551563,0.021064023,0.014123679,0.06666667,0.023909992,0.019865045,0.030483048,0.058443464,0.03792903,0.0409203,0.03330664,0.019234573
2023-11-30,0.016514888,0.0362839,0.042653315,0.039058633,0.018412601,0.03187417,0.021614222,0.030355537,0.017168077,0.018585894,0.027277423,0.024764286,0.019820558,0.026123231,0.06666667,0.027725039,0.037347645,0.050668728,0.046467546,0.024330007,0.020899085,0.012662295,0.06666667,0.021198215,0.018283566,0.033433724,0.05856904,0.038230274,0.044996854,0.037165232,0.024182681
2023-12-01,0.019686513,0.04848723,0.04494801,0.044935264,0.0155281825,0.034033645,0.016151555,0.031460382,0.016993312,0.021116849,0.030143503,0.028068732,0.019491263,0.021079158,0.06666667,0.031626433,0.043537315,0.0421042,0.047250375,0.03262895,0.023507426,0.0102885645,0.06255044,0.021907631,0.026669422,0.03029444,0.05692896,0.030103019,0.032436084,0.026340531,0.023035942
2023-12-04,0.022659807,0.05701719,0.050311245,0.05338571,0.014880018,0.031185918,0.017203622,0.027928703,0.014387522,0.020861223,0.029744277,0.029218445,0.021156475,0.018747102,0.06666667,0.039789446,0.043968376,0.03680729,0.04444219,0.040462416,0.025410933,0.0093484875,0.052700743,0.022442918,0.02783516,0.02594178,0.056239586,0.024389252,0.029925002,0.022156276,0.022786219
2023-12-05,0.026919441,0.053438876,0.047701992,0.054685116,0.018754238,0.024850966,0.019107575,0.029027326,0.016983418,0.025398241,0.027697664,0.02917549,0.022845969,0.018517248,0.06666667,0.03800259,0.04212112,0.038762808,0.045702286,0.041405868,0.027282164,0.010006755,0.04486282,0.024618719,0.03020896,0.025854895,0.055784207,0.020487506,0.028666565,0.021941634,0.022520874
2023-12-06,0.03708197,0.06203218,0.044348318,0.048086036,0.019554393,0.03047717,0.01574303,0.020414472,0.018666985,0.034481663,0.028970258,0.026791083,0.036785875,0.011112436,0.06562587,0.04296441,0.031697858,0.034234952,0.038347982,0.04466708,0.026226988,0.012156754,0.039231215,0.03392834,0.033471957,0.024949884,0.049346242,0.019454937,0.028226648,0.022998674,0.017924337
2023-12-07,0.042434458,0.06666667,0.03603466,0.0410669,0.022272613,0.026121465,0.016919218,0.022571823,0.018301269,0.03931293,0.02202332,0.02558281,0.056558367,0.008938672,0.055370666,0.036651306,0.032070205,0.032415655,0.042251583,0.057271753,0.028567005,0.012686467,0.030437173,0.038350873,0.029802172,0.021933887,0.05353414,0.01666647,0.023192076,0.028650155,0.015343249
2023-12-08,0.035286844,0.06666667,0.03241535,0.03689157,0.022617787,0.027442822,0.016604612,0.02324101,0.015948566,0.034779876,0.01985872,0.024611993,0.06666667,0.0082250675,0.06065366,0.034025684,0.034617506,0.036180705,0.043445412,0.05126763,0.025953513,0.012708219,0.033719257,0.038012553,0.02196572,0.020230008,0.062202424,0.018486753,0.024824498,0.03786231,0.012586602
2023-12-11,0.03301754,0.06666667,0.029531328,0.030419143,0.029462667,0.02801346,0.01853942,0.025485402,0.023489125,0.041089363,0.019445006,0.022477271,0.06666667,0.0093103545,0.06135111,0.02287183,0.035400853,0.03656298,0.042873193,0.044283375,0.027060045,0.015915802,0.029571775,0.03564529,0.020080568,0.023486113,0.05408972,0.019255143,0.023045605,0.047906388,0.016986806
2023-12-12,0.030924512,0.06666667,0.030502398,0.035527997,0.030783528,0.024839977,0.024942394,0.02672988,0.023127304,0.035757426,0.01835927,0.024903292,0.06666667,0.010705435,0.054886878,0.026503198,0.036147736,0.03953387,0.039487574,0.04060462,0.02492164,0.018124342,0.028830059,0.03536494,0.015565837,0.023029026,0.058784377,0.017719572,0.021769758,0.050597303,0.017692527
2023-12-13,0.03719148,0.06666667,0.026812982,0.02856821,0.042389885,0.030112749,0.029510897,0.025797002,0.026964026,0.038458757,0.016306112,0.023188777,0.06666667,0.009713743,0.040491838,0.025049543,0.02805572,0.039561044,0.040435906,0.03848472,0.02411519,0.023800546,0.024405943,0.03907096,0.013302215,0.02116787,0.059166044,0.018653248,0.020764887,0.061924092,0.013202281
2023-12-14,0.03454662,0.06666667,0.025444325,0.03043666,0.032331437,0.026005669,0.031634927,0.025934396,0.02002266,0.035384357,0.016635777,0.021518659,0.06666667,0.009352747,0.049935542,0.026060691,0.03576425,0.04044251,0.043670963,0.044316348,0.02595517,0.021061864,0.021540673,0.041736204,0.017011084,0.019038893,0.06666667,0.014226748,0.0212602,0.054635122,0.014095502
2023-12-15,0.027022729,0.06666667,0.029716989,0.023557605,0.048148945,0.024831451,0.041549854,0.038345262,0.0269014,0.03873116,0.012524799,0.01983104,0.06666667,0.010762082,0.037306342,0.018560871,0.03276272,0.03949728,0.047555808,0.046373036,0.02486379,0.02104336,0.0239033,0.03722023,0.011193616,0.01860322,0.06098407,0.016644536,0.015660413,0.056179028,0.016391724
2023-12-18,0.024931952,0.06409657,0.026326422,0.025638776,0.05173701,0.024231311,0.039204646,0.037546907,0.028163778,0.036857188,0.011841152,0.021221573,0.06666667,0.014356945,0.03790562,0.017529218,0.029832412,0.04365594,0.043497235,0.038264383,0.021000333,0.024162868,0.024335647,0.033920627,0.009489583,0.021047473,0.060433876,0.018580185,0.018476747,0.06666667,0.018380301
2023-12-19,0.022607386,0.044359416,0.02983458,0.031603754,0.04449033,0.027976321,0.042182535,0.040187754,0.027554093,0.03332944,0.013316589,0.024221318,0.06666667,0.015989264,0.04020083,0.018361948,0.032869816,0.052620217,0.03609833,0.03276376,0.019557694,0.0276698,0.024905648,0.035903327,0.008848327,0.020830352,0.0612357,0.020219117,0.01747197,0.06666667,0.019457055
2023-12-20,0.021835666,0.03939091,0.030783158,0.034132063,0.042090103,0.030709634,0.04280521,0.04125065,0.03009745,0.03298854,0.01347658,0.027416302,0.06323834,0.017756786,0.040505975,0.017672116,0.03384602,0.05253408,0.032092605,0.03255938,0.019144341,0.031989485,0.022704503,0.034679256,0.008328852,0.022665503,0.05653063,0.020272791,0.015646642,0.06666667,0.024189763
2023-12-21,0.021270381,0.042424157,0.027173072,0.030229367,0.0531728,0.034448765,0.035161473,0.04339879,0.035136707,0.035987772,0.010991512,0.034825105,0.051009644,0.020716608,0.032022227,0.018418528,0.025337067,0.047541738,0.034358162,0.034571346,0.015650839,0.03846089,0.026105437,0.029080091,0.005733171,0.028901083,0.052536443,0.028502023,0.016957376,0.06666667,0.023210755
2023-12-22,0.02502059,0.04255166,0.029104138,0.038752146,0.04234367,0.042157046,0.029842466,0.037232324,0.03237456,0.033871535,0.012951411,0.039742284,0.052412298,0.018586138,0.03415411,0.025645271,0.027753275,0.043411907,0.028291546,0.03716129,0.015718082,0.041961942,0.022541035,0.032725137,0.006843755,0.026318204,0.048884403,0.025476614,0.014953669,0.06666667,0.02455083
2023-12-26,0.022846337,0.06399372,0.025914328,0.03071763,0.045963544,0.03829822,0.021350197,0.049031332,0.025477173,0.03472603,0.0097225495,0.035857864,0.04680972,0.015312175,0.03483691,0.028894154,0.025545297,0.038578995,0.04075154,0.042040896,0.012590538,0.031516805,0.030976493,0.03438085,0.0067516183,0.020303465,0.05926113,0.026597716,0.015373229,0.06666667,0.018912867
2023-12-27,0.022317419,0.058472544,0.029006636,0.031922687,0.044835247,0.036004912,0.023508623,0.050534494,0.026139045,0.03449143,0.010396177,0.03373685,0.048421863,0.013526491,0.034622762,0.03071096,0.024103573,0.037404813,0.041151606,0.042077992,0.013885085,0.029165167,0.036024645,0.034470793,0.00612554,0.020092502,0.057805307,0.028235335,0.0146854585,0.06666667,0.019457376
2023-12-28,0.024020446,0.0609201,0.02976046,0.03304111,0.042795673,0.033461228,0.021509426,0.0482634,0.026446681,0.036717653,0.010322879,0.035149395,0.044684116,0.011746874,0.03391176,0.03429554,0.022101669,0.033964615,0.043968868,0.04621359,0.014368126,0.026919577,0.039310172,0.033570327,0.0059225834,0.020918546,0.057484414,0.027755883,0.014011027,0.06666667,0.019777194
2023-12-29,0.025613388,0.06324855,0.030502219,0.036530413,0.03842209,0.03086699,0.019454915,0.041410316,0.025547605,0.033769716,0.010911934,0.039365035,0.038726326,0.011888577,0.039580293,0.038112197,0.023022166,0.034494292,0.04466947,0.04767877,0.014910281,0.025067972,0.038634345,0.029893735,0.0060181357,0.021798562,0.058626294,0.027715223,0.015489245,0.06666667,0.021364275
2024-01-02,0.026313247,0.06333021,0.032482095,0.035986055,0.039601658,0.025612835,0.020597002,0.04175469,0.024902174,0.033331458,0.011714377,0.039798133,0.03665881,0.011711199,0.036242176,0.043646455,0.023796527,0.0331577,0.047321256,0.049633414,0.016236028,0.023756854,0.041340202,0.029876305,0.0067159324,0.021462437,0.05834566,0.026611896,0.016205398,0.059781037,0.022076787
2024-01-03,0.020782206,0.04797932,0.044591803,0.0447656,0.032136384,0.021690296,0.018247059,0.06560764,0.026692674,0.030897126,0.015956441,0.042611077,0.032096617,0.0123640755,0.035816237,0.048831236,0.036991917,0.03407297,0.047012992,0.053642243,0.018964069,0.0169279,0.053425748,0.028263386,0.010207467,0.018901385,0.05007949,0.02515367,0.0117868325,0.032991305,0.020512827
2024-01-04,0.01845441,0.035568956,0.047583785,0.043085136,0.029528543,0.019714717,0.017534362,0.06666667,0.033179644,0.02930892,0.022020994,0.043651182,0.032736745,0.013426634,0.03549002,0.049709138,0.05939467,0.032648884,0.041972026,0.048560075,0.024614064,0.015664931,0.060339503,0.027225936,0.01730215,0.018075328,0.04018556,0.024708968,0.00992474,0.020881888,0.020841429
2024-01-05,0.018232388,0.03565801,0.05135547,0.04204094,0.028824711,0.014150389,0.015390861,0.06666667,0.034515116,0.030105164,0.025554363,0.038089305,0.027873123,0.012325165,0.037113745,0.053409062,0.06623083,0.031090882,0.04520005,0.04847853,0.026414305,0.012308844,0.06666667,0.023119159,0.019226406,0.017152177,0.036591873,0.025753897,0.010774129,0.017264813,0.022422964
2024-01-08,0.018789217,0.03522675,0.055699382,0.043463603,0.028111665,0.013863029,0.016352305,0.06666667,0.03553155,0.026506368,0.027344676,0.036002595,0.027186776,0.012690949,0.04339664,0.050504103,0.06666667,0.03227554,0.043762613,0.04564623,0.027822085,0.011136819,0.06666667,0.022459267,0.019192014,0.014670626,0.034386944,0.026681818,0.010669852,0.016206201,0.024420382
2024-01-09,0.019105012,0.03508983,0.05276093,0.04936349,0.020321205,0.015389652,0.0150343,0.05750094,0.025589028,0.021283347,0.03217634,0.035095688,0.029779678,0.012041281,0.058533,0.054269873,0.06666667,0.03395137,0.04080462,0.042926986,0.030287059,0.010723887,0.06087842,0.024538172,0.021979157,0.013548924,0.03724851,0.026678422,0.014104593,0.016747333,0.02558228
2024-01-10,0.02173823,0.04297498,0.045857556,0.045067,0.023244074,0.017852573,0.012589378,0.048102785,0.022404209,0.020543527,0.029408395,0.042934727,0.031409077,0.014436831,0.054188985,0.05774541,0.06390157,0.033643402,0.045318987,0.042805295,0.027220318,0.012450976,0.05252038,0.025123725,0.021838138,0.013529397,0.038910728,0.029332794,0.018089524,0.019232817,0.025584208
2024-01-11,0.026389025,0.058220755,0.045127116,0.042316608,0.021975843,0.024280034,0.011509281,0.040190823,0.018879708,0.017912308,0.029064799,0.0494189,0.027647825,0.017883008,0.056812618,0.06666667,0.051033568,0.0323963,0.04141958,0.043417763,0.020253088,0.016725171,0.04004972,0.02779502,0.02270633,0.013593533,0.039072283,0.028465582,0.020765131,0.020644043,0.027367571
2024-01-12,0.042596772,0.05852693,0.038530324,0.043532632,0.022701187,0.039153174,0.00970141,0.033499848,0.021033129,0.019408364,0.031376377,0.05448656,0.023264818,0.027425874,0.050413977,0.06666667,0.041101627,0.029539913,0.03001353,0.03612679,0.014718167,0.030150205,0.024955552,0.030772325,0.029767958,0.01734083,0.033964865,0.026572436,0.023497213,0.022286167,0.026874376
2024-01-16,0.057594366,0.03718663,0.039585598,0.04545017,0.01950221,0.041574106,0.012208902,0.03606818,0.017059723,0.01667708,0.0341551,0.04172789,0.020779582,0.03811096,0.048572917,0.06666667,0.041724097,0.037560396,0.019426834,0.024057284,0.012380266,0.043157283,0.01783673,0.036635645,0.04316883,0.01855354,0.031880815,0.02228798,0.03177227,0.023215404,0.023422543
2024-01-17,0.053103544,0.034400687,0.028351245,0.033310004,0.023541825,0.028612869,0.013127988,0.031920433,0.013640876,0.01708456,0.025911743,0.032847248,0.015231711,0.05280215,0.042588912,0.06666667,0.03640625,0.049907573,0.025574798,0.01647997,0.009917469,0.03908083,0.021313952,0.034261893,0.04240512,0.023829864,0.04013771,0.026148379,0.06666667,0.03447675,0.020250319
2024-01-18,0.053903356,0.027487375,0.027304461,0.032782637,0.02850361,0.027285038,0.01388041,0.030077236,0.014563072,0.016519725,0.027397636,0.032255746,0.012954581,0.06666667,0.03693974,0.06666667,0.035233963,0.055236332,0.022970662,0.01239378,0.0089161135,0.045100264,0.02024617,0.030348705,0.04497353,0.026109325,0.036061596,0.028217407,0.06666667,0.034481227,0.017856304
2024-01-19,0.05435939,0.030677877,0.025094334,0.030369297,0.027265808,0.029953897,0.017923886,0.023669507,0.011486717,0.014873226,0.030096784,0.028435124,0.015536976,0.065763615,0.03530444,0.06666667,0.035662435,0.05659376,0.020899324,0.011563384,0.009001239,0.047966793,0.019685928,0.03645131,0.04985763,0.02381166,0.04019137,0.026392696,0.06666667,0.03310045,0.014677809
2024-01-22,0.045973353,0.03058885,0.029404206,0.028413948,0.027406942,0.037410893,0.022760829,0.02128584,0.011438259,0.013103922,0.030762222,0.028058149,0.016635742,0.061798647,0.0355105,0.06666667,0.03126363,0.06076512,0.019749392,0.010710962,0.0082092285,0.052669175,0.021754224,0.036105335,0.03636087,0.02465648,0.04207241,0.029070998,0.06666667,0.037047625,0.015678907
2024-01-23,0.04729602,0.040662058,0.027010655,0.024594584,0.033331297,0.03822792,0.017414713,0.020396793,0.01251913,0.01641931,0.025400843,0.027428983,0.015415618,0.06579248,0.034851972,0.06479302,0.03267374,0.05588069,0.025303697,0.011540023,0.008300654,0.043817583,0.02237991,0.031651407,0.041277662,0.02662969,0.045547713,0.028182853,0.06666667,0.032737233,0.015855085
2024-01-24,0.036298066,0.03367255,0.02995467,0.029948082,0.025973933,0.038825195,0.014389759,0.02591374,0.012891563,0.014946707,0.034044985,0.027277008,0.014290244,0.06666667,0.045447454,0.06201273,0.04849058,0.054179456,0.023435082,0.011967688,0.008994301,0.0365009,0.024810443,0.02661687,0.04795941,0.024362566,0.040279556,0.031574916,0.06666667,0.023256931,0.018351283
2024-01-25,0.035539888,0.026793718,0.03983157,0.028990036,0.027472364,0.049043864,0.017806485,0.030761246,0.021308856,0.01738433,0.037389725,0.029633915,0.015183373,0.06488188,0.0442453,0.054775875,0.040150706,0.043815933,0.018014662,0.01191056,0.009828686,0.050085906,0.025317566,0.02184539,0.030593716,0.028709412,0.02970854,0.03936039,0.054331962,0.026798697,0.028485443
2024-01-26,0.025138086,0.024236526,0.046299554,0.033701144,0.023706682,0.045176674,0.022215351,0.046034675,0.021843662,0.018289568,0.042376477,0.023858674,0.021757703,0.043628734,0.04864526,0.05422518,0.057021316,0.045628194,0.019384049,0.014587004,0.011734779,0.04121356,0.033449344,0.027063515,0.029105436,0.020921713,0.032095112,0.040673785,0.036021132,0.021418478,0.028548626
2024-01-29,0.02434468,0.02286959,0.041222855,0.03676742,0.0238156,0.045448057,0.018836534,0.05804147,0.027268479,0.021973656,0.04120385,0.02512092,0.022774268,0.041220505,0.048015106,0.047247782,0.063416064,0.044253394,0.019895539,0.016072752,0.011816123,0.03977545,0.03271232,0.028704481,0.031185357,0.020526875,0.028995438,0.04024618,0.028633595,0.020121926,0.027473742
2024-01-30,0.026734924,0.021146666,0.03931717,0.043193404,0.02118928,0.043860715,0.022117237,0.062201146,0.029556142,0.025468964,0.040370394,0.024422044,0.03129076,0.029500652,0.04962587,0.04603181,0.06666667,0.04263136,0.018778382,0.018332753,0.0148592265,0.038599856,0.029746596,0.03267739,0.030060371,0.018345116,0.029637845,0.03610627,0.021454018,0.020358883,0.025718087
2024-01-31,0.02032734,0.01895868,0.045779683,0.04056031,0.02285166,0.035028033,0.037070606,0.06666667,0.03621214,0.02780421,0.036944192,0.026096387,0.03046343,0.02630345,0.04035145,0.04219233,0.06666667,0.046577137,0.019164287,0.018826626,0.014868113,0.040495776,0.035440497,0.032531258,0.019472614,0.01955624,0.028836433,0.036048573,0.015977988,0.023756118,0.028171107
2024-02-01,0.023992589,0.027008254,0.033975642,0.035702437,0.02997792,0.028833527,0.02716908,0.06666667,0.04113549,0.034166414,0.0276268,0.031658642,0.019207498,0.03866054,0.03630534,0.039236028,0.06666667,0.04263583,0.028601233,0.021761807,0.014048707,0.030119088,0.03843408,0.027465276,0.023482295,0.023352645,0.03221092,0.040228676,0.019207466,0.024240928,0.026221512
2024-02-02,0.025383063,0.018882519,0.03369271,0.048705295,0.017660253,0.02064622,0.028796516,0.056066554,0.026094904,0.030021312,0.04232069,0.029561207,0.021475228,0.027875012,0.044011667,0.050706603,0.06666667,0.04154125,0.023051698,0.023056732,0.023072954,0.026239928,0.0375465,0.037999596,0.042715054,0.022212805,0.0340294,0.028047862,0.024649557,0.019358877,0.027911367
2024-02-05,0.02487189,0.015854064,0.034803897,0.04614087,0.019382877,0.023453433,0.0294423,0.048964184,0.02896582,0.038268503,0.041595276,0.030586667,0.024089092,0.027078567,0.0371593,0.044453528,0.06666667,0.040323544,0.020918159,0.021789512,0.025007049,0.03219936,0.035969213,0.04003127,0.039878495,0.02569474,0.03138,0.028243795,0.023048032,0.018920124,0.034819767
2024-02-06,0.025599394,0.014588129,0.026768818,0.040097058,0.02209289,0.022597399,0.02428837,0.046290644,0.0351096,0.04459856,0.04002114,0.026842145,0.024509374,0.02793632,0.038262863,0.037393123,0.06354189,0.040983,0.022061516,0.019687155,0.023789786,0.032752156,0.039041784,0.040555574,0.04082699,0.027590277,0.030650929,0.03578759,0.028512541,0.022770938,0.034452055
2024-02-07,0.029510492,0.015073191,0.024523519,0.045880765,0.020274578,0.025062408,0.02280302,0.042343225,0.032695103,0.040202018,0.04483006,0.027761437,0.02893614,0.028714733,0.039829604,0.035684876,0.06666667,0.039854765,0.019318758,0.021329416,0.028167984,0.033516567,0.025922742,0.045232568,0.061247937,0.022809392,0.028813116,0.026851652,0.025287796,0.018129367,0.0327261
2024-02-08,0.031968374,0.0150337815,0.024661936,0.053332906,0.01912419,0.027265122,0.020064488,0.04005269,0.032879755,0.037586603,0.045669578,0.030196,0.027734121,0.029865317,0.046632,0.035990715,0.06666667,0.038084738,0.017092546,0.021880088,0.025760174,0.03780228,0.021231703,0.044394296,0.05689583,0.02230436,0.027193666,0.025337607,0.024631483,0.019819738,0.032847248
2024-02-09,0.029390514,0.012715647,0.021784784,0.043960463,0.023127876,0.028027115,0.035756864,0.05070609,0.030545821,0.036940813,0.041318122,0.024360746,0.03793838,0.029497398,0.033419743,0.028742356,0.06548274,0.04037265,0.016223315,0.019818198,0.027762076,0.04554094,0.020832889,0.054093894,0.052940555,0.022961829,0.029480828,0.023505926,0.025435673,0.022354297,0.024961459
2024-02-12,0.03139766,0.014695812,0.021611618,0.046796974,0.023062944,0.032232407,0.030957446,0.046326555,0.029316269,0.032282636,0.03761583,0.031007864,0.035999972,0.030592032,0.039842725,0.03229007,0.055798743,0.04256514,0.01795308,0.020687796,0.023845654,0.04661249,0.022269292,0.049980793,0.03968207,0.023263508,0.031764213,0.02810259,0.030019503,0.028558666,0.022867646
2024-02-13,0.030443875,0.018630544,0.025174823,0.045299437,0.027671542,0.032854404,0.037016474,0.05491088,0.034726635,0.031181335,0.030383347,0.037505552,0.03420146,0.03374802,0.035335924,0.029980889,0.05816331,0.042655807,0.01925015,0.02362404,0.02073654,0.049422946,0.019020837,0.045538303,0.028699577,0.021358851,0.030342948,0.025025532,0.021068037,0.029685386,0.026342591
2024-02-14,0.035278406,0.01719005,0.019298455,0.03734678,0.03528579,0.030695487,0.034930717,0.06010302,0.037825514,0.034610778,0.029363688,0.033663414,0.038335577,0.038710956,0.026368627,0.029251188,0.053973358,0.038897056,0.019983321,0.0220766,0.02233745,0.0457776,0.020645306,0.04562352,0.037810903,0.022766965,0.03065776,0.030160833,0.025059756,0.02713785,0.018833283
2024-02-15,0.03646105,0.015559612,0.021884779,0.039799873,0.031150553,0.030453525,0.038902245,0.056714218,0.04243278,0.037256416,0.034002576,0.031813532,0.049908895,0.027650645,0.02793416,0.028405013,0.05414014,0.036278844,0.01699887,0.02328751,0.02783121,0.04535431,0.019520536,0.048872415,0.035994116,0.0207227,0.027759086,0.028662832,0.018819546,0.02527679,0.02015121
2024-02-16,0.036271922,0.020378275,0.028043177,0.040615473,0.02942526,0.03531891,0.039946947,0.06666667,0.047759052,0.03851286,0.031796716,0.03197708,0.055830542,0.020765878,0.028259758,0.026289672,0.05848496,0.030208135,0.017008064,0.030881513,0.028750995,0.040300056,0.016782094,0.052564055,0.03434048,0.01568291,0.025391828,0.021665221,0.009268989,0.018357517,0.02245499
2024-02-20,0.03994511,0.024613926,0.02604766,0.03792932,0.032710876,0.033483814,0.034734584,0.06666667,0.050370403,0.041660298,0.028958244,0.031502444,0.057852842,0.018569412,0.026573403,0.025618786,0.054559767,0.027390063,0.020242654,0.035384502,0.028761236,0.035959594,0.01695692,0.05731012,0.037790008,0.013925769,0.026427222,0.020307425,0.008306512,0.016408987,0.023031434
2024-02-21,0.036693428,0.026041936,0.025138667,0.03849854,0.03221354,0.029261088,0.033986073,0.06666667,0.03874895,0.034383122,0.028400177,0.032648914,0.061088677,0.017457578,0.025980664,0.03273338,0.06279841,0.032921568,0.021850904,0.034941386,0.025667123,0.034019973,0.020456655,0.06489994,0.040719584,0.012287292,0.03342724,0.016330661,0.009243955,0.015192419,0.015301492
2024-02-22,0.032662265,0.025344031,0.029932989,0.043750525,0.027527021,0.03197681,0.029555082,0.06666667,0.0388374,0.03014287,0.033636622,0.037655372,0.056744244,0.018768718,0.034031924,0.033855267,0.06666667,0.032478105,0.019105442,0.0353927,0.02692292,0.032659255,0.021591319,0.05263669,0.043308437,0.013003247,0.031698596,0.015254092,0.007728621,0.014273512,0.016192587
2024-02-23,0.03786321,0.026814487,0.03026297,0.04765217,0.025287962,0.03950365,0.0262007,0.06666667,0.03753516,0.028517378,0.03289493,0.03657801,0.051014166,0.01959177,0.043847132,0.033169296,0.06666667,0.030085968,0.017955575,0.032969642,0.0256398,0.03223629,0.01955935,0.05102,0.040451337,0.012438506,0.0300345,0.016546793,0.008083611,0.01433181,0.018580493
2024-02-26,0.038188852,0.02944347,0.030803515,0.05299692,0.025151646,0.039746925,0.023742337,0.06666667,0.03508865,0.029089723,0.027114324,0.044414084,0.041345995,0.021141388,0.048194874,0.032746878,0.055849835,0.03065076,0.022684816,0.037254516,0.02610518,0.026508207,0.022926843,0.045311015,0.03339797,0.014901621,0.035055473,0.018254057,0.00865485,0.016831756,0.01973686
2024-02-27,0.04160904,0.033073723,0.026832685,0.04380201,0.035593133,0.039818533,0.028592493,0.06666667,0.03906529,0.034356374,0.022672134,0.04421942,0.038939424,0.02646394,0.034633692,0.031789012,0.04314071,0.02870965,0.026187057,0.037184566,0.024688669,0.030461643,0.023309082,0.04648291,0.030419812,0.017121263,0.036337636,0.020665405,0.009878386,0.018652063,0.018633574
2024-02-28,0.036869824,0.04013524,0.02416577,0.035962492,0.03920442,0.035745323,0.0343754,0.06666667,0.0336929,0.029641693,0.018354021,0.04075004,0.039610792,0.029177707,0.039856993,0.026576879,0.043569185,0.034648698,0.03128848,0.035223104,0.023687651,0.027098324,0.024529248,0.043980297,0.024765588,0.017023835,0.04514098,0.022391273,0.012982404,0.025351848,0.017532934
2024-02-29,0.02762777,0.030526536,0.025363402,0.035521314,0.039948504,0.030780971,0.04579625,0.06666667,0.02361094,0.025181001,0.017148713,0.031034295,0.034981895,0.035279296,0.037217245,0.02438646,0.040347785,0.050014824,0.036817323,0.02557687,0.021067258,0.02334648,0.032744043,0.04566908,0.020626726,0.019378453,0.05896053,0.025442839,0.02228539,0.031811103,0.014840039
2024-03-01,0.02787003,0.030049387,0.026965726,0.034616344,0.03916985,0.036344454,0.05319139,0.06500692,0.021880805,0.02561149,0.016749753,0.02443313,0.045983527,0.025579605,0.036578096,0.024609296,0.028806621,0.043712523,0.03744421,0.025680233,0.02306409,0.019997738,0.04099996,0.046814874,0.015751787,0.018956576,0.060256083,0.032242604,0.023162533,0.03561813,0.0128522385
2024-03-04,0.03343595,0.035354283,0.028360482,0.03397862,0.037588485,0.04410291,0.048532125,0.059393063,0.020262945,0.02790219,0.014823141,0.0222525,0.043215554,0.025109652,0.03733046,0.024824724,0.02271887,0.03943995,0.038574293,0.027079457,0.020398796,0.020739255,0.037462432,0.051936336,0.015554374,0.01909453,0.05867281,0.034242865,0.024596557,0.03884461,0.014177781
2024-03-05,0.019462593,0.027916837,0.026603706,0.031158686,0.042034198,0.025738709,0.060393237,0.058096673,0.01638861,0.021174796,0.014100367,0.019472634,0.036079787,0.028969867,0.033996664,0.025244515,0.023595093,0.046833742,0.052259896,0.021316491,0.019451994,0.014854371,0.061399635,0.039028537,0.009541728,0.01863295,0.06666667,0.044261202,0.038067847,0.0451592,0.012098762
2024-03-06,0.01619344,0.024178797,0.02928995,0.02821714,0.050194643,0.02380341,0.06666667,0.06666667,0.019367361,0.01873672,0.012119495,0.020825319,0.03666624,0.030488571,0.02672342,0.02321475,0.024969118,0.048332773,0.055484846,0.020305784,0.017952785,0.014332714,0.06666667,0.03400698,0.0069033885,0.017943036,0.06666667,0.045655206,0.029768422,0.04670367,0.01095535
2024-03-07,0.020293422,0.02308216,0.033417743,0.035938077,0.053203605,0.024807934,0.06665898,0.06666667,0.026587041,0.019835081,0.014111107,0.025178634,0.03311042,0.027896667,0.02697737,0.027660226,0.023838053,0.041990213,0.04939284,0.023040855,0.019468956,0.017784882,0.06128773,0.033331033,0.006120364,0.017231192,0.057775527,0.04536371,0.021173287,0.04280605,0.013970169
2024-03-08,0.02197616,0.0242475,0.034010947,0.039012097,0.05250635,0.024592806,0.061013155,0.06666667,0.03188461,0.022005867,0.015195318,0.027940832,0.035037186,0.026002888,0.029952995,0.02821931,0.024494365,0.03616912,0.04805108,0.025425542,0.022093335,0.019533543,0.055638906,0.029581634,0.0057981573,0.017633008,0.05098512,0.047200177,0.017303899,0.042817373,0.017010055
2024-03-11,0.022832653,0.024246985,0.032686327,0.04266836,0.05367029,0.025864735,0.05954883,0.06666667,0.039194003,0.022806738,0.015241176,0.030542566,0.03944258,0.023243457,0.029296359,0.026511353,0.026877755,0.031566635,0.047601704,0.029135078,0.02490665,0.019621996,0.050517056,0.027180167,0.0056188847,0.017979912,0.047000095,0.045555525,0.013040261,0.042456362,0.016478842
2024-03-12,0.017793205,0.015220814,0.040112533,0.04890913,0.04801362,0.021179806,0.064640485,0.06666667,0.04270578,0.02104043,0.022335645,0.02942866,0.034748178,0.026231743,0.03224845,0.02491767,0.039856326,0.037914805,0.03904181,0.02391317,0.027869266,0.020788409,0.054998837,0.02675817,0.007377157,0.019831378,0.040513705,0.040274914,0.013199497,0.03404133,0.017428406
2024-03-13,0.013502732,0.012108457,0.046612207,0.056749176,0.042460423,0.015680531,0.057390302,0.06666667,0.033972632,0.015828364,0.027791226,0.032753825,0.016598422,0.038271714,0.038927283,0.034178454,0.039870683,0.039096955,0.034169737,0.019242018,0.023577364,0.021988858,0.06666667,0.021333007,0.0069058267,0.02166021,0.037045475,0.043597028,0.021114994,0.03033308,0.023905687
2024-03-14,0.01288045,0.011938535,0.04415372,0.05395134,0.04165792,0.015399017,0.050517544,0.06666667,0.045363493,0.020277845,0.024294773,0.030315012,0.016487282,0.034632318,0.042636998,0.027011214,0.042415254,0.04375471,0.036193695,0.017944729,0.02046554,0.02198694,0.06666667,0.020317608,0.005933897,0.023333188,0.03353017,0.047416285,0.01871013,0.038159702,0.02498736
2024-03-15,0.013936266,0.011765764,0.038460653,0.052319113,0.043908447,0.019244805,0.05203567,0.06666667,0.047020283,0.023786362,0.027682224,0.030436853,0.020945512,0.033206012,0.034560505,0.02937608,0.041867483,0.036606938,0.030739227,0.0173101,0.0231837,0.029664982,0.0629691,0.024099685,0.0076052467,0.024760924,0.028636154,0.045638505,0.019017348,0.037002083,0.025547294
2024-03-18,0.016549284,0.013711131,0.037060093,0.048073184,0.05114604,0.017830139,0.048223577,0.06666667,0.058412448,0.030422412,0.025068402,0.029276496,0.02040522,0.03039654,0.02928279,0.030292133,0.04115641,0.03225679,0.030891865,0.018837307,0.022999134,0.031693544,0.057709407,0.023584817,0.0075406283,0.02696245,0.026570015,0.044702705,0.016744224,0.038465984,0.027068162
2024-03-19,0.014791031,0.0137301935,0.038577273,0.046188995,0.04535276,0.018593762,0.05203855,0.06666667,0.051104974,0.028528659,0.027439492,0.02636334,0.025322855,0.023152424,0.029493637,0.036752377,0.04871301,0.03352254,0.027276015,0.018160848,0.021934722,0.03342929,0.06560112,0.028170459,0.007386829,0.024869569,0.0288287,0.040907815,0.016277308,0.039295677,0.021529114
2024-03-20,0.017427199,0.01972725,0.04020969,0.046472345,0.044033367,0.022762705,0.050567593,0.06666667,0.046751894,0.030560045,0.028836662,0.025440963,0.028380267,0.020534411,0.028209975,0.04378439,0.04726584,0.029624643,0.027432503,0.020983044,0.020216575,0.0369958,0.05582871,0.0325048,0.008656315,0.023867143,0.028517079,0.034289576,0.015587002,0.03576848,0.022097077
2024-03-21,0.017694363,0.032918625,0.0340557,0.040081173,0.04707535,0.024006689,0.050602205,0.06666667,0.04035711,0.027861351,0.023502499,0.026555412,0.027395532,0.021503322,0.031400334,0.044582028,0.04824549,0.030604377,0.035338312,0.022250922,0.01797077,0.031728692,0.05421966,0.02983212,0.008898205,0.022550138,0.035650495,0.030777432,0.018012304,0.037072405,0.020590318
2024-03-22,0.01509773,0.042492066,0.036605235,0.03384432,0.05724289,0.022536078,0.048559286,0.06666667,0.038463097,0.027019788,0.016818384,0.032090273,0.019723836,0.028677475,0.02601307,0.043269128,0.039993737,0.030909298,0.04293664,0.025568735,0.01400254,0.030644959,0.056683082,0.025153263,0.0066239866,0.023482364,0.036916032,0.031133931,0.017577179,0.040040806,0.023214126
2024-03-25,0.016278109,0.05015068,0.031650234,0.027884314,0.060472533,0.024891991,0.041578867,0.06666667,0.03701484,0.027716586,0.015187592,0.027871566,0.024505489,0.026348975,0.027738528,0.040609006,0.036436297,0.02863861,0.05017893,0.024420569,0.014374811,0.02661321,0.06303007,0.025217837,0.0076532653,0.021217316,0.040081076,0.035834752,0.020204652,0.03949678,0.020035854
2024-03-26,0.018268306,0.039156195,0.033595398,0.02628948,0.062906474,0.023559585,0.049197637,0.06666667,0.039855964,0.034200426,0.015846042,0.02147337,0.03368428,0.023634447,0.023545854,0.033229157,0.035790876,0.030661179,0.049300946,0.02246606,0.019661801,0.023553781,0.061845433,0.028113794,0.010572512,0.022001507,0.03720861,0.03636413,0.021958219,0.034958847,0.020433025
2024-03-27,0.019076968,0.045232903,0.032491572,0.024008429,0.051707357,0.025087982,0.050560437,0.06666667,0.032867193,0.038980756,0.014620873,0.021206655,0.03923569,0.016657334,0.022565564,0.033791047,0.034139805,0.034490954,0.04779768,0.022003125,0.018605921,0.022099478,0.064704716,0.033597015,0.010776564,0.023339415,0.042821944,0.031732444,0.022508707,0.039823502,0.016801303
2024-03-28,0.022308204,0.058933675,0.03493485,0.028918456,0.035620257,0.025479471,0.048323914,0.06666667,0.02579471,0.0387243,0.016901089,0.01895925,0.049308833,0.011390748,0.030127618,0.035013814,0.04412946,0.034683682,0.046471637,0.028159026,0.022834692,0.017336894,0.05043848,0.039688908,0.016986668,0.017989574,0.046218574,0.02250982,0.018720496,0.02927152,0.017154718
2024-04-01,0.024596985,0.0530017,0.039281387,0.0314906,0.036564097,0.022824477,0.051131986,0.06666667,0.02667462,0.040999934,0.017285388,0.017859723,0.051812455,0.01093208,0.030532114,0.03330325,0.04350621,0.03388362,0.0460139,0.028750125,0.025710214,0.015723675,0.048776463,0.03737661,0.01809166,0.017775424,0.044443525,0.021431929,0.017966252,0.027149122,0.0184438
2024-04-02,0.019592127,0.038516402,0.047234185,0.029017031,0.037914623,0.02582512,0.0566815,0.06666667,0.03146059,0.039995905,0.023014272,0.018669298,0.06417914,0.010838985,0.024373049,0.03379506,0.04489526,0.03167031,0.036660414,0.024859928,0.029079452,0.019128442,0.05274361,0.0368769,0.018353371,0.017671162,0.03437168,0.025507107,0.01618257,0.022895342,0.021330496
2024-04-03,0.016356345,0.027229182,0.04906438,0.027688848,0.037193704,0.024634808,0.06666667,0.06661198,0.026740758,0.029474843,0.027410358,0.015439722,0.06666667,0.013092418,0.023115061,0.032415956,0.05253914,0.03745664,0.03132489,0.019074244,0.03064492,0.019499488,0.0569793,0.038423594,0.019864725,0.016574727,0.03642228,0.028328035,0.020088356,0.022624314,0.02035365
2024-04-04,0.017187461,0.030080497,0.06299391,0.028209694,0.042878628,0.027762389,0.05328248,0.06107921,0.034078155,0.035582904,0.029968305,0.019141274,0.061250485,0.012813489,0.02004446,0.042963885,0.046346042,0.031500954,0.025574507,0.022460956,0.024270048,0.028820332,0.053991143,0.03341739,0.016302777,0.017874125,0.027141383,0.028850488,0.016051413,0.021308944,0.026772274
2024-04-05,0.016603166,0.034774005,0.054119524,0.021596348,0.052983407,0.027075332,0.05320259,0.06666667,0.037632275,0.03807723,0.025327504,0.01934885,0.06421723,0.015090715,0.015752003,0.0367463,0.04340019,0.029412972,0.02976357,0.02359422,0.022346906,0.030454114,0.05312651,0.031641625,0.015265833,0.019425726,0.025502156,0.031419046,0.015543028,0.024389582,0.025501365
2024-04-08,0.017963512,0.03185819,0.05473026,0.023367155,0.043227725,0.03243703,0.051933546,0.066307865,0.03859407,0.040354013,0.03177729,0.017754313,0.06666667,0.012219294,0.017453663,0.03761017,0.046837717,0.028290754,0.02525768,0.02348638,0.025677273,0.0331722,0.046259925,0.037606973,0.018765869,0.016836083,0.023525774,0.029815746,0.0126999095,0.020802578,0.026710382
2024-04-09,0.0177631,0.038436685,0.05244654,0.023557572,0.04483914,0.03784623,0.047054842,0.06666667,0.03887179,0.0330567,0.026130551,0.023631206,0.06666667,0.016062435,0.0203486,0.035700057,0.047874454,0.0309776,0.02660485,0.024153672,0.020021202,0.03595667,0.041620042,0.031984016,0.013822354,0.016879613,0.025144812,0.030840581,0.011902945,0.026490275,0.02664813
2024-04-10,0.023206826,0.041179407,0.046398193,0.02720657,0.040840108,0.04679414,0.04073224,0.06666667,0.037581794,0.034546096,0.027548026,0.02408564,0.06666667,0.014160442,0.0215644,0.03659793,0.052291818,0.030083574,0.024214027,0.027469799,0.022088783,0.038109683,0.03090771,0.039317843,0.018601628,0.014795032,0.02497328,0.025184995,0.00985892,0.024873449,0.021454312
2024-04-11,0.022941284,0.035166357,0.037496153,0.022720916,0.043197893,0.054328784,0.038247928,0.06666667,0.047016133,0.037804805,0.030844748,0.025835712,0.06666667,0.015934043,0.015742512,0.034314085,0.05107538,0.02755161,0.021085639,0.024448033,0.019356329,0.050064042,0.02830575,0.044898067,0.021206005,0.0155407395,0.020993002,0.028691288,0.008530208,0.022650952,0.020678265
2024-04-12,0.026587011,0.029841827,0.03392951,0.023644648,0.03624076,0.06666667,0.037860304,0.048034277,0.049967594,0.031321585,0.042727116,0.024269853,0.06666667,0.017268788,0.019974058,0.036463734,0.05269984,0.027331779,0.014891192,0.019021196,0.019549413,0.065534495,0.023251735,0.040248234,0.023259532,0.01655859,0.01772622,0.0321638,0.010582075,0.024079463,0.021638041
2024-04-15,0.03521923,0.04219386,0.025104424,0.01704337,0.048167214,0.06666667,0.032725666,0.04125608,0.04372623,0.031539775,0.0330188,0.026998026,0.06666667,0.026265582,0.015417482,0.035272557,0.039702006,0.02994745,0.018078443,0.017932266,0.015018176,0.06666667,0.019020878,0.035608415,0.026034461,0.021848932,0.019462585,0.03502431,0.01800338,0.032482553,0.017887851
2024-04-16,0.03039937,0.039369307,0.025699776,0.015304921,0.054578315,0.05937005,0.02834725,0.044191994,0.04821969,0.029084723,0.03116179,0.031632945,0.06666667,0.03730099,0.014700107,0.031632748,0.0449102,0.034481373,0.01828838,0.016221492,0.013075233,0.06666667,0.0176151,0.025604876,0.024533862,0.02515859,0.018235222,0.034509674,0.019159392,0.034238897,0.019640405
2024-04-17,0.026298987,0.03178175,0.02143334,0.015096542,0.05956332,0.04812997,0.024570107,0.044072013,0.050688062,0.027803255,0.03477198,0.037133876,0.058520034,0.051123943,0.013139662,0.03325288,0.04794997,0.032208275,0.017841224,0.0145333875,0.013530711,0.06666667,0.019250909,0.02265766,0.0281991,0.029913511,0.017332016,0.037839502,0.024361324,0.03304154,0.017294485
2024-04-18,0.020672617,0.030328738,0.024281899,0.01663666,0.054467104,0.038546693,0.027508061,0.05444396,0.046516214,0.022302603,0.03689984,0.043030716,0.0623956,0.051861554,0.014947538,0.03313838,0.063624054,0.03268228,0.017729566,0.015949115,0.015257838,0.06666667,0.019561267,0.019029366,0.025228295,0.02707746,0.018124059,0.033128176,0.020238003,0.03138042,0.016345266
2024-04-19,0.018746842,0.027159994,0.027846701,0.018651588,0.054997012,0.031391107,0.02842546,0.06451938,0.049258802,0.0211941,0.04071348,0.0439263,0.06399414,0.04925666,0.015364229,0.03385653,0.06666667,0.031776343,0.018233089,0.01745113,0.01714754,0.059808917,0.022120623,0.018460622,0.025557058,0.024604833,0.017671885,0.031631816,0.017132197,0.026876878,0.015558072
2024-04-22,0.017046556,0.025656065,0.033886783,0.02365869,0.052391548,0.03184721,0.03281635,0.06666667,0.053677574,0.020540902,0.045133222,0.046683464,0.054121792,0.048511937,0.016362203,0.03755794,0.06666667,0.034585997,0.01690845,0.018579166,0.016467007,0.054802176,0.024705937,0.021568503,0.027871488,0.022078853,0.01901225,0.025542457,0.01196893,0.019579029,0.013104184
2024-04-23,0.01679531,0.02272934,0.03453112,0.030276865,0.04798603,0.0267363,0.041171424,0.06666667,0.05263557,0.01882352,0.045982458,0.048734527,0.05778166,0.04048818,0.018093154,0.041115858,0.06666667,0.03327046,0.018164026,0.019951962,0.021838032,0.04971858,0.024948621,0.02375485,0.02545829,0.018568752,0.021748153,0.022087624,0.010041258,0.01826047,0.01497428
2024-04-24,0.012960034,0.02237005,0.038400386,0.033073016,0.040024772,0.025312815,0.041840944,0.06666667,0.047162347,0.017053535,0.05056303,0.04570231,0.059127238,0.035714794,0.025364978,0.03731307,0.06666667,0.033339016,0.02107571,0.02200293,0.027523996,0.035834696,0.033205777,0.022231687,0.024760772,0.01868788,0.025607463,0.024832413,0.010375236,0.01803656,0.017169211
2024-04-25,0.011548752,0.022353128,0.034996133,0.031517133,0.042421766,0.02208511,0.041726444,0.06666667,0.04934976,0.018683463,0.04566599,0.045172375,0.04969482,0.03709129,0.025719184,0.036893792,0.06666667,0.035199933,0.02434595,0.021678109,0.027484957,0.03572211,0.03872725,0.021630706,0.024614798,0.022365369,0.029064681,0.023475565,0.011400788,0.01900659,0.01703072
2024-04-26,0.013383932,0.017102225,0.034788076,0.028289758,0.045933638,0.014619838,0.043332633,0.06666667,0.05131682,0.0187922,0.044976566,0.034903526,0.033717886,0.053908974,0.02710556,0.031917956,0.06666667,0.040996358,0.027850924,0.017276688,0.02929259,0.0307907,0.040297512,0.017846413,0.0352989,0.025514692,0.027626287,0.024426486,0.0191238,0.016333716,0.019902008
2024-04-29,0.01047786,0.01611343,0.030514417,0.02841985,0.041360904,0.013944092,0.029921511,0.06666667,0.04430385,0.02140452,0.036869265,0.041137587,0.0339449,0.046597883,0.033170544,0.028818063,0.06666667,0.05710664,0.029323513,0.0149815,0.026017945,0.03189529,0.04590144,0.018583803,0.02447046,0.029628625,0.034969952,0.027296316,0.025252126,0.023481745,0.020758629
2024-04-30,0.012747452,0.021475077,0.030741293,0.027950792,0.04208081,0.016647067,0.025619231,0.06666667,0.041491166,0.024451729,0.030284166,0.039603222,0.0318704,0.045127463,0.03412878,0.028621053,0.06666667,0.053667404,0.03376819,0.01752659,0.02184821,0.03219119,0.044140443,0.019693347,0.0227571,0.031121528,0.035777465,0.027559454,0.02542501,0.0265043,0.021846743
2024-05-01,0.011796039,0.020585336,0.022687674,0.021205239,0.050146393,0.0115781715,0.029740267,0.06666667,0.033776276,0.019389082,0.02099843,0.034696657,0.025266545,0.05709183,0.031414334,0.021245686,0.06617327,0.060169626,0.046604674,0.014214057,0.020074055,0.024266154,0.051505502,0.014645602,0.016281178,0.03345915,0.04447885,0.034032922,0.04010263,0.037668593,0.018039113
2024-05-02,0.013957345,0.024535457,0.026750544,0.025709564,0.035366572,0.016341865,0.028620673,0.05251117,0.025691986,0.019037608,0.019821195,0.037503015,0.026916176,0.044578645,0.048119597,0.018424982,0.053951874,0.06666667,0.05248545,0.014567827,0.024134217,0.018487403,0.047841005,0.017946001,0.017770307,0.03260271,0.05655404,0.031407937,0.04140755,0.040746376,0.019544234
2024-05-03,0.017650437,0.0249085,0.023375811,0.030429767,0.029856859,0.021948276,0.02340292,0.04106061,0.024550533,0.019227808,0.02039231,0.03909341,0.026346462,0.04648443,0.057133302,0.018806955,0.05478348,0.06666667,0.04623884,0.014559286,0.021891234,0.02237559,0.03582906,0.020961178,0.02094987,0.034266677,0.056058396,0.028460024,0.046325386,0.04585928,0.020106645
2024-05-06,0.021295486,0.035643864,0.017407814,0.025310887,0.02747205,0.024062736,0.02093702,0.03879618,0.02011246,0.018441752,0.015131209,0.031709477,0.023860997,0.046786685,0.06666667,0.014361358,0.047804844,0.06666667,0.053063486,0.014853727,0.017973673,0.020358313,0.029166829,0.021127293,0.020806007,0.032734983,0.06167452,0.027921606,0.058167916,0.06060295,0.019080542
2024-05-07,0.021046927,0.02840531,0.017798413,0.02757444,0.02691225,0.02249231,0.024961637,0.04448163,0.022581689,0.020336548,0.013597268,0.031078666,0.020388871,0.055198014,0.06666667,0.0109936185,0.045404714,0.06666667,0.0480575,0.014209725,0.019155087,0.021435732,0.025002742,0.020113155,0.01883478,0.03595649,0.055829182,0.02832134,0.05588789,0.06611989,0.024490846
2024-05-08,0.026725074,0.035026483,0.021212107,0.032386947,0.025710141,0.026781617,0.01329659,0.046984248,0.029702807,0.030022737,0.01271564,0.039462324,0.018255843,0.047142167,0.06666667,0.012390855,0.035924062,0.06586576,0.044785928,0.019667605,0.014086467,0.02811367,0.021657817,0.018707333,0.0162853,0.039180223,0.044706404,0.029716516,0.039610337,0.06666667,0.030543653
2024-05-09,0.027012458,0.03199494,0.023356846,0.029810317,0.027376454,0.02663238,0.014167973,0.048330735,0.037787184,0.036235083,0.0128984805,0.034838513,0.018174967,0.043527216,0.06666667,0.010651477,0.031242918,0.06542925,0.044784468,0.018369943,0.014510889,0.027409837,0.023802038,0.01685162,0.014487179,0.04392289,0.040551618,0.033160385,0.035732027,0.06666667,0.033616576
2024-05-10,0.029946113,0.04212288,0.027451633,0.029713,0.0252615,0.037395354,0.012002415,0.059581973,0.04326611,0.044490814,0.013276399,0.031271964,0.019924406,0.032082185,0.06666667,0.011400073,0.029037068,0.054416865,0.043495636,0.023764836,0.012746209,0.027579043,0.02506332,0.01946663,0.015348234,0.039992526,0.035857126,0.031891923,0.022932533,0.059447814,0.033106744
2024-05-13,0.027082477,0.044070285,0.03337789,0.029210122,0.026662216,0.035104126,0.0128389625,0.063820414,0.040361375,0.050349176,0.01374659,0.026911516,0.02211839,0.025640542,0.06666667,0.012128901,0.025513466,0.049767278,0.048947524,0.026941841,0.0138438875,0.022091797,0.034127906,0.020965882,0.0147750825,0.037020687,0.038804326,0.034455694,0.020923348,0.04943834,0.03229329
2024-05-14,0.026630463,0.043630335,0.035040796,0.030479798,0.027084459,0.03588176,0.011987089,0.05960672,0.047396824,0.05245225,0.016843462,0.026939387,0.025018988,0.021488806,0.06666667,0.014301083,0.028035337,0.04200301,0.050975986,0.029427903,0.016981026,0.019184167,0.039992955,0.02045012,0.016843323,0.0337315,0.033925686,0.03758349,0.018387778,0.037911445,0.03311739
2024-05-15,0.02146842,0.04539706,0.042692117,0.03095393,0.024171934,0.038839873,0.011046083,0.055166613,0.04819279,0.045962714,0.018383,0.03089631,0.016826825,0.02426087,0.06666667,0.015887925,0.026785696,0.035319407,0.04949189,0.029386437,0.016320093,0.017571006,0.04983284,0.014937368,0.013088416,0.039546125,0.030544791,0.04431665,0.017929196,0.03783709,0.04027986
2024-05-16,0.02496912,0.05511618,0.049357973,0.032874662,0.020642785,0.041961975,0.0103851,0.050256554,0.04265167,0.043638866,0.019079156,0.030134005,0.017607657,0.019693859,0.06666667,0.018785276,0.024939362,0.032258492,0.05058573,0.03476833,0.017104028,0.016918113,0.04684414,0.016322028,0.014021681,0.034671027,0.031248154,0.04086517,0.016711043,0.035485752,0.04343545
2024-05-17,0.019436575,0.049137656,0.047408424,0.034006592,0.022585362,0.03318048,0.01156215,0.052144885,0.036174905,0.037318908,0.018886078,0.031692944,0.014887019,0.02191137,0.06666667,0.024572147,0.028456446,0.037407804,0.06415911,0.031413924,0.0155787235,0.015252299,0.061054952,0.018389026,0.013505428,0.03157774,0.034720622,0.041255955,0.021530887,0.02867956,0.035445362
2024-05-20,0.018419702,0.05093871,0.050923903,0.03467076,0.022939032,0.035198435,0.010618928,0.054243054,0.03840324,0.039407786,0.019842988,0.035903167,0.014629723,0.020668263,0.059303004,0.029309165,0.028632151,0.03187343,0.059838574,0.036331974,0.015244742,0.017450787,0.06113737,0.018683078,0.013171634,0.03197715,0.030848576,0.03841174,0.017794251,0.026281247,0.036903434
2024-05-21,0.022236284,0.06074053,0.03825521,0.031027783,0.02384488,0.033608463,0.008829693,0.042454954,0.03590501,0.046347074,0.01787921,0.037233878,0.016304798,0.021681622,0.05281842,0.029232185,0.028517716,0.02887036,0.063953266,0.038556695,0.01689731,0.018890625,0.048879735,0.019840812,0.015998382,0.034916077,0.03072209,0.04056418,0.022398476,0.031835202,0.04075908
2024-05-22,0.020786688,0.053977273,0.03542801,0.033272672,0.022774106,0.029129265,0.009579272,0.03958311,0.03449964,0.041866604,0.018671311,0.037443418,0.01720553,0.022602081,0.057410832,0.03006836,0.035528775,0.035403702,0.0646276,0.032900766,0.016385136,0.019274922,0.046426766,0.019872645,0.015504277,0.0344138,0.032652713,0.038142547,0.027408443,0.038494233,0.038665503
2024-05-23,0.022740839,0.05136714,0.032434784,0.035394788,0.02318367,0.02626592,0.010907143,0.030680034,0.029915063,0.042432085,0.01802114,0.040932976,0.017763812,0.022825817,0.05244628,0.029634377,0.03385206,0.041288525,0.06666667,0.030042065,0.018301291,0.017270949,0.042421874,0.024373302,0.017731223,0.03397496,0.036841527,0.036530226,0.03583568,0.04078472,0.03713906
2024-05-24,0.025060564,0.043224085,0.028790914,0.027317638,0.03328019,0.019105291,0.01258091,0.026683528,0.043535445,0.053154543,0.015348352,0.03600833,0.017589286,0.023527142,0.038692195,0.024960361,0.024714826,0.039898556,0.06666667,0.025503783,0.017636526,0.020700522,0.039675448,0.022527605,0.012317169,0.037555747,0.02973967,0.049197197,0.044263884,0.05694951,0.043794118
2024-05-28,0.022201728,0.039971754,0.031299107,0.025075594,0.031616796,0.021407442,0.017318916,0.026270455,0.044614032,0.042266317,0.018550279,0.033122394,0.022913748,0.023130065,0.041794088,0.02575808,0.033196673,0.04470016,0.05419262,0.022989191,0.017643044,0.025694268,0.03920056,0.023740344,0.011348917,0.03461311,0.029302219,0.04902686,0.041287936,0.062381614,0.04337169
2024-05-29,0.021866266,0.038801488,0.031687822,0.02286586,0.03808609,0.028601196,0.023029258,0.028384624,0.048727654,0.034167398,0.018181862,0.034898743,0.023901708,0.030233301,0.03399731,0.028255545,0.030176152,0.0414368,0.04306759,0.019195914,0.013477279,0.037755735,0.036290064,0.02330636,0.007997427,0.0349746,0.025432263,0.054389592,0.040877588,0.06666667,0.039269842
2024-05-30,0.020869445,0.03038734,0.02891352,0.019566525,0.039770883,0.029456465,0.02936021,0.024048088,0.042472836,0.027515093,0.020388763,0.029261664,0.026724933,0.03469033,0.02863237,0.028366536,0.027801786,0.050117467,0.03905708,0.013724561,0.012029815,0.043202184,0.037861574,0.025434488,0.008466217,0.035475682,0.02656951,0.060983706,0.060066584,0.06666667,0.03211768
2024-05-31,0.022566546,0.030919772,0.032908987,0.021149568,0.03837406,0.035740107,0.034045395,0.028718311,0.039543994,0.025099417,0.023348153,0.025462147,0.0373224,0.03378873,0.026262393,0.028314771,0.040259022,0.059740953,0.030745465,0.014361757,0.010683815,0.04522699,0.033115916,0.030805191,0.010434113,0.029059667,0.027318958,0.052502632,0.045501627,0.06666667,0.020012476
2024-06-03,0.022266882,0.022972448,0.044451468,0.030243764,0.027815143,0.03908686,0.036489625,0.04229153,0.03829856,0.020500522,0.036074653,0.023850327,0.0422082,0.032450326,0.031146338,0.034946226,0.06666667,0.06298752,0.02026583,0.015040718,0.011295506,0.047630675,0.029615154,0.035166193,0.016938442,0.022961326,0.02406431,0.035969157,0.028922541,0.040336967,0.017046118
2024-06-04,0.030845605,0.01932521,0.045887023,0.038304426,0.023006829,0.039234962,0.026436632,0.030631047,0.03273484,0.019225534,0.04105939,0.026932126,0.029016837,0.0368971,0.035425268,0.045536224,0.06386832,0.06666667,0.019948276,0.013357326,0.011152287,0.04441176,0.028746296,0.032628607,0.023282263,0.025484826,0.025223106,0.034824107,0.039590247,0.032696612,0.017620249
2024-06-05,0.033757325,0.016031738,0.046951637,0.043106362,0.01836457,0.034018148,0.024490478,0.027497264,0.02404309,0.018349627,0.04658344,0.025156355,0.024561217,0.036836386,0.03659926,0.055308666,0.06613271,0.06666667,0.01902216,0.012073006,0.01156165,0.039591167,0.030652147,0.033914212,0.03305325,0.026940081,0.028691249,0.02944489,0.050231013,0.025936699,0.014433537
2024-06-06,0.03926773,0.014650479,0.04630581,0.04193446,0.022084663,0.029076833,0.023275752,0.02674671,0.029005788,0.01988911,0.044881355,0.025116012,0.018696802,0.044334184,0.035365175,0.05675813,0.05209569,0.06666667,0.01865896,0.010668047,0.010859975,0.0479083,0.028091228,0.027583208,0.029272623,0.029981067,0.025311438,0.031789996,0.058293395,0.02748653,0.017943883
2024-06-07,0.036444776,0.01199884,0.0451591,0.046723705,0.018885095,0.030893547,0.020295473,0.02751001,0.024120854,0.018432237,0.047652826,0.02580149,0.017132865,0.051677365,0.033461407,0.062210657,0.047636084,0.06666667,0.016183307,0.010130398,0.00993936,0.05085162,0.027144086,0.026858851,0.033013336,0.03207054,0.025312524,0.031199872,0.06260161,0.025215162,0.016776334
2024-06-10,0.0350283,0.009527046,0.04466673,0.041453335,0.019852761,0.02837727,0.024050862,0.021388246,0.028220544,0.019435177,0.055642195,0.022016943,0.014710182,0.05618293,0.032487,0.05428781,0.03923024,0.06666667,0.015617229,0.00824433,0.011601667,0.049055822,0.029978594,0.025094207,0.036754984,0.037465062,0.023919376,0.036954116,0.06666667,0.024295483,0.021128232
2024-06-11,0.04065693,0.011340482,0.042096514,0.041726395,0.019769223,0.03178058,0.024418395,0.023490554,0.02638311,0.023053968,0.047803458,0.021707198,0.017700331,0.05100581,0.02805737,0.058245357,0.034792118,0.065906115,0.016435761,0.0097078,0.011460105,0.050267,0.026774328,0.032269754,0.041508224,0.03361619,0.02686643,0.033345632,0.06666667,0.022618808,0.018529395
2024-06-12,0.052308418,0.015228834,0.028352354,0.031870455,0.02115032,0.04525594,0.01832108,0.01647741,0.02203847,0.024955787,0.049048714,0.017555974,0.022791162,0.05325929,0.02818191,0.050576083,0.029899081,0.058871172,0.014824538,0.009064675,0.010519972,0.05826547,0.019301683,0.040067356,0.06666667,0.03271402,0.026119115,0.032507673,0.06666667,0.02317548,0.013964239
2024-06-13,0.045620136,0.019915497,0.028557967,0.026681067,0.026638376,0.041711565,0.019318862,0.015664116,0.019765075,0.024594685,0.038763043,0.01907944,0.015163299,0.06666667,0.031192861,0.04841075,0.019579295,0.05848136,0.01850049,0.009088557,0.008687904,0.06335436,0.023833478,0.032815553,0.044764146,0.041890074,0.0293129,0.041699436,0.06666667,0.036389384,0.017192995
2024-06-14,0.042263694,0.01890195,0.029413378,0.022969969,0.028810553,0.035415474,0.022225581,0.015877102,0.02158343,0.025411213,0.03825635,0.015717585,0.016038084,0.06666667,0.0318975,0.03909419,0.017708926,0.064510666,0.021445448,0.00842562,0.008677317,0.058735654,0.026828809,0.03269614,0.03905231,0.04525177,0.029197784,0.047567572,0.06666667,0.045183428,0.017509164
2024-06-17,0.03885329,0.018099751,0.029095583,0.022582866,0.029402627,0.034445353,0.022934396,0.01726071,0.020935465,0.023271691,0.03807592,0.01528192,0.018696476,0.06311739,0.03258222,0.039146215,0.018784836,0.06666667,0.022862367,0.008162877,0.008388419,0.05826654,0.029102385,0.03446464,0.036139503,0.04162589,0.031558603,0.049506966,0.06666667,0.04830899,0.015712777
2024-06-18,0.029470082,0.018001392,0.02719237,0.020387255,0.03322473,0.030482152,0.03478822,0.018312741,0.019382617,0.020797709,0.036489666,0.014985291,0.019575143,0.06666667,0.032719497,0.03241301,0.021464277,0.06666667,0.023906663,0.0074395286,0.0090053,0.057153437,0.031437453,0.03473939,0.030557705,0.041486394,0.036720626,0.048873827,0.06666667,0.053866476,0.015127045
2024-06-20,0.024322882,0.016507009,0.030478738,0.022857374,0.03465728,0.02691129,0.0379869,0.020454144,0.020580202,0.019604033,0.035710055,0.01599018,0.014748114,0.06666667,0.035232376,0.030738859,0.024693882,0.06666667,0.02640115,0.0073197824,0.0087881675,0.048278715,0.037103634,0.03263659,0.025840012,0.041037112,0.037854236,0.05181502,0.06666667,0.05366481,0.017787443
2024-06-21,0.023555947,0.017952,0.037430387,0.027682498,0.035840906,0.03606594,0.039421856,0.026359439,0.02344256,0.023075102,0.032335203,0.018346973,0.016859112,0.06666667,0.029937984,0.029714493,0.023806138,0.06666667,0.02535701,0.009693545,0.009392858,0.048378028,0.032411784,0.037419025,0.024400907,0.033962328,0.033599697,0.044219486,0.06666667,0.03888973,0.020449061
2024-06-24,0.023470368,0.016291488,0.034601305,0.03392708,0.02968013,0.039935153,0.040467113,0.02644515,0.01683094,0.021238705,0.03201623,0.01996154,0.021920748,0.061458573,0.030747075,0.030635644,0.023566542,0.06666667,0.02408478,0.010672762,0.010648977,0.045744024,0.030730527,0.046901673,0.028518332,0.032127984,0.041614708,0.038572796,0.06666667,0.038439795,0.015416523
2024-06-25,0.021087104,0.016206656,0.04567523,0.0376645,0.029645687,0.036945485,0.033579845,0.03817588,0.021246921,0.025266074,0.035893884,0.021614583,0.021018693,0.052281316,0.028298732,0.035567697,0.03506421,0.06666667,0.022590116,0.013906057,0.012088147,0.043856196,0.03215268,0.044102173,0.038327966,0.029691644,0.035351817,0.027230358,0.057469178,0.0225757,0.018758804
2024-06-26,0.023171702,0.014343858,0.0425664,0.035479646,0.029210187,0.039689243,0.034872077,0.038590904,0.025690308,0.028478026,0.037287366,0.019827748,0.02866786,0.037708215,0.027832724,0.038927056,0.03459255,0.05971186,0.020876639,0.013284407,0.015644243,0.044703387,0.03890388,0.042248834,0.036123816,0.03079997,0.033303242,0.03245793,0.05171403,0.02435641,0.018935487
2024-06-27,0.022089409,0.01807253,0.03873796,0.03406982,0.028201727,0.04549822,0.031885687,0.03542546,0.019683033,0.023916045,0.039757945,0.020496763,0.03399375,0.035786316,0.028579155,0.046814833,0.033889335,0.052913748,0.023260606,0.014496997,0.015030208,0.04251308,0.04387221,0.042950522,0.037680645,0.026228134,0.03731619,0.032563116,0.05661254,0.022052277,0.015611735
2024-06-28,0.02446313,0.018094243,0.041398045,0.03776271,0.026010396,0.06381287,0.031008609,0.03425562,0.023320511,0.026592301,0.043532487,0.021719333,0.03912054,0.026109342,0.027529864,0.05273651,0.027986858,0.04170888,0.019938597,0.01622018,0.015422846,0.047515083,0.046475057,0.046202585,0.031378645,0.027404105,0.03312277,0.03357356,0.039090846,0.021871403,0.014622078
2024-07-01,0.017436957,0.047362998,0.041333005,0.02435369,0.044245362,0.06666667,0.015611335,0.047780935,0.03254844,0.034306075,0.029575063,0.026894437,0.031622905,0.023118932,0.027757924,0.05314463,0.02625828,0.026556866,0.033781383,0.025279269,0.010139756,0.037704293,0.06666667,0.03716331,0.018353704,0.022590071,0.03137605,0.044333417,0.023254346,0.019626081,0.013157144
2024-07-02,0.015015822,0.0492593,0.040246647,0.023180922,0.039343156,0.06666667,0.0137981875,0.038893733,0.03958255,0.03237127,0.032597,0.026138458,0.029714372,0.025610734,0.040601783,0.043590136,0.03210772,0.027201995,0.034290433,0.021910949,0.011846345,0.032197934,0.06666667,0.02967418,0.020176627,0.022364486,0.027612701,0.054766465,0.024612252,0.019635335,0.018325174
2024-07-03,0.0142534785,0.06666667,0.033175863,0.023788469,0.038992003,0.06666667,0.012033678,0.03790781,0.03683155,0.028001482,0.026127774,0.03181039,0.025890281,0.025807358,0.047802236,0.047865745,0.038582806,0.025188636,0.039731182,0.02402365,0.010055902,0.027675183,0.06666667,0.026871927,0.016688665,0.019169157,0.031720076,0.050165713,0.022425883,0.02080357,0.01660953
2024-07-05,0.013141894,0.06666667,0.031072758,0.024591008,0.04007287,0.06666667,0.014055963,0.03918986,0.031070966,0.025405217,0.02199967,0.030881366,0.026650982,0.026210196,0.048324645,0.047464423,0.04124522,0.025042213,0.045603186,0.024847066,0.0112973135,0.023436068,0.06666667,0.026205577,0.013957811,0.0176725,0.03539197,0.050244402,0.024230141,0.023587534,0.017107176
2024-07-08,0.013386304,0.06666667,0.026276944,0.026533136,0.033066466,0.06666667,0.01073609,0.033894043,0.020768886,0.020637376,0.020608654,0.038308524,0.02358873,0.028327366,0.050991885,0.055970475,0.043208703,0.026926361,0.05074854,0.026334932,0.010405638,0.021663701,0.06666667,0.0276495,0.016184788,0.017258924,0.041754078,0.045086876,0.031002289,0.023777518,0.014903274
2024-07-09,0.013755178,0.06666667,0.024691334,0.024369309,0.035168786,0.06666667,0.009381453,0.035155457,0.02082502,0.02176215,0.016439773,0.03790224,0.018769575,0.033988494,0.059367426,0.041311853,0.03986444,0.029169422,0.056944944,0.026613142,0.009437525,0.020485448,0.06358967,0.023828333,0.013394415,0.019332541,0.041618943,0.04838762,0.033787053,0.030623754,0.016701374
2024-07-10,0.014595881,0.06666667,0.022831596,0.021466166,0.039392788,0.06505954,0.009205876,0.034677707,0.020597031,0.02105052,0.012321667,0.03886994,0.020566141,0.03403951,0.06068542,0.03366451,0.039206117,0.033488635,0.06666667,0.026056271,0.0089126695,0.01686011,0.060064666,0.021571225,0.011180847,0.018506935,0.046413966,0.048381727,0.03543933,0.03720957,0.014350298
2024-07-11,0.017540496,0.06666667,0.027572324,0.02460824,0.0352625,0.06666667,0.00918607,0.03787054,0.021576338,0.02306132,0.012371505,0.041844416,0.023651255,0.029428301,0.06666667,0.02929055,0.039613295,0.032345057,0.06666667,0.034684155,0.010215034,0.016807238,0.04856778,0.024547113,0.012008594,0.016165182,0.044531498,0.04335346,0.025464376,0.03465911,0.01710759
2024-07-12,0.021912295,0.06666667,0.032614205,0.030633861,0.038163897,0.052472632,0.009886644,0.053005006,0.023746,0.031978898,0.00970628,0.039904483,0.022137338,0.022700477,0.06666667,0.024285771,0.027593298,0.029205794,0.06666667,0.052486658,0.012817539,0.014170572,0.045428567,0.024878904,0.010320413,0.017267445,0.043092072,0.037556816,0.018958688,0.033887263,0.01918818
2024-07-15,0.025056606,0.06666667,0.032501653,0.033804692,0.03261586,0.042098872,0.009069728,0.05196143,0.0241617,0.035926208,0.011428459,0.03442028,0.024793228,0.018739315,0.06666667,0.022194492,0.03297028,0.028936278,0.06666667,0.056546886,0.01622073,0.011971914,0.046064977,0.02684035,0.014076915,0.017929954,0.04587213,0.033729546,0.018867822,0.031633202,0.019566499
2024-07-16,0.025896845,0.06666667,0.033304907,0.03001968,0.046312444,0.046529107,0.010010427,0.05504014,0.036439724,0.047842138,0.013565971,0.029025875,0.031604707,0.015375255,0.054057397,0.024645401,0.030104885,0.025523763,0.058656108,0.05241336,0.014865041,0.019005772,0.044302337,0.031044882,0.013905136,0.017643487,0.035973232,0.031720277,0.0140161,0.026387086,0.018101856
2024-07-17,0.020417452,0.06666667,0.033549506,0.032354448,0.04189006,0.048412368,0.010233004,0.06473121,0.032169238,0.040423073,0.015367388,0.031220127,0.030298201,0.016339095,0.056335315,0.027706236,0.042677205,0.026094371,0.05417469,0.05233136,0.013853586,0.016686909,0.050456904,0.030518811,0.015256568,0.016563639,0.04008945,0.027437007,0.011305138,0.021051846,0.013389133
2024-07-18,0.02063937,0.06666667,0.037086114,0.03619555,0.045521557,0.046537865,0.01018405,0.06666667,0.032682378,0.040193588,0.016240196,0.03416935,0.029338274,0.017602148,0.041236173,0.034095533,0.05174063,0.024923721,0.049968366,0.056499463,0.01396144,0.016034916,0.049595036,0.03391326,0.020410975,0.014804013,0.03775589,0.02177801,0.008276937,0.014138043,0.011143819
2024-07-19,0.021578433,0.0630562,0.03604166,0.03507332,0.04925272,0.03849859,0.012587992,0.06666667,0.038993537,0.04346408,0.018616702,0.03186665,0.0343334,0.017589713,0.0323532,0.03278006,0.058357824,0.02311247,0.046729,0.05256124,0.018331744,0.015811315,0.050739307,0.036759723,0.024890823,0.014766171,0.032319915,0.022164749,0.007456137,0.012514803,0.010731855
2024-07-22,0.02076108,0.05568255,0.032229345,0.037954856,0.04414072,0.03168269,0.011096634,0.06666667,0.035511594,0.037156254,0.021900607,0.035762485,0.029815488,0.020324366,0.036943976,0.03529586,0.06666667,0.026457598,0.048967436,0.047428526,0.01992451,0.014085786,0.053307224,0.033537418,0.03137005,0.015560182,0.034473427,0.021773877,0.010405754,0.012371553,0.010744824
2024-07-23,0.022599604,0.047489308,0.031015443,0.044359937,0.047874648,0.025197303,0.016308952,0.06666667,0.034716696,0.032230597,0.022465857,0.041624952,0.03864583,0.018553957,0.03236415,0.039929215,0.06305191,0.02513434,0.045915354,0.049728643,0.025866777,0.018252917,0.042705774,0.034795698,0.022183143,0.014532914,0.03537325,0.020983523,0.011088533,0.01631393,0.012030183
2024-07-24,0.023037193,0.054615643,0.026917107,0.03946717,0.044878222,0.023518719,0.016696248,0.06293394,0.03003146,0.03333911,0.016215673,0.053539507,0.03037317,0.020545559,0.0369929,0.0366559,0.05149632,0.03018878,0.051005326,0.04560198,0.022040464,0.0192199,0.043251555,0.03165427,0.015343484,0.019311462,0.04044669,0.022827344,0.01546165,0.029720465,0.012672798
2024-07-25,0.022599326,0.04315347,0.029686276,0.042690814,0.042697497,0.017283935,0.021944035,0.06666667,0.029477084,0.031956296,0.017107714,0.052746303,0.03319053,0.022663804,0.033243436,0.029592944,0.062230766,0.033702865,0.054658554,0.045677856,0.028378714,0.015580036,0.036856458,0.03331673,0.01999426,0.017495476,0.03770408,0.02071939,0.015316717,0.026852584,0.014815375
2024-07-26,0.021647288,0.029341772,0.033716608,0.047116727,0.044509213,0.016413597,0.024354286,0.06666667,0.03152374,0.033230424,0.0220364,0.04912561,0.036685,0.025297513,0.031128732,0.027979612,0.06666667,0.035283223,0.04204567,0.041028496,0.033762045,0.0173404,0.035220165,0.03600988,0.025345871,0.017848229,0.030861594,0.020455902,0.01628373,0.02546286,0.015612064
2024-07-29,0.02038938,0.022304386,0.036452685,0.066282585,0.030125916,0.01765386,0.022643158,0.06666667,0.027016722,0.027645554,0.02974437,0.052775905,0.034239702,0.02691719,0.041808583,0.031339277,0.06666667,0.03819399,0.030466998,0.039677393,0.03517797,0.018052913,0.03148049,0.036601305,0.030938672,0.016948575,0.029720737,0.018311126,0.015257217,0.022578362,0.015921636
2024-07-30,0.026377132,0.019383162,0.03159725,0.06666667,0.023728576,0.016615637,0.026057458,0.06666667,0.020278452,0.024440777,0.029261895,0.05226855,0.03531591,0.028289055,0.041945938,0.03211398,0.06666667,0.03758281,0.025727766,0.04208376,0.038720813,0.01837598,0.025660336,0.038441475,0.039552063,0.019106898,0.035032317,0.015908403,0.017053952,0.024808316,0.014271335
2024-07-31,0.020736126,0.019984746,0.037807927,0.062176146,0.031506088,0.02762898,0.041958123,0.06666667,0.023957042,0.01950839,0.028632062,0.05545544,0.041062053,0.034133647,0.031335715,0.032924853,0.06666667,0.036841076,0.02188571,0.034720983,0.030652596,0.024341654,0.030124629,0.0344644,0.023656929,0.019732542,0.031489868,0.018962864,0.013957423,0.026110424,0.010918236
2024-08-01,0.021258933,0.02444361,0.039929394,0.061288163,0.029072229,0.0387021,0.035553273,0.06666667,0.02645597,0.017924529,0.028915599,0.060968727,0.03534029,0.044260576,0.037522435,0.031997472,0.06666667,0.030841144,0.01695324,0.03568792,0.023325954,0.032058682,0.0245739,0.027042022,0.01842849,0.021009251,0.0258603,0.023393722,0.012476502,0.028095458,0.013286778
2024-08-02,0.016606936,0.022339536,0.035350755,0.060360335,0.025850294,0.028887069,0.03898042,0.06666667,0.015971344,0.013291782,0.02780839,0.064536124,0.03437117,0.05515461,0.034242287,0.033183526,0.06666667,0.04132692,0.02310952,0.032431558,0.023758987,0.024448743,0.029294902,0.026314326,0.021561855,0.020216323,0.034924403,0.024893954,0.020339962,0.027123597,0.009987028
2024-08-05,0.023028247,0.017472029,0.037076265,0.0580102,0.024948291,0.022441499,0.039825678,0.06666667,0.015063343,0.014835626,0.0359722,0.052572805,0.039901517,0.050365403,0.027414517,0.03595172,0.06666667,0.038930908,0.022006484,0.03132863,0.031239636,0.02371024,0.026830066,0.028598666,0.03619952,0.021865044,0.030327467,0.024379097,0.025051031,0.021952892,0.009367638
2024-08-06,0.021431586,0.013731538,0.028926983,0.04587815,0.038277645,0.015196578,0.057312265,0.06666667,0.018031156,0.016483504,0.029934378,0.04754847,0.04159236,0.053284395,0.017601063,0.031050332,0.05467937,0.042085707,0.027536966,0.02665923,0.035637196,0.024208806,0.033768207,0.02959218,0.026237458,0.023351476,0.033234835,0.03235637,0.031557634,0.027496928,0.008650557
2024-08-07,0.015128402,0.010699007,0.030305248,0.043241642,0.031373248,0.011453515,0.06533228,0.06666667,0.01649209,0.016833238,0.03842201,0.037492335,0.048048876,0.041243996,0.0178625,0.030369889,0.062492926,0.045793254,0.024880284,0.02312049,0.043280832,0.021521231,0.041306574,0.031282585,0.02645947,0.023347987,0.034300018,0.03278472,0.034097735,0.025424372,0.008942587
2024-08-08,0.0154323485,0.012985318,0.030764602,0.045435652,0.030485395,0.012423461,0.057052355,0.06666667,0.016071204,0.016161012,0.040072758,0.041713897,0.050745435,0.04030079,0.017973226,0.037190653,0.06666667,0.03946855,0.02591494,0.025795467,0.04619912,0.01930006,0.040595967,0.02789892,0.030440848,0.021165406,0.03353701,0.03131135,0.030278765,0.020872267,0.009079883
2024-08-09,0.013911046,0.013472128,0.0377037,0.050810143,0.02767036,0.0153235495,0.055701908,0.06666667,0.01697367,0.014715444,0.04951968,0.043982275,0.050607957,0.04146559,0.019293768,0.044142812,0.06666667,0.038933158,0.02026817,0.025243297,0.042086877,0.023590937,0.034984685,0.028221702,0.030187009,0.018325008,0.029443856,0.028644057,0.023833863,0.01712874,0.010481276
2024-08-12,0.011850999,0.015169266,0.035121612,0.048635837,0.02839588,0.017482148,0.050641727,0.06666667,0.016878244,0.013847717,0.04287793,0.04872075,0.039991226,0.056986857,0.02254128,0.040938206,0.06666667,0.043641493,0.02136523,0.023608346,0.035028923,0.025063582,0.03529585,0.024810148,0.027349418,0.019946666,0.03177469,0.03139333,0.026583299,0.019690294,0.011035711
2024-08-13,0.0127676595,0.01377818,0.03573931,0.049173765,0.029138388,0.022901874,0.044060145,0.06666667,0.020427104,0.014915673,0.040636655,0.05178806,0.0310528,0.06666667,0.020945618,0.042800624,0.06666667,0.04646877,0.018167604,0.019312643,0.02654912,0.033641804,0.030866517,0.023032324,0.024919255,0.024472795,0.028477896,0.033441857,0.027897889,0.021450693,0.011174974
2024-08-14,0.014516036,0.014962901,0.03347197,0.054538764,0.0274112,0.024553137,0.037774514,0.053790405,0.022224452,0.015725026,0.040374454,0.0543103,0.029687682,0.06666667,0.027927231,0.04034497,0.06666667,0.04569064,0.017406564,0.019140834,0.029004985,0.034912936,0.025663497,0.02076294,0.024486812,0.026278801,0.027594505,0.03334978,0.03129662,0.024866968,0.014597742
2024-08-15,0.014199144,0.018519199,0.033090685,0.048288196,0.03063614,0.026620444,0.037287187,0.058878068,0.023411073,0.015817314,0.034403153,0.05341042,0.023251377,0.06666667,0.030461758,0.03734563,0.06666667,0.04603616,0.020488061,0.01905969,0.023436433,0.035841588,0.026959024,0.018683141,0.020917341,0.02828013,0.028567074,0.03590768,0.033150196,0.027764156,0.015956204
2024-08-16,0.015427332,0.02024666,0.027175562,0.048948266,0.034109738,0.034840092,0.04476949,0.05254152,0.024646148,0.018482579,0.030063722,0.05489105,0.024407491,0.06666667,0.022491647,0.03874717,0.06666667,0.040659234,0.020326668,0.01972142,0.02281102,0.044494953,0.023011195,0.024962993,0.019710068,0.027074704,0.028046729,0.032484952,0.031084333,0.024869932,0.015620003
2024-08-19,0.015014997,0.025625153,0.027261015,0.046891198,0.034722257,0.03529603,0.0382021,0.0557045,0.023266777,0.018381765,0.023870556,0.05821506,0.02027144,0.06666667,0.025242392,0.038492437,0.062218353,0.042138215,0.025314538,0.021948997,0.01908637,0.039126232,0.025553143,0.023040162,0.016914915,0.028594669,0.032220136,0.03378564,0.03381211,0.027257606,0.015864573
2024-08-20,0.015165599,0.02440089,0.02884895,0.046513584,0.034807604,0.040183138,0.036871754,0.05620976,0.024293084,0.019566141,0.02209794,0.058645952,0.019703247,0.06666667,0.025205085,0.036464486,0.054335028,0.042184636,0.025783313,0.021614265,0.019585093,0.041208073,0.025525939,0.023834536,0.01658597,0.031244785,0.033707645,0.033713315,0.031391308,0.026559291,0.017082928
2024-08-21,0.016878687,0.036039505,0.022432158,0.04172191,0.03846825,0.0412753,0.02270179,0.041298214,0.021153882,0.023566302,0.016598582,0.062336806,0.013753959,0.06666667,0.025176547,0.03993533,0.04041571,0.04395625,0.034212545,0.0216674,0.014089039,0.03799468,0.027969653,0.024195176,0.016926777,0.039845437,0.043132283,0.033684388,0.046245743,0.03080645,0.014854582
2024-08-22,0.021677408,0.04209947,0.023531605,0.03892562,0.036202837,0.043903735,0.021223089,0.033399228,0.021361073,0.027885946,0.015156197,0.05856496,0.012130813,0.06666667,0.025731608,0.03899187,0.0323826,0.04607572,0.034434382,0.021146664,0.012612752,0.039622042,0.024416551,0.027066674,0.018937886,0.044945613,0.045172084,0.029435119,0.048045855,0.03185996,0.01639397
2024-08-23,0.02219839,0.04548559,0.023688039,0.03539986,0.04440464,0.038754854,0.021030957,0.038244482,0.022656716,0.03132621,0.012246283,0.054753378,0.010996223,0.06666667,0.022326227,0.035395596,0.029439604,0.046515215,0.04211348,0.021649506,0.012021713,0.032786537,0.02639788,0.024988044,0.018482892,0.04739387,0.04780574,0.028433943,0.048875626,0.032190643,0.015331193
2024-08-26,0.023883265,0.049656387,0.029562209,0.039399136,0.037589278,0.04285471,0.019112224,0.035860654,0.022681931,0.035275683,0.013732069,0.0477411,0.013269046,0.06232477,0.025723053,0.039773807,0.029776515,0.044624932,0.040061414,0.024884555,0.012495306,0.030594958,0.028896281,0.028817745,0.019092923,0.042609375,0.04609934,0.02695272,0.04131128,0.029428465,0.015914874
2024-08-27,0.02406491,0.03773777,0.032826852,0.04532552,0.037210554,0.029431662,0.025303153,0.04453655,0.020839846,0.04064284,0.014438924,0.037799656,0.01668589,0.04615916,0.02301555,0.04074341,0.03305968,0.050195374,0.042515203,0.026358074,0.016340205,0.026060004,0.034635063,0.03398313,0.021901557,0.039736282,0.05057699,0.022918781,0.043583546,0.027368505,0.014005375
2024-08-28,0.028865239,0.03415561,0.034998856,0.045862176,0.03975917,0.026485289,0.025670487,0.035686072,0.022604372,0.04683254,0.01619638,0.03271614,0.018084012,0.034785487,0.0201221,0.050347313,0.029225962,0.04936003,0.039127223,0.025233181,0.015896264,0.029476063,0.03752788,0.037645027,0.022127029,0.04131352,0.049659118,0.021607159,0.047634203,0.02809074,0.012905353
2024-08-29,0.027707513,0.038171217,0.03213992,0.037605766,0.04285262,0.021011118,0.02141609,0.037741594,0.02250714,0.049463596,0.014509275,0.02959491,0.017027786,0.0320994,0.021483527,0.047760546,0.029581467,0.051442076,0.047370676,0.02429728,0.014872004,0.024001015,0.045197047,0.03710428,0.024276335,0.039500255,0.05463814,0.021488454,0.053191952,0.028368765,0.011578238
2024-08-30,0.027351683,0.044569306,0.03263888,0.03826744,0.040180605,0.024354853,0.022548651,0.035160247,0.023441944,0.051262673,0.01671719,0.029496823,0.018940061,0.029737392,0.02272416,0.049790327,0.03628053,0.04829962,0.04248028,0.024369562,0.015000226,0.02620017,0.040704504,0.038491204,0.028289694,0.03822274,0.053248025,0.018099282,0.045389485,0.025698453,0.012043982
2024-09-03,0.02806672,0.048971362,0.034573823,0.04717391,0.03438973,0.024172982,0.020041779,0.035090692,0.020747373,0.048151255,0.01676393,0.030605093,0.018921379,0.027128708,0.031582486,0.047112644,0.04127942,0.045748148,0.04612266,0.027594358,0.017392337,0.01854194,0.03970596,0.03752818,0.030457139,0.031341933,0.056645926,0.017180735,0.039867308,0.023237405,0.013862688
2024-09-04,0.026118444,0.044861857,0.031226633,0.04944124,0.028389355,0.020456677,0.013531632,0.03705253,0.01299016,0.03598276,0.015825003,0.032128677,0.013657055,0.03547095,0.032137625,0.051504876,0.040672995,0.0461382,0.057048913,0.027270012,0.015694307,0.010299772,0.05017231,0.03160971,0.04176199,0.030316094,0.065145716,0.01861254,0.05680534,0.018216804,0.009459819
2024-09-05,0.026892385,0.037853327,0.030700821,0.05313325,0.02797653,0.014053415,0.017569546,0.032817274,0.011753205,0.033857055,0.017209977,0.031265378,0.015162735,0.03193448,0.027591527,0.05443533,0.037596773,0.04488903,0.06434134,0.027344545,0.022026267,0.009223842,0.050508026,0.032589395,0.041970935,0.028683499,0.06666667,0.017899994,0.06446823,0.017718866,0.009866366
2024-09-06,0.03221364,0.031971965,0.029016126,0.060859364,0.024702556,0.015309622,0.015280194,0.025895994,0.011910516,0.03228062,0.019675996,0.03600429,0.012132429,0.037741907,0.029196903,0.058519345,0.034360968,0.043651577,0.05351138,0.026107108,0.022991553,0.011080264,0.04241016,0.030960701,0.047024593,0.034433298,0.06357736,0.019782199,0.06666667,0.018978905,0.011751796
2024-09-09,0.034337897,0.025331128,0.027250806,0.057128593,0.028238993,0.011645408,0.017661579,0.024470864,0.010603688,0.030127779,0.020569744,0.034428194,0.0121157095,0.0452445,0.023315886,0.058131285,0.03233526,0.045791727,0.05551745,0.02339894,0.025335511,0.011893809,0.040958926,0.03043529,0.05197755,0.038924284,0.06295245,0.020100074,0.06666667,0.021755863,0.01135414
2024-09-10,0.030026628,0.023163965,0.04180718,0.058041885,0.023311464,0.014753566,0.021274924,0.028522879,0.011153149,0.025390884,0.027524851,0.030723523,0.014664083,0.033762813,0.028903192,0.057284277,0.037983656,0.049050134,0.04766522,0.023109786,0.025936067,0.011641096,0.048123267,0.03412445,0.047740854,0.031103432,0.055866025,0.019493697,0.06666667,0.017929757,0.01325663
2024-09-11,0.028074635,0.024945602,0.04217094,0.0595091,0.019800404,0.014760992,0.014777559,0.024561277,0.009076914,0.02359307,0.025543643,0.03775041,0.007366492,0.04807454,0.037529197,0.055880245,0.02896069,0.047763485,0.047886528,0.023380525,0.020839732,0.012767496,0.047889598,0.029429624,0.044929016,0.04055336,0.05365512,0.022219513,0.06666667,0.020491779,0.019151844
2024-09-12,0.033219077,0.024721429,0.0505651,0.051159214,0.021097327,0.019554853,0.017650757,0.021931386,0.012930568,0.027569717,0.025875006,0.03579012,0.00785892,0.045214456,0.040059615,0.047674198,0.0208426,0.05136467,0.04307996,0.020305851,0.017864438,0.018140055,0.04587185,0.027144149,0.029629499,0.04710134,0.044266623,0.03038929,0.06666667,0.027836708,0.026624557
2024-09-13,0.033392265,0.028101668,0.050659433,0.04475387,0.022818796,0.02442418,0.019600945,0.023798939,0.012798657,0.029747695,0.023591807,0.033111777,0.008991281,0.04680301,0.03662906,0.045957275,0.018554442,0.05270105,0.040374335,0.019703697,0.014483431,0.022974681,0.042692214,0.029944079,0.026784763,0.047340766,0.045222465,0.031146143,0.06666667,0.030609244,0.025621366
2024-09-16,0.03412195,0.030607304,0.047044598,0.04222967,0.021648748,0.028214822,0.019397223,0.023150764,0.012566417,0.03407742,0.020540213,0.032304384,0.011039672,0.04404277,0.035418976,0.039394554,0.018727925,0.05724268,0.037292752,0.020283189,0.012427475,0.027783094,0.03368315,0.036448985,0.027379343,0.049463235,0.047958665,0.026426723,0.06666667,0.037773192,0.024643436
2024-09-17,0.030723047,0.020982916,0.047550403,0.05405324,0.02047202,0.019155433,0.023752151,0.027946644,0.0118520325,0.03355534,0.020054666,0.030985551,0.009786365,0.045120467,0.033006296,0.038057048,0.021449076,0.06370703,0.036384594,0.02076825,0.016005728,0.024562696,0.031909328,0.04035097,0.03046919,0.0466163,0.050672997,0.021995066,0.06666667,0.033529088,0.027859401
2024-09-18,0.029366642,0.015134367,0.04314758,0.051170096,0.02529811,0.016923299,0.036908563,0.029904224,0.013997009,0.038749218,0.01894758,0.022477726,0.0144353835,0.03842356,0.02891934,0.027919577,0.019000791,0.06666667,0.036820885,0.018366072,0.02202428,0.02481519,0.031484485,0.043956198,0.027460128,0.046982642,0.052898906,0.022848109,0.06666667,0.04108855,0.027198162
2024-09-19,0.02823447,0.01624669,0.03354541,0.044325653,0.03102761,0.018349985,0.03672003,0.030719299,0.015298634,0.044182166,0.01737034,0.020092208,0.017181395,0.040020116,0.025886431,0.023996731,0.021343656,0.06666667,0.036980525,0.016751766,0.01992038,0.028020814,0.02949247,0.048480764,0.030297998,0.04794492,0.054860357,0.02197211,0.06666667,0.04536984,0.022033902
2024-09-20,0.024618395,0.023702124,0.033086486,0.037054468,0.039672405,0.028885664,0.039109733,0.025771555,0.017541308,0.04365425,0.01647044,0.019954339,0.019539742,0.041338485,0.026234705,0.022513222,0.020698484,0.06275916,0.03272484,0.0168249,0.016664652,0.037956536,0.026377587,0.044247467,0.02074521,0.045133844,0.05109086,0.02406409,0.06666667,0.050799534,0.024098853
2024-09-23,0.019831607,0.021872062,0.027414577,0.04480182,0.034249835,0.034428712,0.037346452,0.026024647,0.014303068,0.031472657,0.015914284,0.025814734,0.01686382,0.05925201,0.025491938,0.026879692,0.028958673,0.06666667,0.027759152,0.014495165,0.012973325,0.041289233,0.023946587,0.04112177,0.01968467,0.04655967,0.053657025,0.022582274,0.06666667,0.053789236,0.017887972
2024-09-24,0.020717647,0.028979143,0.027571166,0.04345885,0.038481127,0.04182774,0.04038482,0.030447386,0.015754059,0.03205149,0.014108061,0.030359706,0.021277107,0.05388827,0.021267181,0.02952255,0.028785529,0.055269837,0.027753565,0.0185191,0.0121453665,0.048335932,0.021271626,0.042938966,0.01554296,0.040461406,0.048937246,0.021834586,0.05525848,0.054980222,0.017868876
2024-09-25,0.020065589,0.033624295,0.026011243,0.041860025,0.04156126,0.053491186,0.036621794,0.030459637,0.01856342,0.03418099,0.014471359,0.032691,0.024980467,0.050470185,0.019632082,0.029111007,0.029102763,0.049397543,0.026312979,0.020606266,0.01097801,0.053254835,0.021396432,0.043954417,0.013574819,0.039184373,0.045483142,0.02496409,0.04244512,0.055003207,0.016546462
2024-09-26,0.018727861,0.035911668,0.022146586,0.037119113,0.045684446,0.04426205,0.036537435,0.032070775,0.018506054,0.029951071,0.014432736,0.034120657,0.025353106,0.057284523,0.019103553,0.03099204,0.029490016,0.048996344,0.029577818,0.020424686,0.01095176,0.050869215,0.02319403,0.037567124,0.01279575,0.03771761,0.047846317,0.029460441,0.049192436,0.05484523,0.014867549
2024-09-27,0.018813377,0.04661553,0.01954445,0.034704287,0.049361143,0.043918874,0.035447024,0.029081084,0.016039088,0.025117882,0.013216068,0.03758881,0.026608033,0.06274164,0.020548217,0.030867163,0.030218527,0.043656923,0.03139675,0.02241987,0.011720988,0.044407092,0.021701815,0.033703495,0.012228655,0.03456689,0.05407512,0.028839763,0.050009243,0.056981586,0.013860621
2024-09-30,0.01622134,0.052355267,0.02082345,0.028070683,0.05819252,0.04393042,0.037632786,0.038608827,0.019802744,0.026899163,0.014261156,0.034794655,0.030022766,0.06467797,0.019323332,0.02627593,0.0352334,0.039709955,0.03180477,0.023044135,0.011836287,0.045994073,0.022382816,0.03237647,0.013647965,0.03344457,0.04758244,0.02781645,0.038773388,0.049583774,0.014876503
2024-10-01,0.01591784,0.06386519,0.020738514,0.026294313,0.058708362,0.048668835,0.032433555,0.041199267,0.020053187,0.025358709,0.016377011,0.032514468,0.03307743,0.057321258,0.020697078,0.03078719,0.040160477,0.03459708,0.031850047,0.024741756,0.010959996,0.045303755,0.024843354,0.035816994,0.015933208,0.028396431,0.045813784,0.02721781,0.0356397,0.04173009,0.012983315
2024-10-02,0.019335328,0.06666667,0.024041146,0.026743611,0.062426202,0.048218958,0.026304273,0.051076062,0.022901671,0.030873453,0.013725764,0.03960415,0.036178328,0.047270373,0.015946306,0.035018664,0.03673526,0.029336756,0.031572495,0.03364208,0.010170312,0.04873836,0.022197796,0.037882853,0.0147973215,0.0269705,0.038673017,0.023918996,0.023555385,0.042021662,0.0134562515
2024-10-03,0.017356254,0.06666667,0.02446354,0.020857615,0.06666667,0.05356831,0.022291224,0.05716706,0.025794549,0.03570121,0.013369268,0.036036264,0.040969152,0.03915922,0.017252985,0.030196337,0.034265935,0.024233129,0.03690114,0.037076663,0.009905401,0.042476233,0.029086268,0.036114503,0.013356894,0.026265765,0.03727785,0.02946702,0.020207208,0.042772852,0.013076816
2024-10-04,0.017670184,0.06666667,0.025311608,0.018052652,0.06666667,0.05651333,0.026350487,0.055068918,0.029232532,0.035360686,0.014139718,0.03253305,0.053240217,0.032048542,0.015130532,0.028500944,0.03018282,0.022432908,0.03457647,0.03491814,0.009988128,0.046822242,0.029681075,0.038759753,0.011296218,0.02447202,0.032616515,0.03243994,0.018228652,0.047750287,0.013348098
2024-10-07,0.013467014,0.06666667,0.027738754,0.018180143,0.06492067,0.066001974,0.03428839,0.04630274,0.031937428,0.027813157,0.017611071,0.033816077,0.05673779,0.02874222,0.016427184,0.03026697,0.03372535,0.022476288,0.030765072,0.02970999,0.010564664,0.04768814,0.034747854,0.03721613,0.008977881,0.022063594,0.032447796,0.03479466,0.015836548,0.044069175,0.013998618
2024-10-08,0.013812916,0.053945582,0.028341366,0.018494576,0.06666667,0.054260433,0.041784417,0.041329544,0.04030923,0.028222429,0.018881809,0.032400247,0.04959394,0.032985058,0.013726807,0.028982973,0.027982261,0.023176642,0.030209886,0.02560813,0.011936575,0.054452192,0.036561336,0.03800963,0.0077548395,0.023439467,0.029084843,0.041623954,0.018316403,0.051468544,0.016637307
2024-10-09,0.011623294,0.052144647,0.024566839,0.017691128,0.06637184,0.046769436,0.043364592,0.031641178,0.030157313,0.019063117,0.020109545,0.02785203,0.043458298,0.03807174,0.024101809,0.026109492,0.03547404,0.033372488,0.03239505,0.018163087,0.010999117,0.04400221,0.04212479,0.03511167,0.00783058,0.022163019,0.039160192,0.04651553,0.030879792,0.063883625,0.014828517
2024-10-10,0.013805518,0.055167224,0.027233768,0.020211589,0.06666667,0.049206268,0.043617778,0.025884397,0.037438247,0.022252133,0.02390056,0.029585104,0.0343197,0.038926713,0.027620234,0.02568788,0.035753246,0.03349972,0.032040603,0.017986845,0.012201621,0.045134217,0.03631825,0.034245066,0.009825435,0.023201436,0.035973698,0.04238954,0.02954433,0.050467882,0.019894335
2024-10-11,0.014960783,0.05470035,0.028957048,0.02037155,0.06666667,0.04980792,0.044004306,0.028043756,0.045518998,0.025014147,0.024272878,0.030815048,0.036912434,0.037284035,0.025925988,0.02638386,0.032903694,0.027893407,0.0330564,0.01908363,0.013617714,0.04352692,0.037764303,0.02831599,0.009244686,0.023570258,0.03219326,0.047284693,0.025601922,0.045514137,0.020789217
2024-10-14,0.01091347,0.050199606,0.035119355,0.023415064,0.06430678,0.039129045,0.049539115,0.034736857,0.040210847,0.02059083,0.025470167,0.030672934,0.032753356,0.035039302,0.032479767,0.027849697,0.041407254,0.031525712,0.039930973,0.019693509,0.015306027,0.028845,0.0526323,0.024815388,0.008322026,0.019904241,0.03771365,0.04591383,0.023648895,0.03673127,0.021183737
2024-10-15,0.010734384,0.050301537,0.034933317,0.024460873,0.058080364,0.033094294,0.04999026,0.039119966,0.03063802,0.017181026,0.023594005,0.029393557,0.029647259,0.040028084,0.040772226,0.027556192,0.048307918,0.034675524,0.044590283,0.018891225,0.01567412,0.023472302,0.054167494,0.022465602,0.009211765,0.018881377,0.04368432,0.041531075,0.029433312,0.036061715,0.019426608
2024-10-16,0.008589579,0.036548458,0.030110078,0.02475432,0.042111635,0.025123354,0.06298624,0.034978416,0.014444939,0.010393996,0.017578606,0.025742466,0.021948965,0.046497066,0.044678822,0.023220975,0.04287397,0.063152954,0.051390972,0.013843291,0.013790908,0.016484898,0.059032343,0.024793394,0.008694133,0.018120017,0.06666667,0.038484205,0.054940637,0.04363613,0.014387567
2024-10-17,0.00865347,0.028329697,0.03709976,0.026534025,0.04262627,0.018042956,0.06666667,0.037400696,0.014654574,0.011344921,0.017925806,0.024096267,0.021681786,0.042020563,0.04215863,0.02079991,0.043560907,0.06666667,0.05444422,0.013616686,0.017882457,0.014233129,0.06360161,0.02412357,0.00848599,0.019332547,0.06481561,0.034542613,0.056771327,0.041620627,0.016266039
2024-10-18,0.00924371,0.026845705,0.042207465,0.025802415,0.042626552,0.0181093,0.06666667,0.035814393,0.015201658,0.012474125,0.019446988,0.023211101,0.019422607,0.04639968,0.04141982,0.019851182,0.0416178,0.06666667,0.0520257,0.0132408235,0.018497743,0.0147129195,0.063374795,0.022931544,0.009474876,0.021385223,0.060849544,0.035463993,0.058310643,0.037379105,0.019325262
2024-10-21,0.010875879,0.02832483,0.045966037,0.027192935,0.035687834,0.018697618,0.06666667,0.032142702,0.012711424,0.012099221,0.022281433,0.021954162,0.022187218,0.03843231,0.04262938,0.024446169,0.04209135,0.06666667,0.051703643,0.013806646,0.019484736,0.013343018,0.06666667,0.025028259,0.011648226,0.020021705,0.063731715,0.032769185,0.06070106,0.03226712,0.01777418
2024-10-22,0.011860499,0.02555795,0.045320816,0.023625175,0.039550602,0.02294603,0.06666667,0.030202556,0.017307132,0.015062322,0.02694682,0.021514215,0.031629425,0.03366896,0.0326673,0.024359591,0.03802081,0.061302006,0.046106454,0.012670284,0.022420378,0.017027238,0.06666667,0.02645551,0.011178136,0.02305781,0.05139296,0.044560567,0.05688,0.03496251,0.018412607
2024-10-23,0.012301152,0.020187626,0.04389879,0.02675803,0.036879387,0.02561527,0.06666667,0.023581164,0.020242766,0.015160884,0.040543485,0.021188425,0.044228643,0.025573958,0.023220193,0.03543805,0.035604514,0.054503884,0.038836658,0.011401502,0.02570276,0.024108177,0.06635511,0.035490077,0.012447448,0.020310659,0.04420408,0.04441207,0.055373665,0.02967175,0.02009316
2024-10-24,0.012185675,0.027703483,0.036335684,0.02353363,0.04183368,0.01720877,0.06666667,0.032498818,0.02221476,0.017686963,0.029458689,0.022858981,0.03545999,0.025975794,0.021681033,0.033037707,0.042758923,0.051504895,0.05857498,0.014737013,0.027556585,0.01464904,0.06666667,0.03296942,0.01408109,0.017689418,0.040922362,0.048971195,0.053893127,0.028293565,0.0203914
2024-10-25,0.011046842,0.018622683,0.032215126,0.029841267,0.044679396,0.012221705,0.056181137,0.031107575,0.021392297,0.01524345,0.038370665,0.024878189,0.029396059,0.03327734,0.021615284,0.041173097,0.046628088,0.04536392,0.05210198,0.015316141,0.03224554,0.015762644,0.06666667,0.029608617,0.016852507,0.017020876,0.03632229,0.050418038,0.06666667,0.024724921,0.023038995
2024-10-28,0.012583212,0.01785581,0.025630618,0.027706344,0.051771235,0.014948211,0.046182137,0.030206146,0.024464238,0.018443383,0.039307445,0.02489588,0.038988337,0.031391,0.017453648,0.04400459,0.04296468,0.038910948,0.04593399,0.015104223,0.033384167,0.020088391,0.06666667,0.03395912,0.018868923,0.017905781,0.032355577,0.0553296,0.06666667,0.026358597,0.019670434
2024-10-29,0.011584497,0.025495324,0.025295649,0.025261803,0.04687152,0.01914085,0.04134218,0.032166578,0.021186305,0.018100703,0.031081244,0.027134845,0.04326858,0.030153608,0.02274342,0.037079465,0.047318436,0.044159357,0.049669825,0.016605841,0.02825399,0.020265376,0.06265073,0.036285743,0.016220873,0.017925998,0.03936139,0.04963506,0.060330544,0.034717776,0.018692479
2024-10-30,0.013808081,0.033971936,0.020426106,0.019988894,0.05990855,0.024686545,0.04012841,0.02699435,0.021034766,0.018002229,0.023328485,0.030361248,0.04291735,0.0370206,0.020754091,0.03573631,0.034626123,0.04153692,0.048675414,0.015429078,0.022701384,0.026653677,0.05013991,0.03335919,0.013407855,0.019503027,0.040983893,0.052233484,0.06666667,0.046741642,0.018273788
2024-10-31,0.015730094,0.03667496,0.020361718,0.02108018,0.059949383,0.02805134,0.032925736,0.028909126,0.021046422,0.017355772,0.02021147,0.037402,0.03918552,0.042718418,0.022614924,0.039263964,0.031946767,0.042649157,0.04374037,0.01529609,0.018450746,0.031218976,0.042833276,0.031387743,0.012865114,0.019488586,0.041453835,0.048460085,0.06666667,0.052343536,0.017718023
2024-11-01,0.016654199,0.04417738,0.017731655,0.018386386,0.06666667,0.02761533,0.035475314,0.041771647,0.023220621,0.020364223,0.013791394,0.039556183,0.043201122,0.050441954,0.013848925,0.03357577,0.03396,0.043717004,0.04499814,0.018199338,0.014211562,0.03320845,0.037280932,0.033944525,0.011856434,0.020203257,0.04398817,0.041762613,0.050378833,0.055049304,0.010762673
2024-11-04,0.01865782,0.03717986,0.021095857,0.02453989,0.06666667,0.041203227,0.029819839,0.03439824,0.02737309,0.025934255,0.017782537,0.047229957,0.049355924,0.047048613,0.013853561,0.038037878,0.035132144,0.04231038,0.029754916,0.018524438,0.013879465,0.04622337,0.031032221,0.040324397,0.013882313,0.02158788,0.038200267,0.03678963,0.035166506,0.04432791,0.012686953
2024-11-05,0.024561169,0.032179628,0.019822253,0.024479322,0.06666667,0.035923988,0.037301075,0.05193341,0.030029166,0.026376434,0.016149934,0.042627044,0.051511977,0.052486118,0.012910186,0.03548182,0.03643782,0.0374415,0.024950247,0.019526744,0.014291229,0.054042783,0.024737991,0.039783373,0.014947871,0.020588381,0.033438694,0.032322895,0.0290921,0.046133984,0.011824199
2024-11-06,0.025320306,0.033017065,0.022124633,0.029547984,0.063551195,0.041926,0.031094983,0.050494555,0.028729098,0.025301497,0.01707045,0.048409194,0.042398546,0.05590135,0.015051872,0.04014089,0.040466573,0.037029557,0.022299433,0.021101432,0.012502394,0.057024907,0.023126435,0.03624984,0.014571775,0.021699144,0.03280988,0.029319877,0.025509434,0.043331448,0.012878256
2024-11-07,0.009979596,0.03958736,0.030902462,0.021127317,0.06666667,0.049828842,0.032937985,0.063942924,0.060560033,0.0348238,0.01541273,0.057940833,0.028374117,0.044792823,0.013848872,0.03401382,0.03741041,0.023989499,0.026742013,0.023289349,0.013212723,0.0470228,0.047623202,0.019181263,0.006031765,0.02488494,0.026086112,0.04436842,0.010894602,0.026566751,0.017955974
2024-11-08,0.010036585,0.05314061,0.020695772,0.021411058,0.06666667,0.059708156,0.023395369,0.06153228,0.050394885,0.02795405,0.01250366,0.06666667,0.01609471,0.06666667,0.018064644,0.03227561,0.034968518,0.019408135,0.02911644,0.024372628,0.010502267,0.04315292,0.044405848,0.015166389,0.0060088253,0.02691144,0.02706553,0.05147521,0.013934138,0.029023778,0.017280547
2024-11-11,0.009186217,0.05402959,0.019615792,0.022294352,0.06463018,0.047114164,0.023731995,0.06666667,0.04606868,0.025867684,0.011421855,0.06385932,0.01181446,0.06666667,0.023585867,0.027593963,0.03833204,0.022764629,0.036051754,0.0246458,0.0097080525,0.035182063,0.048578907,0.013294932,0.0063225525,0.029294822,0.031117762,0.054500755,0.016936412,0.031137096,0.017984971
2024-11-12,0.008794098,0.05422566,0.020009534,0.02070249,0.06666667,0.044023063,0.030301018,0.06666667,0.047056396,0.025596648,0.010007709,0.06441452,0.011138188,0.06666667,0.01980803,0.025843129,0.031785216,0.023470538,0.037350472,0.023954455,0.009287927,0.035841107,0.050874528,0.012109656,0.0046105906,0.0324872,0.033184707,0.055202212,0.016744137,0.034827784,0.016348986
2024-11-13,0.0080410065,0.042398326,0.019715967,0.018396959,0.06666667,0.04077975,0.03812962,0.06666667,0.052107956,0.026113294,0.011443134,0.05413554,0.011376766,0.06666667,0.016524564,0.025011003,0.027278218,0.025072347,0.037890635,0.01917591,0.009646632,0.037327293,0.059780482,0.012165832,0.004300324,0.035132166,0.030974843,0.065947406,0.018999713,0.035593897,0.016540416
2024-11-14,0.008603542,0.037287325,0.021495562,0.02026529,0.06666667,0.044307616,0.04115535,0.06666667,0.050756276,0.02432711,0.013722412,0.049497224,0.009888237,0.06666667,0.018841188,0.02322341,0.030712735,0.028754082,0.035956003,0.017783388,0.0098569505,0.03748607,0.05846855,0.013161553,0.0060639232,0.035268087,0.029312886,0.0649154,0.02130003,0.029935911,0.017653886
2024-11-15,0.008529108,0.031567145,0.020646034,0.016851898,0.06666667,0.03872272,0.059046008,0.06666667,0.04786498,0.025130471,0.015052572,0.033817958,0.013019902,0.06666667,0.019284954,0.01819427,0.032760005,0.032536846,0.03559138,0.015431083,0.012442411,0.035655886,0.06094907,0.014720298,0.007458108,0.036712673,0.031535465,0.063788936,0.024470996,0.031374633,0.016844196
2024-11-18,0.006729314,0.034215916,0.021391455,0.014993708,0.06666667,0.029224575,0.057765678,0.06666667,0.03774302,0.021541579,0.013712363,0.030302782,0.0126575595,0.06666667,0.02009643,0.01600032,0.041522726,0.043542903,0.045909896,0.015339192,0.011726138,0.026092969,0.06666667,0.014161678,0.008053424,0.035880458,0.039969772,0.059445474,0.02945273,0.031580564,0.014280703
2024-11-19,0.0069016297,0.04025312,0.02616194,0.016298521,0.056120805,0.03159073,0.042227734,0.06666667,0.03441595,0.021077713,0.017757338,0.02874773,0.013144176,0.06666667,0.02643526,0.019749736,0.054235544,0.043427218,0.046693943,0.017516017,0.011613219,0.023827337,0.06666667,0.015215838,0.011340967,0.032128997,0.040376544,0.05580998,0.027508682,0.024539292,0.0148840295
2024-11-20,0.0068934425,0.029982364,0.026234042,0.01886645,0.044327118,0.02555041,0.03917691,0.06666667,0.028985605,0.02019433,0.019193243,0.027231596,0.012716927,0.06666667,0.029063541,0.022441285,0.055729814,0.056555394,0.048004795,0.01436695,0.011434818,0.022686932,0.06666667,0.01738093,0.011191677,0.03243573,0.04470698,0.05731185,0.035964236,0.026837582,0.01453504
2024-11-21,0.007478798,0.0281112,0.031402953,0.018167002,0.04224528,0.023978591,0.036049087,0.06666667,0.030658571,0.024360854,0.02498279,0.024819383,0.014173834,0.061320443,0.02597395,0.02583174,0.062435944,0.053623915,0.04723275,0.014468577,0.013282529,0.02287553,0.06666667,0.017998472,0.016465802,0.035229623,0.039111085,0.052621897,0.03553785,0.020284919,0.015943296
2024-11-22,0.009312967,0.025434012,0.036318872,0.0222396,0.03670204,0.019375294,0.03852915,0.06666667,0.029920833,0.025291337,0.026408086,0.023435486,0.011389917,0.061961167,0.029958898,0.026037645,0.06666667,0.058754098,0.04524824,0.015212472,0.01500714,0.01985437,0.06666667,0.018817423,0.021173477,0.033510976,0.03719065,0.042367563,0.034449775,0.01751716,0.018581353
2024-11-25,0.010099967,0.0211386,0.039390497,0.029824799,0.030343678,0.01931595,0.03731883,0.06666667,0.02750158,0.023496712,0.033270355,0.024974376,0.009413151,0.06581755,0.031235345,0.029733172,0.06666667,0.06130185,0.03583436,0.01691888,0.015369378,0.02289515,0.06666667,0.021098267,0.026798226,0.033405673,0.035201963,0.033764552,0.030642873,0.014135823,0.019758442
2024-11-26,0.013263293,0.02704915,0.039537318,0.035580575,0.025189286,0.024770098,0.027525462,0.06666667,0.023197934,0.025281793,0.03374553,0.028305354,0.010759666,0.052653912,0.0380801,0.032456063,0.06666667,0.05803898,0.034855403,0.022405686,0.017000707,0.021358587,0.061125945,0.023151286,0.03505186,0.034308016,0.039554164,0.026871005,0.026236255,0.012523986,0.016789252
2024-11-27,0.014005345,0.031477485,0.040933643,0.032025162,0.021336434,0.025613083,0.02220338,0.06666667,0.019987667,0.029968644,0.030974943,0.026987806,0.010409043,0.04316485,0.041299865,0.031256936,0.064728536,0.059751716,0.037889328,0.023534197,0.015115893,0.021425683,0.05953319,0.027463011,0.03818281,0.037447065,0.041775983,0.024123514,0.028437337,0.013114674,0.019166108
2024-11-29,0.0173776,0.03279318,0.03971535,0.029908448,0.021957854,0.023592183,0.023708338,0.06666667,0.019659128,0.03367823,0.027356718,0.024926813,0.012847482,0.03642549,0.037142526,0.029092427,0.057238985,0.065032914,0.04276227,0.02561481,0.016767973,0.021226496,0.052574202,0.031531226,0.04288416,0.038435034,0.045456357,0.021324625,0.029917682,0.014196701,0.018188134
2024-12-02,0.022929776,0.0395498,0.04210241,0.034355506,0.019251082,0.028089048,0.021883843,0.06376923,0.018314142,0.03333923,0.027817257,0.029024757,0.012840913,0.030567361,0.038135525,0.037132747,0.053325202,0.054553855,0.039204538,0.031171799,0.01735533,0.023372974,0.04487487,0.0353659,0.044073448,0.036449436,0.043777164,0.018113632,0.025401006,0.013682405,0.020175802
2024-12-03,0.02871765,0.04694062,0.033354364,0.032411378,0.019842671,0.03752294,0.019298617,0.05350704,0.016565003,0.032982163,0.026178028,0.0314405,0.016039921,0.03253766,0.03505444,0.039451517,0.047873512,0.04904238,0.036143158,0.032581903,0.016501632,0.02943259,0.03352892,0.04184706,0.051846705,0.036115687,0.043604624,0.017089063,0.02842162,0.01584353,0.018283097
2024-12-04,0.040377114,0.05257028,0.0310478,0.028975112,0.020284034,0.046559054,0.019130532,0.041008968,0.017537735,0.037498917,0.024248792,0.03247715,0.016864708,0.03009738,0.030131334,0.04361857,0.03431067,0.04519555,0.03056118,0.03203243,0.01443924,0.041093234,0.02607898,0.04637542,0.050309245,0.040901266,0.038250532,0.016899684,0.03156808,0.019488424,0.02006858
2024-12-05,0.044125862,0.051786285,0.025440095,0.025486657,0.020843355,0.047878265,0.021207843,0.027977597,0.015662499,0.037527587,0.02408869,0.03187521,0.02069433,0.027075684,0.02426452,0.04728872,0.022721127,0.046081454,0.030020315,0.028064476,0.0129230395,0.05530742,0.024273265,0.051352233,0.039072312,0.044654828,0.04116842,0.020061484,0.044619016,0.02764977,0.018807638
2024-12-06,0.04911889,0.027133085,0.025045909,0.028045861,0.016006999,0.036007926,0.031613022,0.019734941,0.012175419,0.030630685,0.028691588,0.022215024,0.025734393,0.024892548,0.025366016,0.041617166,0.02198199,0.061121337,0.023629608,0.019100364,0.014234878,0.060408417,0.01875544,0.06433958,0.04575202,0.042577412,0.044941097,0.016579065,0.0648241,0.036077447,0.021647781
2024-12-09,0.03979029,0.024310492,0.025772415,0.02729129,0.017380167,0.03320633,0.041936193,0.017602839,0.009551326,0.021497326,0.026064737,0.025900763,0.01921055,0.0321619,0.024412746,0.04680805,0.018325383,0.06666667,0.023860818,0.015100633,0.011312033,0.06666667,0.023002405,0.05595859,0.028160889,0.04738938,0.05439347,0.019330358,0.06666667,0.050517716,0.01975092
2024-12-10,0.049745888,0.025355129,0.029365443,0.026567632,0.017056024,0.040800408,0.029136663,0.0131341135,0.010436898,0.026551716,0.032563858,0.02562498,0.02213816,0.026065411,0.021393301,0.05503564,0.014325924,0.05817766,0.019499762,0.01654422,0.011394667,0.06666667,0.019618535,0.058904216,0.036515046,0.052123025,0.042918544,0.017983334,0.06666667,0.044482786,0.023207681
2024-12-11,0.040400665,0.026904222,0.026506918,0.02016222,0.022446798,0.04895425,0.03548631,0.018302295,0.010610894,0.021570474,0.03086183,0.023808016,0.036700748,0.027562484,0.017129393,0.05270135,0.01769021,0.06666667,0.018865349,0.0136130415,0.009165802,0.06666667,0.021258807,0.06293665,0.03133203,0.040488023,0.04689419,0.019221542,0.06666667,0.044658516,0.013766973
2024-12-12,0.035834387,0.026374692,0.025095543,0.020724932,0.024336353,0.052924957,0.03764517,0.019696947,0.011522709,0.017837912,0.029191462,0.027585514,0.037264314,0.03318173,0.01757526,0.056012314,0.019877303,0.06666667,0.017177338,0.012122412,0.008330584,0.06666667,0.020897372,0.054666612,0.022477156,0.037640404,0.045176227,0.022083752,0.06666667,0.05344817,0.013298478
2024-12-13,0.035005607,0.02403156,0.022081021,0.019284321,0.024919376,0.050959926,0.038793296,0.02060032,0.011394995,0.015248408,0.033095367,0.025345745,0.039233457,0.03997388,0.019258138,0.053755086,0.023566047,0.06666667,0.01679862,0.0096933,0.0089738155,0.06666667,0.021181103,0.050374404,0.02870513,0.035671398,0.04575062,0.0235267,0.06666667,0.050456636,0.012321723
2024-12-16,0.03748088,0.03127151,0.021423595,0.017470207,0.025822343,0.059759907,0.028985173,0.02025624,0.013125164,0.016446562,0.033120047,0.027429078,0.039727915,0.037750904,0.020346584,0.05191987,0.022156836,0.06666667,0.017158302,0.01062242,0.008265205,0.06666667,0.019797198,0.047965713,0.02932612,0.034939643,0.041410096,0.024619626,0.06666667,0.048423175,0.012979682
2024-12-17,0.034984097,0.03195077,0.019066393,0.016667292,0.029523429,0.06103271,0.034220167,0.018248267,0.016086228,0.016955076,0.03504493,0.026456764,0.044541508,0.032935634,0.018658312,0.05324097,0.020492375,0.065181665,0.018010259,0.009842938,0.008645029,0.06666667,0.022854285,0.043866985,0.02334011,0.032904685,0.042874765,0.030184995,0.06666667,0.047863275,0.010992751
2024-12-18,0.037797164,0.025404189,0.017873937,0.018854212,0.025895547,0.06228561,0.035427757,0.015970755,0.016496185,0.015542213,0.040984143,0.027289795,0.040925853,0.033841725,0.020477515,0.051659472,0.023790434,0.06666667,0.01562782,0.008599982,0.010094713,0.06666667,0.0205436,0.048589926,0.03157359,0.032364924,0.041228604,0.027304972,0.06666667,0.042849746,0.0107056135
2024-12-19,0.0342159,0.021198772,0.014608795,0.016657678,0.04050391,0.04181728,0.036569573,0.02019967,0.021736084,0.017245123,0.034961235,0.029538454,0.033432104,0.050529473,0.015532573,0.044402692,0.024062717,0.06485725,0.020136261,0.0077810334,0.010970486,0.06666667,0.02550294,0.03935019,0.030150883,0.03747119,0.039033234,0.03627407,0.06666667,0.047782984,0.010144097
2024-12-20,0.027569693,0.017969413,0.015469477,0.018112121,0.034338523,0.03895428,0.040480483,0.017529605,0.023148974,0.01533744,0.0450341,0.028921032,0.033583846,0.047973294,0.020254258,0.041767154,0.03207603,0.06666667,0.018318238,0.00702865,0.013369841,0.06666667,0.028582444,0.035248138,0.031130567,0.035220604,0.03805503,0.039905567,0.06666667,0.043002103,0.011619103
2024-12-23,0.023793228,0.017523583,0.019592071,0.019307155,0.031889692,0.040408798,0.04511007,0.016877634,0.026664423,0.014557486,0.05070856,0.024812939,0.04176218,0.034292985,0.027601693,0.034775384,0.033446155,0.06659242,0.018276727,0.0072382935,0.015148682,0.066094406,0.03207798,0.03244495,0.022657357,0.03107489,0.03628102,0.042641405,0.06666667,0.045880053,0.013801122
2024-12-24,0.0238989,0.017590411,0.020528072,0.019827675,0.03189006,0.03978071,0.041753594,0.017808896,0.03123876,0.014769567,0.04721237,0.023510434,0.046128068,0.031595483,0.036625974,0.02717169,0.034774456,0.065223806,0.01961879,0.007560902,0.01656996,0.05791623,0.03148964,0.028006354,0.01938209,0.029908177,0.034932077,0.046738356,0.06666667,0.053729318,0.016152512
2024-12-26,0.017766174,0.0172983,0.022129515,0.019110546,0.02910203,0.03615409,0.051240824,0.017787566,0.027254786,0.013568109,0.04800934,0.02138867,0.048669957,0.028387515,0.040104292,0.025142858,0.037981745,0.06666667,0.021532178,0.007280212,0.017006014,0.052705545,0.03785095,0.029444825,0.01732029,0.028650083,0.041075338,0.04438394,0.06666667,0.052279994,0.016040988
2024-12-27,0.016638612,0.018450566,0.022085868,0.019829296,0.027989563,0.03793821,0.04643791,0.018367898,0.027690956,0.012990083,0.04588343,0.023093877,0.041750956,0.032214276,0.04491055,0.025386121,0.043006785,0.06666667,0.021313446,0.007687113,0.015502155,0.052384686,0.0382575,0.02685349,0.016967861,0.029551886,0.04389042,0.044979926,0.06496134,0.050909452,0.015409107
2024-12-30,0.017453521,0.020009913,0.020505205,0.020369893,0.033197492,0.03571434,0.041648865,0.021610605,0.031830665,0.014566272,0.03698251,0.025990032,0.038267847,0.035397112,0.04311134,0.023757467,0.04204383,0.06666667,0.02470193,0.008680554,0.015639724,0.04770337,0.040047605,0.02473884,0.015274316,0.03135755,0.046101283,0.04747296,0.05850588,0.055847008,0.014805404
