{
  "variant": "sentiment",
  "seed": 13,
  "timesteps": 150000,
  "metrics": {
    "Total Return": 0.5401307125718071,
    "CAGR": 0.15594037580207454,
    "Ann. Volatility": 0.16035540256340367,
    "Sharpe": 0.9840287291175562,
    "Sortino": 1.4616657603888594,
    "Max Drawdown": -0.12204898129664796,
    "Turnover": 0.05874352529644966
  },
  "curve": {
    "t": [
      2048,
      4096,
      6144,
      8192,
      10240,
      12288,
      14336,
      16384,
      18432,
      20480,
      22528,
      24576,
      26624,
      28672,
      30720,
      32768,
      34816,
      36864,
      38912,
      40960,
      43008,
      45056,
      47104,
      49152,
      51200,
      53248,
      55296,
      57344,
      59392,
      61440,
      63488,
      65536,
      67584,
      69632,
      71680,
      73728,
      75776,
      77824,
      79872,
      81920,
      83968,
      86016,
      88064,
      90112,
      92160,
      94208,
      96256,
      98304,
      100352,
      102400,
      104448,
      106496,
      108544,
      110592,
      112640,
      114688,
      116736,
      118784,
      120832,
      122880,
      124928,
      126976,
      129024,
      131072,
      133120,
      135168,
      137216,
      139264,
      141312,
      143360,
      145408,
      147456,
      149504,
      151552
    ],
    "r": [
      -30.92539,
      -30.26507,
      -30.25601366666667,
      -30.236304250000003,
      -30.1285926,
      -30.043876,
      -29.930679374999997,
      -29.83550655555555,
      -29.728732899999994,
      -29.68630036363636,
      -29.61095158333333,
      -29.464461428571422,
      -29.42146533333333,
      -29.3112734375,
      -29.221014058823528,
      -29.123439777777776,
      -29.059131684210524,
      -28.872195571428566,
      -28.79841054545454,
      -28.710604086956515,
      -28.632300791666665,
      -28.547963839999998,
      -28.36275659259259,
      -28.263231678571426,
      -28.153932068965513,
      -28.04476943333333,
      -27.935958290322574,
      -27.850041437499996,
      -27.650028911764704,
      -27.54980031428571,
      -27.447020749999997,
      -27.349153405405403,
      -27.260244947368417,
      -27.15736402564102,
      -26.944633170731706,
      -26.837817857142856,
      -26.728801651162787,
      -26.602093068181816,
      -26.478195444444438,
      -26.236597042553182,
      -26.105436916666665,
      -25.98158787755102,
      -25.85677448,
      -25.746324784313728,
      -25.628633711538463,
      -25.386241833333337,
      -25.259956781818186,
      -25.131995767857145,
      -25.000198877192982,
      -24.873902327586208,
      -24.75989277966102,
      -24.5097113442623,
      -24.38787946774194,
      -24.267472412698417,
      -24.151949062499995,
      -24.02989038461538,
      -23.788963432835814,
      -23.662633499999995,
      -23.537342130434777,
      -23.41820592857142,
      -23.295001859154922,
      -23.168197763888887,
      -22.919059445945948,
      -22.80083324,
      -22.687150578947367,
      -22.57339396103896,
      -22.459364115384613,
      -22.343102443037974,
      -22.11316585185185,
      -21.99886992682927,
      -21.885490072289155,
      -21.774467964285716,
      -21.66491682352941,
      -21.556543162790696
    ]
  }
}