{
  "variant": "placebo",
  "seed": 13,
  "timesteps": 150000,
  "metrics": {
    "Total Return": 0.5587191454075298,
    "CAGR": 0.16060318817068509,
    "Ann. Volatility": 0.14796920028294933,
    "Sharpe": 1.0807234973399744,
    "Sortino": 1.6443336195144762,
    "Max Drawdown": -0.10570966391952788,
    "Turnover": 0.05497483164072037
  },
  "curve": {
    "t": [
      2048,
      4096,
      6144,
      8192,
      10240,
      12288,
      14336,
      16384,
      18432,
      20480,
      22528,
      24576,
      26624,
      28672,
      30720,
      32768,
      34816,
      36864,
      38912,
      40960,
      43008,
      45056,
      47104,
      49152,
      51200,
      53248,
      55296,
      57344,
      59392,
      61440,
      63488,
      65536,
      67584,
      69632,
      71680,
      73728,
      75776,
      77824,
      79872,
      81920,
      83968,
      86016,
      88064,
      90112,
      92160,
      94208,
      96256,
      98304,
      100352,
      102400,
      104448,
      106496,
      108544,
      110592,
      112640,
      114688,
      116736,
      118784,
      120832,
      122880,
      124928,
      126976,
      129024,
      131072,
      133120,
      135168,
      137216,
      139264,
      141312,
      143360,
      145408,
      147456,
      149504,
      151552
    ],
    "r": [
      -30.925556,
      -30.283302,
      -30.281613333333336,
      -30.2643975,
      -30.1649248,
      -30.093421000000003,
      -29.9770085,
      -29.887095777777777,
      -29.777562,
      -29.738075545454546,
      -29.669306833333334,
      -29.52765557142857,
      -29.488202866666665,
      -29.393093625,
      -29.30835994117647,
      -29.209030944444446,
      -29.142786368421053,
      -28.952130476190476,
      -28.875245181818183,
      -28.785973652173915,
      -28.706299666666666,
      -28.61691064,
      -28.429364074074076,
      -28.324827250000002,
      -28.215931586206896,
      -28.10283886666667,
      -27.989271870967745,
      -27.8997629375,
      -27.690117529411765,
      -27.582234257142858,
      -27.474923305555553,
      -27.368148837837836,
      -27.271564,
      -27.163134358974357,
      -26.940099536585365,
      -26.824489952380954,
      -26.716569069767445,
      -26.591329386363636,
      -26.463737533333333,
      -26.21451017021277,
      -26.078759375000004,
      -25.952986755102046,
      -25.82457842000001,
      -25.70624721568628,
      -25.58391471153847,
      -25.332310870370378,
      -25.199108127272734,
      -25.06169028571429,
      -24.91950901754386,
      -24.78299174137931,
      -24.661356440677963,
      -24.396697999999997,
      -24.266149306451606,
      -24.13581293650793,
      -24.006360765625,
      -23.873006800000002,
      -23.6153676119403,
      -23.48284579411765,
      -23.356601942028988,
      -23.230674257142862,
      -23.102144521126764,
      -22.971506138888888,
      -22.705868405405404,
      -22.57681665333333,
      -22.452030157894736,
      -22.328077402597405,
      -22.204021525641025,
      -22.080500037974684,
      -21.836873876543212,
      -21.715001292682928,
      -21.59391938554217,
      -21.4733765,
      -21.35522751764706,
      -21.241879488372096
    ]
  }
}