{
  "variant": "placebo",
  "seed": 1,
  "timesteps": 150000,
  "metrics": {
    "Total Return": 0.5126848782334354,
    "CAGR": 0.1489868659403526,
    "Ann. Volatility": 0.18231637422288546,
    "Sharpe": 0.8527930845666791,
    "Sortino": 1.3010008047240993,
    "Max Drawdown": -0.13315044029245013,
    "Turnover": 0.0700262114405632
  },
  "curve": {
    "t": [
      2048,
      4096,
      6144,
      8192,
      10240,
      12288,
      14336,
      16384,
      18432,
      20480,
      22528,
      24576,
      26624,
      28672,
      30720,
      32768,
      34816,
      36864,
      38912,
      40960,
      43008,
      45056,
      47104,
      49152,
      51200,
      53248,
      55296,
      57344,
      59392,
      61440,
      63488,
      65536,
      67584,
      69632,
      71680,
      73728,
      75776,
      77824,
      79872,
      81920,
      83968,
      86016,
      88064,
      90112,
      92160,
      94208,
      96256,
      98304,
      100352,
      102400,
      104448,
      106496,
      108544,
      110592,
      112640,
      114688,
      116736,
      118784,
      120832,
      122880,
      124928,
      126976,
      129024,
      131072,
      133120,
      135168,
      137216,
      139264,
      141312,
      143360,
      145408,
      147456,
      149504,
      151552
    ],
    "r": [
      -30.710547,
      -30.4737795,
      -30.37037266666667,
      -30.2540595,
      -30.211534399999998,
      -30.05667514285714,
      -29.895527,
      -29.86121111111111,
      -29.836677400000003,
      -29.75168963636364,
      -29.664085083333333,
      -29.479213857142856,
      -29.393714199999998,
      -29.315978625,
      -29.247416588235293,
      -29.148827999999998,
      -29.061803842105263,
      -28.91602714285714,
      -28.847840909090905,
      -28.77038713043478,
      -28.685141666666663,
      -28.591889879999993,
      -28.409987925925922,
      -28.31132371428571,
      -28.207314689655167,
      -28.113527799999993,
      -28.021195354838703,
      -27.916479374999998,
      -27.705162235294118,
      -27.602823942857142,
      -27.499248694444443,
      -27.39569416216216,
      -27.283784289473687,
      -27.176293333333334,
      -26.947941731707317,
      -26.843225857142855,
      -26.728124627906972,
      -26.622842818181812,
      -26.511447199999996,
      -26.298565851063827,
      -26.196624625,
      -26.08739002040816,
      -25.97767236,
      -25.88456241176471,
      -25.78270698076923,
      -25.589103296296297,
      -25.486400945454545,
      -25.391119124999996,
      -25.291052947368417,
      -25.190845275862067,
      -25.08827952542373,
      -24.889890934426226,
      -24.795381032258064,
      -24.702954126984125,
      -24.601332578124996,
      -24.49763395384615,
      -24.294657179104473,
      -24.19105597058823,
      -24.09152013043478,
      -23.99003607142857,
      -23.884292549295772,
      -23.782257055555554,
      -23.57999977027027,
      -23.47905945333333,
      -23.376616184210526,
      -23.269730623376624,
      -23.156725897435898,
      -23.047972670886075,
      -22.833706123456793,
      -22.72209256097561,
      -22.61389680722892,
      -22.502951321428572,
      -22.396391023529414,
      -22.28815909302326
    ]
  }
}