,AAPL,MSFT,JPM,XOM,JNJ,NVDA,ORCL,GOOGL,VZ,DIS,AMZN,HD,MCD,NKE,PG,KO,WMT,UNH,PFE,MRK,BAC,GS,CAT,HON,UPS,CVX,SHW,NEE,AMT,EWJ,CASH
2022-01-04,0.023683496,0.036443863,0.022666484,0.044220973,0.04575744,0.026174933,0.03310407,0.04305199,0.018343063,0.043980442,0.02965857,0.03449889,0.026045522,0.024566235,0.026336297,0.05724968,0.028567763,0.03560819,0.029100984,0.03360564,0.049814254,0.025885284,0.03551882,0.016268268,0.020005904,0.024299629,0.03768359,0.03460711,0.056174453,0.014327692,0.022750469
2022-01-05,0.014220204,0.05526238,0.029821007,0.03712789,0.04515554,0.034517035,0.022309905,0.053470597,0.018233139,0.05407302,0.027962616,0.044098783,0.018220723,0.021003928,0.03898607,0.06666667,0.030831723,0.02987637,0.041519247,0.022199472,0.04966226,0.014609606,0.029202903,0.010894083,0.01965388,0.01547611,0.03201601,0.04413759,0.04430763,0.014628609,0.019855002
2022-01-06,0.016481282,0.06666667,0.031328652,0.047138706,0.053513747,0.04068864,0.020439085,0.06666667,0.010673984,0.036619205,0.02296921,0.041117284,0.012505947,0.016330747,0.024113243,0.06666667,0.021763934,0.041251335,0.046932813,0.023637433,0.05131475,0.017937876,0.027420506,0.008769822,0.0144310165,0.016891217,0.026198676,0.047221605,0.05111505,0.013459664,0.017734574
2022-01-07,0.014722679,0.06666667,0.030524477,0.045834932,0.056057643,0.048483282,0.017296502,0.06666667,0.012400693,0.035477772,0.02476825,0.04312502,0.013409308,0.016147159,0.027617149,0.06666667,0.023919256,0.028437562,0.05565295,0.022587279,0.042992648,0.017872654,0.023768773,0.008497242,0.015570513,0.018730164,0.025619926,0.053637378,0.042736396,0.015839627,0.018272765
2022-01-10,0.014341301,0.06666667,0.026272053,0.04710686,0.05137866,0.05018729,0.016576646,0.059312064,0.013737345,0.035390366,0.025267618,0.044712234,0.01179429,0.017155396,0.028693464,0.06666667,0.024664441,0.029023373,0.06666667,0.020503798,0.043491587,0.015131937,0.021571536,0.0073053655,0.017785067,0.024406033,0.021258377,0.052263614,0.041253004,0.016341187,0.023075093
2022-01-11,0.014423179,0.06666667,0.024273235,0.042241506,0.051626068,0.06456056,0.0144872805,0.046496484,0.014224294,0.030150583,0.02787858,0.041877847,0.010647114,0.017180668,0.02621149,0.06666667,0.021551514,0.030315798,0.06339161,0.018749813,0.051000718,0.01673573,0.021189732,0.0071489075,0.019618884,0.028556082,0.02069484,0.05922083,0.033594668,0.022807283,0.025811354
2022-01-12,0.016132034,0.06666667,0.025218062,0.03809971,0.040781636,0.057218276,0.015559469,0.043586686,0.017501136,0.031093372,0.026025217,0.045486685,0.010997864,0.017728698,0.028766196,0.055923913,0.023550684,0.03006277,0.06666667,0.023649208,0.048333645,0.01896116,0.016009036,0.007329736,0.024716515,0.029507697,0.02329429,0.05358371,0.038222596,0.030705284,0.02862138
2022-01-13,0.017201493,0.06443695,0.030807069,0.032388784,0.03251897,0.04647139,0.018666947,0.038705952,0.018295683,0.033226393,0.024420049,0.048050746,0.010755636,0.015086747,0.03402188,0.048911184,0.025904452,0.03319611,0.06666667,0.025801742,0.046367962,0.021219514,0.014025666,0.008491733,0.025594607,0.02826384,0.028269848,0.045358133,0.050471745,0.034436848,0.03196525
2022-01-14,0.01610076,0.059363514,0.032995325,0.031457584,0.03247907,0.043622814,0.022522893,0.037200063,0.016855998,0.027619878,0.019940604,0.055485997,0.00907335,0.013530565,0.035687886,0.03987561,0.024396852,0.04940234,0.06666667,0.0239786,0.045556847,0.020240482,0.015072611,0.009763936,0.024094846,0.03003604,0.032490347,0.042681426,0.058569778,0.030290361,0.032946955
2022-01-18,0.019491985,0.051377613,0.04069046,0.033009626,0.034257036,0.04701428,0.02293237,0.03660736,0.018546479,0.026537849,0.02227106,0.037344724,0.009318943,0.0137053225,0.030443208,0.03891255,0.021793762,0.05266229,0.06405564,0.025382504,0.050405316,0.024248667,0.017905707,0.009803423,0.025935484,0.029085603,0.026895214,0.04236396,0.056712385,0.036784,0.03350518
2022-01-19,0.021192458,0.056646798,0.046752714,0.027239334,0.028084118,0.041819513,0.02715632,0.043690752,0.0211187,0.023993002,0.018346148,0.033151634,0.008850357,0.0155370785,0.026821397,0.026409805,0.018791588,0.05535535,0.06666667,0.034729693,0.043684646,0.03227602,0.01751192,0.009771726,0.026640126,0.033182774,0.02607132,0.02766111,0.06666667,0.042556714,0.03162355
2022-01-20,0.018126745,0.05422212,0.04403096,0.03273636,0.03254385,0.04351993,0.026385702,0.04051756,0.023949364,0.023047298,0.013818504,0.033102956,0.010342915,0.022968,0.029261122,0.030949036,0.018885735,0.057368997,0.06666667,0.02921896,0.04033787,0.027606383,0.023554122,0.012916877,0.030235516,0.032892656,0.024216238,0.030487508,0.06353384,0.031385235,0.031170968
2022-01-21,0.017526414,0.06666667,0.038168535,0.03277534,0.034592677,0.046090223,0.023401944,0.046714053,0.025441874,0.025027012,0.013582094,0.03142859,0.011006782,0.028334815,0.028196448,0.029592587,0.016749242,0.055304278,0.06666667,0.032150034,0.039153554,0.024362592,0.026067847,0.0136955315,0.030124664,0.03521266,0.022556756,0.029363744,0.046006657,0.034205064,0.029834662
2022-01-24,0.016418543,0.06548886,0.03595159,0.031658962,0.042497993,0.0535682,0.02314935,0.05009882,0.025619889,0.0241883,0.014969452,0.027551454,0.01263593,0.03459854,0.026863614,0.027281677,0.01562041,0.053449545,0.06666667,0.028530836,0.03728869,0.023906585,0.038946442,0.01641106,0.0278842,0.035451595,0.020946221,0.02978595,0.034193866,0.033015486,0.025361273
2022-01-25,0.018610017,0.06360921,0.03971942,0.030535152,0.042130496,0.042321973,0.027777981,0.04775332,0.032252822,0.02497582,0.013709955,0.02259633,0.015646132,0.044739097,0.02478815,0.021947727,0.014539238,0.049964402,0.06451028,0.030625133,0.034418296,0.027367514,0.044403303,0.018025523,0.033048578,0.031712156,0.0199784,0.023175456,0.034167565,0.03729502,0.023655543
2022-01-26,0.018554136,0.06666667,0.03431182,0.03494633,0.053294238,0.046187263,0.022826504,0.048023038,0.029300794,0.02537141,0.013895915,0.020298105,0.017926116,0.048508253,0.01927837,0.021732725,0.015004329,0.039445676,0.05885579,0.030861923,0.033761766,0.028293632,0.051079508,0.016008902,0.038211804,0.03308884,0.015716633,0.026294563,0.025729492,0.043009736,0.023515716
2022-01-27,0.019486658,0.064381406,0.040024966,0.037923455,0.053446423,0.050509915,0.018897714,0.051936727,0.031627763,0.028472355,0.016049553,0.0134807965,0.024332114,0.04784839,0.017658135,0.026096016,0.013899176,0.025991019,0.033064656,0.030363299,0.038566034,0.032157507,0.058073606,0.015887404,0.044010855,0.026871825,0.010798416,0.0305204,0.019660719,0.05688166,0.021081029
2022-01-28,0.019544516,0.058758333,0.03894039,0.034602214,0.052079614,0.056220952,0.015707886,0.053180248,0.030935133,0.02849743,0.018724315,0.012242145,0.02417328,0.04870075,0.01735623,0.030191835,0.016470125,0.022633277,0.030991586,0.028758202,0.039164957,0.034422047,0.061467372,0.014752587,0.046822447,0.02638901,0.008725505,0.03210601,0.020619903,0.055369046,0.021452654
2022-01-31,0.015221483,0.0512513,0.023451801,0.023742462,0.043979626,0.04898369,0.013953655,0.06081631,0.03770922,0.02782972,0.020240383,0.019857882,0.02706311,0.062238887,0.027967542,0.027484456,0.03129961,0.017342336,0.049902774,0.03396557,0.025775276,0.031897,0.053028855,0.018218344,0.051276248,0.031491432,0.01100219,0.029793117,0.023337407,0.03823399,0.02164432
2022-02-01,0.013597473,0.031242607,0.018722704,0.017688137,0.034721207,0.040815964,0.018737772,0.037515476,0.047441583,0.028872203,0.021254176,0.03367528,0.029835947,0.063352525,0.039877754,0.025161263,0.050824128,0.017545551,0.06666667,0.027857583,0.018343043,0.025688112,0.043011323,0.025149163,0.06037468,0.03599894,0.016627027,0.026437564,0.02684419,0.029651716,0.026468245
2022-02-02,0.013803136,0.031690482,0.016434057,0.02041022,0.036367767,0.042487815,0.01684029,0.039197624,0.04531568,0.03369632,0.026435932,0.041972753,0.03443477,0.056625247,0.039741904,0.029291471,0.05848048,0.013283457,0.06666667,0.03051466,0.01722319,0.022539126,0.032734558,0.017581455,0.05509148,0.03558593,0.017541235,0.03046397,0.024767319,0.026806697,0.02597431
2022-02-03,0.014495308,0.021489182,0.015345815,0.021952497,0.03692251,0.04254963,0.015428075,0.031093745,0.043617837,0.036958657,0.031946763,0.046144422,0.039360326,0.053451605,0.043497592,0.039872754,0.06666667,0.013579834,0.054994017,0.027850969,0.016680395,0.02144334,0.03445767,0.018814376,0.050350264,0.029669737,0.02224921,0.03809495,0.025209323,0.02109336,0.024719171
2022-02-04,0.011151288,0.02126569,0.014740229,0.025302803,0.05089277,0.047480155,0.013031319,0.03627184,0.034086846,0.03469735,0.028702129,0.04011733,0.044673365,0.0641554,0.043721832,0.06256718,0.060030174,0.011566337,0.041175015,0.021878157,0.020347433,0.01830497,0.053025454,0.02067657,0.03567454,0.023327576,0.020592062,0.048187435,0.021130022,0.01392069,0.017306048
2022-02-07,0.009147624,0.01903499,0.01712298,0.018427199,0.03284528,0.043038607,0.009171942,0.03563234,0.06353426,0.036012545,0.027749501,0.036955785,0.0507938,0.06310862,0.06633685,0.06666667,0.06666667,0.006493641,0.03385942,0.020034533,0.019532666,0.014019684,0.035009913,0.021897709,0.05071049,0.017827535,0.015340964,0.04946913,0.015508832,0.01927113,0.018778702
2022-02-08,0.008593167,0.021077221,0.01758269,0.020768097,0.03597763,0.043100737,0.008990102,0.041736767,0.05827653,0.037054323,0.024476634,0.03801457,0.051584516,0.055067904,0.06345619,0.06666667,0.06405381,0.007124806,0.033145167,0.022461472,0.021076774,0.014639998,0.033606835,0.021289479,0.050423626,0.016156795,0.016900733,0.052673586,0.016236218,0.020182824,0.017604122
2022-02-09,0.008897609,0.017555222,0.020301335,0.02010907,0.035667576,0.041392334,0.011096923,0.039585374,0.05108214,0.038513776,0.026336316,0.037227374,0.053597033,0.052599538,0.06666667,0.06666667,0.060425233,0.007209898,0.02786582,0.021006042,0.026106903,0.015894653,0.037471734,0.024030518,0.049908224,0.016124569,0.016834732,0.054067016,0.018154675,0.020642456,0.016962565
2022-02-10,0.01107709,0.0140560325,0.018982105,0.016868668,0.0374164,0.03482025,0.0139241,0.025506105,0.055841018,0.04141206,0.034461975,0.037782572,0.054973204,0.048492562,0.06435441,0.056960568,0.06297474,0.008484217,0.023087634,0.019360824,0.029603947,0.017684106,0.038404863,0.027721256,0.053815905,0.018606685,0.021245565,0.045162015,0.01766641,0.027785435,0.021467276
2022-02-11,0.008668133,0.016796097,0.020861764,0.014122784,0.031356603,0.036948115,0.013200925,0.04025761,0.049470384,0.03965145,0.02853945,0.046174973,0.049984917,0.041012954,0.06666667,0.051920164,0.06412748,0.007863379,0.032991122,0.023987824,0.028495813,0.019049758,0.03201612,0.02564292,0.05062977,0.018980673,0.021719243,0.04493353,0.021741703,0.032074593,0.020113075
2022-02-14,0.0108956555,0.022986447,0.02462249,0.014129285,0.026120571,0.034668252,0.013831598,0.049479123,0.06112954,0.038751464,0.027674327,0.043606147,0.03990498,0.047145914,0.06666667,0.049142204,0.0542009,0.009375459,0.0347744,0.027856708,0.028154874,0.01936699,0.029649103,0.023120854,0.050529037,0.019718207,0.018408572,0.034146138,0.023264835,0.036175817,0.02050344
2022-02-15,0.01019221,0.025344957,0.025570314,0.013673097,0.024202174,0.03425334,0.0131347645,0.05709414,0.057056032,0.038912483,0.025591608,0.041650116,0.038973548,0.045994405,0.06666667,0.050693292,0.05300586,0.008511324,0.04112695,0.030830266,0.026706452,0.019543536,0.026906375,0.02275074,0.047819212,0.020311568,0.017254112,0.03372822,0.025705947,0.03633746,0.020458825
2022-02-16,0.009150537,0.021857768,0.022237858,0.014471819,0.030670194,0.037555553,0.012449034,0.043987196,0.04161375,0.038678467,0.027280552,0.04155516,0.042253606,0.038184043,0.06666667,0.049800027,0.061304152,0.007957931,0.048898116,0.027258828,0.025548989,0.019982252,0.028959056,0.02388058,0.04849449,0.02353098,0.017347908,0.039967854,0.02615022,0.03848016,0.02382626
2022-02-17,0.00937034,0.021890465,0.026455512,0.01534237,0.02966687,0.0353863,0.013490055,0.050868355,0.04039907,0.03887606,0.023990858,0.041058388,0.043420997,0.033424214,0.06666667,0.04782702,0.058975473,0.008611951,0.04846005,0.029467225,0.024905303,0.02243039,0.028557658,0.024702525,0.04528144,0.020655341,0.0199675,0.040118206,0.03125093,0.036354866,0.022127595
2022-02-18,0.009047074,0.021695994,0.03367661,0.020199008,0.029507836,0.036844667,0.015184886,0.06666667,0.0378706,0.029028382,0.016640408,0.039490473,0.03733251,0.035779297,0.06666667,0.05778239,0.054244168,0.010835425,0.056369886,0.025633475,0.021288883,0.019408874,0.034007356,0.02622835,0.03947489,0.017605005,0.016770106,0.04747346,0.040578622,0.018909827,0.0177582
2022-02-22,0.006928072,0.023403334,0.031607337,0.02140383,0.03473118,0.043768894,0.011778278,0.06666667,0.03235426,0.028693806,0.015340209,0.0384243,0.03797828,0.034719806,0.06666667,0.06666667,0.047859825,0.00908529,0.06472267,0.02161478,0.022370225,0.014890404,0.035589457,0.025831493,0.034662377,0.017303418,0.01571982,0.06392143,0.031188471,0.016702268,0.017406479
2022-02-23,0.0062044216,0.023920376,0.029126814,0.018439714,0.03098075,0.045033626,0.011790638,0.0627322,0.041559406,0.027367445,0.01446777,0.048124295,0.035804376,0.034167636,0.06666667,0.06666667,0.04381737,0.009564956,0.06666667,0.020913657,0.02231733,0.012022107,0.029862836,0.0296749,0.034238882,0.021419566,0.019478546,0.06440044,0.025682135,0.017262395,0.019625414
2022-02-24,0.0076632975,0.026361236,0.03524507,0.020139959,0.03298791,0.052364238,0.013063071,0.059269067,0.041919217,0.026262656,0.015434499,0.039169047,0.03268926,0.03482561,0.06666667,0.059199493,0.03320654,0.0111339195,0.06666667,0.021581998,0.025396273,0.013704859,0.03421462,0.02633473,0.03401359,0.02298192,0.018369438,0.06211377,0.023084985,0.022975216,0.02096118
2022-02-25,0.0115709,0.02122813,0.03784434,0.0158052,0.022050578,0.035583775,0.018847123,0.04736077,0.06666667,0.029467782,0.0186157,0.0310842,0.03968341,0.03707891,0.06666667,0.037500836,0.034619007,0.011962774,0.058048707,0.027513517,0.026405493,0.017376922,0.03005386,0.03355149,0.04824517,0.030346721,0.016463231,0.039665602,0.02434343,0.035920177,0.028428912
2022-02-28,0.010237033,0.014369876,0.021428937,0.026167937,0.034812465,0.02978301,0.016767975,0.025220156,0.048447967,0.02592631,0.012053505,0.040297873,0.0524926,0.044495735,0.06666667,0.043085672,0.041989923,0.012932062,0.06666667,0.019172562,0.022776097,0.013461703,0.032187957,0.045210097,0.060335353,0.031707734,0.015279319,0.05466809,0.01916918,0.019535277,0.03265426
2022-03-01,0.014670086,0.014215315,0.029562611,0.024604423,0.026430225,0.02861253,0.021691417,0.031265438,0.051965795,0.032129936,0.015304072,0.034456056,0.0475767,0.03605412,0.06666667,0.039244648,0.037281726,0.015067573,0.06050252,0.025438407,0.025476633,0.0152420765,0.028735645,0.039864235,0.059583325,0.033600207,0.014959351,0.04610527,0.022214625,0.026995989,0.034482386
2022-03-02,0.020375388,0.013133362,0.037269175,0.022488663,0.023173373,0.028118825,0.029165663,0.030050125,0.056388993,0.032863468,0.018133309,0.027915288,0.04299375,0.045628376,0.059105918,0.035378773,0.035552092,0.017257046,0.044332568,0.027517773,0.02654265,0.01844733,0.035371955,0.035106074,0.06459926,0.033626586,0.012889884,0.037037097,0.02624424,0.03113649,0.032156505
2022-03-03,0.02245473,0.014886074,0.030534405,0.026087279,0.027459009,0.023755476,0.02613235,0.02469963,0.058685306,0.03466513,0.018862614,0.02464544,0.047082618,0.05243717,0.054212574,0.041741453,0.03578559,0.016875003,0.04200416,0.026702086,0.029705659,0.01708452,0.033837765,0.032633413,0.06666667,0.03422199,0.01099142,0.0353573,0.024132004,0.030125106,0.035536066
2022-03-04,0.029963458,0.015065583,0.03548803,0.028981749,0.026208557,0.022015804,0.03676352,0.022107206,0.053690005,0.033823214,0.021090224,0.025959242,0.033759005,0.047235973,0.04213866,0.03913582,0.033095103,0.029813383,0.040955935,0.025635077,0.035254482,0.016745122,0.037171524,0.026632274,0.06311929,0.03724924,0.012177948,0.029399563,0.033835765,0.02576111,0.03972813
2022-03-07,0.037921824,0.018217715,0.043435905,0.032408323,0.024182986,0.01951411,0.043805026,0.025319234,0.052547973,0.029560033,0.017507143,0.023028383,0.02331868,0.046382915,0.030224117,0.03500932,0.023895219,0.06019224,0.03407023,0.02669385,0.04649349,0.017275568,0.04074567,0.023692708,0.05583644,0.03128498,0.012029538,0.022593768,0.04401922,0.021165462,0.037627924
2022-03-08,0.0469271,0.030514462,0.050956894,0.030408602,0.021239812,0.018452069,0.0462099,0.039660286,0.04858549,0.030245997,0.017834751,0.017472358,0.015986254,0.047462482,0.020280037,0.028216574,0.016828835,0.06666667,0.029735189,0.03329428,0.05533629,0.0175618,0.044767924,0.0181943,0.049181968,0.030337065,0.008119955,0.015209181,0.044018533,0.026275514,0.03401943
2022-03-09,0.04944416,0.03985707,0.058883216,0.027272457,0.01693708,0.013943416,0.042585175,0.043439884,0.06666667,0.03442985,0.017332891,0.01277134,0.015034403,0.038254317,0.019245552,0.024171863,0.012769868,0.06666667,0.02432741,0.03757922,0.062264238,0.01657129,0.03129086,0.014464042,0.05554346,0.027082877,0.0060750577,0.010758116,0.035107482,0.0423746,0.03685547
2022-03-10,0.059878137,0.032060016,0.051117152,0.023991976,0.019552141,0.015717892,0.03906003,0.030236129,0.05715807,0.034186907,0.028320367,0.012941681,0.015867244,0.033922058,0.019996597,0.023905773,0.01509166,0.06666667,0.017803317,0.03148899,0.06666667,0.017710462,0.032637104,0.016733443,0.056507077,0.032295927,0.00618719,0.0135331955,0.02937381,0.051820956,0.04757137
2022-03-11,0.06584612,0.02889935,0.0596307,0.019706355,0.014828506,0.013994017,0.041322008,0.030555982,0.06666667,0.03126631,0.028931718,0.012805113,0.014548949,0.028924834,0.019860674,0.020228172,0.016053392,0.06666667,0.014518225,0.032730892,0.06666667,0.019446453,0.026960349,0.015281926,0.059532847,0.027957868,0.006328469,0.012002615,0.032712545,0.057352386,0.047773223
2022-03-14,0.059004758,0.031371787,0.054404803,0.016672572,0.015374871,0.016611898,0.033587255,0.036752433,0.06666667,0.030592086,0.03621603,0.013976786,0.013742733,0.02366519,0.02400566,0.020465802,0.017199848,0.06666667,0.013678279,0.03458878,0.06666667,0.019637914,0.025774552,0.016121395,0.05766014,0.027534457,0.007071881,0.013358828,0.026230888,0.06666667,0.04803171
2022-03-15,0.053699054,0.03332523,0.04957558,0.021718651,0.020260518,0.017891796,0.030570563,0.04008743,0.058524422,0.02885528,0.033794373,0.015501133,0.015812986,0.021040019,0.024551718,0.02386102,0.016775275,0.06666667,0.013740105,0.0329945,0.06666667,0.019869043,0.029389504,0.019338423,0.05336162,0.028147012,0.0067327255,0.017852593,0.023544064,0.06557968,0.05027235
2022-03-16,0.04868987,0.022294126,0.037559483,0.021743823,0.025646606,0.020550855,0.028472953,0.036504302,0.0454948,0.025485374,0.043491263,0.019993631,0.021103725,0.020162608,0.032959905,0.028106878,0.022839764,0.06666667,0.014749445,0.02788404,0.06666667,0.022854809,0.034720927,0.031108432,0.046881814,0.034388453,0.0076082353,0.024248205,0.022722093,0.04514144,0.053258814
2022-03-17,0.045337092,0.017438931,0.02922861,0.019082706,0.025881743,0.020132424,0.026873928,0.032880615,0.04307574,0.025875272,0.05097808,0.028213358,0.028711826,0.01713166,0.038564507,0.027537195,0.031174608,0.058626648,0.014333345,0.029560724,0.06666667,0.024302606,0.027067397,0.03851473,0.041916355,0.034841593,0.012130386,0.027621552,0.020121811,0.041922785,0.0542551
2022-03-18,0.042751532,0.015380513,0.026720667,0.021562573,0.029392652,0.020557284,0.026659848,0.03331632,0.03937774,0.02559629,0.051384978,0.029411577,0.034731586,0.015948867,0.03761467,0.028214661,0.033531033,0.05760811,0.01225692,0.03038525,0.06666667,0.026521727,0.0270296,0.0398263,0.04246462,0.03113917,0.01358105,0.032695502,0.019015118,0.039554898,0.04910227
2022-03-21,0.042356364,0.01350699,0.026891304,0.020314856,0.028465645,0.023276625,0.022865461,0.036343273,0.03752859,0.027494792,0.065237135,0.025517194,0.037983123,0.011946414,0.038800016,0.028893014,0.036870643,0.045531195,0.009197984,0.031931624,0.06666667,0.029270524,0.02363236,0.039412424,0.040431723,0.027255965,0.014805196,0.037783917,0.016385484,0.049550664,0.04385283
2022-03-22,0.03762553,0.014853134,0.02985517,0.020992322,0.027382098,0.022940785,0.02190552,0.047693018,0.03869015,0.033084273,0.060415052,0.023492323,0.039711975,0.01171158,0.041255213,0.032023683,0.038544886,0.037276614,0.009236245,0.036883377,0.06666667,0.027763188,0.023632005,0.03234742,0.042021092,0.023513142,0.013658061,0.038701206,0.017852638,0.050125197,0.038146444
2022-03-23,0.03178211,0.013817198,0.031165322,0.020486156,0.027050097,0.023107063,0.021129215,0.049356833,0.043301273,0.036187936,0.057132244,0.02605733,0.038609393,0.010808536,0.050439134,0.03346152,0.03992061,0.035356715,0.010049129,0.03495166,0.06666667,0.02451674,0.021871828,0.032320157,0.041378286,0.020551357,0.016900642,0.040440075,0.018545076,0.046716943,0.03592276
2022-03-24,0.031955123,0.016133599,0.039380383,0.01991945,0.024970688,0.026693245,0.02124972,0.06666667,0.042482745,0.036145635,0.05705934,0.02401012,0.03134909,0.0092982175,0.04752667,0.030900465,0.032818843,0.038157456,0.010430294,0.042192865,0.06666667,0.026447052,0.021071393,0.026061824,0.03468865,0.019011978,0.017973103,0.037790596,0.021473536,0.049892146,0.029582443
2022-03-25,0.02972321,0.014736317,0.03175466,0.021640994,0.02882497,0.028199073,0.021184402,0.056181394,0.043430135,0.03615542,0.055032875,0.02556415,0.034427762,0.010485876,0.048302636,0.030926622,0.0359301,0.03832803,0.011909527,0.036974564,0.06666667,0.026174223,0.022021884,0.030029716,0.037911244,0.020225845,0.020107307,0.041390672,0.019886905,0.04615858,0.02971424
2022-03-28,0.025604332,0.01684643,0.03406638,0.022385903,0.024982821,0.02724405,0.022342984,0.059684243,0.05267328,0.038663737,0.043034513,0.029413866,0.02895717,0.010145499,0.05605234,0.031764362,0.03744697,0.04476409,0.016865969,0.034914445,0.061159804,0.020664232,0.019439027,0.027098974,0.0397431,0.018734673,0.023602238,0.039347157,0.023242254,0.037973292,0.031141877
2022-03-29,0.024915798,0.015896486,0.033161093,0.023842283,0.02695351,0.02987385,0.021066334,0.06568636,0.051723305,0.034491874,0.044015963,0.02609024,0.031440236,0.010364681,0.05957389,0.03257684,0.035083294,0.044346612,0.014736019,0.033977203,0.063732184,0.02103011,0.02192554,0.0280517,0.036264822,0.01870406,0.022130528,0.045309927,0.021581074,0.032870166,0.02858401
2022-03-30,0.02124382,0.012860443,0.0304047,0.022914745,0.030465838,0.03297503,0.021751288,0.054424804,0.04779693,0.03378691,0.04626939,0.03186693,0.03394148,0.009176078,0.06578963,0.032182842,0.039361615,0.04278276,0.016796656,0.02932556,0.05613164,0.021196151,0.022972237,0.032262698,0.032235626,0.0189555,0.031410072,0.05048853,0.021109493,0.028467169,0.028653419
2022-03-31,0.019048532,0.012501223,0.03381295,0.023439152,0.029082667,0.031164877,0.024556704,0.05164644,0.05117767,0.032384817,0.034217842,0.03470312,0.032883108,0.010725289,0.06666667,0.034191683,0.040005803,0.04674047,0.023067733,0.026501251,0.050351664,0.018822787,0.025516158,0.03379018,0.034297377,0.019803807,0.031725436,0.048647977,0.027084457,0.021954719,0.029487438
2022-04-01,0.01915339,0.014380078,0.03871737,0.02129565,0.02698232,0.035127986,0.024544226,0.06625925,0.050856132,0.026400693,0.033252064,0.032368448,0.026329756,0.0096086105,0.06666667,0.029745325,0.030677991,0.058911037,0.022913769,0.02810265,0.056353796,0.019631686,0.025270995,0.03380628,0.029246403,0.0198212,0.030691406,0.04648225,0.025316596,0.023816109,0.027269866
2022-04-04,0.017798409,0.013188504,0.034429047,0.022894636,0.028827885,0.031653624,0.026648385,0.049865626,0.05142222,0.023825707,0.024469104,0.039273087,0.025588725,0.012538245,0.06666667,0.027917797,0.0330024,0.06666667,0.030307712,0.025447283,0.048893403,0.018222334,0.028400186,0.040724777,0.03344044,0.020746177,0.034085825,0.046003215,0.027815064,0.019230105,0.030006748
2022-04-05,0.019552344,0.013888618,0.042589948,0.019998722,0.023686755,0.03131146,0.028386422,0.04571425,0.059652746,0.028294642,0.0299651,0.034669865,0.022357598,0.011105965,0.06666667,0.027424837,0.031773556,0.06666667,0.027912823,0.026381014,0.04660669,0.018077869,0.025597537,0.033415023,0.033392895,0.019027742,0.036999553,0.042785056,0.028324464,0.025892247,0.031880926
2022-04-06,0.019371936,0.015738938,0.03765375,0.019368785,0.02428207,0.03363551,0.029064074,0.04684839,0.052957896,0.024043972,0.024782786,0.03854105,0.020714214,0.014388997,0.06666667,0.02345385,0.02964461,0.06666667,0.034405325,0.027573891,0.042826846,0.018933503,0.031579044,0.038485505,0.030786386,0.021453325,0.041883912,0.042411856,0.029418262,0.022493672,0.029924314
2022-04-07,0.018583296,0.020185672,0.032133717,0.029186653,0.030742945,0.032521456,0.027558068,0.044724364,0.051867016,0.020631908,0.016564323,0.03827603,0.020483552,0.017594967,0.056167293,0.02493762,0.0238405,0.06666667,0.044257678,0.025488213,0.046846367,0.018142175,0.03731701,0.044629775,0.03299708,0.022476843,0.037189983,0.04366524,0.027165174,0.017199807,0.029958608
2022-04-08,0.019848702,0.027010715,0.028202238,0.03295894,0.034708828,0.034671374,0.020333156,0.048844192,0.050693717,0.021491187,0.015976096,0.036662407,0.020205932,0.02181791,0.050562408,0.032949705,0.02482423,0.06666667,0.0484141,0.027049622,0.04061896,0.015447827,0.037182152,0.043587916,0.032296687,0.02197956,0.03068906,0.046283435,0.022560686,0.015318447,0.03014315
2022-04-11,0.021514162,0.036160145,0.029192785,0.03808424,0.044411853,0.036420252,0.019381497,0.046426553,0.04117656,0.022841537,0.015642023,0.03435578,0.018496124,0.029988376,0.03871842,0.04314488,0.022257973,0.06666667,0.046542957,0.022742966,0.042248093,0.013273311,0.045215506,0.035209056,0.03206432,0.02003311,0.024077348,0.05102058,0.0208444,0.013503127,0.0283454
2022-04-12,0.017507512,0.05591483,0.027549079,0.033649463,0.04743318,0.040190287,0.016637312,0.06666667,0.029485533,0.021457922,0.014333414,0.03829436,0.014977995,0.028501745,0.03990076,0.040676624,0.016247278,0.06666667,0.058272418,0.024642184,0.04404639,0.011879702,0.042635605,0.029808125,0.02167938,0.02181847,0.024432614,0.050415374,0.017672347,0.012998918,0.023607843
2022-04-13,0.016172979,0.06666667,0.027156131,0.036963936,0.050385542,0.04040236,0.016034909,0.06666667,0.026885083,0.023404201,0.012329102,0.03195228,0.015233758,0.032283004,0.035280608,0.04073635,0.015027579,0.06666667,0.06666667,0.027133498,0.03788556,0.013324727,0.043888632,0.025382834,0.021744637,0.022998903,0.022364214,0.04478713,0.01960637,0.013545548,0.020423453
2022-04-14,0.019591635,0.06603024,0.02953314,0.039303437,0.04715923,0.036263734,0.019008275,0.06666667,0.028537655,0.02361714,0.012635228,0.029872548,0.016328065,0.03242942,0.03155371,0.03834384,0.01781872,0.063611135,0.064771086,0.028091758,0.03206377,0.0165219,0.040310677,0.024574202,0.025807928,0.023590121,0.022918263,0.041457962,0.026024159,0.013505644,0.022058709
2022-04-18,0.021119196,0.06666667,0.038641002,0.039318636,0.04609692,0.035680294,0.02237208,0.06666667,0.024403242,0.019506944,0.010931905,0.028993309,0.013036048,0.024084823,0.027369875,0.03242331,0.015353655,0.06666667,0.06605754,0.028754989,0.038782015,0.02098138,0.036686376,0.022788804,0.023389641,0.023194075,0.026496012,0.036808427,0.040358584,0.013674378,0.022696534
2022-04-19,0.020484455,0.06666667,0.043074086,0.034923356,0.04295855,0.036881417,0.022514746,0.06508583,0.032390013,0.022099137,0.011993421,0.028339794,0.014636768,0.030570777,0.028903173,0.038080506,0.016665502,0.06169252,0.05385036,0.025931785,0.03820796,0.019087303,0.03419105,0.019692846,0.029401377,0.021036118,0.023797655,0.03831727,0.036960397,0.018262725,0.023302438
2022-04-20,0.01718775,0.049126655,0.040286757,0.034176406,0.043791767,0.030468376,0.027088987,0.057002757,0.034825727,0.02056828,0.010297005,0.030776165,0.017409852,0.029515218,0.035440736,0.032927413,0.020474529,0.061425664,0.057980277,0.021231303,0.03762453,0.022246707,0.035854705,0.023521166,0.0349205,0.020347144,0.027102657,0.037681565,0.051742207,0.013687921,0.023269273
2022-04-21,0.01777408,0.04114876,0.038772702,0.03673387,0.05797334,0.034277763,0.031016411,0.042740542,0.028752172,0.019872496,0.012726595,0.031194227,0.016529974,0.030621013,0.029498115,0.031587984,0.019532757,0.06666667,0.042209543,0.016563468,0.047145177,0.021824718,0.052624542,0.023586927,0.03145567,0.019373441,0.031695236,0.042993177,0.04747697,0.013010742,0.022620918
2022-04-22,0.014045049,0.043638427,0.039146867,0.03098918,0.059647277,0.04242441,0.025575025,0.062200665,0.020499816,0.0156395,0.013146666,0.03190761,0.012810346,0.022443136,0.03339998,0.02768094,0.016600933,0.06666667,0.045660865,0.01667418,0.053689457,0.023377229,0.05652509,0.02316199,0.0202326,0.019773496,0.03635355,0.04537909,0.049302462,0.011472132,0.019935362
2022-04-25,0.012477368,0.044670448,0.042507857,0.027791468,0.05350057,0.062341847,0.021852808,0.06666667,0.021786863,0.014112119,0.015210291,0.02775149,0.01590474,0.022934107,0.035690792,0.027313732,0.014670015,0.06666667,0.03760657,0.018552883,0.050892413,0.026035378,0.059981626,0.027022155,0.018460419,0.02055,0.029786566,0.054762725,0.030579882,0.015421921,0.016497614
2022-04-26,0.011027364,0.03254354,0.035765953,0.03477392,0.06666667,0.06666667,0.017562618,0.06666667,0.018976344,0.012619034,0.016056392,0.022771182,0.023874374,0.023034962,0.035256706,0.030570453,0.015019826,0.05218792,0.029635778,0.015660264,0.056066845,0.030618737,0.06666667,0.03617579,0.020493977,0.020699376,0.022803936,0.06666667,0.021577053,0.015173247,0.015721079
2022-04-27,0.013738269,0.035634153,0.035094727,0.045996446,0.06666667,0.06666667,0.020724595,0.06666667,0.014982878,0.011764844,0.014983276,0.019985477,0.029173847,0.02064852,0.021345044,0.018646438,0.009452278,0.0539789,0.021002844,0.023317197,0.06015034,0.044687953,0.06666667,0.036825936,0.017892111,0.021633696,0.023203637,0.06666667,0.015916819,0.023300791,0.01258565
2022-04-28,0.01384479,0.03715418,0.0329224,0.05414008,0.06666667,0.06666667,0.018482195,0.06666667,0.01373539,0.012634209,0.01501414,0.016525507,0.036623113,0.022714887,0.018710438,0.019466015,0.008810257,0.040654346,0.019576557,0.025619667,0.058587447,0.048426922,0.06666667,0.036710348,0.019051794,0.022942139,0.020220164,0.06666667,0.013699911,0.028168,0.012231764
2022-04-29,0.01644871,0.03368814,0.024975773,0.055139106,0.06666667,0.06666667,0.015086616,0.06666667,0.01533129,0.01470507,0.021507293,0.016821476,0.04409254,0.024543935,0.018527567,0.02214847,0.014234264,0.02852653,0.020890994,0.028026192,0.040792212,0.047490552,0.06666667,0.036782946,0.024460945,0.027771078,0.01806215,0.06666667,0.011372619,0.03137216,0.013868039
2022-05-02,0.02150593,0.039345667,0.029830573,0.04482447,0.06666667,0.06666667,0.0202096,0.06666667,0.012274856,0.015218483,0.023288228,0.018845094,0.03286917,0.017153716,0.016422972,0.014607226,0.012468732,0.03144589,0.028560683,0.03901815,0.0350653,0.05614657,0.05533054,0.034501206,0.019205313,0.038809657,0.020094706,0.053162016,0.014745634,0.03971941,0.015330203
2022-05-03,0.025131432,0.036526084,0.027747832,0.042319074,0.06666667,0.057266437,0.021176878,0.066375814,0.013760039,0.016802114,0.024233153,0.017619641,0.037638854,0.022311365,0.015850361,0.014085469,0.015354131,0.023986204,0.030075537,0.038348936,0.02964682,0.056801267,0.05196741,0.0364432,0.025526173,0.04350154,0.0167373,0.044269104,0.015847122,0.047793705,0.018190341
2022-05-04,0.029399587,0.042819586,0.024454577,0.039822813,0.056351077,0.03712122,0.027737288,0.056149438,0.017433416,0.020387387,0.021401115,0.022776801,0.037433118,0.027556432,0.015047159,0.010909144,0.01977417,0.024541788,0.039645825,0.047224786,0.022709219,0.053023238,0.03982433,0.032756917,0.035025068,0.051222373,0.017251773,0.030244883,0.020241296,0.05667889,0.02303528
2022-05-05,0.03343782,0.032719713,0.01940356,0.041684445,0.051805977,0.023185128,0.038379803,0.034880377,0.019011876,0.02398491,0.0200369,0.0317755,0.037949562,0.028118698,0.01460172,0.00944946,0.028753337,0.029758712,0.049496092,0.048645124,0.018421443,0.048452817,0.031685196,0.03407358,0.04482073,0.057417836,0.021747084,0.021596408,0.028117735,0.04745648,0.029131979
2022-05-06,0.033924866,0.037966806,0.025914375,0.03393762,0.039447766,0.026954183,0.043810673,0.051528797,0.019174991,0.021884741,0.020897368,0.036898065,0.025150983,0.02328723,0.014221102,0.008314444,0.020773971,0.04171707,0.045749918,0.05751718,0.023486892,0.048708044,0.02871051,0.026256666,0.0326689,0.054652143,0.02600473,0.018966751,0.032628905,0.053185116,0.02565918
2022-05-09,0.028336044,0.04556585,0.02096036,0.03414404,0.036621436,0.02529685,0.034168657,0.046626244,0.029091094,0.028571649,0.019491212,0.038563024,0.028399393,0.035509747,0.018423976,0.012316985,0.024435528,0.030965386,0.05473927,0.05657137,0.022801744,0.032471932,0.025776496,0.024501482,0.044887107,0.05356852,0.019384248,0.019305233,0.024669657,0.055339787,0.028495682
2022-05-10,0.027360858,0.04573993,0.021822222,0.035687074,0.043732814,0.032498468,0.032067727,0.06666667,0.019196391,0.019347703,0.018727202,0.042720564,0.025059028,0.031829804,0.017954012,0.011213588,0.018672226,0.03837499,0.052802145,0.055447493,0.02823484,0.03829581,0.03177465,0.027057165,0.028542865,0.05907709,0.01931116,0.023418425,0.026229206,0.038540576,0.02259731
2022-05-11,0.02525533,0.042617343,0.017141936,0.033898797,0.05158502,0.043931495,0.02093852,0.06513876,0.018673316,0.018754518,0.02510014,0.03775849,0.029223628,0.035505913,0.020050514,0.015363202,0.021351803,0.0263836,0.051541597,0.047905993,0.029254962,0.035884865,0.034244567,0.029884316,0.02716517,0.06666667,0.01607855,0.030294966,0.018774236,0.0395952,0.02403659
2022-05-12,0.022250297,0.041669015,0.01872095,0.034085456,0.05380428,0.04980089,0.020235524,0.06447319,0.019295761,0.016479408,0.020505734,0.040335245,0.025845274,0.033902287,0.019578516,0.014956945,0.018520784,0.03521151,0.052573904,0.04359555,0.03496102,0.036389545,0.03526572,0.030164476,0.027976999,0.058733907,0.017572358,0.03236948,0.019056393,0.038321093,0.02334848
2022-05-13,0.022416167,0.0433959,0.017940175,0.037441935,0.055395793,0.05223957,0.016496096,0.06524985,0.019785363,0.01673894,0.021329373,0.042197652,0.026551455,0.03171979,0.019065106,0.017230077,0.02062244,0.03360305,0.05038166,0.043900188,0.034543168,0.03400036,0.03162351,0.028037904,0.03109884,0.052498154,0.014787115,0.038385503,0.015953425,0.040469326,0.024902107
2022-05-16,0.02133061,0.034387104,0.016741773,0.03559368,0.054427065,0.046052504,0.015689958,0.048962984,0.024167461,0.020009428,0.0217029,0.04614248,0.0333245,0.036568422,0.024958663,0.024138527,0.031516105,0.025955558,0.054136362,0.038211267,0.02957083,0.027819518,0.029522743,0.03345731,0.041380446,0.046709202,0.014442831,0.04271064,0.016006116,0.035749383,0.02861363
2022-05-17,0.023992926,0.03911048,0.018566372,0.039929412,0.050545696,0.042297136,0.015621065,0.054079223,0.023671824,0.024725009,0.022447778,0.04529709,0.030863749,0.0368102,0.022437584,0.030678554,0.036084663,0.02560585,0.055045653,0.04232785,0.026676133,0.022821024,0.028117925,0.024159435,0.04371754,0.040621415,0.01171068,0.042580083,0.017824622,0.032388944,0.02924408
2022-05-18,0.021252602,0.045793325,0.013454818,0.030729353,0.04228755,0.03534616,0.012242233,0.05879096,0.022940196,0.031184418,0.024657942,0.047645703,0.032008145,0.02977632,0.029106902,0.028995914,0.034813654,0.020514857,0.06632426,0.051918235,0.029727144,0.017572949,0.018766552,0.023835303,0.04447503,0.046906788,0.011033266,0.039633267,0.0121859005,0.041526593,0.034553662
2022-05-19,0.028193284,0.05728061,0.020657081,0.018004596,0.021617457,0.028630996,0.017655764,0.06666667,0.031268388,0.033115014,0.029424744,0.048453227,0.020835958,0.023816774,0.028141666,0.017462026,0.02746243,0.02679946,0.059945308,0.06666667,0.033574294,0.018934458,0.0143220555,0.019030342,0.042710587,0.047776725,0.010906609,0.022615869,0.014661608,0.06666667,0.036702663
2022-05-20,0.027887113,0.053227156,0.021521982,0.016267601,0.01929631,0.025123559,0.017825846,0.06666667,0.03842177,0.033019666,0.026627518,0.04549056,0.020965049,0.02892362,0.030115234,0.018739816,0.027582454,0.02841721,0.05582277,0.060914766,0.036452368,0.016982792,0.014664412,0.020768994,0.052867178,0.04224599,0.009383959,0.021482652,0.014311089,0.06666667,0.041317243
2022-05-23,0.023608463,0.044551086,0.01589033,0.014151353,0.020428762,0.029314565,0.014886379,0.05293712,0.042776197,0.027081344,0.025508773,0.05419275,0.019386934,0.029315278,0.03238411,0.017786874,0.03186131,0.03813646,0.06601455,0.0484416,0.0353211,0.015285586,0.015212618,0.024695812,0.0555928,0.04489459,0.011257367,0.02354939,0.012258735,0.06666667,0.046611093
2022-05-24,0.016467849,0.036443546,0.013363355,0.015870156,0.02513297,0.028702436,0.01295345,0.03994092,0.052857045,0.031375,0.021907303,0.0619625,0.023447098,0.033559494,0.04440622,0.026642215,0.03906438,0.033081982,0.06666667,0.029937819,0.03774733,0.010479866,0.01768009,0.030091837,0.06656215,0.037812084,0.011349176,0.029061515,0.010751358,0.045789495,0.048892695
2022-05-25,0.01586546,0.03527736,0.015648497,0.016504439,0.024173714,0.02935791,0.014543544,0.042079624,0.057435017,0.029843193,0.019562274,0.065468885,0.01834347,0.031075057,0.04615027,0.028360242,0.03464162,0.055141125,0.06666667,0.02597703,0.044260424,0.008880923,0.020539913,0.029949926,0.058583133,0.03234015,0.013398913,0.02760307,0.012663048,0.03328179,0.046383318
2022-05-26,0.016085498,0.036206465,0.016868828,0.016254067,0.022239504,0.02399368,0.014002253,0.04622668,0.06666667,0.035683297,0.019079506,0.05929304,0.021240823,0.033143375,0.053115148,0.03289665,0.035009153,0.042528186,0.06179399,0.028152449,0.04266336,0.0078966245,0.019086199,0.029072573,0.06290839,0.028461805,0.01210238,0.02642452,0.012013741,0.034351684,0.044539467
2022-05-27,0.016880209,0.031422995,0.01630862,0.016914649,0.02478469,0.02211859,0.013574996,0.048872802,0.06666667,0.03591959,0.020426257,0.061220303,0.02633599,0.03323376,0.058156047,0.036997035,0.040578283,0.035758924,0.05188819,0.027961701,0.04062953,0.008844396,0.019025547,0.035041153,0.06055731,0.026448049,0.014265406,0.027841004,0.0131450435,0.028558074,0.039624184
2022-05-31,0.017230956,0.026122326,0.015630785,0.017073585,0.024293233,0.018744249,0.014810258,0.04671737,0.064769454,0.042110436,0.023605151,0.06659209,0.03015085,0.030891528,0.058642834,0.039898753,0.051589735,0.03233661,0.046020973,0.030193029,0.03656903,0.0098188445,0.019004242,0.034603048,0.056900017,0.024055231,0.017302282,0.026161296,0.016691724,0.02443783,0.037032247
2022-06-01,0.015992684,0.023073578,0.01967851,0.012330568,0.019193845,0.021561846,0.0132419905,0.06666667,0.06666667,0.03955195,0.031684816,0.06666667,0.029714538,0.024482204,0.06666667,0.043189146,0.059003036,0.02385096,0.036916487,0.034271173,0.036583725,0.011230048,0.016365672,0.030824121,0.046501286,0.020392906,0.019312557,0.028952599,0.019932633,0.025121301,0.030379152
2022-06-02,0.015355127,0.022034414,0.022838963,0.011583385,0.017790996,0.021288985,0.0131825255,0.06666667,0.06666667,0.042888448,0.035310004,0.060464084,0.03227493,0.024317518,0.06666667,0.044304222,0.06279117,0.01969378,0.031000333,0.04006447,0.035927445,0.013118008,0.01664945,0.026502285,0.047216192,0.017596805,0.019007958,0.028043533,0.023349965,0.029095799,0.026309207
2022-06-03,0.015076821,0.017053122,0.02134564,0.012514923,0.01765105,0.01745009,0.014038226,0.06666667,0.06666667,0.04200025,0.03473247,0.05976228,0.039208792,0.020713214,0.06666667,0.043387786,0.06666667,0.020271339,0.028168352,0.04057907,0.03279935,0.014931303,0.016181517,0.03210078,0.04819169,0.016002687,0.022412209,0.028864114,0.027341664,0.02517032,0.025384279
2022-06-06,0.017541278,0.02180973,0.02642103,0.014062882,0.016131943,0.01713011,0.016450096,0.06666667,0.06666667,0.040736213,0.032798722,0.05532508,0.035171695,0.01699506,0.06666667,0.03687647,0.060700994,0.026394302,0.026766477,0.05477918,0.0339374,0.017386056,0.015073619,0.027720215,0.041433517,0.015194633,0.024899531,0.026150528,0.030390814,0.028075008,0.023647415
2022-06-07,0.019481374,0.021372838,0.025534557,0.015583288,0.0171601,0.015704287,0.017861765,0.06666667,0.06666667,0.03873667,0.03209834,0.052402046,0.036734127,0.017155495,0.06666667,0.03209899,0.051804055,0.029675532,0.024367487,0.05909897,0.037779372,0.018745633,0.015185374,0.029572403,0.04149881,0.016358832,0.025692947,0.024936436,0.028246425,0.03004818,0.025065666
2022-06-08,0.020488523,0.024308518,0.025284927,0.019123187,0.019734079,0.015108867,0.018080985,0.06666667,0.06288502,0.04224219,0.0294514,0.04825922,0.035803035,0.017114721,0.061285917,0.033343498,0.046692863,0.031914543,0.02578464,0.0617186,0.03783658,0.018863061,0.016260082,0.027845085,0.04039254,0.016367927,0.027566465,0.025321016,0.028878113,0.029646749,0.025730971
2022-06-09,0.02258352,0.02875904,0.034987673,0.017725702,0.016163182,0.014396488,0.019435933,0.06666667,0.06666667,0.043415952,0.02725676,0.037398808,0.030849043,0.017534308,0.064296395,0.034782268,0.04152885,0.030778874,0.025582388,0.06666667,0.03847854,0.01982345,0.016054677,0.024835931,0.04089134,0.015223181,0.024072489,0.021579687,0.035860863,0.03184559,0.023859076
2022-06-10,0.027778603,0.028896939,0.04582335,0.01573305,0.01523975,0.016024405,0.026594065,0.06666667,0.06483327,0.034477673,0.02701727,0.037048355,0.02616852,0.020476319,0.054289892,0.028266434,0.032699324,0.036362525,0.02505201,0.06666667,0.039412785,0.024965335,0.018032698,0.026890779,0.035435896,0.0169078,0.025908202,0.01905222,0.04239674,0.033234693,0.021647764
2022-06-13,0.026844127,0.0324981,0.050043266,0.016304052,0.018216709,0.021606348,0.02969804,0.06666667,0.05855716,0.025098816,0.021724116,0.034780256,0.023777254,0.02959114,0.04943087,0.02595467,0.026710188,0.037473157,0.034846812,0.058711823,0.037289992,0.028274748,0.024262503,0.030184323,0.033522077,0.022332048,0.021965895,0.019535065,0.045422398,0.028262097,0.020415287
2022-06-14,0.023392132,0.039872054,0.044609703,0.016918309,0.025047665,0.032024074,0.029137684,0.06666667,0.03927279,0.01581999,0.01775779,0.035924036,0.023795402,0.032749638,0.044830006,0.019215712,0.019210378,0.03722176,0.04885125,0.05678285,0.03740291,0.038415052,0.02906249,0.038154587,0.02569413,0.03324125,0.022674197,0.02259362,0.040365193,0.025754636,0.01754205
2022-06-15,0.023364563,0.036657315,0.03336237,0.0144827515,0.03499935,0.04683843,0.022612019,0.06666667,0.040426567,0.013263827,0.028734908,0.025888674,0.022850895,0.03361046,0.040906847,0.015388844,0.017112939,0.03541933,0.0403213,0.040215988,0.045253668,0.041172583,0.038106367,0.040341813,0.025778325,0.047624335,0.01925946,0.02528928,0.024379162,0.03814484,0.021526122
2022-06-16,0.020490984,0.030517746,0.025101025,0.014300186,0.034566496,0.042816848,0.02298181,0.06202598,0.039647453,0.0133312745,0.025493681,0.029385272,0.030354846,0.043301582,0.040319234,0.01378739,0.022584591,0.02860092,0.04324431,0.037212174,0.03665182,0.04264989,0.03974355,0.045766734,0.03178941,0.052524127,0.019252164,0.025050133,0.024175111,0.037570506,0.024762748
2022-06-17,0.01901315,0.03174835,0.027279152,0.012620258,0.035198577,0.06253183,0.022153925,0.06666667,0.031015005,0.012638899,0.033243503,0.03037272,0.026604548,0.038889464,0.040978175,0.014194154,0.021022495,0.025364304,0.03977022,0.031379405,0.037258495,0.043257907,0.045718927,0.03968688,0.023612157,0.05505019,0.019881437,0.031929355,0.021755371,0.037648655,0.021515822
2022-06-21,0.01557434,0.030744476,0.02388943,0.013242311,0.037054587,0.059768286,0.018895304,0.06666667,0.029626988,0.015131489,0.032662366,0.028354304,0.03392846,0.0428276,0.047869254,0.01641968,0.022359751,0.018117042,0.03772667,0.03251294,0.03836562,0.040024437,0.04910757,0.03949041,0.025437932,0.05322274,0.016044471,0.03565125,0.018389389,0.03967459,0.021219645
2022-06-22,0.012999823,0.022118213,0.0165908,0.016196942,0.04070424,0.04557888,0.01645473,0.042343985,0.035763778,0.016962709,0.022235954,0.03600406,0.048058927,0.06666667,0.058279514,0.02625422,0.035252582,0.012696876,0.050010473,0.023970272,0.026531467,0.023763377,0.04830048,0.045046233,0.03916915,0.05087248,0.012679376,0.044111684,0.01612537,0.022967177,0.02528957
2022-06-23,0.012077662,0.021451417,0.0150542185,0.014471558,0.03219035,0.047845326,0.015322536,0.04985006,0.037893325,0.017566215,0.023791816,0.04327309,0.044601552,0.06666667,0.06666667,0.030478375,0.03567033,0.014082687,0.048885286,0.025744986,0.029218696,0.020718645,0.041906573,0.04362831,0.035085343,0.04791103,0.013357358,0.045700073,0.014814152,0.019908883,0.024166811
2022-06-24,0.012344231,0.016563335,0.013248258,0.014390846,0.03507564,0.055752125,0.013357548,0.044873014,0.032665495,0.016163666,0.029650163,0.043902047,0.041827444,0.06666667,0.06666667,0.0387739,0.039348785,0.015685584,0.04279636,0.021223139,0.032130696,0.01839189,0.048268307,0.045802772,0.03044713,0.045646954,0.012640672,0.053873662,0.014026321,0.0142270615,0.023569621
2022-06-27,0.011437898,0.013643551,0.010781092,0.015325505,0.037274327,0.051615816,0.010222019,0.041370638,0.03323201,0.01787027,0.031827763,0.046902403,0.052327584,0.053643245,0.06666667,0.050884683,0.0521883,0.012050866,0.041400332,0.01869721,0.0278738,0.015043713,0.03798541,0.0534181,0.033684216,0.03750743,0.012117033,0.06666667,0.010309375,0.012195107,0.023836965
2022-06-28,0.01331301,0.014389491,0.012031377,0.01521896,0.036955226,0.055626523,0.010678687,0.04515856,0.030431718,0.018930513,0.038244177,0.046001237,0.045569338,0.047862604,0.06666667,0.05653541,0.05110741,0.014072767,0.037373643,0.020092579,0.030524315,0.014607719,0.03839326,0.046184152,0.030234313,0.037058625,0.012433158,0.06666667,0.01089966,0.012908124,0.02383011
2022-06-29,0.013940136,0.017390294,0.015911624,0.015201402,0.03605351,0.057615876,0.011315448,0.053531736,0.031214388,0.020812022,0.038713317,0.044871695,0.0393895,0.042957406,0.06666667,0.064182945,0.038456835,0.016020538,0.032370742,0.019998038,0.04296556,0.014307716,0.03730817,0.04160407,0.026589338,0.032456778,0.013603896,0.06666667,0.011601171,0.014315686,0.021966828
2022-06-30,0.014128498,0.018077536,0.01456701,0.014580982,0.037072964,0.06072711,0.0096134925,0.05412504,0.03136909,0.020250091,0.043868218,0.041672807,0.037927408,0.048091143,0.06666667,0.06666667,0.0396141,0.014652488,0.02954495,0.01973378,0.044030312,0.0136089455,0.037785556,0.03953936,0.025693478,0.03229153,0.011988471,0.06666667,0.010822314,0.0135175465,0.02110579
2022-07-01,0.015752606,0.02120921,0.013551679,0.016421353,0.03932822,0.058521952,0.009602433,0.06565042,0.026713388,0.018971922,0.04353112,0.040499758,0.03610485,0.04191863,0.06236724,0.06666667,0.035321243,0.018739944,0.02891326,0.02329479,0.04516701,0.014601851,0.0385163,0.04236569,0.020817757,0.03422282,0.012523305,0.06486022,0.010545484,0.012552903,0.02074598
2022-07-05,0.014876481,0.01798142,0.0130315395,0.019133857,0.04169306,0.05258101,0.010596422,0.056864582,0.02784971,0.017613988,0.036635567,0.047969352,0.03647583,0.041700207,0.0646126,0.06666667,0.03643219,0.022734994,0.03229102,0.02140797,0.043809433,0.014203499,0.03908389,0.048798632,0.021263145,0.03216915,0.014932391,0.06447685,0.01178166,0.00963267,0.020700218
2022-07-06,0.016994517,0.016343676,0.016733695,0.015938453,0.034453105,0.05924392,0.009875295,0.06666667,0.03293726,0.018813424,0.05397248,0.040809892,0.0362161,0.03180175,0.06666667,0.06666667,0.038752455,0.0186053,0.022800734,0.025266116,0.043010898,0.016149798,0.035065297,0.042999405,0.019483926,0.029045869,0.01495862,0.06666667,0.011566604,0.012487836,0.019006914
2022-07-07,0.018196754,0.015364565,0.016295565,0.016787542,0.034705695,0.05730457,0.009410119,0.06666667,0.02876905,0.01930661,0.060022928,0.040296853,0.039856207,0.029960569,0.06666667,0.06666667,0.04408838,0.016831541,0.02045113,0.028243879,0.041058734,0.017215002,0.034946233,0.04029398,0.01830205,0.02878529,0.014290803,0.06666667,0.01226564,0.011990375,0.018293267
2022-07-08,0.018309476,0.014808932,0.016601503,0.0170096,0.033692732,0.047565054,0.008724782,0.06666667,0.03192621,0.024305586,0.065233536,0.03997608,0.047406208,0.026473029,0.06666667,0.06666667,0.054936107,0.012558209,0.019087855,0.02909781,0.0363913,0.015450002,0.02988649,0.040317576,0.020731071,0.024477445,0.013906769,0.06666667,0.0115313055,0.013585668,0.019343007
2022-07-11,0.019112768,0.014275269,0.01908854,0.016007181,0.0303885,0.04509055,0.009645965,0.06666667,0.032265753,0.026723798,0.06666667,0.040912762,0.046230357,0.023257053,0.06666667,0.06666667,0.0586908,0.012596366,0.01710555,0.03255486,0.03582868,0.0166916,0.028452197,0.036248025,0.020692155,0.02239066,0.01510155,0.06666667,0.013446126,0.015532314,0.018337283
2022-07-12,0.01937845,0.015636183,0.019298207,0.01745845,0.0344944,0.050765846,0.010309888,0.06666667,0.02755906,0.025765732,0.06666667,0.039109915,0.03977031,0.021077806,0.06397115,0.06666667,0.047656614,0.017324042,0.016033255,0.032812297,0.043343123,0.017724173,0.03348034,0.03387072,0.01837433,0.02379674,0.015394195,0.06666667,0.012984458,0.017287627,0.01865603
2022-07-13,0.020547919,0.02145158,0.023821693,0.019451901,0.033933178,0.04432375,0.012556012,0.06666667,0.024386354,0.02910846,0.06275596,0.04106263,0.032586128,0.017752685,0.060440242,0.06211446,0.03767786,0.022935966,0.018615725,0.040115457,0.050068267,0.01816381,0.032008365,0.032511972,0.016469678,0.024357496,0.018096484,0.059059512,0.015905067,0.021423675,0.019631052
2022-07-14,0.02143778,0.026295176,0.0280604,0.018612502,0.031789616,0.046197187,0.013896602,0.06666667,0.0280574,0.02968848,0.062465962,0.036039375,0.028006317,0.017842643,0.056935124,0.05362467,0.035336874,0.027600603,0.01965593,0.04535676,0.048373036,0.020018103,0.033912767,0.030992286,0.017190695,0.024184898,0.018510986,0.049364235,0.018012803,0.025835864,0.02003826
2022-07-15,0.028108796,0.024287425,0.03201885,0.018359402,0.02929089,0.045171667,0.018857118,0.06666667,0.028805424,0.025241863,0.06509751,0.03007704,0.026129233,0.01881467,0.048066925,0.039573703,0.03336818,0.032905694,0.0198694,0.051773336,0.043834776,0.026865419,0.037778884,0.03309365,0.017693013,0.029800665,0.017764628,0.03994513,0.023126023,0.027009951,0.020604061
2022-07-18,0.023940856,0.020934751,0.022099424,0.01998189,0.03943951,0.040297914,0.017795732,0.06666667,0.022750854,0.024270814,0.053581137,0.042023387,0.03289877,0.024213966,0.05192518,0.046292488,0.043134153,0.021979498,0.026318299,0.034937758,0.03974857,0.022783218,0.03501503,0.03927235,0.020759346,0.032801643,0.018667651,0.05108001,0.021961227,0.019384408,0.023043495
2022-07-19,0.029321074,0.026963487,0.030047305,0.01805243,0.03268426,0.03785388,0.019957526,0.06666667,0.025828203,0.03077844,0.06471814,0.036518607,0.033104036,0.024096522,0.047068145,0.04872239,0.04237214,0.01574205,0.019147431,0.04108217,0.0370896,0.026485113,0.02973008,0.030110471,0.022011913,0.027253333,0.018125901,0.045875676,0.02488729,0.028669666,0.01903604
2022-07-20,0.030443478,0.023477849,0.024903072,0.018486941,0.029300127,0.024059175,0.020648092,0.06433571,0.032845605,0.03560222,0.058186408,0.04330558,0.03692551,0.024850104,0.053168714,0.053200863,0.060095206,0.013679806,0.020323524,0.036650013,0.03110621,0.022391649,0.02057257,0.02966161,0.02898338,0.024299053,0.020284364,0.04116886,0.030547207,0.02411522,0.022381876
2022-07-21,0.04339781,0.023154464,0.036343575,0.01844981,0.0215442,0.020663463,0.027926423,0.06666667,0.036676545,0.03856257,0.06666667,0.032466415,0.036034003,0.019126063,0.0385319,0.0417238,0.058165986,0.011196976,0.012925624,0.047181513,0.02754989,0.03601964,0.016928628,0.02157527,0.02908789,0.021577938,0.02069964,0.02997291,0.045006152,0.035150535,0.01902704
2022-07-22,0.049722634,0.018160174,0.03851166,0.019810526,0.021403117,0.019539228,0.03529646,0.055305272,0.03719454,0.036590684,0.06666667,0.029722244,0.036149163,0.016489726,0.031748716,0.033698015,0.055769313,0.014013016,0.009748389,0.04362693,0.031708285,0.044295043,0.017698003,0.022364466,0.03219004,0.022124982,0.022169748,0.027879141,0.047989115,0.041337013,0.021077694
2022-07-25,0.048543375,0.018325482,0.04354713,0.020884663,0.021683183,0.022947371,0.040260796,0.062399205,0.035376724,0.0331336,0.06666667,0.02738648,0.028582996,0.011801696,0.030871827,0.028274873,0.039209105,0.02629096,0.008864281,0.040433556,0.046452064,0.044899527,0.019633876,0.024759712,0.027094886,0.021025946,0.02564282,0.028026091,0.04400894,0.04259346,0.02037871
2022-07-26,0.048875924,0.021677919,0.05031511,0.028043136,0.023771822,0.021421857,0.04036208,0.061781783,0.03441917,0.03685828,0.05988642,0.02303855,0.0277311,0.013059412,0.027492413,0.034067288,0.033273194,0.029589057,0.009085949,0.038017143,0.050954178,0.038397085,0.021896414,0.021759415,0.029225633,0.01853306,0.021938618,0.028377775,0.04788921,0.03765702,0.020603994
2022-07-27,0.042664938,0.036812577,0.04037011,0.023404885,0.023837132,0.024103852,0.030881768,0.06666667,0.03128682,0.035136566,0.048100222,0.027366808,0.02006756,0.009775323,0.030029997,0.025672494,0.022189174,0.046367474,0.0144413095,0.05742646,0.06642819,0.036022115,0.017421398,0.025188243,0.023319725,0.023339117,0.027892152,0.025692327,0.033790044,0.044566143,0.019738404
2022-07-28,0.042523347,0.021368429,0.047212634,0.017569954,0.016544787,0.022734322,0.030390905,0.064612456,0.05512662,0.04031471,0.059239578,0.025423361,0.023801336,0.012752992,0.049240574,0.044168215,0.03958914,0.025257917,0.014609783,0.036679357,0.0440698,0.025703695,0.015605202,0.028942354,0.033613317,0.019661628,0.022068547,0.026074542,0.03484229,0.035740077,0.024518132
2022-07-29,0.036884073,0.013841264,0.047796108,0.01790589,0.014733616,0.016402142,0.046694793,0.043361858,0.06666667,0.037867542,0.037245456,0.031309012,0.025112918,0.013276974,0.06025121,0.03354034,0.04232734,0.04065345,0.018993866,0.028338147,0.038036857,0.02282609,0.015966475,0.038930416,0.041029945,0.017833835,0.034477126,0.021629136,0.048072286,0.021887755,0.026107421
2022-08-01,0.037477,0.011072739,0.04659679,0.015057894,0.0112498095,0.012868591,0.054468997,0.0286858,0.06666667,0.035005726,0.030268092,0.03428332,0.02737979,0.017189857,0.060537815,0.024842544,0.055238847,0.033415705,0.02317341,0.03100348,0.026022341,0.022365117,0.012500345,0.033232268,0.06278345,0.01964965,0.03519365,0.01617895,0.05881602,0.026260432,0.0305149
2022-08-02,0.03579717,0.010142571,0.043220054,0.014562356,0.011832713,0.015051645,0.05363404,0.032473013,0.06666667,0.031040978,0.034326073,0.04018417,0.026105119,0.0139955245,0.059129734,0.0243351,0.058029473,0.036139816,0.02329736,0.031934902,0.024952672,0.024847284,0.012513615,0.03550195,0.04857081,0.019724432,0.04254964,0.018608823,0.058670655,0.023600323,0.028561322
2022-08-03,0.03724328,0.010859782,0.04338498,0.014529009,0.010910032,0.01574161,0.05539399,0.03608975,0.06666667,0.031877834,0.032940697,0.037392154,0.028635403,0.017242022,0.05803915,0.022660952,0.055310722,0.031276263,0.023343703,0.034908358,0.022939255,0.025578765,0.0131833255,0.03490799,0.05168407,0.022437822,0.03750021,0.018210875,0.05569055,0.025895948,0.027524836
2022-08-04,0.032746233,0.0103049865,0.033868127,0.015032459,0.01280701,0.017017983,0.04569918,0.036197096,0.06666667,0.029687203,0.03315108,0.036758125,0.0347318,0.018933268,0.06641326,0.025698623,0.060045633,0.025712233,0.026024692,0.033134326,0.024081841,0.026822926,0.014213222,0.044454176,0.050331406,0.024825307,0.034100413,0.022009466,0.048435297,0.02218957,0.02790638
2022-08-05,0.03405603,0.012216769,0.030601675,0.014267944,0.013153429,0.017398084,0.047517147,0.046244875,0.05876091,0.030284561,0.03660597,0.03706787,0.036765784,0.014854346,0.061461966,0.017864052,0.047111794,0.028710948,0.024758108,0.04633726,0.026406683,0.03224668,0.012875415,0.045077484,0.040494718,0.027677469,0.04172553,0.02153383,0.038680106,0.030149454,0.027093105
2022-08-08,0.032562766,0.013186549,0.02842577,0.0151208425,0.016465705,0.020262128,0.05045785,0.038380187,0.050479785,0.030664256,0.037540857,0.040212054,0.03746975,0.019262636,0.0594448,0.018104149,0.046186846,0.028342849,0.028401637,0.039548248,0.027211007,0.030240964,0.01605447,0.04353165,0.039828364,0.031710353,0.043386642,0.023599338,0.037191357,0.029398303,0.02732789
2022-08-09,0.03619709,0.017007401,0.034031812,0.015214408,0.014160492,0.018678714,0.053072095,0.04581864,0.050534602,0.028770782,0.033075828,0.040487643,0.029606873,0.016931847,0.055033214,0.016196815,0.0380899,0.0355125,0.032603372,0.04200537,0.02996145,0.031721532,0.01354957,0.038915288,0.03667697,0.030201672,0.043442976,0.02051188,0.044585627,0.029089797,0.028313836
2022-08-10,0.030048922,0.019742947,0.028460737,0.013075309,0.012039436,0.018568197,0.04564449,0.03906898,0.06666667,0.029400924,0.030234564,0.050044786,0.025559524,0.020334927,0.06666667,0.018096458,0.04131837,0.034003574,0.04650547,0.034350194,0.027355121,0.02129852,0.01149472,0.03676134,0.040795173,0.034050696,0.041381497,0.019887235,0.038196065,0.026128829,0.032819673
2022-08-11,0.028502867,0.018947499,0.025069341,0.016197525,0.015108156,0.018096145,0.04252561,0.032541987,0.06332662,0.033897527,0.032356422,0.055587914,0.031454917,0.018839005,0.06666667,0.021724623,0.044940323,0.028281454,0.043726955,0.031860743,0.02750744,0.019924406,0.010933462,0.03769393,0.041044913,0.031099906,0.04569512,0.023949346,0.032107104,0.026130067,0.034262013
2022-08-12,0.026322331,0.022748154,0.031523004,0.016041769,0.014152857,0.018095208,0.04508518,0.033924226,0.058718286,0.04272721,0.035703443,0.059220497,0.025484873,0.015536071,0.06666667,0.02637834,0.043689277,0.022041138,0.050379984,0.03074799,0.025522634,0.017006617,0.009302433,0.024966901,0.034942955,0.02902444,0.050226666,0.022879748,0.0390623,0.02884811,0.033030692
2022-08-15,0.029184908,0.0244099,0.027212918,0.016887175,0.014058757,0.017847013,0.034923464,0.0301402,0.059407536,0.043433875,0.04070631,0.059056662,0.024693176,0.013478643,0.06666667,0.030859191,0.047921434,0.022546433,0.047627617,0.032312967,0.025990184,0.015979167,0.00743092,0.023789665,0.03468684,0.029561723,0.04881094,0.025649028,0.034960054,0.031006373,0.038760263
2022-08-16,0.026130147,0.022945903,0.024451636,0.016614294,0.014590372,0.017291239,0.037099276,0.0300551,0.048115045,0.043823432,0.039710548,0.06666667,0.024158007,0.011866719,0.06666667,0.030136999,0.050540883,0.024005132,0.054427713,0.03168985,0.02374181,0.015412153,0.007576733,0.025272014,0.028842783,0.029907808,0.061974917,0.026801672,0.036565486,0.02574295,0.03717605
2022-08-17,0.02658757,0.020080075,0.026951116,0.019326292,0.017637692,0.019480655,0.034925,0.029769212,0.03727885,0.03842352,0.041118037,0.06666667,0.02541792,0.011137314,0.06666667,0.039485574,0.054270007,0.023343181,0.053238455,0.027170142,0.023227016,0.01635867,0.009156096,0.027953018,0.025726981,0.02810174,0.059092965,0.03425263,0.04112034,0.020143181,0.035893418
2022-08-18,0.026868396,0.01960869,0.029480794,0.017882159,0.018612493,0.025785295,0.033226404,0.028642874,0.03412431,0.03503183,0.0496171,0.06666667,0.020374602,0.010044046,0.06666667,0.041468646,0.04973108,0.026909698,0.05189927,0.023630604,0.024679769,0.015711138,0.01033036,0.025917055,0.021322725,0.028530646,0.06569964,0.03720015,0.03965601,0.02028454,0.034396347
2022-08-19,0.027269838,0.01985645,0.029847994,0.020234196,0.0205154,0.029930774,0.032516398,0.029194571,0.03508968,0.03510493,0.049290895,0.059503958,0.02196054,0.0105162,0.06666667,0.045614474,0.04712149,0.024810916,0.05242546,0.022971744,0.024432182,0.016225742,0.010512983,0.025911493,0.022823231,0.029215775,0.060138755,0.041541968,0.035315853,0.020896945,0.0325425
2022-08-22,0.029639097,0.026058188,0.027113058,0.022968914,0.025511993,0.038044244,0.030876128,0.041495733,0.028091189,0.028612828,0.045751687,0.05535279,0.019883879,0.012240143,0.052647516,0.03964344,0.037724324,0.033151068,0.058686987,0.026164895,0.028515892,0.020776648,0.013401704,0.025771681,0.020033337,0.035681434,0.052504584,0.040872898,0.035769332,0.018358622,0.02865577
2022-08-23,0.033651948,0.03903031,0.032387007,0.02843333,0.027223123,0.040824506,0.031346735,0.06023453,0.029160189,0.028280525,0.037511162,0.04527145,0.02052166,0.016499715,0.04043912,0.039394557,0.027014578,0.03162953,0.059007466,0.031356536,0.029663142,0.022280827,0.016025277,0.024491744,0.01981938,0.03745488,0.037264824,0.036841247,0.031973325,0.019340452,0.025626928
2022-08-24,0.03623411,0.052636914,0.04252796,0.03610255,0.027157474,0.038582463,0.037188184,0.05959118,0.03799176,0.030358553,0.02668939,0.030009143,0.020880513,0.02129299,0.030470492,0.034515295,0.020877872,0.027723726,0.060154963,0.03359119,0.026803074,0.025692401,0.01654319,0.019824682,0.027500015,0.036759987,0.027932612,0.028422503,0.035392214,0.025960686,0.024591925
2022-08-25,0.03831454,0.06100465,0.040743653,0.037765592,0.026632342,0.03599165,0.044390853,0.047832225,0.037467785,0.028480114,0.02056416,0.029978583,0.019233327,0.026621113,0.023755858,0.026395328,0.019979725,0.02834167,0.06666667,0.031909328,0.021411972,0.029006705,0.01619754,0.019614547,0.031706933,0.04207491,0.030216498,0.023531567,0.04213201,0.026915615,0.025122538
2022-08-26,0.03847845,0.057837646,0.03903857,0.046686284,0.028943574,0.030187273,0.049666,0.03555462,0.039981943,0.029865135,0.016491832,0.030200934,0.021873817,0.027138812,0.021362301,0.02363061,0.020416738,0.030159729,0.06666667,0.029924056,0.019688396,0.027918175,0.016200367,0.020811278,0.03823524,0.041100528,0.03232512,0.023182148,0.04073896,0.027315859,0.028378941
2022-08-29,0.037568517,0.06666667,0.04651086,0.032901544,0.023443228,0.034963105,0.048387975,0.051341817,0.03848234,0.027456703,0.018181285,0.028820524,0.016700095,0.028609918,0.01843232,0.018215809,0.014609368,0.03060778,0.06666667,0.039253708,0.022451611,0.030908283,0.01685626,0.015840631,0.031437557,0.042968627,0.027438076,0.018643707,0.036081433,0.044208847,0.025344746
2022-08-30,0.03371371,0.06666667,0.04765483,0.03435698,0.02429886,0.029362654,0.046536114,0.042019278,0.048405174,0.027135724,0.014309637,0.027030718,0.019738588,0.040172298,0.01980891,0.020479696,0.016151493,0.025522498,0.06666667,0.035099294,0.020407071,0.029662376,0.018839588,0.017453954,0.040945593,0.03906628,0.022927573,0.01758311,0.038872797,0.042676583,0.026435282
2022-08-31,0.031095257,0.06666667,0.04751588,0.032259658,0.028228115,0.037624072,0.0399558,0.04049205,0.040498115,0.023562092,0.017141746,0.027534662,0.020501176,0.03598564,0.020124119,0.019840512,0.015866457,0.023413198,0.06614784,0.031520564,0.023089627,0.034305427,0.021261465,0.018967023,0.03735936,0.04133485,0.02305666,0.02215719,0.032987718,0.05190343,0.027603624
2022-09-01,0.027108716,0.062955655,0.045792863,0.026959281,0.028928109,0.04136355,0.03796963,0.038286183,0.044045776,0.021773359,0.018726619,0.028776895,0.02147763,0.035298914,0.023493554,0.018467626,0.016729182,0.023569612,0.06473882,0.02747642,0.024030192,0.03538465,0.023689384,0.022002356,0.037775047,0.040671416,0.025556117,0.023962686,0.02960024,0.05530329,0.028086228
2022-09-02,0.02395472,0.05527274,0.033912748,0.027736042,0.033850193,0.048967306,0.029014517,0.038992185,0.04543338,0.016090298,0.019057274,0.030943373,0.021713905,0.032630228,0.02702091,0.017579963,0.017932063,0.03372009,0.06666667,0.02305877,0.028970506,0.035883386,0.027366137,0.030497449,0.037636396,0.043557525,0.024636423,0.030079788,0.023718357,0.043128144,0.030978525
2022-09-06,0.02054399,0.056492776,0.035749126,0.024025034,0.03352587,0.053404823,0.024439089,0.04577584,0.049826562,0.018650196,0.021771006,0.029897407,0.02386828,0.032506138,0.03229848,0.020211434,0.018503115,0.02438869,0.063428335,0.024666231,0.027155587,0.031233476,0.027814358,0.027849851,0.03657778,0.039461475,0.023038989,0.032394294,0.018752715,0.052903872,0.02884518
2022-09-07,0.01809414,0.053471204,0.03299101,0.022755204,0.030127974,0.04677164,0.02615702,0.04705647,0.05371902,0.01903018,0.018004505,0.030465137,0.025165986,0.034877446,0.035378464,0.01772408,0.018381719,0.029032227,0.06666667,0.026516968,0.02787763,0.029551538,0.02991766,0.03144727,0.039644655,0.040361963,0.021775821,0.027717128,0.01950987,0.050226677,0.029582724
2022-09-08,0.014971291,0.040206373,0.029497724,0.023811888,0.02780662,0.033127796,0.027134428,0.043627635,0.06572463,0.017552827,0.011140699,0.03499801,0.029892555,0.03416961,0.04904687,0.016235469,0.020555219,0.0367563,0.06666667,0.023885505,0.025954505,0.026223268,0.028128818,0.04997043,0.048334718,0.034807123,0.025630781,0.026777437,0.022406658,0.033956792,0.031001348
2022-09-09,0.013903037,0.036480863,0.029213915,0.024295129,0.030235797,0.03305727,0.024753006,0.038215183,0.06571269,0.019380778,0.011658285,0.038444676,0.032514114,0.030860309,0.052236643,0.019347183,0.020630335,0.03701795,0.06666667,0.020259505,0.028764855,0.020703072,0.029091781,0.053810913,0.047733247,0.02918418,0.028039986,0.032212716,0.01744813,0.03463522,0.03349257
2022-09-12,0.0151597345,0.036055274,0.033242263,0.024844825,0.029546618,0.030501176,0.02101044,0.037567247,0.06666667,0.02783287,0.017042719,0.03540277,0.031300534,0.025067188,0.059612434,0.02863406,0.025422037,0.032407314,0.05446951,0.019648835,0.034937173,0.016878048,0.026654223,0.04033603,0.050018966,0.02369353,0.025893586,0.034479428,0.01829396,0.038228124,0.039152417
2022-09-13,0.016017905,0.034427207,0.036932368,0.02171331,0.024181087,0.028183714,0.021376947,0.03700878,0.06666667,0.036365587,0.022582274,0.03479367,0.025937641,0.02204158,0.06666667,0.034830924,0.028731756,0.03367912,0.048502084,0.019265495,0.040943466,0.013643973,0.023333836,0.0301429,0.05130581,0.021317014,0.026282832,0.032375038,0.021522388,0.038357586,0.04087037
2022-09-14,0.016936865,0.041770097,0.04309021,0.016040036,0.020696044,0.03720333,0.020383298,0.06203299,0.06666667,0.030627608,0.029878972,0.03364535,0.018392552,0.018330911,0.06666667,0.030898178,0.021777188,0.034177184,0.04435921,0.023730591,0.04673456,0.014361394,0.022413947,0.025585381,0.03446913,0.024560893,0.022774983,0.03034645,0.01850797,0.049072336,0.033869006
2022-09-15,0.015098536,0.03878922,0.048642278,0.020837288,0.022248348,0.039812222,0.017859364,0.056730326,0.06666667,0.033256896,0.023738677,0.028044965,0.023198035,0.026657078,0.061030693,0.04813499,0.026230307,0.024387648,0.042528562,0.021990426,0.041071773,0.014386689,0.026364427,0.025071206,0.04731461,0.018265096,0.015429092,0.032025192,0.020243641,0.04264263,0.031303123
2022-09-16,0.016236823,0.042264197,0.049941707,0.021807253,0.026933521,0.04661354,0.018145034,0.052615408,0.06666667,0.02773256,0.022584442,0.027100906,0.02268651,0.031071847,0.049585342,0.04747446,0.020272397,0.023488192,0.036500372,0.018239055,0.051800456,0.01570751,0.03017453,0.026522962,0.043851238,0.018998804,0.014207599,0.038608458,0.018099014,0.043910127,0.030159073
2022-09-19,0.017321805,0.041285664,0.046059273,0.023906475,0.03462905,0.05875074,0.019044898,0.047911018,0.048454255,0.022565868,0.02338547,0.026533194,0.022183988,0.03565449,0.03706196,0.041632682,0.0189043,0.029527653,0.033972304,0.016695362,0.055435184,0.020092623,0.04323997,0.032068457,0.038717017,0.02123144,0.0144514255,0.041541,0.017484207,0.041849405,0.028408814
2022-09-20,0.015567174,0.037899707,0.0419119,0.025052624,0.03991871,0.05220536,0.022155471,0.03786434,0.04616134,0.022349466,0.019720173,0.028436122,0.023758385,0.03799031,0.038709633,0.037549376,0.018746747,0.033769626,0.04057014,0.015385934,0.055285756,0.01977556,0.047259714,0.03835869,0.03861904,0.022390863,0.018038776,0.03709886,0.019814976,0.03773433,0.029900907
2022-09-21,0.016454797,0.041492302,0.040601395,0.022611527,0.03734694,0.055647824,0.023463966,0.046129696,0.04187154,0.023926096,0.023224501,0.027211523,0.024226654,0.04109769,0.039017893,0.03589357,0.018588167,0.026493026,0.04256862,0.01863352,0.04866561,0.021241272,0.047638282,0.0349862,0.034829136,0.027145736,0.016643062,0.035458606,0.01926415,0.04118885,0.026437849
2022-09-22,0.018378012,0.0367745,0.04111709,0.023613382,0.041450225,0.06340016,0.025839567,0.047730535,0.03386082,0.020431008,0.026018433,0.022766115,0.02613804,0.04091705,0.03335098,0.030230407,0.016792687,0.02534723,0.036136255,0.019502755,0.047032163,0.02623817,0.05667214,0.036816053,0.032066487,0.031608522,0.015132906,0.038449656,0.017926544,0.044279143,0.02398296
2022-09-23,0.020237224,0.032363493,0.03933115,0.023961755,0.043287005,0.06666667,0.023337219,0.04194121,0.028106874,0.01914437,0.02797591,0.021245252,0.026341299,0.042720545,0.028744027,0.030395322,0.017556896,0.025899367,0.035083994,0.019348618,0.048352145,0.02851508,0.06322733,0.03632376,0.033323776,0.035216164,0.011958877,0.04169984,0.017421307,0.044275243,0.025998287
2022-09-26,0.021057291,0.035040237,0.034681905,0.022842783,0.046381965,0.06666667,0.02467488,0.056923714,0.01860229,0.016953457,0.027528843,0.020403665,0.026859252,0.03694428,0.023682503,0.020312293,0.013952539,0.028821116,0.033967685,0.024886122,0.050641283,0.03955464,0.06666667,0.03964965,0.025374493,0.04127668,0.01248806,0.037419945,0.016918521,0.046731047,0.022095527
2022-09-27,0.02251063,0.034535818,0.0395863,0.023770228,0.04523438,0.06666667,0.023970092,0.06666667,0.018024355,0.01667896,0.031801514,0.016371047,0.02769145,0.03382086,0.022063863,0.020226527,0.013010199,0.026220862,0.026328532,0.02716285,0.052191734,0.047646064,0.06666667,0.035808917,0.022976683,0.038148258,0.011257077,0.037395846,0.017877568,0.048544418,0.019144973
2022-09-28,0.025188059,0.03700397,0.03579074,0.024629619,0.04443348,0.066519625,0.02438017,0.06666667,0.017095793,0.017651612,0.032755904,0.014903575,0.030763242,0.0379799,0.018567907,0.017663658,0.013615801,0.021644928,0.025408484,0.03364804,0.045586687,0.05071564,0.06666667,0.030678093,0.024179462,0.042711224,0.009331033,0.0320158,0.018215433,0.054331787,0.019256998
2022-09-29,0.030760799,0.028491346,0.035984755,0.027773706,0.045485273,0.048476785,0.028819798,0.04942011,0.017136797,0.018163173,0.027326683,0.018384628,0.040444814,0.05118676,0.017330479,0.020222997,0.019882921,0.018196607,0.02738249,0.03220484,0.034887116,0.054640315,0.06537307,0.03567401,0.033860464,0.040604066,0.009032102,0.031410255,0.024422219,0.04544567,0.021574961
2022-09-30,0.031877156,0.030436905,0.04106916,0.024241045,0.04082613,0.05517788,0.028294811,0.06075978,0.015618562,0.017706389,0.032200824,0.020631723,0.034895632,0.041954283,0.016932774,0.020727867,0.019275997,0.018111967,0.02538634,0.035083912,0.03635539,0.057263315,0.057602108,0.030206295,0.028439261,0.03923417,0.01002151,0.033085506,0.02547114,0.050945967,0.020166196
2022-10-03,0.031782847,0.03406305,0.039164558,0.021579316,0.036376495,0.053910285,0.026905082,0.06666667,0.016711133,0.019701874,0.038559712,0.021208111,0.03409458,0.04367547,0.017754855,0.022400498,0.018986989,0.015537722,0.02200934,0.037879914,0.038652897,0.053573105,0.0531696,0.026570123,0.02822309,0.038584173,0.008663208,0.033029456,0.021598056,0.059849832,0.01911796
2022-10-04,0.037752118,0.028455833,0.03377891,0.026401997,0.038837936,0.035123542,0.030462816,0.037851434,0.021925958,0.024532752,0.031594317,0.024889413,0.0428637,0.06363425,0.018324852,0.026606226,0.02650187,0.014675577,0.025271142,0.033572268,0.031899706,0.044785615,0.048226424,0.032214556,0.04348704,0.039357334,0.008428055,0.029254796,0.024496775,0.05035998,0.024432816
2022-10-05,0.045429848,0.02159754,0.033408258,0.024164233,0.0341696,0.027790587,0.03306366,0.025639134,0.029235277,0.028905172,0.037837718,0.032492366,0.045274284,0.061645713,0.022515355,0.03428218,0.03698493,0.013259353,0.023523904,0.026308216,0.030936042,0.033966973,0.035586216,0.03481548,0.05352726,0.03574649,0.00949182,0.031524535,0.0244121,0.042460173,0.030005576
2022-10-06,0.056487374,0.021570468,0.045024626,0.018668003,0.026954064,0.03221847,0.034084037,0.03406902,0.03156969,0.029327735,0.050844956,0.02877762,0.033257328,0.047385767,0.022385886,0.03286718,0.033799835,0.016284905,0.018185023,0.029934932,0.03580604,0.03972848,0.031814437,0.02904803,0.043701205,0.03218478,0.011807512,0.027979836,0.030480742,0.04791414,0.025837878
2022-10-07,0.060235057,0.023425402,0.05540076,0.017375693,0.022410423,0.028843988,0.034651473,0.04368289,0.034173742,0.033357468,0.055442262,0.02414552,0.032299176,0.043245684,0.02164839,0.033562925,0.032567322,0.012513654,0.014705671,0.037607443,0.032086994,0.04189365,0.027224146,0.021904182,0.041591704,0.026801545,0.010968598,0.024252547,0.032723024,0.05794748,0.021311194
2022-10-10,0.052011404,0.028364493,0.05771072,0.014451238,0.02030149,0.032406278,0.031665158,0.061847594,0.032301802,0.03173376,0.056758035,0.02649887,0.024990989,0.033137158,0.02397095,0.029596804,0.030688047,0.01414872,0.01878792,0.04420562,0.0318844,0.040630076,0.023701254,0.019490898,0.035925813,0.02895428,0.011528944,0.02220494,0.03252858,0.06666667,0.020907104
2022-10-11,0.049746286,0.026017746,0.06045336,0.014492394,0.022168923,0.040464494,0.030142568,0.06283324,0.02910564,0.026418779,0.06293092,0.025516592,0.020630356,0.024082458,0.023519963,0.025517622,0.026126312,0.019203221,0.019088268,0.04231664,0.04017719,0.044969447,0.023634495,0.019769266,0.032383073,0.032267362,0.011628095,0.023423612,0.03179649,0.06666667,0.022508519
2022-10-12,0.054713532,0.023116916,0.06666667,0.01619742,0.023277456,0.045369495,0.03246054,0.06666667,0.025126856,0.019910973,0.057666674,0.019851614,0.016781619,0.017252626,0.019409519,0.021010844,0.020203758,0.03106165,0.015534812,0.037831917,0.0470763,0.05632429,0.027069844,0.021311285,0.026211977,0.030738046,0.013233756,0.023641966,0.03893019,0.06399509,0.021355696
2022-10-13,0.04507222,0.024369717,0.06666667,0.016630577,0.02798562,0.055080146,0.025585223,0.06666667,0.024810184,0.018422857,0.056350548,0.019801533,0.017434925,0.017288372,0.022668853,0.024600735,0.0195366,0.02824631,0.016303517,0.035394832,0.05350495,0.05495021,0.028501967,0.021684531,0.024854314,0.030331133,0.013597157,0.029766591,0.034685384,0.058917936,0.020289732
2022-10-14,0.04070631,0.019954022,0.044986296,0.019800145,0.040678017,0.05373104,0.021944119,0.044745818,0.02727814,0.020466892,0.058261614,0.029262131,0.02352686,0.022182833,0.027760742,0.034471888,0.03086099,0.023307748,0.021467468,0.026799874,0.048026606,0.04197134,0.029296583,0.027617099,0.031337623,0.03475956,0.016383508,0.040381838,0.029312842,0.043408994,0.025311055
2022-10-17,0.035271253,0.025047343,0.04762532,0.01632036,0.035114292,0.060175594,0.021946752,0.059620354,0.025072519,0.020913323,0.056992725,0.035054464,0.019359063,0.020592758,0.031208076,0.032249004,0.026613807,0.024871264,0.025442343,0.026982838,0.051047426,0.035533655,0.029179303,0.024445698,0.024243807,0.037452832,0.018272119,0.039515972,0.028830498,0.041174985,0.023830255
2022-10-18,0.027638808,0.019758167,0.033238064,0.019835556,0.043383162,0.0508848,0.016419457,0.044055887,0.032521334,0.024565555,0.052736815,0.039580457,0.029567499,0.028018521,0.041535538,0.0477073,0.0374425,0.0185916,0.023780055,0.021620192,0.050957177,0.026012296,0.03161513,0.029539146,0.032561276,0.031865813,0.015895266,0.050262515,0.022338076,0.030250633,0.025821399
2022-10-19,0.02353036,0.018783174,0.030124018,0.020402446,0.039911464,0.045529887,0.014604341,0.050244883,0.032846678,0.026892727,0.052556388,0.0498485,0.030241426,0.023313733,0.052273612,0.06113075,0.042535547,0.018142892,0.022149203,0.021211274,0.050034333,0.019871332,0.02581836,0.027611475,0.02880434,0.024968058,0.01881453,0.059297413,0.02139466,0.023397751,0.023714442
2022-10-20,0.021419203,0.018403104,0.03495004,0.018690372,0.03343099,0.046451606,0.0136345625,0.061360843,0.040757116,0.031627998,0.05682016,0.044724155,0.029752953,0.020860218,0.0636098,0.06666667,0.043308,0.014811276,0.019524282,0.02042366,0.04685063,0.017144637,0.023012193,0.024142796,0.026482178,0.01998084,0.019413024,0.059260536,0.021367015,0.021461807,0.019657338
2022-10-21,0.020470813,0.015948113,0.03431078,0.015519757,0.031645715,0.05863904,0.011146272,0.055674966,0.048159774,0.027952338,0.06666667,0.037090663,0.026161764,0.021135574,0.06666667,0.06666667,0.04158205,0.014454411,0.015357764,0.01586636,0.055553474,0.016212592,0.023952903,0.023653237,0.027715294,0.018656954,0.017171409,0.06666667,0.017228374,0.023156801,0.01891614
2022-10-24,0.020897482,0.01454417,0.02771769,0.021600211,0.04040224,0.056248814,0.008510001,0.04634284,0.049478035,0.027323322,0.06666667,0.031659514,0.0347837,0.01895961,0.06666667,0.06666667,0.046799883,0.012766816,0.013717828,0.013394154,0.06438582,0.01488061,0.021420704,0.029486435,0.035016973,0.016845996,0.012665369,0.06666667,0.012699751,0.02032692,0.020458449
2022-10-25,0.023571948,0.013355207,0.028918853,0.025738142,0.046356373,0.061921343,0.008872178,0.053233933,0.035243392,0.025479553,0.06666667,0.03102497,0.03350623,0.016522203,0.06524197,0.06666667,0.044763017,0.01563957,0.011878785,0.014623042,0.06666667,0.01653691,0.024318611,0.028568977,0.029554993,0.015870001,0.013595195,0.06666667,0.014507762,0.016914234,0.01757594
2022-10-26,0.023434013,0.010728201,0.02809985,0.025693173,0.048216343,0.051686894,0.0100615285,0.045908276,0.031870276,0.027637469,0.06666667,0.034359243,0.035045862,0.013023157,0.06666667,0.06666667,0.050125346,0.018898016,0.011648551,0.014590889,0.06666667,0.015919318,0.024461996,0.033826604,0.029414706,0.014446686,0.017230155,0.06666667,0.014881661,0.016292803,0.019165657
2022-10-27,0.019932454,0.013019075,0.024470724,0.029547844,0.065389656,0.054460928,0.010755157,0.047440417,0.024079738,0.022537312,0.052492958,0.040863883,0.028827507,0.010731024,0.062201086,0.06666667,0.041256625,0.029362654,0.018318452,0.013408799,0.06666667,0.014011519,0.02602425,0.039188266,0.025565838,0.01703691,0.019475745,0.06666667,0.0140465535,0.014567465,0.020987159
2022-10-28,0.018260673,0.014749427,0.025038993,0.03162338,0.06666667,0.04419942,0.01275857,0.04492152,0.024207722,0.021452988,0.033134174,0.0439814,0.026948493,0.010501334,0.06043745,0.06666667,0.03540505,0.040486056,0.025494097,0.012544781,0.06666667,0.012806033,0.026864251,0.048290428,0.02774035,0.018290965,0.020698436,0.06666667,0.015091982,0.013689702,0.023715664
2022-10-31,0.021718774,0.015492394,0.02190823,0.04046609,0.06666667,0.031732813,0.015826771,0.0345332,0.023228353,0.024861492,0.027703183,0.039487027,0.026725728,0.011560483,0.04611906,0.06289901,0.03722617,0.05583897,0.030829342,0.01368212,0.05711338,0.012139952,0.032195453,0.051048674,0.029552959,0.02121457,0.022459606,0.06666667,0.018236576,0.012296437,0.028569853
2022-11-01,0.022525007,0.016477887,0.026440192,0.03273105,0.06271047,0.032582108,0.019654253,0.032185007,0.026082827,0.023882365,0.026479878,0.044221632,0.019768784,0.010032707,0.04929503,0.04927323,0.030865096,0.06666667,0.03740449,0.012471045,0.061581086,0.0110862795,0.028550731,0.048838023,0.028377604,0.023056194,0.02845681,0.06251704,0.018986456,0.014270902,0.03252915
2022-11-02,0.022314707,0.02046922,0.024586534,0.03506637,0.066442534,0.030903708,0.019674173,0.031423867,0.024696505,0.024065105,0.023464676,0.047493614,0.019136397,0.009917632,0.045185864,0.045776628,0.027649855,0.06666667,0.04214285,0.013686864,0.060368635,0.0106798075,0.02767753,0.05197723,0.02605735,0.023850862,0.034295425,0.056479298,0.017539293,0.015792506,0.034518298
2022-11-03,0.0207604,0.022859856,0.026370116,0.027362265,0.052962627,0.031430956,0.021588538,0.031527832,0.02618346,0.024035146,0.022668807,0.056805752,0.015947245,0.011141038,0.052982107,0.04323268,0.02584623,0.06666667,0.05264321,0.013616049,0.05949022,0.008362586,0.025702659,0.04828797,0.02540767,0.027179787,0.032712623,0.05215018,0.01698878,0.018213116,0.038873438
2022-11-04,0.019298257,0.023872213,0.02569605,0.03285436,0.05626611,0.029876111,0.02286903,0.02580162,0.030666953,0.021893919,0.015693992,0.053757433,0.016997147,0.0126498835,0.048587613,0.037436243,0.021680243,0.06666667,0.059367873,0.0123713985,0.057908226,0.008441227,0.025841545,0.0556627,0.030870741,0.02850176,0.032356616,0.049296476,0.016117394,0.01896078,0.041739415
2022-11-07,0.017674735,0.020456655,0.02459894,0.036139995,0.06225565,0.031321954,0.020551642,0.017460296,0.03457144,0.022408782,0.015413729,0.04789194,0.019640915,0.013322328,0.046045475,0.04001476,0.024440717,0.06666667,0.050669704,0.009865574,0.054099366,0.008411246,0.027022565,0.056967217,0.03702698,0.025954714,0.03252746,0.053554982,0.01491556,0.019813264,0.048294745
2022-11-08,0.018680707,0.017355956,0.024843954,0.04192725,0.06666667,0.036145914,0.021011638,0.0143536115,0.029574737,0.022965392,0.01848312,0.04631159,0.02257303,0.013750695,0.039217845,0.045182806,0.02536746,0.06666667,0.039625693,0.00854044,0.053120036,0.009379732,0.030744959,0.05010086,0.03619532,0.024336223,0.032084007,0.06666667,0.014153041,0.019386863,0.04458713
2022-11-09,0.018671902,0.016218387,0.023414185,0.044686574,0.06666667,0.03626697,0.022794485,0.012228625,0.025100673,0.023971902,0.018855875,0.051758327,0.024714759,0.014900713,0.034698162,0.045088105,0.02703549,0.06666667,0.03854034,0.008745724,0.048942667,0.010090052,0.03228216,0.047694113,0.0352006,0.02439928,0.035757452,0.06666667,0.015136427,0.019072229,0.04373382
2022-11-10,0.020352261,0.017984591,0.023274096,0.03571512,0.06666667,0.0442409,0.021685457,0.01670937,0.021722063,0.019718826,0.023798967,0.0575804,0.021053271,0.014426425,0.034088816,0.033875894,0.021856025,0.06666667,0.03664921,0.010709443,0.054355614,0.010596431,0.03563179,0.052698124,0.025848934,0.031388517,0.037300136,0.06666667,0.011510987,0.02290104,0.04232729
2022-11-11,0.017536554,0.012118338,0.01767951,0.043876823,0.06666667,0.030302657,0.020908894,0.010917479,0.028204273,0.024846867,0.021837126,0.04728889,0.039630517,0.021191357,0.039501537,0.041586857,0.032857355,0.054938808,0.028451882,0.010513204,0.044994395,0.0089818565,0.039706986,0.056672726,0.04253984,0.026355878,0.025349852,0.06666667,0.01002763,0.020109206,0.04773937
2022-11-14,0.02031312,0.013471719,0.021770775,0.04221081,0.06666667,0.027687876,0.021893734,0.01675446,0.028926156,0.032165524,0.030271681,0.045903556,0.043299343,0.014772516,0.045712117,0.04391517,0.038572416,0.04087497,0.023993364,0.016626375,0.03830575,0.009874803,0.030524604,0.043674905,0.036154065,0.021988945,0.035288386,0.06666667,0.011335487,0.027340144,0.0430439
2022-11-15,0.020984637,0.018155454,0.018297136,0.041534714,0.06666667,0.039525516,0.015102168,0.028449375,0.022840511,0.029667659,0.042163853,0.044248495,0.03894942,0.010950757,0.041253332,0.039852206,0.037188172,0.039125524,0.024817428,0.02376109,0.042791676,0.012496286,0.026401293,0.035373885,0.029780375,0.025948618,0.032707117,0.06666667,0.008987542,0.035791826,0.039520606
2022-11-16,0.024097249,0.013207722,0.022081839,0.046510857,0.06666667,0.03417485,0.018636353,0.023154184,0.027975764,0.029326644,0.043392893,0.035809927,0.042293496,0.009742055,0.040062673,0.038972504,0.042211138,0.039138295,0.020368554,0.020462884,0.039383095,0.013683893,0.027060883,0.03690766,0.03798081,0.023435684,0.027779954,0.06666667,0.010587519,0.035203125,0.04302416
2022-11-17,0.022240983,0.011665282,0.022836996,0.038602766,0.06099319,0.03183022,0.019645415,0.022567846,0.030923981,0.027511816,0.04102459,0.03962128,0.039235767,0.010196821,0.04798645,0.038802296,0.044810627,0.041833337,0.022512171,0.019015582,0.038114,0.013319494,0.027752172,0.042248342,0.038430747,0.023335872,0.02930158,0.06666667,0.012197196,0.030655222,0.044121284
2022-11-18,0.023120932,0.011408205,0.023014624,0.039201256,0.06666667,0.043762628,0.016994255,0.02330048,0.024102887,0.02187047,0.04681728,0.03845472,0.032239333,0.0090855835,0.04108311,0.038020533,0.039068393,0.050140057,0.022218367,0.018765563,0.043707754,0.015651235,0.031299338,0.041513614,0.030367484,0.025696458,0.032755338,0.06666667,0.012340026,0.029448884,0.041217864
2022-11-21,0.022010315,0.010071923,0.021280892,0.04026985,0.06666667,0.047678396,0.017620899,0.018054767,0.019905273,0.019033048,0.044547077,0.040554605,0.029954875,0.00996398,0.038839743,0.03876084,0.035174973,0.058760706,0.024702972,0.015293573,0.04878832,0.016351579,0.03634908,0.044603307,0.027824966,0.0281926,0.033339575,0.06666667,0.01328778,0.02396871,0.041482043
2022-11-22,0.018043615,0.009798065,0.01773976,0.035586167,0.06666667,0.04793323,0.016979378,0.01838733,0.017209772,0.016892018,0.038963903,0.051667053,0.028810019,0.009750022,0.04579895,0.03910304,0.037881374,0.05722612,0.035627473,0.013474318,0.04408453,0.015458496,0.03439922,0.052294865,0.025175765,0.030702421,0.03477659,0.06666667,0.013497954,0.01787579,0.041529424
2022-11-23,0.02065062,0.009950613,0.01639814,0.041417137,0.06666667,0.04857717,0.015845323,0.015246971,0.01689169,0.017951071,0.041581534,0.047565736,0.032156963,0.011390046,0.038750418,0.042423774,0.040115118,0.053817425,0.032138873,0.013318014,0.042032193,0.015742866,0.037156053,0.051821414,0.027697131,0.030911295,0.032288894,0.06666667,0.012264234,0.018264953,0.042300984
2022-11-25,0.019927714,0.010109913,0.015831782,0.04126976,0.06666667,0.046526708,0.017255738,0.014307163,0.016344646,0.019040087,0.03824181,0.05060218,0.033059273,0.011372534,0.03845941,0.039276175,0.039904293,0.05207911,0.03422344,0.012403718,0.04263837,0.016604587,0.035485778,0.052812878,0.029236825,0.031288534,0.034901045,0.06666667,0.013149806,0.017796598,0.042516787
2022-11-28,0.018596059,0.0097794365,0.014222586,0.03690317,0.06666667,0.044312395,0.017297981,0.012595227,0.0154821,0.016986158,0.031806827,0.0598862,0.03195487,0.012522389,0.03936303,0.036765195,0.040612586,0.056190092,0.038881335,0.010984647,0.039519455,0.016203094,0.034514874,0.06119801,0.02933786,0.03143481,0.03783772,0.06666667,0.013447657,0.0151239745,0.04290693
2022-11-29,0.016965237,0.010684021,0.015372986,0.03635677,0.06666667,0.057544965,0.014885107,0.018645486,0.013544058,0.012835716,0.029117418,0.055764146,0.03182082,0.011881428,0.038269985,0.034047667,0.03450573,0.06200845,0.03759219,0.012040434,0.04307387,0.020629559,0.038541976,0.06666667,0.024700157,0.030483596,0.034847308,0.06666667,0.012815101,0.0145543385,0.036471482
2022-11-30,0.015967846,0.011732418,0.014564424,0.036113642,0.06666667,0.057251133,0.01446431,0.0151384,0.014579527,0.012711082,0.025981614,0.05651903,0.03231228,0.013919985,0.038019042,0.03324999,0.034229334,0.057272464,0.04390565,0.010990208,0.041479938,0.018766942,0.03790216,0.06615701,0.028228395,0.033346318,0.03278057,0.06666667,0.012201678,0.015461804,0.041419476
2022-12-01,0.016354933,0.010045447,0.012495137,0.038608726,0.06666667,0.048528142,0.013608032,0.011841792,0.016446391,0.014654024,0.025082823,0.0546964,0.041599285,0.018543495,0.03976607,0.038967703,0.043294434,0.044243027,0.03955577,0.010747476,0.037747007,0.018727561,0.038830098,0.06666667,0.035385143,0.031363018,0.030414028,0.06666667,0.012833453,0.013512556,0.04210802
2022-12-02,0.01838046,0.010072105,0.012532455,0.03807559,0.06666667,0.056689624,0.013875802,0.0150189875,0.0148778,0.013499068,0.030389886,0.05172764,0.042570524,0.015577667,0.033858996,0.03267114,0.044899035,0.0478793,0.035310917,0.01265091,0.033554453,0.024705738,0.040892407,0.06666667,0.03033502,0.031448346,0.03495839,0.06666667,0.012356424,0.0143395495,0.036851764
2022-12-05,0.018162247,0.00949449,0.012985181,0.040483236,0.06666667,0.053381093,0.015105112,0.015922628,0.0127463145,0.012923087,0.026074972,0.05214109,0.04585504,0.014704683,0.03228622,0.028973177,0.044217613,0.049093455,0.04034066,0.013544839,0.0299628,0.029385684,0.04312604,0.06666667,0.029148147,0.03164003,0.03712423,0.06666667,0.0143120885,0.012785403,0.03408045
2022-12-06,0.020708242,0.011666727,0.0154284295,0.042458043,0.06666667,0.04918456,0.017614517,0.024388714,0.011799394,0.012558598,0.021431554,0.041396856,0.051103037,0.016332302,0.027587937,0.022495493,0.036507007,0.046806883,0.042050198,0.019588822,0.027901554,0.038276885,0.049041316,0.06666667,0.029852087,0.03500411,0.028410744,0.06666667,0.015016715,0.014981235,0.030408038
2022-12-07,0.018743826,0.013046255,0.016341385,0.038696453,0.06666667,0.047270644,0.019977221,0.025166523,0.011398633,0.011857247,0.016611332,0.040637325,0.047973312,0.020765647,0.027608754,0.0183825,0.028799327,0.050690953,0.048298396,0.01979765,0.027984057,0.04147943,0.057659283,0.06666667,0.028755654,0.036179427,0.029460419,0.06666667,0.015663821,0.014873133,0.025881387
2022-12-08,0.019976875,0.01589848,0.015220191,0.04584042,0.06666667,0.04887193,0.019110698,0.02358308,0.009272028,0.010900544,0.014535624,0.035651967,0.04583035,0.025600208,0.021132292,0.018315313,0.024518522,0.051573485,0.049571965,0.019742547,0.029036822,0.044770785,0.06364621,0.06666667,0.0286034,0.03862006,0.024998203,0.06666667,0.015583132,0.014538207,0.025056664
2022-12-09,0.01848134,0.021458123,0.012052834,0.048947915,0.06666667,0.05212201,0.015604854,0.023671297,0.010227759,0.012136623,0.014140021,0.03126387,0.051528595,0.03165945,0.019546121,0.018514765,0.026556717,0.039911754,0.052965518,0.020737423,0.024663575,0.04575696,0.05916547,0.06666667,0.03399638,0.038538113,0.021861093,0.06666667,0.013726795,0.01627656,0.02448806
2022-12-12,0.019217433,0.035290796,0.011843727,0.040341944,0.06666667,0.05461341,0.015630582,0.030578133,0.009449911,0.015409651,0.017052133,0.03126944,0.042732626,0.031550393,0.01723596,0.016100917,0.024531702,0.036754742,0.053925954,0.026124064,0.0236031,0.04967267,0.054573063,0.06666667,0.027842268,0.0387878,0.02675574,0.056819316,0.013670071,0.02166813,0.023620978
2022-12-13,0.018609948,0.034622807,0.010876077,0.04264606,0.06666667,0.04048667,0.01759312,0.025962502,0.01238215,0.01817211,0.014378879,0.03383054,0.047916837,0.039894503,0.018702518,0.017327225,0.033216055,0.032399,0.06659595,0.024524994,0.01702343,0.04241721,0.051462714,0.06666667,0.036180735,0.037513077,0.025702829,0.04645946,0.017110012,0.016847746,0.025811506
2022-12-14,0.021439698,0.036200874,0.011987231,0.043305095,0.06666667,0.034626793,0.020110374,0.027929738,0.016773574,0.024799353,0.01611106,0.0338869,0.050338138,0.037693046,0.017675243,0.016524984,0.038360663,0.033134606,0.054669205,0.031111106,0.016775344,0.03814642,0.043389212,0.05339553,0.048454672,0.032370094,0.0233856,0.041543722,0.015965775,0.023196189,0.030033112
2022-12-15,0.021805799,0.035992354,0.012406402,0.03618963,0.063778125,0.046887644,0.016576657,0.03349919,0.01556952,0.02331972,0.022399494,0.03396721,0.04080177,0.03188294,0.019411584,0.02017164,0.04157288,0.037868377,0.049709063,0.030551007,0.020712845,0.040427875,0.042882662,0.049824964,0.040468626,0.032732565,0.022263797,0.046111222,0.01609366,0.024150949,0.029969826
2022-12-16,0.022888724,0.046499535,0.013838261,0.032773685,0.06004092,0.048016638,0.018001875,0.04363399,0.015747303,0.021850301,0.021822816,0.032804262,0.035051547,0.040578287,0.017675903,0.01849047,0.033548992,0.03921318,0.04803092,0.036887426,0.02236112,0.041593514,0.04697463,0.0409601,0.035504404,0.03525637,0.020274261,0.038518645,0.017113151,0.027695626,0.026353145
2022-12-19,0.021695388,0.05663206,0.01677635,0.031417176,0.05591241,0.05026448,0.019412681,0.044690147,0.015965538,0.023329997,0.0224495,0.030229038,0.030284453,0.041793384,0.019034367,0.020268627,0.02794083,0.033077393,0.051829305,0.03574795,0.027080696,0.041886445,0.04256511,0.032591734,0.035673413,0.03826406,0.017247943,0.03661889,0.019084238,0.03351115,0.026725255
2022-12-20,0.021549007,0.06648372,0.015036938,0.035720702,0.06465411,0.056664716,0.018370304,0.038461816,0.015249511,0.020048019,0.021881,0.028789876,0.025192894,0.04451514,0.015904095,0.018841468,0.021433951,0.03684166,0.050406966,0.032310855,0.030645764,0.040524866,0.042732313,0.02776778,0.031709705,0.045206703,0.01771424,0.03687407,0.017214993,0.03473229,0.026520526
2022-12-21,0.023112468,0.06666667,0.018684251,0.035997663,0.05532614,0.053758044,0.019828286,0.03592514,0.020307759,0.019982483,0.021703953,0.028595367,0.020966366,0.03902323,0.016758187,0.01944769,0.02090092,0.043034803,0.050970815,0.030830381,0.033625618,0.042483576,0.03627805,0.02641181,0.034627635,0.042863283,0.019886501,0.03291302,0.021537181,0.03773256,0.029820152
2022-12-22,0.020339796,0.062743165,0.018179532,0.03968804,0.06475395,0.046100143,0.01953708,0.032932006,0.017823378,0.018219402,0.0161418,0.029246544,0.018870886,0.03680166,0.016459381,0.018379044,0.022751201,0.05431769,0.06015707,0.028705949,0.03482261,0.04023434,0.037504423,0.02375275,0.034883898,0.040079247,0.022495935,0.03187542,0.034053385,0.026924603,0.031225666
2022-12-23,0.0189085,0.06666667,0.02078123,0.032255974,0.05895548,0.048850194,0.018777076,0.043270946,0.015847895,0.01816203,0.017410869,0.036651712,0.014582375,0.03177192,0.017912,0.019169541,0.021834485,0.058984302,0.06666667,0.030174904,0.03661626,0.03510598,0.036408827,0.019169796,0.025237579,0.03920896,0.026277125,0.031664938,0.039070386,0.023889693,0.02971569
2022-12-27,0.01854136,0.06611004,0.021859342,0.035275158,0.0539594,0.04104729,0.018450461,0.041037403,0.021297198,0.01942746,0.013977785,0.04081057,0.016101757,0.03690678,0.021048574,0.023834458,0.025018223,0.057136945,0.06666667,0.02937375,0.033530746,0.030796127,0.032200165,0.020188838,0.030802721,0.033828776,0.026377136,0.031443376,0.0435295,0.019532653,0.02988935
2022-12-28,0.017003907,0.06616128,0.026484828,0.03301989,0.048712723,0.03921344,0.019618468,0.043746356,0.021917522,0.021004137,0.012875447,0.042115014,0.012671489,0.035455503,0.024612857,0.027436411,0.023163281,0.06666667,0.06666667,0.026869174,0.036058817,0.024902698,0.03270257,0.016905544,0.02714763,0.029856455,0.02888556,0.02945738,0.055322595,0.015643748,0.027701937
2022-12-29,0.016719105,0.06666667,0.026997587,0.027712267,0.042955723,0.040390406,0.019452736,0.047542892,0.023959193,0.020616401,0.013280842,0.04439583,0.012746554,0.040279146,0.02535987,0.02500394,0.021055743,0.06016723,0.06666667,0.03065048,0.03905862,0.025651678,0.03184822,0.016596539,0.027082747,0.032921333,0.028709954,0.027249683,0.050487496,0.020466229,0.027308227
2022-12-30,0.017865453,0.062290285,0.027383212,0.027932784,0.038621854,0.033981416,0.020916527,0.037339404,0.028919471,0.024466245,0.014615418,0.043572918,0.0137968,0.036992677,0.026592545,0.025567848,0.024227615,0.060540978,0.06666667,0.028812319,0.039535277,0.026241839,0.029998641,0.017538635,0.031027518,0.029175473,0.03338204,0.025256319,0.054111578,0.021589482,0.031040765
2023-01-03,0.01819574,0.06666667,0.027740294,0.023093136,0.031470805,0.034339312,0.019886428,0.04213427,0.031580754,0.02815096,0.017016789,0.04234951,0.0124085685,0.037665658,0.028373737,0.025309198,0.02575556,0.050753426,0.06666667,0.033484817,0.038671628,0.025100067,0.026309647,0.0139199,0.03223975,0.03175507,0.03089631,0.022526503,0.056551065,0.027339585,0.031648178
2023-01-04,0.014557513,0.052557297,0.025709711,0.017361427,0.02806045,0.035123695,0.01831406,0.03950422,0.037705004,0.026123958,0.021998925,0.05032956,0.011790773,0.028133163,0.037905388,0.022338368,0.030484155,0.058508534,0.06289891,0.026141705,0.048605952,0.024251787,0.026719794,0.015637338,0.032329775,0.029962867,0.033612415,0.022907637,0.053043444,0.029301729,0.038080443
2023-01-05,0.00840975,0.051229067,0.019611498,0.016507182,0.035694916,0.040790312,0.015081737,0.04405114,0.034991913,0.033308204,0.02636601,0.048231233,0.012557903,0.022911113,0.04641326,0.023839228,0.031293157,0.051616445,0.06254438,0.023958657,0.05750329,0.020680882,0.03407639,0.013573758,0.030409798,0.027409535,0.03157464,0.024478294,0.038793262,0.035806376,0.036286667
2023-01-06,0.007663294,0.05763623,0.019102715,0.011608382,0.030201878,0.051780377,0.011879347,0.049128626,0.03623235,0.033793125,0.03358227,0.04565937,0.010366218,0.024889464,0.04909567,0.02617799,0.036740553,0.036538146,0.06666667,0.024978949,0.04758129,0.01912333,0.031368937,0.0100133205,0.03083017,0.030331515,0.024950517,0.022705834,0.03677515,0.04714955,0.035448764
2023-01-09,0.0071805473,0.046580035,0.017776528,0.014588559,0.032820452,0.046452377,0.010340309,0.046212118,0.044494066,0.033398144,0.03446247,0.047294278,0.010914013,0.017658263,0.061508298,0.034488477,0.043680225,0.042050432,0.06638055,0.020275762,0.051554147,0.016224077,0.025691349,0.0120777255,0.033052545,0.023008792,0.026332801,0.027315687,0.034101516,0.034263246,0.0378222
2023-01-10,0.009210745,0.03804949,0.020961737,0.009523882,0.023009416,0.034782585,0.014941556,0.039964605,0.054676753,0.039487816,0.04595864,0.055278018,0.012177234,0.017756764,0.06666667,0.028942563,0.04808586,0.03241642,0.055049848,0.023800667,0.044709615,0.016872497,0.020037657,0.012647569,0.031260125,0.025079776,0.037316248,0.021841146,0.038209323,0.043602463,0.037682317
2023-01-11,0.01034527,0.03362384,0.022828162,0.007792136,0.017032987,0.0274076,0.017063603,0.036607355,0.06666667,0.042033397,0.04656872,0.055343833,0.012701314,0.020181693,0.06666667,0.028186793,0.055722933,0.029340545,0.05142398,0.025050277,0.037965264,0.015514807,0.017228022,0.01366374,0.03879403,0.02393335,0.03594437,0.018294908,0.040344246,0.04650228,0.039227203
2023-01-12,0.013686889,0.023236116,0.027735088,0.006847511,0.012642779,0.022430575,0.021314166,0.03175579,0.06666667,0.04172956,0.051442817,0.05214737,0.015290964,0.018980052,0.06666667,0.023925321,0.058877975,0.030127577,0.035398953,0.026431276,0.0385981,0.01762944,0.014453544,0.016346635,0.051143583,0.022096362,0.037733644,0.017581822,0.04023015,0.05636069,0.040491916
2023-01-13,0.01720928,0.018959483,0.026258718,0.005576601,0.01023034,0.017229615,0.025408138,0.022295896,0.06666667,0.042565584,0.05858819,0.060416017,0.01405087,0.0148537485,0.06666667,0.019122496,0.061208665,0.02984005,0.034692742,0.027358431,0.0338009,0.01655728,0.010638716,0.016892634,0.0475623,0.02509459,0.043124538,0.0147742,0.037482984,0.065039754,0.049833912
2023-01-17,0.018853795,0.01635048,0.027575973,0.005590015,0.009754531,0.016649354,0.026508797,0.021220712,0.06666667,0.0424587,0.06666667,0.059367273,0.013873367,0.012084114,0.06666667,0.018219989,0.060306214,0.031337555,0.028780973,0.028540414,0.034540188,0.016800193,0.009814173,0.017624654,0.044608135,0.023341734,0.048112847,0.015355876,0.03461922,0.06666667,0.05104407
2023-01-18,0.019867815,0.012523508,0.034218572,0.0056878026,0.0086839795,0.016033716,0.034083128,0.021917136,0.06666667,0.04571726,0.064301774,0.052639857,0.015801584,0.011078337,0.06666667,0.016874954,0.059570942,0.031273972,0.025183715,0.033347234,0.026669417,0.0203542,0.010859107,0.020854209,0.041142184,0.0205857,0.05886982,0.01247482,0.037966263,0.06666667,0.041418992
2023-01-19,0.024705967,0.014763603,0.043332893,0.0056232745,0.009381762,0.019177869,0.03632406,0.03111508,0.06666667,0.046169683,0.06666667,0.044267256,0.017334433,0.012038309,0.06642217,0.015776921,0.04957525,0.023861734,0.019942561,0.04485311,0.029766414,0.025929898,0.012199248,0.018700482,0.038328737,0.021756377,0.04674414,0.012920624,0.033223808,0.06666667,0.035764333
2023-01-20,0.02349598,0.015374272,0.03723211,0.0056158607,0.010363621,0.024378596,0.03325225,0.023808768,0.06666667,0.04277363,0.06666667,0.048788335,0.01734388,0.016085964,0.06292593,0.017016523,0.052536402,0.021193726,0.025162755,0.037318394,0.029697035,0.025402915,0.012077108,0.017965479,0.045483768,0.025517069,0.04552085,0.014825824,0.030422648,0.06666667,0.038420316
2023-01-23,0.026671154,0.011754099,0.039573234,0.0073283515,0.01187105,0.022729006,0.03354328,0.018848054,0.06666667,0.04194867,0.06666667,0.04227074,0.024752099,0.017470997,0.06032332,0.020018687,0.058574487,0.014810293,0.020583402,0.034786835,0.024211453,0.031394355,0.011879337,0.021224042,0.05157958,0.022178585,0.046286255,0.01673303,0.031689815,0.06666667,0.03496579
2023-01-24,0.030276682,0.011161922,0.037131622,0.008809332,0.014153256,0.025235852,0.037554927,0.016442526,0.06666667,0.042703837,0.06666667,0.037596785,0.02882847,0.017229969,0.0512976,0.019384006,0.05825954,0.012105866,0.019552775,0.03505126,0.021099374,0.035665724,0.012727742,0.021264223,0.049207408,0.02714961,0.04732297,0.01840744,0.030063689,0.06666667,0.034315594
2023-01-25,0.03134954,0.011245577,0.034721244,0.01007093,0.015740545,0.02092331,0.046753086,0.014387273,0.06564409,0.0435295,0.06666667,0.038805764,0.028739588,0.019245734,0.0436075,0.017902609,0.053528655,0.012882358,0.021220956,0.034317672,0.019608637,0.037406143,0.014203101,0.021749213,0.044586696,0.028765578,0.051131245,0.015978547,0.036078196,0.06666667,0.03254337
2023-01-26,0.029212845,0.011706192,0.034494296,0.0091435565,0.01731328,0.024154896,0.039955877,0.014986149,0.060350914,0.03624633,0.06666667,0.04217836,0.028499978,0.018266683,0.050783124,0.021247888,0.056779988,0.010992453,0.022643294,0.029619941,0.020566449,0.038000867,0.013721114,0.024860047,0.041583315,0.029519133,0.052777585,0.0203061,0.033514675,0.06666667,0.03324133
2023-01-27,0.02918853,0.011793847,0.033340402,0.0080158105,0.013391479,0.021617662,0.038271386,0.011643584,0.06666667,0.042592607,0.06666667,0.039532043,0.030139806,0.02409243,0.05696777,0.027501773,0.06666667,0.007584734,0.024017582,0.024675801,0.015655784,0.030267797,0.01187907,0.021993594,0.054031044,0.028400829,0.045495726,0.017863492,0.035785772,0.059470464,0.03478918
2023-01-30,0.03108533,0.012791222,0.040470842,0.00814922,0.012197113,0.020905282,0.04372313,0.015986914,0.06666667,0.04169355,0.06666667,0.03733739,0.02856391,0.0225329,0.056660287,0.02618677,0.06666667,0.0079559265,0.020733045,0.027437879,0.017323071,0.03426626,0.01223159,0.01969575,0.047052037,0.025445677,0.043039124,0.016941926,0.044635136,0.054195702,0.030763019
2023-01-31,0.026184108,0.016099801,0.04298238,0.006977809,0.012349317,0.022483394,0.039312143,0.021193001,0.06571122,0.037017845,0.066069566,0.04921948,0.021407492,0.02158592,0.06666667,0.026318248,0.05797718,0.011251696,0.026010515,0.02709358,0.021994928,0.02705035,0.011998191,0.02036715,0.038191337,0.024037644,0.049577344,0.01882941,0.043543585,0.04936634,0.031132355
2023-02-01,0.026946416,0.015715132,0.030303556,0.008382506,0.017310264,0.027048044,0.035163276,0.016821628,0.051703785,0.031826433,0.06067739,0.05667434,0.026717374,0.035153743,0.06381246,0.030167123,0.06391041,0.010639138,0.028491493,0.022643797,0.022427857,0.027396861,0.014715077,0.024215028,0.04069527,0.030049961,0.04915935,0.0263404,0.03937645,0.03396418,0.031551253
2023-02-02,0.025278548,0.014073835,0.025554063,0.008372588,0.02088883,0.031273212,0.032947473,0.015678091,0.04422378,0.030541148,0.06541879,0.054888092,0.031623457,0.039461307,0.06340444,0.02944485,0.064942755,0.01053806,0.024958713,0.019995665,0.02256096,0.02848221,0.019444892,0.029301193,0.03751538,0.03143588,0.053615816,0.03161546,0.03218875,0.030911582,0.02942019
2023-02-03,0.027920997,0.014531209,0.02382025,0.009658761,0.020566083,0.03262443,0.026869973,0.025593335,0.03756054,0.035976607,0.06666667,0.047346346,0.04763816,0.032437216,0.062466547,0.031155674,0.06666667,0.006431355,0.018377416,0.0328517,0.020122355,0.032465406,0.018986486,0.025838766,0.03261814,0.03185303,0.04111975,0.038008552,0.023089046,0.042590383,0.02614815
2023-02-06,0.024578955,0.018582786,0.019351108,0.011643127,0.03034515,0.04509655,0.021251952,0.026939197,0.029326323,0.041918136,0.06666667,0.038741816,0.04791545,0.031010114,0.058005624,0.036930565,0.05618273,0.0058262753,0.018483441,0.030858122,0.024863759,0.028164558,0.024764879,0.023452781,0.025874166,0.039106417,0.038059972,0.045321804,0.0151057895,0.051321965,0.024309823
2023-02-07,0.021538023,0.02080379,0.019397669,0.011691482,0.026743231,0.04091829,0.022127798,0.027759802,0.03317147,0.04432591,0.06666667,0.04037537,0.048363958,0.0345411,0.06422705,0.036105268,0.048316162,0.005826145,0.022897102,0.031245386,0.023640616,0.023573427,0.02252898,0.024948034,0.029968258,0.039492406,0.033970956,0.042078275,0.013412301,0.05372859,0.025616484
2023-02-08,0.022918524,0.019043703,0.02221473,0.011951912,0.020761201,0.039089028,0.023707004,0.021506967,0.04460147,0.053506546,0.06666667,0.03517976,0.048933648,0.03587824,0.061088864,0.038646564,0.049432106,0.0048304517,0.021995135,0.027805177,0.020275857,0.020215856,0.019291108,0.023710053,0.039447892,0.037132785,0.02976559,0.037664555,0.012229433,0.062165406,0.028343754
2023-02-09,0.026926696,0.025312806,0.02249905,0.012755948,0.022081828,0.043116353,0.026549961,0.025109652,0.03672074,0.046406668,0.06666667,0.032279093,0.04437566,0.044663195,0.04824603,0.033858776,0.038968362,0.005744766,0.024528336,0.030206235,0.023994962,0.02243349,0.020895766,0.02268906,0.040418565,0.045601778,0.022632668,0.03636357,0.0124238925,0.06603826,0.029491168
2023-02-10,0.030638747,0.026046254,0.025760619,0.01394835,0.024129586,0.04909032,0.03229896,0.023182,0.03672037,0.038823623,0.06666667,0.026763774,0.03889589,0.054038018,0.037720967,0.029182432,0.033783514,0.0073497654,0.026606912,0.02751157,0.023723507,0.02750365,0.02573964,0.023776775,0.042238917,0.051475205,0.02072625,0.030974753,0.015247675,0.0611224,0.028312895
2023-02-13,0.036458977,0.028749172,0.027351147,0.014532161,0.020681659,0.041203592,0.035471573,0.01778631,0.055369258,0.03691317,0.055612754,0.025226472,0.030672627,0.06666667,0.03340032,0.028852137,0.03491925,0.010773271,0.031542618,0.022357296,0.022184936,0.023269642,0.025423711,0.023845363,0.057916638,0.051366694,0.016956247,0.022816433,0.018596621,0.04952687,0.03355642
2023-02-14,0.036260746,0.02758151,0.02471612,0.013986136,0.023844013,0.045593206,0.03028328,0.016572848,0.05070394,0.033923287,0.061938003,0.025005998,0.025272971,0.06666667,0.035929427,0.032419138,0.041094422,0.013559159,0.03405135,0.018717173,0.022950953,0.020837178,0.028524334,0.02442891,0.055548806,0.051705915,0.017098794,0.025374465,0.02097137,0.03833778,0.03610211
2023-02-15,0.0368361,0.028164113,0.025751784,0.012900359,0.022700429,0.047925517,0.027576305,0.017054865,0.05202249,0.03728463,0.06666667,0.02502071,0.024590624,0.06286293,0.034534357,0.03380645,0.04438045,0.012337151,0.031819798,0.019444995,0.0210351,0.01998866,0.028925149,0.021952622,0.051467218,0.049409024,0.017906625,0.025310243,0.020587245,0.043544974,0.036192417
2023-02-16,0.03323938,0.03221933,0.032831345,0.0121921655,0.017068744,0.03641846,0.030391285,0.023222884,0.06666667,0.04181471,0.055673625,0.02253605,0.024033358,0.06292561,0.043602858,0.033497483,0.043414477,0.0121649625,0.03508608,0.022429535,0.019524898,0.019155964,0.026325563,0.019642869,0.05447376,0.0399828,0.017644452,0.019926725,0.029361436,0.03976958,0.032762937
2023-02-17,0.03396183,0.03652208,0.037118237,0.011534465,0.016591331,0.039573118,0.032991257,0.030861136,0.06666667,0.036568582,0.05191453,0.021399012,0.022195108,0.06434631,0.041776948,0.027445097,0.032645747,0.014189116,0.03620818,0.027404971,0.019699939,0.021271165,0.028010411,0.02036207,0.046828363,0.044139143,0.018051844,0.017827045,0.026751826,0.046058897,0.02908558
2023-02-21,0.028443048,0.029446146,0.035776615,0.015359862,0.02386127,0.045244597,0.032110803,0.025562365,0.052740343,0.027375601,0.037045535,0.02428985,0.022659859,0.058758143,0.046819,0.030741645,0.028883794,0.022393437,0.047225166,0.01961377,0.0260184,0.020572985,0.03741956,0.032469817,0.04374645,0.04892059,0.019456165,0.024497388,0.028153848,0.029649483,0.034744464
2023-02-22,0.026988858,0.02825079,0.047948293,0.016147366,0.02239518,0.05510691,0.030469686,0.031895176,0.06596282,0.022048168,0.03134464,0.021290185,0.020587727,0.0459367,0.05205259,0.03131165,0.020598074,0.026172554,0.044393845,0.017910728,0.02957862,0.01975317,0.036188055,0.038233515,0.040034853,0.044491887,0.018841099,0.028743537,0.022947215,0.02971738,0.03265872
2023-02-23,0.023207264,0.029000767,0.044314444,0.016738467,0.025602179,0.0592788,0.02403427,0.03757624,0.06116159,0.022202348,0.028889442,0.019575898,0.023178855,0.044031218,0.060258646,0.035036284,0.018437171,0.021852117,0.046879,0.018879859,0.030483676,0.018410493,0.036783047,0.04369302,0.0384303,0.04412734,0.015840655,0.03472949,0.016860882,0.029956395,0.03054985
2023-02-24,0.021640087,0.026495067,0.031392824,0.018354736,0.039045498,0.06666667,0.020697758,0.024990313,0.046626914,0.025500415,0.039310332,0.018511344,0.02871171,0.04127872,0.05010004,0.036020733,0.019584956,0.016987246,0.039981928,0.015973048,0.032269392,0.018458005,0.04162908,0.04156836,0.04126857,0.049342547,0.0149890855,0.048250347,0.010098866,0.042440463,0.031814948
2023-02-27,0.019446246,0.03184018,0.03187881,0.020499373,0.04513224,0.06666667,0.0198135,0.027948432,0.038938213,0.027768275,0.03932595,0.018208971,0.027561946,0.04127483,0.045431323,0.036722813,0.018014437,0.015686866,0.040164463,0.016469385,0.033338577,0.018156169,0.047856282,0.031074634,0.037954737,0.048697896,0.013979453,0.0530578,0.0101698935,0.04807122,0.028850425
2023-02-28,0.017066889,0.03155038,0.03248177,0.021772701,0.04910039,0.06666667,0.019866113,0.02661608,0.036278713,0.033957776,0.04106828,0.018210724,0.031013386,0.04033476,0.044735964,0.040321633,0.01883907,0.012307889,0.036572587,0.016665066,0.03401286,0.01851474,0.04954445,0.025709448,0.03778761,0.04149032,0.014254662,0.053524997,0.010581728,0.052752335,0.026400007
2023-03-01,0.016944205,0.03259917,0.042011242,0.021457525,0.03913462,0.06520026,0.023142405,0.03259769,0.042300694,0.03741621,0.036365263,0.01787947,0.034804296,0.038626444,0.0496567,0.038060766,0.020288965,0.010228326,0.03499282,0.021021102,0.027645804,0.02097546,0.045807704,0.02395056,0.03693294,0.035840143,0.01521826,0.044974506,0.01375141,0.056647953,0.023527076
2023-03-02,0.018520076,0.03630286,0.05839643,0.025049796,0.037421044,0.058168836,0.025622431,0.035277233,0.043041136,0.041538596,0.035088375,0.016136175,0.032707177,0.030773764,0.04370728,0.041899078,0.016788263,0.010911612,0.030241491,0.022506803,0.0328535,0.021680512,0.041909587,0.019034786,0.034414332,0.031203415,0.014577178,0.040506512,0.016092235,0.06345292,0.024176568
2023-03-03,0.02041265,0.03392829,0.059126858,0.031882945,0.03955092,0.04801577,0.027657555,0.03798666,0.047880616,0.041045792,0.028801493,0.017157624,0.036292747,0.029964436,0.042669628,0.045195777,0.016671274,0.014679806,0.028788922,0.025213342,0.032934375,0.022203596,0.04013619,0.022719927,0.03405583,0.028123202,0.017321238,0.03917751,0.01854717,0.047858883,0.02399898
2023-03-06,0.024199981,0.030807985,0.060949627,0.027704747,0.030832913,0.036921196,0.03010411,0.033693716,0.06666667,0.05181264,0.036681425,0.01706553,0.035426117,0.021777127,0.048454367,0.042304154,0.018266069,0.0153863365,0.023362186,0.023568623,0.03369845,0.018972268,0.03047445,0.024360921,0.03683902,0.024610043,0.020470701,0.034160323,0.015870817,0.056515317,0.028042164
2023-03-07,0.02320362,0.025999648,0.05905038,0.024815168,0.031739164,0.051248547,0.027170086,0.039436765,0.05148551,0.05140843,0.04849419,0.018531524,0.027787099,0.015728239,0.0507868,0.044533838,0.020210538,0.018699424,0.024763398,0.02476762,0.03578111,0.018435586,0.030645164,0.020232134,0.03000341,0.025856785,0.022742977,0.040837966,0.016366504,0.052882288,0.026356084
2023-03-08,0.027182778,0.023978516,0.064488605,0.019009076,0.024327751,0.053445496,0.031360146,0.05190034,0.042575844,0.043190695,0.050249245,0.019907631,0.023094403,0.013336516,0.04707891,0.029725159,0.02020048,0.02305475,0.02917694,0.034553792,0.03252807,0.02351749,0.02747535,0.020832658,0.02710491,0.03250688,0.02297764,0.033543643,0.020046372,0.06114279,0.026487127
2023-03-09,0.028901732,0.0195439,0.058934577,0.0189027,0.024407063,0.043722082,0.036833197,0.042153303,0.041512504,0.04469845,0.051901978,0.019947568,0.027751014,0.013008911,0.0479732,0.026449528,0.022179376,0.024037676,0.027275128,0.034923866,0.032735463,0.02497024,0.02798077,0.026015885,0.030220466,0.03338201,0.023942757,0.031758413,0.01902186,0.06594583,0.028968561
2023-03-10,0.034490086,0.019455085,0.0665577,0.016402023,0.022611154,0.049007483,0.042287964,0.047906835,0.03515579,0.03569245,0.05625294,0.020225808,0.022996746,0.012080231,0.03680554,0.0189486,0.019611878,0.031986337,0.025174983,0.03646886,0.033301096,0.030318897,0.030328112,0.026515726,0.025929218,0.035811458,0.024716625,0.02856345,0.02011145,0.06666667,0.02761881
2023-03-13,0.028920759,0.022882016,0.060246065,0.018484563,0.026211493,0.058572263,0.036647893,0.05268774,0.030214008,0.03140949,0.04475302,0.023245972,0.022802006,0.015442422,0.03697314,0.020021496,0.019747099,0.034367114,0.03298937,0.03401857,0.032349203,0.029175663,0.036948446,0.030085439,0.024708407,0.037440594,0.024403797,0.033469878,0.020435411,0.05413425,0.026212404
2023-03-14,0.026726065,0.02280408,0.05740659,0.02161418,0.0281081,0.058452867,0.030914161,0.06551119,0.033782627,0.02848471,0.039505024,0.017863683,0.02760743,0.01741218,0.039580658,0.021971526,0.019122832,0.03477693,0.02626506,0.034498215,0.036454573,0.031146118,0.046268698,0.033329614,0.026305225,0.031611107,0.019632202,0.039127372,0.019120352,0.041941762,0.02265487
2023-03-15,0.022186534,0.019510927,0.048026312,0.024917286,0.030969968,0.057131495,0.026069734,0.057294883,0.040985648,0.035957694,0.037092146,0.019345812,0.040378004,0.023252187,0.048811257,0.03133157,0.025646897,0.021274108,0.026514081,0.03219745,0.02877886,0.02322257,0.047289062,0.03341124,0.03232951,0.028023131,0.018205386,0.049039286,0.015755225,0.032493908,0.022557838
2023-03-16,0.02062681,0.017181106,0.04641211,0.024443202,0.029378628,0.06440377,0.020891208,0.06666667,0.0365575,0.032306794,0.042722806,0.017590301,0.045056727,0.024100365,0.054940175,0.041213457,0.027612323,0.0177004,0.01874917,0.03487478,0.029026676,0.023036404,0.052860893,0.032228798,0.0255319,0.022287749,0.015001346,0.06125703,0.01477351,0.023491176,0.017076219
2023-03-17,0.015032177,0.010998892,0.035159674,0.021211792,0.030779563,0.058961567,0.016008895,0.058412388,0.04292211,0.036374692,0.045380358,0.020468725,0.063998856,0.023295635,0.06666667,0.053351678,0.035756107,0.01098074,0.016041577,0.027457638,0.027040996,0.018719874,0.04494194,0.039236195,0.02806422,0.018482089,0.017787142,0.06666667,0.010802065,0.021696806,0.017302278
2023-03-20,0.016084785,0.010337636,0.040426567,0.01900809,0.030131793,0.060870234,0.014865611,0.06666667,0.03754054,0.036695126,0.05767758,0.016835239,0.061083626,0.022564309,0.06666667,0.06017148,0.037140734,0.009177521,0.010571784,0.027567536,0.026412793,0.020218752,0.052554302,0.031330086,0.022728816,0.01494992,0.016217409,0.06666667,0.011842486,0.021328826,0.013666411
2023-03-21,0.016253587,0.010669384,0.03271695,0.0226973,0.03952226,0.054207437,0.013803606,0.060624193,0.03138874,0.034739383,0.05274469,0.020185266,0.05484241,0.01943212,0.064933166,0.06424838,0.044127803,0.013642262,0.013169535,0.02473617,0.028485682,0.020211333,0.053996567,0.038724244,0.02303852,0.014878593,0.019233234,0.06666667,0.013366156,0.01705678,0.015657585
2023-03-22,0.01883922,0.010473623,0.040004194,0.020856874,0.035836797,0.046268858,0.0137921935,0.057065386,0.03476186,0.039791558,0.052357707,0.022586705,0.052804526,0.01789122,0.066420294,0.06666667,0.0514598,0.011813535,0.013279803,0.02509674,0.026370432,0.020216266,0.042883303,0.034029048,0.023899509,0.013078692,0.023749933,0.06666667,0.01781994,0.016790446,0.016428204
2023-03-23,0.019252934,0.012313761,0.037652228,0.017275335,0.033302337,0.06049899,0.012667481,0.061146643,0.03226047,0.04121583,0.06666667,0.02583561,0.04420398,0.019365158,0.06450669,0.06666667,0.056661747,0.009617286,0.01238186,0.02338062,0.02668804,0.018812006,0.040468283,0.025922617,0.020503521,0.014256075,0.020619849,0.06666667,0.01564872,0.01910541,0.01443652
2023-03-24,0.022776505,0.011759001,0.035862222,0.017453527,0.03345242,0.06415589,0.01287795,0.05466451,0.029013494,0.038895626,0.06666667,0.026462037,0.04492267,0.021422043,0.05319883,0.06666667,0.06666667,0.008813394,0.0117296325,0.023670712,0.022421427,0.023445878,0.042179342,0.025309097,0.020210939,0.015232417,0.021201853,0.06666667,0.019401142,0.018382145,0.014418636
2023-03-27,0.023379259,0.01078446,0.0319229,0.020441266,0.03483938,0.05393232,0.01560798,0.039645184,0.03202455,0.040145174,0.06666667,0.03232473,0.04235443,0.023809727,0.051363975,0.06666667,0.06666667,0.013382418,0.0140916575,0.02063899,0.022365589,0.01936633,0.04609119,0.02823689,0.022765271,0.016176041,0.024303457,0.06666667,0.021764155,0.014034102,0.017541902
2023-03-28,0.021205995,0.00946228,0.026818115,0.020706791,0.04294532,0.063165955,0.015883503,0.027076365,0.028753905,0.033745047,0.06666667,0.044165004,0.037459377,0.024727203,0.053029347,0.06666667,0.06666667,0.014758511,0.018003978,0.014142648,0.024932768,0.016418252,0.044129245,0.03225688,0.022592384,0.018904397,0.027835751,0.06666667,0.018889604,0.012312416,0.019012293
2023-03-29,0.021095024,0.01095065,0.029782666,0.020031802,0.039181888,0.06666667,0.015717717,0.031808857,0.031044556,0.037093166,0.06666667,0.04559586,0.032274544,0.021638066,0.054562967,0.06666667,0.06666667,0.015718905,0.017907286,0.015288672,0.025187127,0.015427119,0.039588112,0.027426736,0.019879611,0.017643005,0.031481188,0.06666667,0.01912602,0.013293094,0.017922027
2023-03-30,0.020992067,0.011112178,0.028311532,0.021803081,0.036528263,0.05129968,0.016675731,0.034288842,0.035762247,0.04190919,0.06666667,0.046242435,0.03637091,0.021709396,0.057646345,0.06666667,0.06666667,0.01417241,0.020192802,0.0182337,0.020719467,0.014906305,0.0351563,0.025784971,0.023106461,0.017378297,0.03004207,0.06666667,0.02157039,0.012529815,0.01888845
2023-03-31,0.025339592,0.011479638,0.033424776,0.02097802,0.03111192,0.04496246,0.019429345,0.03781317,0.03843951,0.046293996,0.06666667,0.04624118,0.03294034,0.01970981,0.05505286,0.06666667,0.06666667,0.01611545,0.018400282,0.02088212,0.02183995,0.015507211,0.032019366,0.023228394,0.02380214,0.01628727,0.029938309,0.060503773,0.025305884,0.013480812,0.01947242
2023-04-03,0.032140378,0.011247673,0.033766575,0.02289636,0.03478531,0.038571753,0.020549288,0.03954424,0.032743793,0.04910854,0.06666667,0.044551674,0.034190692,0.016054178,0.045267943,0.06666667,0.06666667,0.018760515,0.014837997,0.023506869,0.024220685,0.018700736,0.032756284,0.023684159,0.02290611,0.015449104,0.03129028,0.057288293,0.02679438,0.014327801,0.020058395
2023-04-04,0.043879468,0.012235229,0.034612548,0.025256692,0.036701538,0.034761567,0.022363639,0.038774703,0.028528074,0.046881113,0.06666667,0.04402801,0.029849116,0.017105173,0.031641643,0.06666667,0.06666667,0.024679268,0.0135928085,0.0251169,0.025595712,0.021890854,0.033286087,0.0224714,0.022938862,0.015563493,0.032145277,0.050551828,0.03281024,0.013011221,0.019727536
2023-04-05,0.04151552,0.012456662,0.035828423,0.016743304,0.025746992,0.03397658,0.0237852,0.04309383,0.0379286,0.04673392,0.06666667,0.04787577,0.024038555,0.01840987,0.037063956,0.059851848,0.06666667,0.029978888,0.015464804,0.026888115,0.024364768,0.022064364,0.031251766,0.023418333,0.023775663,0.01648084,0.038168512,0.037610345,0.03729604,0.014150803,0.0207044
2023-04-06,0.035790853,0.013689237,0.026339905,0.020839714,0.031238068,0.035150155,0.0221093,0.039010443,0.03802,0.03815562,0.05732517,0.049117032,0.023594536,0.025150353,0.033374578,0.05616342,0.06666667,0.042198557,0.019693155,0.023707682,0.02794276,0.020827727,0.038416747,0.027538352,0.027733684,0.019485803,0.032829586,0.0387457,0.035493467,0.0110253915,0.022626331
2023-04-10,0.030882025,0.013967012,0.024523674,0.019150233,0.028008696,0.03657838,0.020160718,0.038880963,0.043911926,0.03930917,0.05552219,0.047889244,0.022595678,0.025226716,0.04047319,0.053991925,0.06666667,0.04588814,0.01967123,0.022193445,0.030649895,0.01863766,0.037670795,0.028858837,0.028697744,0.019436399,0.033928953,0.039880913,0.030889697,0.011712613,0.024145273
2023-04-11,0.029012302,0.01659431,0.025231428,0.020798642,0.029920395,0.03532014,0.020875793,0.04359147,0.035426017,0.03794848,0.045295235,0.053083457,0.023046924,0.022857534,0.038695574,0.05143653,0.060949933,0.050161343,0.02158764,0.025010325,0.033835422,0.019876154,0.0344415,0.027857581,0.026798807,0.0185377,0.03927504,0.041555252,0.034283765,0.012280323,0.024414985
2023-04-12,0.025843032,0.019425893,0.02415784,0.024282774,0.036941923,0.033410482,0.022696827,0.03873876,0.03056727,0.03665964,0.036041994,0.056778822,0.02141935,0.02073082,0.034804773,0.043537028,0.048077494,0.06666667,0.025272582,0.022918653,0.04020454,0.019581994,0.03672967,0.02856501,0.02464614,0.019813519,0.04830194,0.0388504,0.035463862,0.012550534,0.02631977
2023-04-13,0.02419721,0.022385813,0.026501965,0.025226988,0.03957807,0.03549232,0.02601592,0.0333672,0.031006947,0.03650137,0.030986926,0.058255788,0.017669592,0.02055715,0.031424623,0.035777424,0.038225632,0.06666667,0.028542044,0.020520527,0.044848125,0.018313274,0.041236635,0.027712444,0.024165366,0.021978507,0.058651015,0.035375055,0.03670078,0.014002124,0.028116502
2023-04-14,0.021948101,0.019997215,0.02876863,0.021727968,0.033529807,0.03385577,0.024642464,0.031652085,0.038608618,0.0353065,0.03141322,0.056949887,0.016283637,0.016255995,0.038577937,0.03321089,0.040890433,0.06666667,0.030562147,0.020453628,0.04429857,0.019444244,0.033811126,0.026834669,0.025690962,0.020613624,0.06666667,0.03386209,0.04232387,0.014736987,0.030415585
2023-04-17,0.018034745,0.025134867,0.026807297,0.020921165,0.036745537,0.039675213,0.021338126,0.03955983,0.031597234,0.035183158,0.031463154,0.06666667,0.015179209,0.013860383,0.04187109,0.030250771,0.03866653,0.06666667,0.03551207,0.021879366,0.04135407,0.018606529,0.029180303,0.022669405,0.02227752,0.02167025,0.06666667,0.039641798,0.036390252,0.016540445,0.027989678
2023-04-18,0.017617326,0.025998313,0.026615847,0.022428256,0.03958003,0.03890906,0.02512277,0.037545543,0.026611593,0.033728234,0.031794585,0.06666667,0.014408646,0.012298584,0.03922044,0.025703514,0.03605453,0.06666667,0.037876997,0.02223023,0.042907037,0.020024592,0.030346382,0.022172755,0.020897709,0.02339226,0.06666667,0.03923431,0.040648304,0.01813404,0.028498113
2023-04-19,0.016211715,0.02597291,0.029038971,0.018619586,0.037547372,0.043498307,0.026960054,0.037522428,0.027802087,0.03455102,0.034719087,0.06666667,0.013360356,0.011240023,0.044623695,0.024209857,0.034288026,0.06666667,0.039607476,0.021763679,0.039813757,0.02113881,0.028070774,0.02232418,0.01926796,0.02331238,0.06666667,0.036885977,0.040848423,0.021340763,0.025460327
2023-04-20,0.015599074,0.030114831,0.028130503,0.021601934,0.03600226,0.04158839,0.029774176,0.050746318,0.03242798,0.0357523,0.031303022,0.05700178,0.015126105,0.012014153,0.039974794,0.018113451,0.030698936,0.06666667,0.036465287,0.02945729,0.035528425,0.024293749,0.02890797,0.019259965,0.022425495,0.023890289,0.06666667,0.032119565,0.0395439,0.025778864,0.023025857
2023-04-21,0.01579197,0.027149014,0.03729573,0.025939118,0.036149923,0.045949314,0.033334874,0.05432297,0.034279857,0.031829674,0.026976954,0.044475537,0.016146427,0.011175481,0.037469182,0.018326778,0.023654193,0.06666667,0.028681014,0.027482478,0.04042859,0.029508153,0.033181682,0.022371542,0.02301026,0.020549707,0.06666667,0.034069832,0.03928508,0.027136378,0.020694958
2023-04-24,0.01424014,0.027445516,0.03734569,0.026837897,0.036636382,0.050222266,0.024193563,0.06520915,0.036544193,0.02953149,0.027143953,0.04086603,0.016917165,0.009807577,0.044771172,0.023724413,0.024005538,0.06666667,0.025810886,0.024645917,0.0413783,0.02695322,0.02964507,0.024574269,0.022268891,0.016488066,0.06666667,0.04333734,0.03164329,0.02402617,0.020453108
2023-04-25,0.0154575575,0.028602246,0.042142216,0.03017634,0.038205396,0.0474233,0.02593239,0.064622015,0.039947778,0.030604715,0.025548123,0.034622367,0.016675083,0.008919439,0.041399296,0.023134759,0.021404658,0.06666667,0.024385663,0.023795491,0.042722646,0.02831337,0.029642196,0.0242279,0.023616036,0.015348271,0.06666667,0.04169624,0.032729484,0.025094846,0.02027684
2023-04-26,0.017391397,0.038335543,0.05382025,0.027773425,0.034561265,0.04751533,0.025724787,0.06666667,0.034279823,0.026165696,0.021119008,0.029734915,0.011692624,0.008745711,0.036932796,0.020743027,0.016248943,0.06666667,0.026447408,0.026006507,0.053123213,0.031972725,0.03351496,0.027933087,0.022494664,0.015545957,0.05518508,0.038844053,0.03764231,0.027813092,0.019359063
2023-04-27,0.016471276,0.030676689,0.06377314,0.021058347,0.036946718,0.06666667,0.021322189,0.06666667,0.04024308,0.022596875,0.028047577,0.021306738,0.017840391,0.015036721,0.038963802,0.02625148,0.017617384,0.042629067,0.0162791,0.022269096,0.047233213,0.037822768,0.04534399,0.026450466,0.024891142,0.014840639,0.04035197,0.050078925,0.029543618,0.034122445,0.016657816
2023-04-28,0.016592689,0.021649357,0.04190751,0.017921008,0.033202134,0.05141797,0.025495112,0.04235341,0.043729857,0.023695024,0.030377364,0.039930474,0.019943956,0.018292716,0.05100747,0.023917012,0.033373028,0.039433185,0.02820415,0.020701088,0.030972036,0.034252778,0.03433073,0.03096338,0.030576,0.018828869,0.06262945,0.048580837,0.038130272,0.024834424,0.022756713
2023-05-01,0.01674123,0.023856604,0.03282258,0.022928566,0.042731684,0.0465455,0.027022772,0.046092585,0.026662804,0.025208246,0.026714802,0.04497945,0.024577746,0.019025916,0.04212331,0.024121648,0.035939787,0.03372381,0.037550423,0.024402648,0.02406629,0.037692845,0.03584172,0.032782897,0.026456906,0.020974701,0.06666667,0.050680663,0.042119462,0.01920603,0.019739708
2023-05-02,0.013889692,0.021684634,0.02263855,0.024249934,0.05204627,0.05457026,0.022516396,0.0398223,0.016115235,0.021638183,0.025528632,0.04996264,0.028180981,0.019237136,0.040363174,0.024645476,0.041489776,0.02755155,0.05007468,0.021512877,0.019021517,0.035951123,0.039286535,0.039271023,0.02119228,0.027265383,0.06666667,0.060622156,0.03777781,0.015236067,0.019991063
2023-05-03,0.013476051,0.021390667,0.024503505,0.0209572,0.04565256,0.06426789,0.022446487,0.04798066,0.018042225,0.016587792,0.024357902,0.042585842,0.029270472,0.02099771,0.04094911,0.019194668,0.036699403,0.027903885,0.051404167,0.021035932,0.019167306,0.044695944,0.043179814,0.04811058,0.021498432,0.03127723,0.056156296,0.055065606,0.035999056,0.015797894,0.01934772
2023-05-04,0.016595323,0.02135197,0.027928464,0.02008036,0.041631993,0.057794236,0.028348416,0.040374026,0.016707608,0.017098967,0.025187511,0.044580303,0.02839191,0.023356885,0.03601895,0.016691035,0.036002122,0.02710054,0.05781504,0.022280347,0.01718962,0.050694253,0.041584224,0.04698468,0.020965032,0.037512805,0.054543756,0.043585204,0.043005668,0.017382197,0.021216556
2023-05-05,0.017928267,0.017236918,0.028309034,0.01825014,0.036648773,0.063366525,0.035579335,0.027055629,0.021312762,0.014128749,0.024385981,0.043515112,0.02694014,0.029684028,0.032215614,0.013004419,0.032542676,0.034822833,0.050938524,0.01897074,0.017285388,0.053943463,0.046658173,0.05380043,0.023536548,0.04142571,0.057783455,0.038119607,0.039296072,0.019090757,0.022224195
2023-05-08,0.020078829,0.014642995,0.023232883,0.017860107,0.043264538,0.057769667,0.034638252,0.01726081,0.02196556,0.015695577,0.031016659,0.039358284,0.02702768,0.02892133,0.03232087,0.013809235,0.04042441,0.03203739,0.047108144,0.01655917,0.01855313,0.05263296,0.045198247,0.05416858,0.02685791,0.044718865,0.059529763,0.03708436,0.039739355,0.020565994,0.025958452
2023-05-09,0.020820098,0.014262197,0.025478033,0.015930837,0.033294544,0.052715335,0.033919383,0.021384558,0.024441792,0.017167691,0.03300518,0.04333322,0.025868833,0.023967436,0.03703727,0.014523509,0.04855811,0.029625608,0.046988536,0.01987322,0.017287528,0.055090986,0.035478022,0.050018013,0.027469812,0.04060372,0.06084627,0.03512416,0.04767618,0.022333065,0.025876852
2023-05-10,0.025130093,0.013025137,0.03285497,0.01221387,0.021093067,0.039886486,0.04216108,0.018903352,0.034158595,0.018490648,0.035312817,0.04924715,0.023540188,0.023069138,0.041003443,0.013851299,0.05266499,0.029094411,0.042941496,0.020064864,0.016111244,0.051973283,0.026780002,0.050108224,0.031816702,0.036902748,0.060505707,0.027076531,0.05305349,0.027888533,0.029076448
2023-05-11,0.025344146,0.011142083,0.031199042,0.010153547,0.014654181,0.03230467,0.04257097,0.018191187,0.05182512,0.020903599,0.03743057,0.04599553,0.023284724,0.023949806,0.05015659,0.012525614,0.05320095,0.03245135,0.034388866,0.022948794,0.01886606,0.04829075,0.023187472,0.049178496,0.039711103,0.035691302,0.05268746,0.022296932,0.04870006,0.03399028,0.032778747
2023-05-12,0.026351951,0.010285405,0.0332945,0.012028918,0.017432624,0.037390232,0.04292439,0.016814772,0.052047744,0.02089462,0.04161721,0.04133456,0.023738155,0.027040865,0.044580635,0.012704095,0.045187246,0.038388025,0.022426605,0.024717616,0.02299925,0.048418853,0.028899781,0.043399245,0.039153527,0.033163946,0.053160086,0.026410451,0.039405134,0.041883573,0.031905983
2023-05-15,0.022896072,0.008918588,0.030331412,0.011430138,0.017479856,0.036549542,0.044451334,0.0128931925,0.05622106,0.02102523,0.039944213,0.04122085,0.021042682,0.027305424,0.046440974,0.013375351,0.042215407,0.05436674,0.021327548,0.020256046,0.026565699,0.041509926,0.033570778,0.047881007,0.038093876,0.030575858,0.05936531,0.02432802,0.035863392,0.0389147,0.03363977
2023-05-16,0.020928377,0.010508266,0.03279452,0.012228464,0.018706908,0.038846076,0.039645795,0.015111863,0.055994514,0.024664933,0.040312275,0.040705945,0.023794815,0.024262924,0.052219372,0.015441763,0.039349575,0.042931926,0.02124269,0.021565616,0.02859985,0.03860884,0.029844834,0.048132803,0.03914345,0.028811835,0.05582986,0.02819698,0.028537568,0.049446717,0.033590645
2023-05-17,0.021284726,0.013077526,0.032656047,0.010723896,0.018088147,0.05286331,0.029121805,0.023170615,0.060316235,0.028436316,0.063828416,0.030067386,0.02653281,0.022608116,0.05022525,0.015533388,0.037202306,0.027216297,0.015161002,0.026091242,0.03213744,0.044300277,0.03008829,0.035817597,0.038996246,0.030736906,0.036439802,0.031448904,0.0188002,0.06666667,0.030362837
2023-05-18,0.026008224,0.013467062,0.027584158,0.013708275,0.024954367,0.03989622,0.03805021,0.015560091,0.051188894,0.030896321,0.05694827,0.032022122,0.034141336,0.027867923,0.036584746,0.012418328,0.03666145,0.025289414,0.014077839,0.025209326,0.03235211,0.049971856,0.030800493,0.03648664,0.047389716,0.033944543,0.040589157,0.028983172,0.018897662,0.06666667,0.031383406
2023-05-19,0.034021474,0.012345834,0.030479135,0.012908785,0.022026785,0.032348227,0.04820224,0.0161711,0.045888137,0.028550133,0.057960708,0.029806253,0.031828996,0.02302498,0.027288146,0.00798548,0.03656139,0.026384884,0.012307578,0.032617263,0.027664859,0.06666667,0.027618904,0.032804634,0.045486297,0.03912183,0.04736535,0.020403683,0.027927889,0.06666667,0.029565698
2023-05-22,0.0347876,0.014678702,0.027956873,0.014051484,0.025866535,0.0416271,0.040628944,0.019316057,0.040848028,0.02958428,0.06666667,0.030283924,0.030420475,0.021978192,0.022852551,0.008820319,0.034121253,0.02614954,0.010907926,0.03710016,0.031108135,0.06666667,0.029535165,0.026963945,0.03744173,0.042043317,0.048357498,0.022387447,0.023554144,0.06666667,0.026628675
2023-05-23,0.058654904,0.023506952,0.029209191,0.018173331,0.02335737,0.036157303,0.035351276,0.026604025,0.032245405,0.032172885,0.06666667,0.02594085,0.033609353,0.021696704,0.015458214,0.010618647,0.030282812,0.021588938,0.0078663835,0.057041768,0.036188494,0.06666667,0.02418542,0.021533176,0.032560926,0.044680893,0.031489845,0.022203404,0.020209113,0.06666667,0.02741242
2023-05-24,0.06552766,0.03444857,0.030038074,0.024704458,0.023875866,0.029499922,0.031759758,0.035712607,0.025870355,0.03319969,0.06666667,0.023711767,0.03715397,0.031546924,0.011244454,0.014404073,0.030565029,0.015903078,0.008035952,0.06666667,0.027221968,0.06666667,0.02428579,0.016266184,0.03356705,0.037169892,0.020341322,0.022097731,0.021114051,0.06666667,0.024067141
2023-05-25,0.06191458,0.037893012,0.035873547,0.024584137,0.02278723,0.03381725,0.029850073,0.042890552,0.03227482,0.033402335,0.06397915,0.019173441,0.034084436,0.036007803,0.011006791,0.015304845,0.026258051,0.01474723,0.007825079,0.06666667,0.026979333,0.06666667,0.026319537,0.01449151,0.036428712,0.032454886,0.01675406,0.021615906,0.02066025,0.06666667,0.020621449
2023-05-26,0.049121484,0.033629425,0.025229873,0.023259426,0.035960887,0.054804083,0.021853924,0.02977466,0.032307826,0.040273737,0.06666667,0.01843333,0.04264043,0.04080394,0.013638572,0.02246895,0.030308448,0.010154887,0.0070784944,0.043677203,0.03115283,0.054876514,0.03382149,0.014835026,0.0365346,0.038710907,0.01524025,0.034974113,0.0109314,0.06666667,0.020169957
2023-05-30,0.05224792,0.032371193,0.024150701,0.02284642,0.034261525,0.046590813,0.025566993,0.029163603,0.03131997,0.040995058,0.06666667,0.017836042,0.047605246,0.04960304,0.012382764,0.020218773,0.03153872,0.009065023,0.0065011107,0.045477048,0.02743638,0.05844869,0.03425648,0.014122857,0.039120078,0.037421938,0.014652165,0.03078083,0.012507032,0.06666667,0.018178267
2023-05-31,0.050190173,0.034596562,0.024458505,0.0208263,0.033895504,0.05000122,0.025566373,0.03644951,0.030185822,0.039672017,0.06666667,0.016026454,0.044903245,0.04823447,0.013049396,0.018800434,0.029322458,0.008584209,0.006286033,0.048151407,0.0281825,0.062372457,0.035775974,0.013077684,0.035062104,0.03908559,0.014765139,0.030469244,0.012971568,0.06666667,0.015704313
2023-06-01,0.043970186,0.03581733,0.0210966,0.017110202,0.029964477,0.050132725,0.023364836,0.038362004,0.0389474,0.032836344,0.06666667,0.017736815,0.039404206,0.058335476,0.01611972,0.016723623,0.028035687,0.011681922,0.008506529,0.045100074,0.030050082,0.055050857,0.038418952,0.015581369,0.036233056,0.04450034,0.014835157,0.027492188,0.013193103,0.06666667,0.018065406
2023-06-02,0.045505073,0.02947178,0.024352448,0.01894308,0.03142531,0.043280154,0.026593534,0.0296555,0.04099775,0.037932023,0.06666667,0.019720297,0.044911765,0.055104237,0.018229695,0.020390002,0.029288448,0.0110764885,0.007859512,0.04110537,0.030286672,0.052990846,0.037727825,0.018677153,0.035402004,0.03674461,0.018857058,0.029012308,0.013736244,0.06666667,0.017389482
2023-06-05,0.055530325,0.023544226,0.037539452,0.024151215,0.028387802,0.027022375,0.037823316,0.027323404,0.048147053,0.037692256,0.06086473,0.02024654,0.04088,0.03684096,0.01876199,0.021509022,0.025978446,0.019055584,0.006817772,0.03746273,0.038418684,0.051085483,0.030612206,0.023179697,0.03748566,0.02585394,0.025553316,0.0240022,0.02200553,0.06666667,0.019557422
2023-06-06,0.06630089,0.021246124,0.053547475,0.022853311,0.021931237,0.028962715,0.03707076,0.033786744,0.05347875,0.035817392,0.06666667,0.01739734,0.032545503,0.025572143,0.018721301,0.02335727,0.022835728,0.022355707,0.00506796,0.0354084,0.044817466,0.049159896,0.0285395,0.020918945,0.03361864,0.021576013,0.02247517,0.025347253,0.02252537,0.06666667,0.019431658
2023-06-07,0.06428799,0.021070642,0.06666667,0.023450669,0.019812305,0.024856046,0.03667223,0.03832101,0.059043348,0.042090595,0.06666667,0.016744204,0.031406134,0.019358689,0.021142233,0.028821427,0.023291115,0.020680204,0.0045021423,0.034165073,0.047194693,0.040775493,0.02563345,0.018519562,0.03384877,0.016090153,0.02028095,0.025921177,0.022217281,0.06666667,0.01980242
2023-06-08,0.06526141,0.037180815,0.058116768,0.037351195,0.025675394,0.019753488,0.03618047,0.051776785,0.04179901,0.051379293,0.057293516,0.015764648,0.028715273,0.020672873,0.016061105,0.03539083,0.020140763,0.02316268,0.0063434355,0.040571406,0.051477946,0.029835682,0.025997112,0.012641713,0.032069538,0.017504003,0.014123182,0.023670042,0.024487363,0.058856446,0.020745823
2023-06-09,0.06369111,0.034792155,0.05902253,0.039545964,0.025826853,0.021568788,0.033279087,0.06088329,0.04679987,0.04815367,0.05838214,0.0152162295,0.026813082,0.019714637,0.017953726,0.04208071,0.021471292,0.026144978,0.0066109863,0.034391206,0.05412349,0.027382148,0.027814329,0.013501021,0.032254215,0.016644537,0.012105636,0.026232151,0.026085742,0.041825686,0.01968875
2023-06-12,0.05377764,0.03272745,0.059746623,0.034327544,0.028670687,0.031442553,0.027683055,0.058761902,0.04459688,0.045973524,0.06666667,0.015350469,0.023404753,0.016979348,0.020766845,0.050177507,0.021487508,0.02662431,0.0065864753,0.026002752,0.06365194,0.02499993,0.030777525,0.012545822,0.028364958,0.016573252,0.013143058,0.03404996,0.024176879,0.04068895,0.019273238
2023-06-13,0.055728443,0.03218943,0.05586817,0.030277617,0.027994202,0.03154299,0.024360526,0.06325291,0.050709415,0.042885974,0.06666667,0.015539375,0.024177616,0.015254532,0.024109844,0.0487809,0.023358991,0.02627866,0.0064354166,0.026582,0.063482195,0.025640007,0.028167674,0.013808829,0.027417252,0.016902147,0.013968678,0.035390016,0.02239877,0.041016046,0.0198147
2023-06-14,0.055131126,0.028892923,0.05427996,0.034077108,0.02927314,0.029954948,0.02672778,0.054784402,0.04992774,0.043255076,0.06666667,0.017796377,0.026553499,0.0135054905,0.024984332,0.04847119,0.025481913,0.028895548,0.007184971,0.024244979,0.059143074,0.02435022,0.027387183,0.015576306,0.029017843,0.017173667,0.016069788,0.038944185,0.022614727,0.037756544,0.02187729
2023-06-15,0.039093703,0.023854189,0.05314354,0.030710785,0.038401864,0.04765082,0.02277451,0.060740456,0.038834218,0.042879865,0.06666667,0.016662266,0.024989288,0.009349975,0.027845403,0.045180168,0.031727947,0.027090063,0.0073165684,0.0226796,0.05243708,0.026557883,0.036439717,0.01289007,0.02358139,0.017378826,0.019708447,0.050045688,0.023019087,0.040373687,0.01997624
2023-06-16,0.030172877,0.020070286,0.044612736,0.03828032,0.047576804,0.045895036,0.020877764,0.049796935,0.036387227,0.042362247,0.06666667,0.019090176,0.028571518,0.009620312,0.032454483,0.053589415,0.03566201,0.028268447,0.0092006605,0.019072942,0.047512718,0.021967445,0.040619187,0.013883297,0.02422668,0.015638908,0.022453336,0.06356799,0.023235846,0.027816795,0.020848941
2023-06-20,0.021826088,0.025267806,0.03565091,0.040532276,0.056146126,0.05369479,0.015662545,0.06666667,0.027383788,0.040086523,0.06666667,0.021057308,0.028704932,0.008775555,0.03588444,0.054104373,0.03383045,0.029575244,0.013242884,0.022509,0.041020397,0.018562293,0.041691557,0.014883098,0.019183757,0.015608253,0.024102032,0.06666667,0.019182477,0.023388248,0.018442856
2023-06-21,0.021502556,0.026767911,0.04024604,0.04280144,0.06261496,0.0633477,0.017094092,0.06666667,0.021525266,0.034736454,0.05674717,0.018298373,0.03348126,0.010707245,0.03328536,0.050579596,0.026257794,0.025943518,0.012773674,0.02558738,0.042068485,0.022272874,0.051436324,0.01660079,0.017047226,0.016485995,0.020407422,0.06666667,0.017609948,0.02390963,0.014530188
2023-06-22,0.020939313,0.026458614,0.042800806,0.04148478,0.06313429,0.06151109,0.02147827,0.06666667,0.022740362,0.02973389,0.038970206,0.018688202,0.027886271,0.012427617,0.032434452,0.039361425,0.022133177,0.04159981,0.017738942,0.021584613,0.040442504,0.022981811,0.05931484,0.02265248,0.01827649,0.017894335,0.024687404,0.066575915,0.020908743,0.021034451,0.015458232
2023-06-23,0.026082652,0.025609368,0.051468436,0.03745158,0.049469855,0.06260615,0.024109744,0.06666667,0.026499929,0.025288945,0.036861517,0.016406152,0.026976954,0.0155085325,0.032528818,0.03412953,0.022858763,0.04316454,0.018595578,0.027361173,0.035655547,0.03069072,0.058936607,0.024155429,0.020362461,0.01916843,0.021471482,0.057654668,0.027651697,0.019928304,0.014679779
2023-06-26,0.031288717,0.031967685,0.056458402,0.03529769,0.045032483,0.062228166,0.027522523,0.06666667,0.025085269,0.022002494,0.034519702,0.013724432,0.023474976,0.01689644,0.026952125,0.024586814,0.016915523,0.048566908,0.019348076,0.031785302,0.040324688,0.03912239,0.05894864,0.023421504,0.02034595,0.023111707,0.018665753,0.046927024,0.029586222,0.024498811,0.014726916
2023-06-27,0.033488058,0.034620646,0.057251208,0.037176535,0.046505842,0.042554416,0.044707354,0.06666667,0.019039929,0.02299696,0.023143774,0.016224029,0.021307413,0.019685544,0.021195482,0.017435085,0.014601321,0.055252343,0.027315915,0.032794192,0.03314212,0.045542553,0.057407293,0.022732561,0.019070959,0.025647292,0.027199605,0.031209094,0.047959138,0.02139967,0.014727004
2023-06-28,0.03504544,0.03794696,0.053313043,0.035272017,0.0500459,0.039199166,0.046062365,0.06666667,0.017219327,0.024670705,0.024171319,0.017316118,0.0220804,0.022666726,0.020482792,0.016768327,0.015273319,0.0462142,0.029196944,0.035350997,0.029418826,0.047426835,0.05690647,0.021726256,0.017993167,0.027394267,0.029711848,0.029174069,0.051325805,0.020031178,0.0139285475
2023-06-29,0.038302068,0.03724096,0.06315379,0.030803261,0.036429733,0.03320204,0.053653385,0.06626792,0.027519453,0.030146059,0.027906058,0.018875293,0.021748232,0.022269573,0.02232024,0.016236516,0.017117478,0.041386943,0.026745584,0.037732776,0.02629525,0.044162624,0.04678996,0.017695999,0.019898476,0.025095297,0.03457875,0.023657707,0.055543274,0.022338144,0.01488715
2023-06-30,0.03892466,0.04643748,0.055568766,0.029776994,0.039125897,0.032367256,0.05416091,0.054871913,0.026926193,0.03404675,0.029572697,0.022861615,0.019783547,0.023419783,0.021735491,0.01495902,0.016391572,0.039798718,0.03146544,0.0357486,0.028636074,0.03970053,0.041364655,0.01577492,0.021390097,0.029134879,0.040217206,0.023334665,0.050013743,0.025704492,0.016785426
2023-07-03,0.04337473,0.045685973,0.055208154,0.033295907,0.03352947,0.029773278,0.053541385,0.056290388,0.033823524,0.042143766,0.038598914,0.021666704,0.020116813,0.023628335,0.022609806,0.019349793,0.019311424,0.03703254,0.025202285,0.036450304,0.029083306,0.034433004,0.038659517,0.0129142795,0.023367139,0.02546843,0.03257853,0.023096278,0.048622023,0.024258433,0.016885567
2023-07-05,0.037255317,0.0526695,0.058045756,0.033994216,0.027676284,0.027461234,0.04888894,0.06374473,0.03132441,0.055859413,0.040445976,0.024758732,0.018835321,0.020173285,0.02929606,0.028554428,0.020130549,0.030076133,0.026432145,0.036531705,0.031572506,0.025070552,0.030074779,0.009642893,0.021041378,0.021049473,0.03225875,0.026130587,0.050472688,0.023454925,0.017077327
2023-07-06,0.031415578,0.04934467,0.060966324,0.028504686,0.020162893,0.02594693,0.04625891,0.06666667,0.04054203,0.05923406,0.036858063,0.026664698,0.0185808,0.022465838,0.040347967,0.03416496,0.02364506,0.028584639,0.027494386,0.039360285,0.027369348,0.021002613,0.028284714,0.01037799,0.022058357,0.01820079,0.031485755,0.02483368,0.051524077,0.021639097,0.016014129
2023-07-07,0.029776076,0.04916767,0.058644287,0.026157532,0.02368384,0.03733845,0.040391833,0.06666667,0.03391539,0.054198388,0.04971777,0.023789126,0.020502834,0.024663934,0.04159076,0.03722766,0.020934146,0.021689923,0.024131281,0.037148446,0.031896718,0.022395257,0.034318067,0.010426758,0.017719246,0.02286881,0.029271806,0.03117089,0.039616987,0.023554139,0.015425313
2023-07-10,0.030508103,0.059665956,0.05859796,0.023079483,0.02244565,0.035627067,0.03898889,0.06666667,0.035084773,0.055625975,0.050861087,0.023670344,0.02319843,0.024011608,0.039688025,0.031836055,0.018543616,0.016157007,0.022824543,0.0434294,0.031512093,0.023902206,0.026262788,0.009868912,0.019249266,0.023315255,0.029689124,0.03032211,0.0289311,0.03999628,0.016440228
2023-07-11,0.038972292,0.06666667,0.06154072,0.029068105,0.026632383,0.03303213,0.04978562,0.060199264,0.029156419,0.044914845,0.03945631,0.022490505,0.020462876,0.021300485,0.026315752,0.02167652,0.015431346,0.025431333,0.026330758,0.04073904,0.030646758,0.030341411,0.026791092,0.012044315,0.020235958,0.028075917,0.03239714,0.0249079,0.03344455,0.042541675,0.018969914
2023-07-12,0.045043148,0.06666667,0.06319054,0.033063747,0.025105225,0.024284419,0.05603722,0.054255657,0.031649336,0.04647035,0.030703252,0.023405012,0.02153335,0.019609386,0.021830654,0.017617984,0.015064629,0.027196934,0.026842138,0.04538775,0.02789147,0.03272973,0.021800412,0.012337358,0.023503793,0.02745903,0.034917124,0.020230763,0.036783222,0.046483833,0.020905863
2023-07-13,0.044491597,0.06503868,0.059087984,0.03417489,0.023507053,0.0210542,0.05481471,0.05315655,0.035523374,0.057021704,0.03465876,0.022917373,0.024377055,0.017146826,0.021510951,0.017648954,0.018643435,0.02279683,0.022817334,0.049339384,0.023590261,0.03163835,0.019887175,0.0116672,0.027201494,0.02456518,0.033455368,0.019312419,0.033765517,0.053783316,0.021406073
2023-07-14,0.03634801,0.044877682,0.056499414,0.03620036,0.021406136,0.01826698,0.048050247,0.05360854,0.041951273,0.066449486,0.035284005,0.022529794,0.034687262,0.013576723,0.027678639,0.019737426,0.02311373,0.018524695,0.016286924,0.052443955,0.02488662,0.03185093,0.017888544,0.0134861,0.034724623,0.018861962,0.03056237,0.024091901,0.027859967,0.06547554,0.02279017
2023-07-17,0.036723528,0.03181466,0.05730997,0.04307885,0.03230106,0.02536557,0.045127127,0.0495852,0.029390391,0.047471303,0.034573726,0.018498829,0.04524758,0.016546998,0.025616512,0.02238348,0.019130167,0.022296619,0.010589975,0.042829197,0.03687763,0.043583833,0.029927772,0.019179236,0.031417668,0.018854009,0.028015288,0.03770473,0.026341697,0.052372284,0.019845111
2023-07-18,0.03577386,0.028900914,0.057794638,0.0440607,0.039188802,0.03041723,0.044504765,0.042702507,0.025410788,0.0392718,0.032837,0.015358364,0.04505371,0.017390124,0.021916546,0.019211473,0.01562709,0.024305716,0.008999025,0.036792964,0.039893333,0.050997928,0.037539646,0.024268309,0.03039158,0.019445749,0.031020852,0.039343096,0.024334274,0.059549104,0.017698105
2023-07-19,0.034220565,0.02239598,0.04429989,0.041620318,0.06183599,0.0389112,0.03851559,0.021860622,0.018745678,0.034931783,0.043391947,0.016203957,0.05045606,0.025264166,0.017299555,0.022507561,0.016862094,0.02069053,0.006962638,0.022947907,0.045481857,0.045061637,0.056515094,0.025021784,0.029124971,0.020645032,0.030562814,0.05163561,0.018340278,0.058482688,0.019204205
2023-07-20,0.029214032,0.027899599,0.039693784,0.04580209,0.06666667,0.03559501,0.039021496,0.024423636,0.016232919,0.03742187,0.03598988,0.022112384,0.045961212,0.029287832,0.019039825,0.02683669,0.01937708,0.023050472,0.009925664,0.025145356,0.042893462,0.03777997,0.055857923,0.02187709,0.027768662,0.018838022,0.036125135,0.054158483,0.022925774,0.0442541,0.018823877
2023-07-21,0.025526172,0.027647113,0.03299227,0.06666667,0.06666667,0.040212985,0.03679051,0.025339866,0.013711848,0.029393952,0.021476852,0.024873547,0.04463766,0.03458901,0.016510943,0.037056115,0.01914612,0.033442546,0.016561007,0.016841935,0.040402696,0.02759954,0.06666667,0.029132502,0.032022018,0.02058012,0.025003066,0.06666667,0.022420324,0.020694587,0.018728027
2023-07-24,0.026093863,0.03312264,0.03533176,0.06666667,0.06666667,0.039981194,0.027934946,0.029228728,0.017143944,0.032465562,0.01911176,0.02216111,0.037043273,0.030158188,0.017849224,0.05304982,0.018050244,0.04141141,0.01902201,0.014195494,0.045231428,0.01879329,0.064152904,0.028156856,0.034369197,0.017879186,0.01909753,0.06666667,0.019831141,0.017023996,0.022109302
2023-07-25,0.029975245,0.03542368,0.03923152,0.06666667,0.06666667,0.031692073,0.02884892,0.026477702,0.02173168,0.040218726,0.019195871,0.020348161,0.034886055,0.031206934,0.018212957,0.06456073,0.019682592,0.03890517,0.017527929,0.012882094,0.042117894,0.014088382,0.058336012,0.023864701,0.03979912,0.014920614,0.01665955,0.06666667,0.019327724,0.016104335,0.023773627
2023-07-26,0.037979823,0.035220124,0.054094598,0.06666667,0.06666667,0.029619204,0.033715617,0.032049034,0.017851336,0.04124788,0.01920224,0.0137711335,0.032394465,0.02744216,0.013396603,0.055919364,0.014607065,0.042804603,0.011989007,0.015298608,0.047810186,0.017991833,0.06666667,0.019477032,0.0347174,0.01301985,0.014420974,0.06350819,0.023093218,0.017978776,0.019379681
2023-07-27,0.033368565,0.037720274,0.05304344,0.06666667,0.06666667,0.028420715,0.031194786,0.042087153,0.015663432,0.040981837,0.01586935,0.015318885,0.034365613,0.024005938,0.014238748,0.05778337,0.014736933,0.043121397,0.013152977,0.019082855,0.046303906,0.01874497,0.06394893,0.019829974,0.03178612,0.011365611,0.016360108,0.06666667,0.023497185,0.016687527,0.017319404
2023-07-28,0.026767725,0.030284695,0.055880625,0.06666667,0.06666667,0.035087068,0.029446935,0.04067063,0.022370834,0.041038163,0.020641789,0.015042206,0.03974268,0.026420776,0.0177371,0.06100918,0.016610961,0.03072435,0.0104516465,0.017108476,0.043270126,0.017985396,0.06666667,0.02052176,0.03437132,0.009676319,0.015561835,0.06666667,0.01592055,0.02230749,0.016682697
2023-07-31,0.025022877,0.02787271,0.059673768,0.06666667,0.06666667,0.03901577,0.02407042,0.044028893,0.020564016,0.044654615,0.026388658,0.013118062,0.04468169,0.02475888,0.01925638,0.06666667,0.018912721,0.02116659,0.008422076,0.017563222,0.044505104,0.01891928,0.06666667,0.017373936,0.03180074,0.008304089,0.012740803,0.06666667,0.016035287,0.02251539,0.015300694
2023-08-01,0.027044944,0.031703424,0.06666667,0.063618116,0.053563286,0.033615027,0.022363152,0.04438502,0.028530672,0.05350193,0.03129387,0.013807304,0.037013542,0.022878136,0.025987364,0.06666667,0.022420935,0.017757824,0.009433735,0.019110503,0.043395717,0.017228644,0.046984572,0.014723158,0.03427029,0.007290798,0.0144932,0.06666667,0.019070644,0.027595362,0.016918829
2023-08-02,0.028698873,0.034952298,0.06666667,0.062428888,0.048980772,0.028046215,0.025778111,0.05390184,0.030842831,0.049668536,0.027427757,0.010982773,0.0346228,0.021584839,0.024846798,0.06666667,0.017314592,0.01967711,0.008489508,0.0202781,0.053796172,0.020084811,0.046714216,0.013865175,0.03410569,0.0069717,0.012524077,0.063945055,0.02261274,0.02786508,0.015659314
2023-08-03,0.026701214,0.040753692,0.06666667,0.06312079,0.04537513,0.027362319,0.028698498,0.06666667,0.030215772,0.03835855,0.018895062,0.010681423,0.027378114,0.022898097,0.024810227,0.066253684,0.012336707,0.03025128,0.010810277,0.020672236,0.063452244,0.020277774,0.051716067,0.0145697845,0.031211205,0.00780703,0.011428143,0.054603223,0.02762761,0.023087995,0.015312518
2023-08-04,0.024096163,0.04284843,0.06666667,0.057647523,0.046082515,0.031131394,0.025970373,0.06666667,0.03469608,0.034667194,0.015878556,0.0107072545,0.029831689,0.03206603,0.026808584,0.06666667,0.013682243,0.022883542,0.012821393,0.019294588,0.049355395,0.021272767,0.055598285,0.016370138,0.03579493,0.008098245,0.011143912,0.056224335,0.029006427,0.021479784,0.014542224
2023-08-07,0.025686536,0.037305847,0.06666667,0.04174207,0.028763881,0.028492775,0.025297474,0.06666667,0.06089575,0.031043759,0.01493428,0.012590943,0.033074934,0.03294384,0.033983864,0.066293485,0.015705047,0.018841468,0.011160414,0.01961356,0.047402207,0.024016751,0.037315123,0.018213943,0.05270666,0.0069006835,0.0106319245,0.05618196,0.029357027,0.029054733,0.016515734
2023-08-08,0.025423683,0.026902255,0.06666667,0.046109065,0.03504107,0.031436432,0.02156662,0.052707456,0.057965815,0.02545388,0.015082242,0.013924403,0.041436333,0.030746585,0.033577796,0.06666667,0.021388838,0.018252818,0.010107574,0.01578311,0.04174201,0.028403118,0.038303174,0.023879988,0.056970898,0.0064487113,0.01176675,0.06666667,0.029308401,0.023279877,0.016991088
2023-08-09,0.027318094,0.028297063,0.06666667,0.04018293,0.026983788,0.029614022,0.02322542,0.06413422,0.066303685,0.026513707,0.016702548,0.013807163,0.03403891,0.025617383,0.035353415,0.06666667,0.02209629,0.020988615,0.011119936,0.017859714,0.041480903,0.031394586,0.034136362,0.02156322,0.05353233,0.006420278,0.011815744,0.058330096,0.037223607,0.023409383,0.017203258
2023-08-10,0.030185742,0.03294982,0.06666667,0.039776802,0.02148137,0.02271065,0.027930232,0.06666667,0.06666667,0.025976304,0.012784379,0.014875087,0.029749664,0.02545779,0.037407752,0.055887584,0.022624226,0.0292624,0.01568508,0.021522839,0.037705988,0.031748608,0.029965768,0.023031179,0.058738437,0.006848598,0.012234067,0.04311356,0.05138398,0.020364271,0.018597826
2023-08-11,0.03307655,0.029890068,0.06666667,0.03614571,0.017580623,0.017977772,0.03161968,0.06666667,0.06666667,0.027247464,0.012203229,0.017691381,0.030518176,0.022960916,0.042392496,0.055209633,0.02605259,0.024178147,0.019938318,0.022696737,0.03159547,0.033385627,0.022846788,0.02485703,0.059645735,0.0072372323,0.013408812,0.038451184,0.062561125,0.018746667,0.019884847
2023-08-14,0.040854797,0.03066966,0.06666667,0.042142194,0.016362682,0.015695998,0.035174057,0.057156913,0.06666667,0.027500428,0.011325002,0.018139847,0.027199207,0.023249606,0.03762781,0.051649198,0.025499653,0.031874083,0.022640182,0.023435295,0.028690644,0.028986858,0.020720918,0.025760455,0.06536586,0.00832665,0.013001869,0.035191223,0.06047363,0.018139888,0.02381207
2023-08-15,0.04941589,0.03243286,0.06666667,0.036012013,0.01548284,0.017903151,0.032101206,0.056918137,0.06666667,0.030908972,0.016267287,0.01557267,0.02690121,0.022057032,0.036527194,0.047184817,0.024006724,0.027835881,0.019805212,0.029334687,0.03145613,0.03264355,0.01839648,0.022975644,0.06632525,0.010115737,0.012062496,0.034932185,0.04757753,0.028219948,0.025293935
2023-08-16,0.056450184,0.02868191,0.06666667,0.02590516,0.01631625,0.023736121,0.037578758,0.05702518,0.06380645,0.025381066,0.024236403,0.015600496,0.024682123,0.023477886,0.031438235,0.030734159,0.022827268,0.030571658,0.020068366,0.033734296,0.030562917,0.045852125,0.022210015,0.02559464,0.053136617,0.016264018,0.01332706,0.02968036,0.04324682,0.036344014,0.024862783
2023-08-17,0.053821787,0.03240811,0.06666667,0.027508456,0.021151215,0.029004447,0.03542842,0.06020625,0.036448076,0.021987082,0.024664624,0.015702711,0.02646097,0.027822329,0.022073613,0.023338644,0.02230981,0.027133321,0.02393306,0.04305766,0.02606673,0.06094575,0.027825937,0.02461627,0.044362668,0.023231892,0.012715612,0.02798106,0.044345416,0.043477718,0.02330369
2023-08-18,0.044567022,0.04778088,0.042883366,0.031863756,0.02264874,0.033943668,0.024560437,0.06666667,0.03461939,0.02415124,0.022816094,0.016015543,0.02817844,0.027603664,0.017851252,0.019489473,0.02240465,0.02442692,0.03085371,0.05887971,0.023255909,0.059830308,0.022930402,0.020154115,0.048533484,0.02892375,0.011198652,0.026633551,0.028498614,0.062634006,0.02520258
2023-08-21,0.043174203,0.04820543,0.036968984,0.035177376,0.025475785,0.035363138,0.027579812,0.054525163,0.0342492,0.023166908,0.02104651,0.016215874,0.024652444,0.030211631,0.016187254,0.016965734,0.02217275,0.031417824,0.036852248,0.051402677,0.023411565,0.057960022,0.02421047,0.019818556,0.0527381,0.032905035,0.012266003,0.024549086,0.031467266,0.062091358,0.027571592
2023-08-22,0.04608214,0.057287548,0.03281422,0.033659164,0.02468956,0.038864657,0.022596147,0.052433588,0.034218915,0.029307254,0.029932372,0.015297161,0.025896361,0.030480001,0.016764363,0.020029452,0.024185129,0.022131147,0.031262327,0.057898946,0.022907749,0.04955425,0.02060323,0.016289135,0.051843703,0.035262384,0.0109282695,0.028058397,0.023384538,0.06666667,0.028671227
2023-08-23,0.047258884,0.05829812,0.03347093,0.028347414,0.019548927,0.030648913,0.026252255,0.060638618,0.041766524,0.031433713,0.030049397,0.015465391,0.026448485,0.034526758,0.018124593,0.017150251,0.02555582,0.020234287,0.031563107,0.06666667,0.017870309,0.049346622,0.020203102,0.016301233,0.047946423,0.03441132,0.011849492,0.020255381,0.026267104,0.06666667,0.025433296
2023-08-24,0.044384018,0.045370832,0.028603835,0.027366405,0.021180717,0.038215358,0.025123209,0.04154624,0.043920755,0.037900444,0.051636364,0.018688127,0.027284872,0.029785495,0.022292355,0.021465737,0.03308174,0.018900216,0.029961541,0.056262713,0.018863654,0.039922662,0.019887632,0.015086282,0.048760775,0.037047002,0.012937693,0.027175302,0.019710349,0.06666667,0.030971007
2023-08-25,0.03456112,0.04723323,0.02864128,0.028934263,0.023457233,0.03991947,0.028134856,0.04454827,0.038554013,0.037594024,0.03652329,0.0227468,0.030920353,0.03918206,0.023748867,0.021341657,0.029976709,0.01887999,0.037083372,0.055233818,0.01653995,0.033756714,0.025223128,0.017232837,0.04485092,0.037694905,0.015218943,0.028987613,0.018847466,0.06666667,0.02776618
2023-08-28,0.029932963,0.03990977,0.026999127,0.025170328,0.021911727,0.042048685,0.025414702,0.03896366,0.05154262,0.034750406,0.03680886,0.021905998,0.028760273,0.04002962,0.0308061,0.023872081,0.034356743,0.021649351,0.043442424,0.04242018,0.017036697,0.03017456,0.025625186,0.020095741,0.048598032,0.037442923,0.015600287,0.027253885,0.020126408,0.06649415,0.030856509
2023-08-29,0.03258458,0.03408892,0.030669492,0.026163673,0.022560794,0.0387443,0.03009365,0.03234674,0.049728528,0.038252424,0.040020853,0.025320843,0.028051533,0.037075963,0.034142517,0.028797714,0.03749153,0.023476716,0.041536666,0.036277454,0.017376132,0.02699131,0.025464522,0.020662395,0.04522132,0.033620443,0.021044752,0.03009691,0.024139691,0.05677146,0.031186162
2023-08-30,0.037654232,0.024149327,0.030398322,0.02414636,0.023534538,0.03301534,0.035333,0.022380048,0.04169654,0.04424618,0.058832478,0.02591316,0.026531039,0.02939355,0.03612483,0.02774628,0.043117467,0.025667872,0.032417577,0.03344944,0.020248933,0.024643632,0.026683861,0.01738535,0.042022415,0.03510779,0.02492525,0.031344928,0.02777833,0.056353055,0.037758872
2023-08-31,0.042434588,0.020922981,0.040189255,0.021068387,0.02041696,0.032875855,0.039530925,0.028589884,0.040009838,0.047559325,0.06666667,0.021827783,0.02219609,0.021053547,0.037231382,0.027923213,0.04193993,0.030339504,0.022899725,0.03750119,0.023515746,0.027214289,0.02828803,0.014963044,0.033362217,0.02957028,0.028344858,0.02841802,0.034432244,0.05615041,0.03256383
2023-09-01,0.04363814,0.018757498,0.05830405,0.017592419,0.015052137,0.028828718,0.040371075,0.038561724,0.050486784,0.054360848,0.06666667,0.018738797,0.019331453,0.015095112,0.04130633,0.029106015,0.04036752,0.027771607,0.015035381,0.041913673,0.02418077,0.025429552,0.02549912,0.011963062,0.030395322,0.020674763,0.026246905,0.025295634,0.03548013,0.06559257,0.02795622
2023-09-05,0.055090994,0.021743113,0.06666667,0.019760026,0.016109837,0.026974665,0.038041472,0.041114833,0.048810165,0.059406217,0.06666667,0.014714973,0.017781427,0.0119798165,0.031237066,0.028742125,0.030339962,0.032539733,0.009742349,0.04994857,0.03158402,0.027525544,0.023789488,0.010203174,0.027536778,0.017288111,0.025645718,0.023970127,0.03148506,0.06666667,0.026894633
2023-09-06,0.05688899,0.018610524,0.06666667,0.015878491,0.015339051,0.03324624,0.03804109,0.033241298,0.062261153,0.057005715,0.06666667,0.012585723,0.01868864,0.013709185,0.029937312,0.028873218,0.02987092,0.02813074,0.0073694633,0.042696834,0.035188712,0.03200015,0.027009632,0.010419294,0.032111708,0.017671857,0.024861729,0.025225116,0.028382897,0.06666667,0.024754314
2023-09-07,0.04968826,0.016412316,0.06666667,0.017001212,0.01782969,0.039049964,0.040196992,0.026953233,0.06383523,0.04890161,0.06666667,0.012606392,0.017412283,0.015031547,0.028324174,0.032065,0.02670545,0.03290742,0.0069085127,0.02938575,0.04111541,0.03311506,0.034429885,0.010709212,0.0341274,0.015041624,0.025879089,0.028125176,0.032354202,0.06666667,0.023887904
2023-09-08,0.049030922,0.013094008,0.06666667,0.017720137,0.016402785,0.035204466,0.045005348,0.021818634,0.06666667,0.040805858,0.06666667,0.013279427,0.019254526,0.017622806,0.030293174,0.030581878,0.025360374,0.04280771,0.0062009124,0.022203788,0.042472363,0.031378448,0.036350213,0.01529104,0.04284552,0.013289492,0.025075262,0.027494887,0.027390607,0.06666667,0.025058752
2023-09-11,0.044453714,0.013354818,0.06666667,0.016631829,0.015152954,0.03580147,0.04136263,0.023011832,0.06666667,0.04102881,0.06666667,0.013049746,0.019856218,0.018341465,0.035848975,0.030661559,0.024080276,0.042167917,0.006986502,0.020996282,0.04402086,0.029332751,0.03488944,0.017340004,0.049626697,0.013779917,0.023497496,0.026795704,0.025130576,0.06666667,0.026132887
2023-09-12,0.03461725,0.011141148,0.06666667,0.01565709,0.012416632,0.02948133,0.041521244,0.030283984,0.06666667,0.04027342,0.057235043,0.015403822,0.019805806,0.015393362,0.054979093,0.03120935,0.023975788,0.04731874,0.008034959,0.019629302,0.04777726,0.026944915,0.033018067,0.022508714,0.047817506,0.011601836,0.024648443,0.026841205,0.030007422,0.06216717,0.024956757
2023-09-13,0.03520328,0.014879497,0.06666667,0.01716951,0.007960697,0.016371112,0.05695779,0.037787057,0.06666667,0.04645194,0.026052188,0.02448898,0.019730609,0.018410543,0.05953247,0.032969628,0.02584083,0.046263978,0.014264346,0.024664808,0.037488468,0.019867025,0.02123525,0.024338651,0.0607124,0.010212503,0.024885705,0.020346502,0.049860608,0.04522707,0.027493216
2023-09-14,0.031509817,0.014985003,0.06666667,0.018079229,0.007314378,0.016442122,0.05099151,0.04159295,0.06666667,0.04992495,0.024488991,0.0260555,0.022547001,0.020515675,0.06666667,0.037467036,0.029044474,0.041238036,0.015562126,0.022144808,0.03432615,0.01648646,0.020116447,0.027377548,0.06666667,0.010246209,0.022794355,0.02287276,0.044850312,0.037345387,0.027014103
2023-09-15,0.02684398,0.015890578,0.06666667,0.018109448,0.007785545,0.015813995,0.04700059,0.035338156,0.06666667,0.05872043,0.02557757,0.03115662,0.022008074,0.019825986,0.06666667,0.048952896,0.034476094,0.039378814,0.01748255,0.016952377,0.033786066,0.012396027,0.01876523,0.026280237,0.06666667,0.008788017,0.026337365,0.0249194,0.043883175,0.028724719,0.028139392
2023-09-18,0.025210908,0.019500718,0.06666667,0.016785488,0.00749118,0.0182607,0.043348618,0.037132334,0.06666667,0.060145322,0.027308425,0.031349514,0.016953249,0.017524071,0.06666667,0.054540757,0.029579325,0.04197144,0.02110659,0.01460106,0.045677166,0.010683258,0.017734453,0.021234393,0.058280446,0.009871407,0.024150506,0.02553957,0.045610283,0.028136538,0.030272283
2023-09-19,0.021279028,0.022656081,0.06666667,0.018657165,0.008573668,0.020171763,0.03894094,0.039138343,0.06666667,0.063382715,0.024227893,0.028868249,0.016545108,0.018687362,0.06666667,0.059960283,0.027308647,0.03966253,0.023247873,0.013652492,0.050277553,0.010123115,0.019480245,0.019393917,0.059018638,0.009556136,0.022102695,0.027345764,0.04372386,0.026141522,0.02787642
2023-09-20,0.023534551,0.026701037,0.06666667,0.022097036,0.010488324,0.025718177,0.03600495,0.044114027,0.06666667,0.05857949,0.02759533,0.024994818,0.015361266,0.016780365,0.06666667,0.050937776,0.022583518,0.045799255,0.02000742,0.01477133,0.052371405,0.011499556,0.022546286,0.017593104,0.051434807,0.010531964,0.022670293,0.030208955,0.036429267,0.031730283,0.026915412
2023-09-21,0.02108352,0.029022839,0.06666667,0.024846656,0.013901078,0.025306003,0.04145184,0.03791644,0.06666667,0.045708627,0.018219398,0.024617743,0.014366719,0.02234962,0.06056083,0.04448854,0.017314406,0.059184495,0.027445365,0.012654322,0.05989382,0.012293182,0.030448025,0.020669414,0.04722385,0.0131559605,0.021840075,0.027574923,0.042366017,0.023908429,0.026854524
2023-09-22,0.024305705,0.036858927,0.06666667,0.024803579,0.018433679,0.033111874,0.044847067,0.038149156,0.05716605,0.038441643,0.018037248,0.022382688,0.015461616,0.037999265,0.039232437,0.036412574,0.013885807,0.04865789,0.03291117,0.01344433,0.058133677,0.017760836,0.045720033,0.022186898,0.03874105,0.021153154,0.018870931,0.024414608,0.044433795,0.023834247,0.023541396
2023-09-25,0.025037926,0.036068767,0.06574507,0.02655994,0.020924179,0.029910581,0.052050512,0.029225104,0.058428183,0.03610656,0.014181856,0.020812867,0.018723072,0.05783173,0.030170798,0.027742112,0.014096726,0.045628745,0.037358765,0.013794497,0.041239884,0.019719172,0.05535345,0.0259182,0.04598102,0.025308816,0.017850379,0.019377705,0.042332962,0.023860049,0.02266036
2023-09-26,0.032908127,0.040850412,0.06666667,0.030268503,0.019785354,0.024633579,0.057352174,0.028340623,0.061021626,0.036302384,0.012988538,0.017109716,0.020762742,0.06532992,0.022570696,0.022256512,0.013161978,0.04021392,0.032494184,0.01693372,0.035339482,0.023307202,0.050475877,0.023502711,0.053001463,0.0264962,0.015456593,0.016252523,0.043545313,0.028292572,0.022378685
2023-09-27,0.032618143,0.04623608,0.06491496,0.027653355,0.023193097,0.03078469,0.054086305,0.031615566,0.050576545,0.033340238,0.01451384,0.016430633,0.021406172,0.06666667,0.018981755,0.020647366,0.013427416,0.03229447,0.032360483,0.01964588,0.031888522,0.029378358,0.059738867,0.020921767,0.04773505,0.030171389,0.015568065,0.016321937,0.044487465,0.03269896,0.019695966
2023-09-28,0.03719806,0.049201585,0.06666667,0.030919569,0.026059948,0.032950357,0.046856593,0.029787028,0.050082672,0.038409587,0.01785305,0.012822592,0.026171079,0.06666667,0.016157476,0.026017062,0.014294539,0.018467423,0.02262485,0.021162346,0.029966488,0.03556016,0.055966515,0.015787056,0.05258984,0.024956733,0.013251299,0.018958187,0.041245103,0.043898053,0.017451411
2023-09-29,0.036611233,0.04366236,0.06666667,0.033149377,0.030231984,0.032736436,0.04826622,0.022790475,0.049412422,0.040944584,0.020628126,0.013643501,0.030372994,0.06666667,0.015278211,0.026623407,0.015410371,0.014983185,0.01839636,0.019348534,0.030190956,0.036321223,0.054696046,0.013625592,0.055777594,0.023764912,0.01400834,0.02181374,0.037638877,0.048662715,0.017676895
2023-10-02,0.03627833,0.06136113,0.053800542,0.02738738,0.032730244,0.034928538,0.032403022,0.037468508,0.03849017,0.036301114,0.021209117,0.012811778,0.032376382,0.06666667,0.014674768,0.021998566,0.016860688,0.013686119,0.020224841,0.032237146,0.029038617,0.047459733,0.047520183,0.014118631,0.042544637,0.028612845,0.016680004,0.019348482,0.040287,0.05250057,0.017994247
2023-10-03,0.039171834,0.051617336,0.052142024,0.028264409,0.035828367,0.0396387,0.024103686,0.046259135,0.031171981,0.031101093,0.027135221,0.009909633,0.04168464,0.06666667,0.014263424,0.025794066,0.017532285,0.009573692,0.012866404,0.035744496,0.03239967,0.059745677,0.050854146,0.014355992,0.036228064,0.02590451,0.0124192,0.025834605,0.033934504,0.052029863,0.015824677
2023-10-04,0.034989927,0.055982657,0.048033327,0.027788352,0.037987202,0.040517617,0.021952007,0.054224525,0.028786244,0.030839464,0.025929002,0.010182269,0.03964752,0.06519566,0.014086365,0.023677751,0.017910762,0.010799583,0.015110602,0.039465055,0.030410392,0.05799976,0.057700127,0.014442704,0.032677542,0.027345538,0.012391652,0.024043282,0.033990197,0.050335065,0.015557846
2023-10-05,0.030337533,0.037500978,0.046155907,0.029022403,0.046774108,0.048839647,0.020941883,0.048386574,0.02723015,0.024880726,0.027450703,0.0104641365,0.04748495,0.05871068,0.017199108,0.021820577,0.017955951,0.011720569,0.012399444,0.030464595,0.03610208,0.0626779,0.06666667,0.019421753,0.03253503,0.02734745,0.01369637,0.03480249,0.029954245,0.045650415,0.015404987
2023-10-06,0.030777786,0.028588073,0.03662106,0.022431213,0.050355557,0.061168678,0.01871073,0.033519275,0.022388717,0.026298685,0.04696212,0.012461188,0.048066605,0.05033394,0.016454827,0.021960739,0.02130688,0.0101941135,0.010818955,0.025870098,0.040037017,0.06184744,0.06666667,0.019572666,0.02940335,0.031625643,0.014765888,0.040635865,0.021344334,0.060290568,0.018521324
2023-10-09,0.027430503,0.026086653,0.034255423,0.021355623,0.049617976,0.056324594,0.019138651,0.034494363,0.017285038,0.02973295,0.048433,0.013083842,0.051219486,0.042199507,0.019425057,0.022423513,0.023380937,0.009463683,0.011788831,0.026745157,0.046267852,0.06666667,0.06666667,0.01915579,0.02784777,0.031711884,0.015861928,0.042322423,0.025744872,0.055930506,0.017938856
2023-10-10,0.031614892,0.024336023,0.0378898,0.01810735,0.039932363,0.04651639,0.02273116,0.032888666,0.020795573,0.03408604,0.052350767,0.014994421,0.04740266,0.042327486,0.021076687,0.022094212,0.029962912,0.009801327,0.013431003,0.02877818,0.041083347,0.06666667,0.059263933,0.017588466,0.031359546,0.031145837,0.01817165,0.034118637,0.03385425,0.05663292,0.018996833
2023-10-11,0.02613311,0.021011962,0.034465976,0.019814651,0.040785663,0.04252707,0.02398574,0.031119077,0.01842111,0.038751513,0.0504176,0.021107525,0.054051332,0.038723852,0.026033338,0.02801412,0.04133204,0.00855633,0.017105615,0.027674206,0.032777596,0.059455335,0.05445776,0.019360667,0.030313825,0.028848685,0.023087658,0.037410416,0.039851524,0.045674257,0.018730454
2023-10-12,0.02874432,0.020187702,0.040634595,0.016063463,0.02674371,0.031773787,0.031299006,0.035985384,0.023639213,0.041470107,0.04790612,0.023292739,0.050127096,0.030492203,0.03320923,0.021236403,0.039962735,0.011627998,0.016598279,0.034608074,0.03559518,0.057531364,0.041998208,0.021646425,0.030658945,0.02879814,0.028724834,0.029123772,0.0482908,0.050864488,0.021165678
2023-10-13,0.026441544,0.018688647,0.04444246,0.014545256,0.025121396,0.03937082,0.027937293,0.036920335,0.02455547,0.043664515,0.059714757,0.020193392,0.04747386,0.02818337,0.035892006,0.026674451,0.041467275,0.010327852,0.013730905,0.03135257,0.038269006,0.051497374,0.044569843,0.019159516,0.028345136,0.026476309,0.025644535,0.031918675,0.044282556,0.05253446,0.020604413
2023-10-16,0.022497376,0.01777072,0.04889249,0.014784706,0.02399736,0.0374871,0.032716285,0.029718133,0.033479676,0.04397132,0.04062035,0.02105634,0.04286588,0.037898265,0.041057937,0.029927216,0.039631296,0.013672836,0.016736267,0.022572089,0.041725192,0.044491183,0.050735608,0.021729281,0.034414344,0.023990486,0.028591402,0.027297858,0.058365144,0.036831316,0.02047454
2023-10-17,0.02726407,0.019196829,0.04532189,0.018845517,0.0272705,0.035482362,0.026376853,0.034565907,0.030380426,0.04276027,0.044987284,0.020840073,0.045775395,0.033855565,0.03764558,0.03857845,0.041431017,0.014037213,0.012930888,0.025098272,0.04766834,0.044802435,0.044263612,0.020784851,0.031291768,0.020931767,0.027215602,0.032739088,0.05598301,0.030925663,0.020749502
2023-10-18,0.022910902,0.016950853,0.05690209,0.017704498,0.026036687,0.036433484,0.024997082,0.033357248,0.031786762,0.04484017,0.042398587,0.02498463,0.0371641,0.025333002,0.04867118,0.049635094,0.03725563,0.015381294,0.013919545,0.021771586,0.053459555,0.035967454,0.038055737,0.01892655,0.025071071,0.017132275,0.03747014,0.035259698,0.06373315,0.026230942,0.020259004
2023-10-19,0.018007603,0.017193384,0.057838637,0.014747516,0.023790523,0.04230182,0.019982496,0.03716195,0.042104237,0.04356381,0.037743267,0.023908734,0.032569896,0.029830359,0.06557499,0.06666667,0.04037372,0.013497653,0.016152184,0.017643794,0.04084078,0.027332665,0.03880717,0.022062613,0.022210278,0.01457717,0.043694787,0.035911467,0.059603564,0.018106382,0.01619989
2023-10-20,0.015264016,0.020129478,0.057593074,0.015436036,0.023887899,0.045182392,0.016179238,0.045999832,0.048149295,0.04461462,0.033150792,0.024163332,0.03289859,0.03519464,0.06666667,0.06666667,0.043784525,0.011022354,0.019452266,0.018571472,0.031162515,0.022708386,0.03965734,0.020987028,0.0232824,0.013290044,0.039752763,0.04187831,0.0531056,0.016106108,0.014062332
2023-10-23,0.0135727385,0.02462565,0.057407223,0.017566672,0.026397265,0.05328929,0.016129494,0.058902346,0.035962608,0.040052447,0.026282888,0.028424762,0.030671695,0.03472382,0.06666667,0.06666667,0.038667295,0.011362738,0.029780596,0.02014573,0.026803603,0.019920032,0.038227454,0.020734044,0.021625862,0.014800995,0.035064667,0.0501137,0.047278944,0.013982553,0.014149555
2023-10-24,0.015980167,0.02494089,0.06542848,0.016415756,0.024189679,0.056889668,0.015010535,0.06666667,0.039283834,0.03298434,0.028872952,0.023188725,0.027514141,0.02718118,0.06666667,0.06666667,0.035575733,0.013330884,0.02990857,0.020172924,0.027244166,0.02058387,0.035789974,0.02567083,0.02236675,0.015683478,0.027695147,0.054976147,0.040901657,0.015794683,0.01642484
2023-10-25,0.012455036,0.019812498,0.050936718,0.015725115,0.02219493,0.036497414,0.019516775,0.054111473,0.03950636,0.030964337,0.01722332,0.036887303,0.027121661,0.032766785,0.06666667,0.06666667,0.046175487,0.017993733,0.05477388,0.019409908,0.020117316,0.014434727,0.034021467,0.03096124,0.023841027,0.017383846,0.03571264,0.047423247,0.0595242,0.009144013,0.020030212
2023-10-26,0.011292285,0.01994373,0.045233686,0.01911825,0.030107098,0.04377565,0.02047569,0.042948823,0.03297872,0.02651578,0.0143126,0.03551873,0.028353523,0.040582187,0.06666667,0.06666667,0.034397963,0.022062577,0.06231435,0.016110623,0.02110649,0.011771086,0.048270848,0.038795915,0.023555703,0.020810395,0.03073502,0.05303,0.041950714,0.009346296,0.021251932
2023-10-27,0.010173097,0.02693995,0.038818758,0.017945867,0.026117994,0.03619022,0.021250114,0.042179685,0.04633832,0.027308894,0.01099601,0.043780003,0.022425327,0.041662943,0.06666667,0.055338524,0.027943818,0.036600176,0.06666667,0.017606083,0.027324794,0.007845068,0.040088736,0.044143606,0.029747095,0.023586636,0.027378488,0.046182036,0.028925342,0.012748112,0.029080959
2023-10-30,0.013309233,0.022787597,0.057536185,0.012610761,0.015058775,0.030119207,0.027033936,0.058186956,0.06666667,0.025021784,0.01210015,0.03687124,0.02197477,0.032094434,0.06666667,0.039882574,0.024912667,0.03577763,0.0646576,0.023839027,0.02845609,0.00995882,0.027887646,0.05244695,0.03246625,0.023959672,0.025806097,0.034563947,0.030489724,0.01750592,0.029351015
2023-10-31,0.013439288,0.017893426,0.042309303,0.012153735,0.016744876,0.024194894,0.02512607,0.041487083,0.06662838,0.023988804,0.012055382,0.047214713,0.027191862,0.037168976,0.06666667,0.043836966,0.03707249,0.02855886,0.06666667,0.020787548,0.022905411,0.009437031,0.025941398,0.0657461,0.036342867,0.024955222,0.029273186,0.036217634,0.03289731,0.012920806,0.032177046
2023-11-01,0.013349346,0.014672221,0.03347452,0.010327643,0.016967436,0.024225196,0.027591478,0.02987381,0.057373203,0.023217907,0.0144422045,0.06666667,0.024581278,0.029361652,0.06666667,0.034357596,0.041577477,0.03625186,0.06666667,0.017809749,0.024473444,0.009785416,0.024043895,0.06666667,0.032545615,0.028397162,0.046622135,0.03713848,0.03231214,0.01284786,0.03571261
2023-11-02,0.01569881,0.012594831,0.036271688,0.009555689,0.015969537,0.025104005,0.029147053,0.030225351,0.061127964,0.029254695,0.026517373,0.058717698,0.025332745,0.023452898,0.06666667,0.036529087,0.04753262,0.032833483,0.04563902,0.018785499,0.02898537,0.010438158,0.025265818,0.062281393,0.033742882,0.026591454,0.04116153,0.039665602,0.028333757,0.018534685,0.038042635
2023-11-03,0.015067042,0.01156479,0.030301122,0.010031378,0.018338498,0.020234933,0.03022837,0.02656232,0.055380058,0.035001457,0.026310641,0.06261146,0.028130667,0.020458536,0.06666667,0.034104645,0.058178574,0.031683672,0.04508927,0.018468926,0.026269376,0.010812408,0.024224699,0.06331774,0.035935804,0.023373136,0.049937025,0.03670451,0.031004803,0.017304838,0.03670263
2023-11-06,0.017120676,0.012613873,0.024669316,0.010025714,0.018415714,0.018574188,0.028719658,0.027499147,0.04780417,0.037972543,0.03253832,0.06666667,0.028692579,0.0152757745,0.06666667,0.028808314,0.06550959,0.031759232,0.041869026,0.02179241,0.02582741,0.011022944,0.018736105,0.056409907,0.035036806,0.025204444,0.056198716,0.03813217,0.025844663,0.022319693,0.04227357
2023-11-07,0.017582478,0.012826793,0.02630513,0.010611516,0.021116838,0.024598373,0.025086839,0.035213925,0.040565483,0.040218346,0.045287006,0.06081437,0.027573505,0.012826664,0.06666667,0.030330423,0.059136804,0.03256475,0.029799096,0.024481336,0.03346734,0.013201274,0.022877356,0.046259027,0.03026517,0.024535561,0.05066569,0.04400486,0.02462811,0.028006988,0.038482282
2023-11-08,0.018372433,0.013270345,0.026366912,0.010286874,0.022085454,0.02552296,0.023793058,0.04169573,0.036366623,0.03876516,0.048905827,0.0547517,0.02898318,0.01390682,0.06666667,0.029271366,0.060456503,0.02974762,0.025921656,0.028367793,0.035105836,0.016396787,0.025276879,0.042904053,0.028065182,0.024067922,0.049861334,0.042846546,0.029128065,0.028516391,0.034326326
2023-11-09,0.01882428,0.014215127,0.024099978,0.010011429,0.027681876,0.032209195,0.021411031,0.043586574,0.02966139,0.038320035,0.063812554,0.0454573,0.028686574,0.014294867,0.06666667,0.025941903,0.051975988,0.027609957,0.020911213,0.029902413,0.040996343,0.020157317,0.030737549,0.03639479,0.024726495,0.026746672,0.048282795,0.044689596,0.02541925,0.035611287,0.030957552
2023-11-10,0.018619247,0.013678818,0.026034478,0.008715488,0.025831634,0.03270888,0.021597335,0.042700782,0.029916419,0.035779838,0.06666667,0.049852166,0.028259017,0.013961361,0.06666667,0.029916987,0.05392571,0.02028958,0.022973038,0.026249101,0.040016018,0.02368941,0.026963724,0.039769474,0.021192735,0.026237322,0.056015622,0.043572087,0.029731916,0.03157964,0.026888838
2023-11-13,0.023753207,0.0129428385,0.031575087,0.010824337,0.025870439,0.028129365,0.02687669,0.036566887,0.036592077,0.037940748,0.06666667,0.04045058,0.031822596,0.017171407,0.06666667,0.032507997,0.052487765,0.019674344,0.016012745,0.02452374,0.04015927,0.02517801,0.030646082,0.03826655,0.024613576,0.022376264,0.050340947,0.042133275,0.03284513,0.029484546,0.024900166
2023-11-14,0.023285953,0.012219884,0.033494532,0.011117882,0.025691045,0.030473562,0.029795362,0.031897698,0.040179864,0.03643768,0.06666667,0.042886235,0.028678993,0.017853124,0.06666667,0.036891256,0.05052431,0.019997522,0.017088786,0.019872913,0.040454775,0.02346959,0.029659988,0.03670276,0.025259392,0.022598192,0.05153228,0.044316426,0.033277016,0.02611587,0.024893776
2023-11-15,0.027794527,0.012195351,0.028986085,0.013077248,0.025733957,0.02130942,0.03919267,0.024054179,0.040467225,0.03869249,0.06511832,0.049859434,0.032049827,0.01761472,0.06666667,0.030341076,0.048229128,0.023026938,0.017148608,0.021355027,0.038599078,0.022149682,0.024445703,0.040035293,0.027685491,0.023497473,0.057183098,0.037001044,0.03049684,0.027047059,0.028946346
2023-11-16,0.034904353,0.0154825905,0.035182144,0.016506886,0.024565084,0.018487902,0.04229197,0.03036369,0.032480408,0.040300023,0.062312756,0.04791571,0.02980644,0.015069396,0.053949375,0.032690663,0.047152862,0.024520112,0.01692784,0.027507272,0.03784111,0.02486527,0.023300562,0.031816237,0.023061195,0.022972962,0.056425877,0.03263964,0.043476466,0.024803517,0.030379688
2023-11-17,0.028866574,0.019376738,0.023633786,0.012803845,0.024442546,0.01889823,0.03515003,0.036835525,0.027440801,0.047962956,0.061804846,0.059970208,0.031614292,0.013935213,0.05601054,0.02302478,0.04166311,0.021697592,0.023574624,0.03962547,0.036268137,0.025798634,0.019311057,0.03338374,0.020584231,0.030581195,0.06666667,0.02803091,0.029182307,0.031782653,0.030078761
2023-11-20,0.030176638,0.021697685,0.022652958,0.013666204,0.02371107,0.017005403,0.042502265,0.03427116,0.03020986,0.046799675,0.051756274,0.06666667,0.028678669,0.013230056,0.046649735,0.01691231,0.039225478,0.027201558,0.029276025,0.04538128,0.032782957,0.02778143,0.016081024,0.03193352,0.023683468,0.032478217,0.06666667,0.021594984,0.02973135,0.03830474,0.03129068
2023-11-21,0.03142925,0.01926373,0.020007476,0.012625018,0.022371395,0.017912382,0.04393443,0.02791206,0.030087046,0.045329552,0.055198174,0.06666667,0.026561717,0.012932642,0.04159185,0.013704665,0.042862263,0.028410373,0.032155044,0.045903713,0.028967543,0.029480381,0.015408251,0.030112153,0.026278168,0.038702704,0.06666667,0.019469324,0.029599346,0.043498896,0.034957115
2023-11-22,0.031262014,0.019767497,0.01915286,0.015174995,0.025458558,0.018921493,0.045993887,0.030929547,0.023962006,0.039951343,0.044008184,0.06666667,0.025053844,0.012523522,0.033029094,0.011950345,0.04020178,0.038698662,0.036699105,0.05229449,0.028662393,0.037091784,0.01743594,0.030642902,0.02344641,0.040112313,0.06666667,0.018167276,0.03852705,0.036825698,0.030721676
2023-11-24,0.032594975,0.02039503,0.019833833,0.013908741,0.024334677,0.019223128,0.045766044,0.028236236,0.025485896,0.04043148,0.043625344,0.06666667,0.022777239,0.013765035,0.03494013,0.012792798,0.043008704,0.042780276,0.040098347,0.044556234,0.028699238,0.03592015,0.017121872,0.03296906,0.023798455,0.03725743,0.06666667,0.01838,0.042491205,0.030886874,0.03058824
2023-11-27,0.038419105,0.019529203,0.022289827,0.015676126,0.02273087,0.017828811,0.051459003,0.022970665,0.027037563,0.03920856,0.041461244,0.06666667,0.020937959,0.014144898,0.031261045,0.014397969,0.044682577,0.04798619,0.040726993,0.03611581,0.028071944,0.03467075,0.01639271,0.03236381,0.026157202,0.034427334,0.06666667,0.018276148,0.049103316,0.025393734,0.0329453
2023-11-28,0.03812953,0.018627487,0.027143806,0.014524808,0.020530274,0.019273356,0.054038614,0.022279765,0.028856441,0.04116013,0.047012933,0.06666667,0.018277314,0.013267711,0.031437304,0.014537354,0.040116545,0.053279076,0.03246246,0.033998467,0.03085594,0.034555174,0.018550223,0.029095437,0.02495552,0.030211637,0.06666667,0.017862055,0.050576497,0.028963406,0.0320874
2023-11-29,0.039018348,0.017382143,0.032564107,0.017367542,0.022209298,0.018821018,0.059776135,0.021348044,0.029924871,0.04426954,0.04596145,0.060728244,0.018925171,0.013734002,0.030135605,0.015886972,0.03796281,0.056189016,0.027267242,0.030780818,0.030321648,0.032190673,0.023470087,0.02690256,0.024950575,0.02629953,0.06666667,0.018718645,0.053564724,0.02610479,0.030557735
2023-11-30,0.03576314,0.021775516,0.027223116,0.017677097,0.026230853,0.021608697,0.0510785,0.022294216,0.021557314,0.043304037,0.05261658,0.06151872,0.017598033,0.010551341,0.028232077,0.013704467,0.034036912,0.058330808,0.031751417,0.03321849,0.03475031,0.028919559,0.02209759,0.023269573,0.022982333,0.033284977,0.06666667,0.021637656,0.040123455,0.037093572,0.039102968
2023-12-01,0.033927552,0.025038375,0.025981229,0.020684345,0.03261745,0.020623298,0.05265481,0.019434178,0.018895268,0.036525924,0.034724366,0.06666667,0.016393745,0.013552885,0.02712213,0.014517428,0.027875569,0.06666667,0.03954179,0.026090141,0.042604662,0.027748043,0.026424995,0.029548148,0.022606414,0.033271104,0.06666667,0.022710629,0.045923296,0.024662415,0.038299814
2023-12-04,0.029105565,0.023408668,0.026848858,0.01867574,0.033235952,0.020340128,0.06666667,0.016213281,0.020042079,0.036167394,0.029860543,0.06666667,0.014171683,0.012971955,0.027167652,0.010642971,0.024535017,0.06666667,0.050523225,0.023348318,0.03999931,0.027911134,0.027666785,0.028092809,0.023761855,0.036197916,0.06666667,0.018069506,0.051350363,0.026085684,0.03693895
2023-12-05,0.030286958,0.03326327,0.026743548,0.020377275,0.03393872,0.022029743,0.06391062,0.021645991,0.016479338,0.029770378,0.021894604,0.06410269,0.012078903,0.013133911,0.022213744,0.008976483,0.019156031,0.06666667,0.0661222,0.026786942,0.038064077,0.028830778,0.026088845,0.02641431,0.02145797,0.042097304,0.06666667,0.016837573,0.054075856,0.024624834,0.03526378
2023-12-06,0.032936577,0.029801222,0.029087324,0.017573327,0.027530195,0.018117007,0.06666667,0.019734204,0.015943395,0.024295148,0.01687092,0.058718808,0.011811861,0.015145951,0.0182594,0.005350448,0.017822763,0.06666667,0.06666667,0.035548456,0.031493448,0.039159328,0.026881032,0.026163882,0.022801336,0.050911676,0.06666667,0.011448931,0.06666667,0.028930942,0.034329094
2023-12-07,0.035330366,0.030516213,0.029928299,0.018069612,0.025622234,0.01454982,0.06666667,0.01758392,0.015324914,0.023961341,0.013411357,0.06666667,0.01199126,0.01617415,0.017675415,0.004578519,0.016371023,0.06666667,0.06666667,0.038518872,0.0272053,0.03676878,0.025085526,0.031868327,0.02139598,0.057265025,0.06666667,0.009158491,0.06666667,0.027666338,0.033978917
2023-12-08,0.034699608,0.027971702,0.030888481,0.01813976,0.023527913,0.0127645945,0.06666667,0.016954698,0.017940376,0.025658332,0.013224051,0.06666667,0.013765682,0.015921043,0.019811772,0.0045391675,0.015675174,0.06666667,0.06666667,0.041146506,0.026869373,0.036910325,0.02216715,0.032651104,0.02260092,0.050978392,0.06666667,0.0093471045,0.06666667,0.031829152,0.034017622
2023-12-11,0.033447634,0.033489842,0.032348398,0.018231096,0.025537865,0.015928255,0.06666667,0.019611778,0.017945092,0.029776797,0.015634619,0.050795503,0.014865605,0.017001621,0.018866315,0.005623551,0.0137447035,0.06666667,0.060331255,0.04486451,0.030112583,0.036434226,0.02175066,0.025442172,0.023541106,0.046950053,0.06666667,0.010894892,0.057562836,0.044588786,0.034678243
2023-12-12,0.032824885,0.032207966,0.033696488,0.020403437,0.027044743,0.017357117,0.06666667,0.019850858,0.017590592,0.026595712,0.014912802,0.05100397,0.0134072015,0.013410578,0.018119983,0.0052364026,0.013946275,0.06666667,0.06425812,0.039952375,0.029942514,0.03858066,0.020906987,0.02811105,0.024931928,0.045152124,0.06666667,0.01193646,0.058891878,0.044607654,0.03511924
2023-12-13,0.032932796,0.037859038,0.042608608,0.026172187,0.02603814,0.0136558,0.06666667,0.02890702,0.0124322325,0.028636642,0.010264253,0.048882037,0.016217,0.014468825,0.015051133,0.00557155,0.013046349,0.06666667,0.055008918,0.05526781,0.027258405,0.042935364,0.022396825,0.024727765,0.022603137,0.034056667,0.06666667,0.011810406,0.06666667,0.037580255,0.026944164
2023-12-14,0.031251986,0.02782872,0.04843558,0.027072668,0.026115045,0.0126301395,0.06666667,0.018203063,0.018064953,0.038401663,0.011916424,0.046552677,0.016668454,0.013505336,0.019804414,0.006705173,0.015032857,0.06666667,0.055531144,0.037848853,0.030153306,0.03407204,0.0234392,0.027405318,0.03084543,0.03194072,0.06666667,0.011701604,0.06666667,0.039966263,0.032240298
2023-12-15,0.034437865,0.0398885,0.04670234,0.030551022,0.025010506,0.010440386,0.06666667,0.021715613,0.01697759,0.049076244,0.012454281,0.03880345,0.015579288,0.012793869,0.015095855,0.006134567,0.012837777,0.06666667,0.051813208,0.04555565,0.028271731,0.02648273,0.019529553,0.016751714,0.03134763,0.031896282,0.065736465,0.009585254,0.06484658,0.05192491,0.034425806
2023-12-18,0.042421307,0.045745645,0.061613064,0.029528614,0.021186875,0.011346923,0.06666667,0.027834827,0.019987268,0.052322183,0.017169764,0.024998017,0.014556915,0.011558761,0.014515097,0.007122806,0.011357428,0.06666667,0.027886849,0.049094055,0.037331782,0.029844565,0.018385433,0.012296877,0.03142156,0.02586937,0.047745734,0.010322382,0.062732674,0.06666667,0.03380323
2023-12-19,0.03776432,0.043631293,0.06394297,0.031450447,0.02002325,0.012297804,0.06666667,0.033516772,0.02505162,0.05244847,0.019268155,0.023144178,0.01537056,0.010356402,0.017854542,0.009795169,0.013709142,0.061854508,0.021082478,0.04970044,0.04116334,0.030682975,0.016486388,0.01079236,0.03545868,0.019213986,0.041029382,0.013720523,0.061989624,0.06666667,0.033866897
2023-12-20,0.03786603,0.049987137,0.060713936,0.031374045,0.019644972,0.013338874,0.059296664,0.03774085,0.028772933,0.055388488,0.023626324,0.022022057,0.01540988,0.009274723,0.019374587,0.012638652,0.015731165,0.05599776,0.019336779,0.050607525,0.044131216,0.02977594,0.014349163,0.010025323,0.036748692,0.016916182,0.036767405,0.01563336,0.054388575,0.06666667,0.0364541
2023-12-21,0.045321357,0.051443595,0.06666667,0.021972593,0.015033273,0.014527987,0.055105895,0.04179644,0.03744923,0.051254764,0.032189734,0.019691775,0.012462996,0.009350036,0.018573973,0.01181716,0.014045844,0.05932525,0.012911633,0.054509994,0.049905267,0.03249173,0.01398492,0.008989654,0.032579888,0.015081778,0.03770335,0.013595863,0.050172523,0.06666667,0.033378173
2023-12-22,0.046098575,0.040046934,0.06666667,0.021941781,0.016232012,0.01607075,0.05110332,0.029203804,0.037820604,0.044299446,0.035820264,0.023431972,0.012807704,0.008259842,0.01949279,0.012737628,0.017049804,0.06666667,0.012171114,0.043643124,0.05363838,0.03419583,0.013542662,0.01053656,0.03546432,0.014210027,0.044576526,0.017688436,0.048064634,0.06666667,0.03985116
2023-12-26,0.045844153,0.034469202,0.06410895,0.025044573,0.018282328,0.019997828,0.048265547,0.022800857,0.03847408,0.04250099,0.04901166,0.03190616,0.012702624,0.009001353,0.020042542,0.018381575,0.017688962,0.06666667,0.010282247,0.032300852,0.06666667,0.02891725,0.0145930005,0.0097334515,0.034230422,0.013598969,0.037812516,0.026369344,0.033394016,0.06666667,0.040244553
2023-12-27,0.045795124,0.03431947,0.060591977,0.027162788,0.01957989,0.019948319,0.048809536,0.019192314,0.037645556,0.043211427,0.04708448,0.03287852,0.013041634,0.009373217,0.020424156,0.02017715,0.01673251,0.06666667,0.01071933,0.030403415,0.06666667,0.027323216,0.014763745,0.010773266,0.034237497,0.014146364,0.039816353,0.027378488,0.03066055,0.06666667,0.0438097
2023-12-28,0.04652329,0.033177804,0.062869094,0.026928173,0.019023221,0.019910552,0.050816137,0.017299792,0.03850287,0.041315038,0.04581893,0.033966012,0.012172555,0.008889272,0.021582,0.021221472,0.016056754,0.06666667,0.010828488,0.026384482,0.06666667,0.025081266,0.014938255,0.0122435605,0.034222707,0.014112688,0.04092033,0.02820471,0.03019911,0.06666667,0.046791438
2023-12-29,0.042920236,0.031718064,0.055635948,0.02376193,0.018644733,0.020057175,0.050512847,0.015098106,0.035912212,0.040825978,0.045430943,0.040927943,0.011913603,0.0085070385,0.02465002,0.02068911,0.017591206,0.06666667,0.013702621,0.02385395,0.06666667,0.022221984,0.014321701,0.01391122,0.0333026,0.016395396,0.044868827,0.028899582,0.0293245,0.06666667,0.05440053
2024-01-02,0.04061619,0.030644853,0.053508587,0.024993807,0.021611195,0.022308478,0.04777615,0.014011654,0.029065859,0.03851611,0.044322293,0.045651425,0.01172247,0.008371329,0.024367796,0.023553567,0.018121408,0.06666667,0.015508495,0.019918773,0.06666667,0.021019258,0.01606776,0.015296378,0.029700851,0.016554462,0.048126195,0.03411594,0.029540176,0.06666667,0.054988544
2024-01-03,0.027186092,0.033364594,0.04009708,0.03157323,0.027632875,0.026091373,0.03674233,0.0138866035,0.027658507,0.0321077,0.023293708,0.06666667,0.012186227,0.013517522,0.033547204,0.039596856,0.0208897,0.06666667,0.03422014,0.0131983105,0.06666667,0.012922381,0.018289182,0.020587482,0.033909936,0.017718175,0.042797517,0.049434084,0.029329484,0.030799832,0.057421878
2024-01-04,0.019867646,0.03518649,0.03837177,0.031868983,0.029262407,0.03757235,0.023701478,0.016931396,0.029194526,0.03317863,0.020840064,0.066355154,0.012488417,0.019335998,0.03767098,0.06666667,0.023330476,0.06356112,0.041657537,0.010651703,0.05702786,0.009607235,0.021477817,0.017377123,0.032746594,0.015221464,0.030215386,0.06539179,0.025601048,0.020981096,0.04665879
2024-01-05,0.016596263,0.040392924,0.032221284,0.03327408,0.037867095,0.044731222,0.023183385,0.014832455,0.021907318,0.03351429,0.019708132,0.063263685,0.011969715,0.0243759,0.03427256,0.06666667,0.020577464,0.061339367,0.051640507,0.008463303,0.060509864,0.008331279,0.028172206,0.016796371,0.031335726,0.017683335,0.025496155,0.06666667,0.02197164,0.01874866,0.043490484
2024-01-08,0.015702019,0.049895808,0.026650038,0.036758844,0.04522207,0.050100744,0.021171845,0.016415963,0.018059738,0.03512111,0.020495834,0.063412376,0.013323446,0.03071879,0.02878837,0.06666667,0.022466186,0.04838328,0.057784878,0.0093402155,0.051549572,0.008322605,0.031625308,0.014169449,0.03204484,0.019299926,0.020832095,0.06666667,0.019425413,0.01962195,0.03996396
2024-01-09,0.015414337,0.040829472,0.023368407,0.037716296,0.051348113,0.056554224,0.020978926,0.015185969,0.017915327,0.038437974,0.026748598,0.05858235,0.017256053,0.033932004,0.029992944,0.06666667,0.02927269,0.0388986,0.04815678,0.0089600915,0.047044516,0.009152197,0.037203416,0.014850162,0.03445044,0.018992728,0.019967884,0.06666667,0.017946718,0.019926395,0.037583057
2024-01-10,0.014292065,0.037361655,0.025472011,0.04102706,0.062358417,0.06666667,0.018074637,0.021890396,0.015303471,0.032656435,0.030698905,0.048076406,0.021437613,0.036867734,0.030582085,0.06666667,0.030015426,0.03218033,0.036468115,0.009594578,0.05001251,0.012193688,0.048676312,0.014664538,0.031102544,0.0173914,0.017009124,0.06666667,0.017553784,0.019566137,0.027472625
2024-01-11,0.014133333,0.022294791,0.024369841,0.03875932,0.06666667,0.06666667,0.01932178,0.015977604,0.011843372,0.028932335,0.03939811,0.051653694,0.028812146,0.03779894,0.030483477,0.06666667,0.04156973,0.02495085,0.031354915,0.008450241,0.038538154,0.016396476,0.06179935,0.018898666,0.029021947,0.017615074,0.020385116,0.06666667,0.018822424,0.017877614,0.023874028
2024-01-12,0.017239073,0.014792286,0.0287463,0.02999778,0.06666667,0.06666667,0.020018615,0.012851355,0.013633426,0.02490805,0.053707834,0.043846335,0.035156682,0.03187123,0.030902848,0.06666667,0.053258542,0.018012907,0.025416786,0.007951466,0.02786709,0.024509214,0.058349255,0.025732117,0.029803598,0.017520789,0.02508534,0.06666667,0.018785544,0.020971319,0.022397546
2024-01-16,0.018130014,0.01103507,0.027477885,0.0307779,0.06666667,0.06666667,0.020080557,0.010801478,0.012443384,0.024242735,0.06221756,0.040788513,0.037518643,0.025468895,0.025582235,0.06627238,0.06660424,0.015879262,0.023916958,0.0088954875,0.019632367,0.03041019,0.060738392,0.024570372,0.029726133,0.016911902,0.026561432,0.06666667,0.019266494,0.02218346,0.021866065
2024-01-17,0.019022694,0.010598582,0.027434109,0.02533849,0.06545003,0.06666667,0.019015403,0.011930239,0.009524145,0.025084555,0.06666667,0.04158322,0.03919417,0.023925694,0.026957538,0.06666667,0.06666667,0.011875931,0.022122314,0.010010465,0.019474572,0.035085157,0.06413166,0.023232253,0.024907056,0.018067539,0.025891716,0.06666667,0.02028869,0.026312355,0.020208081
2024-01-18,0.018527335,0.011421589,0.024216456,0.028240195,0.06666667,0.06666667,0.016780464,0.012997095,0.00780737,0.022306673,0.06666667,0.037991993,0.041879475,0.025998583,0.02384823,0.066155724,0.06666667,0.011490635,0.021808261,0.011028934,0.020070165,0.04022386,0.06666667,0.023676004,0.02328028,0.021102726,0.025760612,0.06666667,0.018458894,0.026993353,0.017935097
2024-01-19,0.019905798,0.01069689,0.023085797,0.028351191,0.06666667,0.06666667,0.01784135,0.014446994,0.0076549184,0.02203443,0.06666667,0.037005868,0.041910905,0.019954005,0.02421362,0.052836232,0.06666667,0.010717839,0.023044413,0.013690524,0.018439531,0.051455077,0.063966304,0.023282345,0.021839416,0.02418382,0.02844739,0.06666667,0.0215078,0.028156413,0.017997794
2024-01-22,0.02194176,0.011241694,0.023568008,0.022001961,0.059524313,0.06666667,0.016557151,0.018026605,0.010580405,0.026453752,0.06666667,0.041677203,0.043498315,0.017093996,0.031015312,0.05205542,0.06666667,0.008272729,0.023565637,0.017505258,0.015306322,0.04828874,0.047796473,0.022960158,0.023883399,0.02477288,0.03037485,0.06666667,0.02011258,0.035395756,0.019862654
2024-01-23,0.024106108,0.011477969,0.023834562,0.022350373,0.055921376,0.06666667,0.018960916,0.016817996,0.011142775,0.03015869,0.06666667,0.042543437,0.04085216,0.014629215,0.029565789,0.049002916,0.06666667,0.008773658,0.021940047,0.01737279,0.018560965,0.04843626,0.04227002,0.019909518,0.023349937,0.027133044,0.031934623,0.06666667,0.020676568,0.03936415,0.022247467
2024-01-24,0.022238186,0.014314554,0.022198329,0.023595097,0.053077042,0.06666667,0.015822934,0.020681294,0.013130819,0.03466075,0.06666667,0.0467021,0.035370857,0.016129965,0.0396432,0.064381674,0.06666667,0.00884914,0.027738892,0.018348996,0.017060421,0.033797506,0.035655875,0.017515698,0.019519014,0.026573807,0.034974463,0.06666667,0.023542162,0.025675181,0.022135373
2024-01-25,0.025300192,0.015949814,0.029177109,0.018565524,0.037221797,0.06666667,0.014981014,0.022342918,0.024369892,0.044893708,0.06666667,0.034826886,0.039143167,0.018836653,0.044898488,0.06666667,0.06666667,0.005748894,0.01991567,0.020999959,0.0153781455,0.03126693,0.028378237,0.016016118,0.025923785,0.021740153,0.028674075,0.06666667,0.01816044,0.042532526,0.021424573
2024-01-26,0.026359186,0.018866863,0.034910914,0.024782075,0.032330167,0.054410897,0.018102158,0.023201251,0.03348052,0.055559304,0.06666667,0.031405322,0.03381894,0.020327214,0.04179501,0.06666667,0.06666667,0.0066905613,0.018990645,0.020693803,0.01643421,0.026257811,0.02555866,0.01087141,0.032135755,0.017573632,0.024228977,0.06666667,0.023764877,0.038390245,0.022392927
2024-01-29,0.028581157,0.020923987,0.04471035,0.027340911,0.028846048,0.05084094,0.01927392,0.028907191,0.030105142,0.052460425,0.06666667,0.026279999,0.029259626,0.022671884,0.038057797,0.06666667,0.06666667,0.007557982,0.018172912,0.02255631,0.018056456,0.028882323,0.02569574,0.008984915,0.030524135,0.015404654,0.02069604,0.06666667,0.036949553,0.03125347,0.020339472
2024-01-30,0.02695466,0.019860946,0.051743694,0.02976399,0.02519374,0.03961939,0.021355968,0.02943476,0.03181,0.053470656,0.0652825,0.028058838,0.02970969,0.020897502,0.03892818,0.06666667,0.06666667,0.008598099,0.018255124,0.02281464,0.017987799,0.02856865,0.022812933,0.009713933,0.033887155,0.012516496,0.022281084,0.0620062,0.046598062,0.027826868,0.020715108
2024-01-31,0.022587707,0.021346634,0.056379482,0.028494004,0.02852514,0.039915234,0.020195922,0.028533261,0.029624486,0.05145701,0.04838788,0.032164317,0.023742115,0.020051518,0.04439103,0.06666667,0.06451152,0.011873082,0.021479268,0.01774524,0.020415572,0.02331615,0.025413582,0.012690619,0.037313003,0.011214564,0.026145367,0.06666667,0.04929655,0.027723385,0.02173303
2024-02-01,0.020033097,0.02650298,0.05978873,0.03025786,0.032711305,0.04286483,0.024524627,0.032768033,0.022877814,0.043357577,0.03939959,0.035137925,0.019689526,0.021644458,0.038741402,0.06666667,0.050054625,0.01855855,0.026049191,0.016082123,0.027881363,0.02210684,0.033631098,0.013987058,0.03221305,0.011902051,0.023303144,0.06666667,0.054159336,0.024613932,0.021824548
2024-02-02,0.019200977,0.021802291,0.054259807,0.03168464,0.041999944,0.05456196,0.021309324,0.02875693,0.02476863,0.03931315,0.045554705,0.02999511,0.020838957,0.022314359,0.038297396,0.06666667,0.051947754,0.020653978,0.022200108,0.014646987,0.029150559,0.021828547,0.04138594,0.01598238,0.03542378,0.011549504,0.020365963,0.06666667,0.040245447,0.024904892,0.02172264
2024-02-05,0.022023942,0.02013344,0.06666667,0.02755369,0.034676865,0.05676253,0.018678159,0.028591553,0.038141873,0.04222828,0.05272524,0.02359102,0.024051286,0.025265193,0.04227105,0.06666667,0.046595078,0.012967437,0.01399091,0.014587417,0.031554773,0.02020833,0.03367121,0.013238072,0.045103405,0.009861942,0.015223283,0.06666667,0.030023644,0.03575891,0.02052146
2024-02-06,0.024577519,0.02407919,0.06666667,0.02960885,0.03711016,0.06666667,0.01727738,0.033669278,0.031041592,0.04367099,0.06666667,0.013840041,0.023120262,0.024229767,0.031867113,0.06666667,0.034279216,0.010359365,0.009339351,0.01621707,0.04077289,0.024266649,0.037392784,0.00919517,0.03903629,0.0103739165,0.010007838,0.06666667,0.025174133,0.048796322,0.017363535
2024-02-07,0.027905306,0.028460415,0.061568677,0.036835708,0.041187357,0.062809885,0.016201096,0.036177944,0.028872287,0.038488667,0.05906395,0.012657568,0.025387224,0.024171809,0.025604082,0.06666667,0.03427609,0.010936672,0.010425271,0.018073967,0.042695813,0.030018108,0.03481356,0.009127193,0.0408544,0.011379859,0.008967077,0.06666667,0.029464161,0.04077539,0.019467138
2024-02-08,0.028307328,0.025129091,0.057011187,0.03186409,0.041641515,0.062217727,0.016404962,0.03140731,0.02932264,0.038307592,0.06267569,0.012768249,0.02833469,0.025624441,0.025221063,0.06666667,0.037956193,0.010832681,0.00940738,0.017197577,0.039992772,0.032250855,0.03784314,0.010310737,0.043389507,0.011416393,0.010022645,0.06666667,0.027751293,0.042454287,0.019603621
2024-02-09,0.03280384,0.024405986,0.062120143,0.027997388,0.03549611,0.04610665,0.019082068,0.033114795,0.035453927,0.037864577,0.05374116,0.016228708,0.030651964,0.027015144,0.026389541,0.06666667,0.046418667,0.0101302145,0.011662979,0.019644719,0.030169182,0.041228183,0.031560313,0.013652426,0.043744527,0.011300049,0.014195091,0.05687182,0.038735516,0.03627385,0.0192738
2024-02-12,0.037567347,0.019816415,0.06666667,0.025724053,0.029717674,0.038259175,0.023993487,0.031959597,0.03621446,0.03537817,0.050505158,0.0173044,0.035002887,0.027619036,0.025551261,0.052513696,0.05191718,0.011398955,0.010232716,0.021606103,0.026432354,0.049260713,0.034373824,0.0172939,0.0465097,0.012082195,0.015695376,0.048725147,0.04552367,0.035516877,0.019637814
2024-02-13,0.03532756,0.01933666,0.058642436,0.028779892,0.034175042,0.032292746,0.027724568,0.026881924,0.03241521,0.033279695,0.036908027,0.02417308,0.034789745,0.026916327,0.025214229,0.045179836,0.060836103,0.016279936,0.015925426,0.019516528,0.023258088,0.0438948,0.034700602,0.022271717,0.052920897,0.014083441,0.019547207,0.04618237,0.054209195,0.029417414,0.024919301
2024-02-14,0.03223642,0.019764224,0.06636486,0.025001599,0.03174267,0.038233537,0.031397562,0.028612776,0.028810449,0.030541936,0.035219487,0.02715792,0.029788824,0.027300103,0.025263004,0.04214361,0.054092135,0.01603932,0.02046325,0.019822797,0.02353987,0.049989305,0.035704188,0.02151801,0.043435425,0.016363034,0.021560263,0.041577183,0.06468057,0.0286985,0.022937167
2024-02-15,0.031893987,0.019077133,0.06470688,0.027669072,0.032274473,0.0327397,0.033715494,0.022044053,0.030200763,0.03054803,0.027095633,0.028891975,0.03456188,0.029548213,0.025052391,0.037347745,0.05085608,0.016126923,0.022976378,0.019640768,0.022463916,0.051283807,0.033509657,0.02607924,0.049537275,0.017386576,0.023648305,0.03867961,0.06465275,0.029976862,0.025814438
2024-02-16,0.03301234,0.02115659,0.058287222,0.03689895,0.034266893,0.025691532,0.038585614,0.017151803,0.032309886,0.03216347,0.019327741,0.036447614,0.033507977,0.031075845,0.022215646,0.037302043,0.048664246,0.02107952,0.030584743,0.017064132,0.021627698,0.038232684,0.030039348,0.028949795,0.05801421,0.01764625,0.025426818,0.03541592,0.0616526,0.024699742,0.031501118
2024-02-20,0.037428014,0.024835294,0.0634286,0.03975587,0.03072964,0.026683442,0.039894313,0.019134298,0.032623235,0.034413554,0.021160452,0.03812969,0.028905416,0.030304108,0.021361912,0.04485231,0.045917563,0.021957142,0.031712394,0.017132929,0.022076966,0.031007309,0.026987435,0.025090143,0.054640606,0.01829907,0.02125103,0.0355343,0.057085745,0.024005061,0.03366216
2024-02-21,0.03147145,0.021181704,0.06583244,0.0524237,0.032914486,0.026419526,0.042337272,0.018811403,0.028685423,0.028590038,0.014303072,0.043658283,0.025760343,0.027489973,0.021505995,0.048162848,0.04086128,0.031052891,0.035855632,0.01384816,0.022598896,0.025533311,0.03057939,0.028478147,0.04956472,0.016556934,0.024066,0.04067914,0.064805135,0.014217602,0.031754807
2024-02-22,0.027857598,0.028716795,0.06666667,0.058437895,0.03530269,0.026933247,0.031827893,0.029181398,0.029549358,0.033217285,0.012603656,0.041714694,0.024119096,0.025614327,0.024186367,0.05788093,0.034484353,0.03283682,0.039145194,0.016382778,0.024461629,0.020583069,0.02999692,0.025041439,0.044737764,0.014124437,0.023354381,0.04406058,0.05605064,0.012391209,0.028538886
2024-02-23,0.030938407,0.02165356,0.06657524,0.060221244,0.04575386,0.034270138,0.028400576,0.025291255,0.027458256,0.035601955,0.020936087,0.032863393,0.028691167,0.022179835,0.023416921,0.06666667,0.034913056,0.02688002,0.023031129,0.013857819,0.02915424,0.0206453,0.03632432,0.025374763,0.044430204,0.013032564,0.019608427,0.06317452,0.036197554,0.015593026,0.026864491
2024-02-26,0.02967168,0.018989822,0.06430531,0.056397468,0.04876914,0.038073793,0.02775542,0.025531225,0.025404504,0.03359061,0.02348119,0.03313702,0.029156495,0.017845646,0.023822647,0.063512705,0.03229888,0.03356568,0.018817542,0.0130942315,0.034901336,0.022108791,0.039900534,0.028740888,0.039592464,0.012400528,0.02336204,0.06666667,0.031208035,0.01693684,0.02696086
2024-02-27,0.03117182,0.016941559,0.06666667,0.050127655,0.047588274,0.041054588,0.034782045,0.024808304,0.028060703,0.030528832,0.025813341,0.02836486,0.029209342,0.01748391,0.024014272,0.05721092,0.02717371,0.033314012,0.015770119,0.012122939,0.038976807,0.02561428,0.043960538,0.03085639,0.039373346,0.012541781,0.023203041,0.06531011,0.031854633,0.020997897,0.025103305
2024-02-28,0.028806394,0.018527487,0.06666667,0.04831989,0.05033386,0.041942462,0.038183603,0.028672075,0.025061982,0.03356197,0.030129045,0.02612712,0.028808193,0.0153485285,0.022875937,0.043391593,0.025027234,0.03218207,0.016372431,0.014303778,0.04156281,0.02992946,0.04928434,0.027330333,0.037461236,0.014906548,0.022426633,0.054455865,0.033010226,0.028942553,0.026047671
2024-02-29,0.024778677,0.021949321,0.06666667,0.043826334,0.046069603,0.037173938,0.037955858,0.035018604,0.033087574,0.03423499,0.029638117,0.024169723,0.027862255,0.013897429,0.027103772,0.035814214,0.022675557,0.03762031,0.015899917,0.015739642,0.047053605,0.02761127,0.047661364,0.026101632,0.041529603,0.014210987,0.022538813,0.049677264,0.027494593,0.03659857,0.028339803
2024-03-01,0.02377382,0.020991124,0.06666667,0.0355111,0.03358754,0.027926521,0.047013666,0.037947077,0.03998008,0.03857955,0.026496312,0.024925102,0.028035458,0.011069913,0.03420554,0.026437957,0.019139884,0.041425932,0.014253518,0.01963889,0.053561527,0.030574616,0.04002425,0.026366955,0.041425236,0.0129800085,0.030069385,0.03954807,0.03045439,0.04874637,0.02864355
2024-03-04,0.026622955,0.01801175,0.06666667,0.030387184,0.029430242,0.026018888,0.05422677,0.029593095,0.044903323,0.038159747,0.031961605,0.022761147,0.026277449,0.010496403,0.030175881,0.020499935,0.018236944,0.047337238,0.010879628,0.01872569,0.05735014,0.033511076,0.04035746,0.025676077,0.04397115,0.01303207,0.03063801,0.033396184,0.027040849,0.06270857,0.03094587
2024-03-05,0.02003043,0.01810006,0.06666667,0.02828831,0.030936975,0.022104977,0.061099548,0.026694946,0.041513443,0.037978314,0.026215635,0.03228061,0.028872035,0.011645667,0.04143928,0.020180862,0.01783986,0.04623343,0.013860395,0.01622393,0.059329078,0.028045487,0.03827524,0.030244641,0.038393736,0.014133723,0.04048312,0.03484518,0.026655478,0.049930234,0.031458706
2024-03-06,0.01779256,0.021677494,0.06359382,0.03087299,0.029747522,0.020603616,0.06012276,0.026922638,0.047234662,0.040308505,0.020157224,0.04071213,0.030555174,0.014283466,0.042289466,0.022297772,0.019941742,0.045292072,0.018780405,0.016880848,0.044428054,0.02346242,0.036681656,0.034453295,0.039244063,0.014592516,0.044729806,0.03149494,0.025409678,0.043637164,0.031799544
2024-03-07,0.022064317,0.02768648,0.056639683,0.040310726,0.031946536,0.020381883,0.05478092,0.027164716,0.045635432,0.037313044,0.020294435,0.036606353,0.028444672,0.012141999,0.033774342,0.019755606,0.017714528,0.06191317,0.01838785,0.018643744,0.04543832,0.02242646,0.031890314,0.03535476,0.039152764,0.01659663,0.039349724,0.031261947,0.019990116,0.049571134,0.0373674
2024-03-08,0.026180362,0.022167683,0.05897445,0.042288713,0.030862868,0.018282138,0.06270676,0.02026582,0.049379643,0.038092867,0.019957567,0.029233778,0.029429983,0.011984627,0.02966835,0.016633555,0.015155856,0.06666667,0.014470958,0.017616646,0.04804657,0.02414192,0.031371605,0.035999868,0.04195359,0.016828293,0.039736193,0.027561294,0.019696403,0.055524595,0.039120376
2024-03-11,0.021203494,0.026979955,0.05830653,0.035319705,0.021086695,0.015141228,0.059496272,0.024824874,0.06666667,0.04087652,0.014709328,0.032113295,0.024944978,0.012092305,0.038959056,0.015340252,0.015362237,0.06666667,0.02165465,0.020689856,0.045189347,0.019780463,0.025509637,0.035664342,0.045582447,0.01581048,0.04458154,0.01932262,0.024267796,0.050013863,0.0418429
2024-03-12,0.020144016,0.036229886,0.042060334,0.04724742,0.027356263,0.014167666,0.043312512,0.030366743,0.06666667,0.040887054,0.010742832,0.031116487,0.02620149,0.015707932,0.040382117,0.01933144,0.016720375,0.06666667,0.031024063,0.022581045,0.04178139,0.016919836,0.027785981,0.039399672,0.045340974,0.017376432,0.04332058,0.020760816,0.026219435,0.03159217,0.0405897
2024-03-13,0.018801715,0.023599358,0.038853407,0.04512136,0.042136148,0.024354655,0.0329938,0.022757033,0.06474974,0.039505877,0.020245528,0.025224859,0.031585217,0.01726684,0.043244436,0.02796138,0.019466357,0.06098358,0.018862195,0.0139999315,0.050247785,0.01709993,0.043435942,0.037352666,0.04469296,0.016596308,0.034230974,0.03749366,0.017313665,0.032596573,0.037226114
2024-03-14,0.018298177,0.031428088,0.04141435,0.05806206,0.044439018,0.024497805,0.028737556,0.029205129,0.043796252,0.044446968,0.016477669,0.02188106,0.031694822,0.021729073,0.03745338,0.038493857,0.019845342,0.055385143,0.019593194,0.01663642,0.05239617,0.01613838,0.048385184,0.02686636,0.044542678,0.013590135,0.026160888,0.043568473,0.022838542,0.029455895,0.03254193
2024-03-15,0.021530138,0.027986519,0.05333858,0.052627686,0.035867233,0.02717528,0.02645531,0.033354495,0.063194886,0.0428701,0.019595278,0.016186818,0.03345677,0.027015392,0.03688023,0.04525421,0.02086935,0.041608207,0.0141814,0.019028593,0.04830039,0.019139424,0.046374902,0.021884887,0.048730556,0.011269585,0.021953557,0.040340144,0.025405211,0.031697918,0.026426965
2024-03-18,0.023438966,0.03220102,0.051845104,0.051891766,0.035543773,0.029683523,0.028989604,0.027916847,0.056400843,0.04512785,0.022656478,0.016292877,0.027719563,0.024234615,0.032617528,0.04018455,0.018472897,0.047531396,0.017235823,0.018627979,0.05355859,0.020004753,0.042235967,0.020717738,0.047717538,0.013949777,0.021912877,0.036530618,0.02414137,0.040403016,0.03021475
2024-03-19,0.022669353,0.029269239,0.05923316,0.047036707,0.028822184,0.025029,0.03152649,0.023155889,0.06666667,0.051277798,0.021438176,0.01873492,0.026769126,0.02391761,0.038420007,0.043138526,0.021930061,0.03916089,0.020076007,0.017957682,0.04382195,0.01927212,0.035563953,0.020631352,0.0521625,0.012636729,0.024972523,0.03258239,0.029040165,0.041519374,0.03156745
2024-03-20,0.027257832,0.028029554,0.057661843,0.04145745,0.02563049,0.022621771,0.03832591,0.019207263,0.066203654,0.049068913,0.022366067,0.02223914,0.02402877,0.02412773,0.0382591,0.03674125,0.025106585,0.0454039,0.024841655,0.018808817,0.036170866,0.020207085,0.029929938,0.022182563,0.05117744,0.014131393,0.033303775,0.02789752,0.035993166,0.038017392,0.033601172
2024-03-21,0.025216578,0.028557548,0.050397903,0.03689276,0.02556784,0.024665829,0.03728419,0.023718504,0.053221863,0.045563348,0.025340073,0.03172569,0.021630904,0.018747373,0.04503429,0.033979163,0.028246973,0.050191488,0.033003025,0.019950513,0.034699664,0.019526983,0.024870578,0.022675496,0.044092305,0.01601272,0.040282626,0.032394953,0.037707794,0.034162026,0.034639005
2024-03-22,0.02941327,0.024631903,0.048541468,0.036944587,0.032121893,0.025953747,0.0397857,0.019379409,0.037793733,0.041406225,0.028892709,0.042672105,0.024920575,0.020380985,0.03561491,0.034996998,0.031654768,0.046672687,0.027086524,0.017040363,0.031995922,0.021123609,0.027237503,0.024411768,0.041067485,0.015749522,0.048012942,0.041346796,0.03498636,0.0332288,0.034934722
2024-03-25,0.02846024,0.02597539,0.041862916,0.030234762,0.025633512,0.030497828,0.0358131,0.024657685,0.041813403,0.04643022,0.038503498,0.051011622,0.02573602,0.022946725,0.040101394,0.03963349,0.035231676,0.034744184,0.027302202,0.02142687,0.029013418,0.020500068,0.023180805,0.020485982,0.03750921,0.017826907,0.04351211,0.04288697,0.028783068,0.037231665,0.031053064
2024-03-26,0.026722055,0.030288953,0.031485528,0.026560608,0.02191349,0.028527869,0.036115192,0.023903193,0.047025166,0.045788694,0.031487506,0.061355338,0.02515598,0.030097546,0.037519302,0.03243988,0.038101114,0.03154826,0.04106375,0.026143195,0.024169633,0.020025058,0.018105458,0.017766925,0.045862205,0.02308436,0.03993899,0.03423024,0.02941612,0.040082037,0.03407635
2024-03-27,0.028227955,0.03062134,0.03614269,0.02353601,0.018601252,0.024316857,0.035535417,0.022930207,0.047739603,0.036570374,0.02226863,0.061367605,0.01889805,0.02566216,0.040123347,0.02784131,0.031218544,0.04816632,0.04416579,0.02198625,0.031964533,0.022501715,0.016245965,0.026624648,0.04993516,0.021241644,0.04272465,0.031649385,0.035820547,0.037821367,0.037550688
2024-03-28,0.026162513,0.0319248,0.032688163,0.024418212,0.017393725,0.020312013,0.03472926,0.02274602,0.047952782,0.036098097,0.019130616,0.06569417,0.014872283,0.019133588,0.04447527,0.025833739,0.02931569,0.06663401,0.060096532,0.021036582,0.03389888,0.016829973,0.013101209,0.026311068,0.04869885,0.021135371,0.041353706,0.028430669,0.036305364,0.028452812,0.04483404
2024-04-01,0.025426118,0.03596532,0.033880852,0.02159443,0.015522688,0.018697683,0.034589216,0.02695376,0.051169276,0.038046945,0.017131943,0.06666667,0.013228586,0.016867874,0.047933675,0.022964729,0.025182342,0.06666667,0.06583077,0.023328654,0.035981175,0.015310972,0.011369712,0.02345624,0.046370976,0.020383155,0.045034926,0.026367133,0.035498183,0.029058669,0.043520667
2024-04-02,0.026974438,0.03749269,0.035760127,0.017577784,0.012039146,0.01913128,0.031126143,0.030865343,0.06666667,0.039251216,0.017767048,0.059845567,0.014331376,0.024175908,0.050990768,0.022500776,0.02885255,0.047422584,0.066214584,0.027617866,0.028726183,0.01563047,0.010734473,0.019193314,0.058547154,0.022621667,0.033987492,0.021540673,0.036442094,0.03347938,0.04249324
2024-04-03,0.022367222,0.04762498,0.03554524,0.016966311,0.011464345,0.022673517,0.02603261,0.04360318,0.06666667,0.044540714,0.021822046,0.055144556,0.013811323,0.02237044,0.051673587,0.023440083,0.030338807,0.035291914,0.06666667,0.033509042,0.02611576,0.016242322,0.0101959985,0.013218426,0.057754613,0.022023449,0.02728167,0.020527711,0.032687202,0.043120246,0.03927934
2024-04-04,0.025194457,0.042803753,0.03960993,0.015046859,0.011203625,0.022590358,0.032699216,0.030407174,0.06666667,0.04224944,0.025353596,0.050810006,0.013223837,0.025248349,0.04576484,0.01823417,0.027840719,0.03662983,0.058611833,0.03248363,0.027140493,0.016177032,0.0100887045,0.010161916,0.06666667,0.02428502,0.027027143,0.018498346,0.032156516,0.06331661,0.041809265
2024-04-05,0.026386395,0.047930274,0.04626148,0.014545091,0.010739447,0.023847884,0.03852391,0.0328786,0.06666667,0.039981186,0.023778154,0.041187856,0.011677087,0.030305546,0.03812493,0.015675481,0.022541538,0.0419445,0.05567679,0.034670293,0.028280947,0.018188253,0.012464323,0.009240081,0.06252069,0.025127726,0.02509455,0.014914547,0.038117718,0.06666667,0.03604139
2024-04-08,0.02713099,0.044890214,0.05562569,0.017394207,0.011112479,0.024397971,0.038130134,0.032896377,0.06666667,0.041726507,0.023852993,0.033810258,0.014237872,0.033630133,0.04069886,0.019575946,0.023155728,0.035233937,0.043979757,0.032161728,0.031226072,0.019563613,0.013416027,0.009208919,0.06666667,0.02121123,0.020545254,0.01762315,0.039557967,0.06666667,0.034005992
2024-04-09,0.028563064,0.04112175,0.060774278,0.01696111,0.010693498,0.024144856,0.039864957,0.03191658,0.06666667,0.04071393,0.023216581,0.03540413,0.01562444,0.03381292,0.041014325,0.019275855,0.023819936,0.033120662,0.039833132,0.03161377,0.028273886,0.020903032,0.013356413,0.010577567,0.06666667,0.019872159,0.024087092,0.018252943,0.040798787,0.06666667,0.032388337
2024-04-10,0.028298302,0.038725454,0.06511177,0.0194443,0.010534297,0.02131252,0.043684445,0.030579746,0.06666667,0.038859222,0.017934538,0.035540354,0.017324284,0.034236755,0.043627553,0.018991517,0.022627935,0.039513957,0.041218683,0.029875783,0.028249856,0.020204546,0.01340613,0.01360938,0.06666667,0.018058928,0.027788002,0.018918153,0.04167717,0.054372538,0.032940548
2024-04-11,0.031635854,0.037990097,0.06666667,0.019102309,0.009593141,0.026691495,0.039627638,0.042701505,0.06666667,0.03813418,0.022207687,0.027854046,0.017838242,0.033052966,0.046134636,0.02485112,0.0257463,0.027828502,0.036655527,0.03192034,0.023627965,0.023718273,0.0136884535,0.0128535675,0.06666667,0.017035734,0.021673983,0.020671284,0.045502268,0.053804066,0.027858833
2024-04-12,0.030119283,0.03608184,0.06666667,0.01548437,0.008829295,0.027576994,0.033057563,0.04650396,0.06666667,0.04111627,0.028591936,0.022924777,0.01897668,0.02755802,0.052017834,0.022258226,0.030165216,0.019769402,0.036519475,0.03888748,0.020166568,0.026410041,0.011963897,0.01223477,0.06666667,0.01899742,0.020960571,0.01893113,0.043862898,0.06299332,0.027040768
2024-04-15,0.038695723,0.033403207,0.06666667,0.012577118,0.008929883,0.027350266,0.043669242,0.053240657,0.06666667,0.030545719,0.031501543,0.020382393,0.015385892,0.023325607,0.04010663,0.012260526,0.0253634,0.028703975,0.036872964,0.046379708,0.018515954,0.035436783,0.013738683,0.0149162,0.052545685,0.025451513,0.02430209,0.013788651,0.048388142,0.06485729,0.02603122
2024-04-16,0.033406913,0.03826432,0.05791113,0.01218907,0.012676435,0.030281797,0.040542223,0.046185464,0.06666667,0.026118984,0.027152058,0.025072208,0.015224307,0.028622847,0.03918076,0.011595039,0.02440616,0.033422433,0.050781526,0.039326057,0.020273205,0.030472174,0.017038155,0.018102515,0.050849896,0.032333,0.025121296,0.015442244,0.04072492,0.05923695,0.03137925
2024-04-17,0.033671748,0.038853418,0.05655129,0.012162065,0.01847883,0.038186498,0.036698494,0.04573004,0.064599045,0.022777593,0.02661864,0.022447221,0.018573362,0.03849707,0.03521189,0.013354765,0.02307886,0.028800758,0.043834116,0.032997683,0.023239048,0.038623013,0.025208319,0.02189151,0.043726146,0.033219438,0.025348574,0.019495659,0.04132099,0.049834665,0.026969252
2024-04-18,0.021653514,0.036578905,0.04193707,0.013648159,0.023966225,0.03460916,0.03408919,0.03809505,0.064061485,0.021748774,0.014654225,0.032049906,0.023258124,0.05223461,0.04080845,0.0135616595,0.025449092,0.031760093,0.06666667,0.026465302,0.018606514,0.030538945,0.03106881,0.032166723,0.04695362,0.032455597,0.033970114,0.020608641,0.04003871,0.030589769,0.025706904
2024-04-19,0.016666353,0.04087727,0.035299476,0.018920986,0.034392823,0.032512695,0.031689085,0.037193313,0.047861643,0.023518305,0.00949404,0.03749262,0.02758867,0.06057035,0.039493997,0.015945574,0.024232827,0.03387336,0.06666667,0.024302647,0.01773817,0.025783319,0.039599586,0.037560724,0.043217767,0.030501334,0.039170712,0.024273854,0.03914495,0.021320261,0.02309662
2024-04-22,0.012520216,0.051774617,0.027314931,0.028471991,0.045096833,0.029380286,0.024698237,0.03782698,0.035386547,0.021385737,0.005569654,0.049234174,0.026535114,0.062193435,0.038417492,0.02094304,0.02384166,0.040650845,0.06666667,0.020006299,0.017581418,0.01885985,0.04167954,0.04073719,0.04076647,0.028514123,0.0393357,0.030358331,0.040016916,0.012450211,0.021785488
2024-04-23,0.011605762,0.04864153,0.031019373,0.03968931,0.044322744,0.031049585,0.02141555,0.043130867,0.04852633,0.026090518,0.005964939,0.040085845,0.032379925,0.045110535,0.044149738,0.030162193,0.023206392,0.036985744,0.06666667,0.016616488,0.019118486,0.013552828,0.0376481,0.04283174,0.04793663,0.02035754,0.030556688,0.040998124,0.024387952,0.012584087,0.023207786
2024-04-24,0.010383552,0.053906433,0.02716482,0.034249373,0.039560325,0.028686253,0.018526943,0.051034845,0.05069762,0.037867907,0.0075615053,0.044162963,0.033986297,0.043311156,0.055384237,0.03792353,0.0271187,0.026334923,0.06666667,0.019559748,0.018669391,0.010198894,0.031950273,0.03304297,0.045793373,0.019663038,0.028399225,0.040330473,0.02057052,0.013496506,0.023797538
2024-04-25,0.009567362,0.0450788,0.032775145,0.03489474,0.037617404,0.03059874,0.018581394,0.049125727,0.054962803,0.043210883,0.008623885,0.039638165,0.029943269,0.0332207,0.061878506,0.04673001,0.026619343,0.02894932,0.06666667,0.016194526,0.021689372,0.0088096745,0.033617415,0.029888183,0.0428061,0.0159215,0.030301472,0.04334088,0.021656374,0.013184381,0.023907263
2024-04-26,0.007973284,0.041667536,0.025461301,0.030338505,0.04229113,0.049745545,0.017539157,0.040091313,0.046987344,0.044944234,0.0121597545,0.044844337,0.023731798,0.034892935,0.061466146,0.048804216,0.027992329,0.028313003,0.06666667,0.01330949,0.022544835,0.0072832783,0.037814632,0.024220238,0.038609937,0.02075369,0.03166385,0.052332275,0.017609308,0.014568757,0.023379175
2024-04-29,0.008770619,0.025917353,0.026085574,0.030375065,0.044007722,0.057198144,0.014228684,0.030076208,0.043837834,0.049777173,0.019372178,0.038422074,0.033170626,0.032736372,0.065507434,0.06385816,0.031152865,0.018566463,0.045989126,0.012876522,0.029181927,0.0076462296,0.038692586,0.021324541,0.041268148,0.018116197,0.02513152,0.06666667,0.012115766,0.021986166,0.025944063
2024-04-30,0.009591401,0.027006345,0.02486285,0.029986313,0.041549858,0.04991625,0.017150683,0.03130467,0.043376386,0.05068813,0.021560384,0.04031596,0.030625395,0.029325187,0.06313094,0.054646548,0.03208094,0.024414321,0.047817737,0.016369179,0.02996031,0.007865287,0.035873577,0.020759746,0.03937792,0.018993428,0.029129235,0.066236354,0.013515166,0.024208734,0.028360765
2024-05-01,0.009168134,0.033662613,0.021372337,0.02533308,0.04085231,0.057014234,0.016009191,0.047325253,0.031894382,0.044196952,0.023417737,0.04782301,0.026901966,0.024498263,0.064900205,0.045794543,0.028340932,0.027450852,0.05819044,0.0198598,0.031514812,0.008561102,0.03420446,0.024984382,0.027193379,0.023476811,0.031359956,0.06183023,0.011884286,0.024620343,0.026363999
2024-05-02,0.011123485,0.036505457,0.016232826,0.030477544,0.03663246,0.04191097,0.014327019,0.05460684,0.039935227,0.036708217,0.018257432,0.04604957,0.033669163,0.023938403,0.05764747,0.03423205,0.025752114,0.03999724,0.051721893,0.02536655,0.037445873,0.010080262,0.031331606,0.03831418,0.03519784,0.02596015,0.024600735,0.055155024,0.008867508,0.025120035,0.032834858
2024-05-03,0.013054815,0.029603867,0.019725116,0.027297687,0.032061744,0.03516707,0.014565524,0.049664646,0.049041253,0.041347586,0.02268164,0.04115452,0.037101988,0.019662263,0.06601222,0.042278048,0.030637732,0.035912115,0.03648512,0.024637114,0.04155601,0.0101414565,0.028152427,0.04191985,0.037788372,0.020274658,0.024525631,0.054516472,0.009381385,0.026710322,0.036941342
2024-05-06,0.017933201,0.028803146,0.021874769,0.028409142,0.031946573,0.030127125,0.01705896,0.050190035,0.039502066,0.04884853,0.034018114,0.03458843,0.03439199,0.014546774,0.05712057,0.040283684,0.03006613,0.041317925,0.025209444,0.029126858,0.05327709,0.011634728,0.028938245,0.038433664,0.034374,0.019916818,0.023963353,0.05133315,0.010032457,0.03431304,0.03841999
2024-05-07,0.017570097,0.023924166,0.020848999,0.027773527,0.036769558,0.02987198,0.014376258,0.04487051,0.033134706,0.050648827,0.039160375,0.035405107,0.03873415,0.012797121,0.05727649,0.047281418,0.033768363,0.032947075,0.020577263,0.027132712,0.05730349,0.012154362,0.028410237,0.03778912,0.03288953,0.017901802,0.024402011,0.06144329,0.009725864,0.035017345,0.03809424
2024-05-08,0.022105668,0.02043214,0.025357576,0.035266634,0.042759515,0.029828254,0.017986767,0.035736043,0.027401593,0.04946869,0.04204732,0.02896842,0.033742137,0.012333526,0.042386327,0.040804498,0.026965143,0.051983796,0.013694497,0.027877297,0.06666667,0.0118317725,0.037304856,0.029235112,0.03169648,0.018613687,0.022289796,0.06360218,0.0102637615,0.040579475,0.040770363
2024-05-09,0.02069573,0.025523748,0.022379229,0.03694033,0.04768799,0.03009646,0.016394652,0.040057655,0.020943165,0.048789427,0.038894612,0.030531134,0.032666117,0.013006364,0.038704075,0.0402031,0.024535896,0.053175755,0.015200074,0.033710085,0.06666667,0.012658938,0.038605094,0.025781434,0.026394954,0.02039944,0.025055926,0.06284756,0.011706895,0.041092876,0.038654618
2024-05-10,0.026716894,0.025817249,0.025689907,0.042692706,0.04401437,0.023984531,0.021080978,0.035291255,0.021231892,0.05019338,0.03617429,0.03065201,0.031391762,0.0145524675,0.031261962,0.04028742,0.024851494,0.062874064,0.014031362,0.035533637,0.06666667,0.013441011,0.037770938,0.024053968,0.028467616,0.018720658,0.026127638,0.053236537,0.015202611,0.03872092,0.03926781
2024-05-13,0.024073519,0.023652235,0.023531256,0.039003316,0.04294374,0.025984786,0.020678086,0.03042108,0.021081496,0.04904609,0.0392193,0.041370533,0.028972944,0.015908528,0.035948034,0.05142293,0.026258558,0.05707387,0.016033182,0.031853877,0.06666667,0.012357893,0.035145964,0.022951478,0.023559738,0.019364784,0.034869216,0.056893352,0.01634382,0.030701512,0.03666821
2024-05-14,0.024491947,0.028478941,0.022762213,0.041355852,0.04141291,0.025371183,0.021960564,0.036067564,0.019250607,0.047088016,0.034604073,0.041703105,0.02824392,0.017691912,0.03342603,0.048856534,0.026510108,0.05707957,0.020626094,0.037860975,0.0656627,0.013571224,0.034620006,0.01992455,0.02151433,0.023088371,0.035354916,0.04822798,0.022740496,0.024801169,0.03565214
2024-05-15,0.026435241,0.029651955,0.022891387,0.03233581,0.03716333,0.026137752,0.02243092,0.030605055,0.026396753,0.05227957,0.043813325,0.035826463,0.026699692,0.019396074,0.034778666,0.043463454,0.02614868,0.05731273,0.01793669,0.033419497,0.06666667,0.014023301,0.036841713,0.021411307,0.024302356,0.025110345,0.03548241,0.039862923,0.019808376,0.03317747,0.038190085
2024-05-16,0.029427674,0.028320385,0.01945612,0.03200704,0.03878007,0.027870513,0.024228033,0.024365492,0.02445458,0.053686325,0.052986316,0.036337283,0.025760137,0.01996499,0.027281318,0.037463628,0.027775016,0.06289531,0.016175583,0.032119695,0.06378492,0.014618908,0.038700413,0.02088915,0.025670143,0.027449982,0.03494442,0.037719134,0.016683392,0.03853281,0.039651226
2024-05-17,0.030026073,0.023422198,0.019929703,0.0380628,0.039496604,0.029547615,0.0266893,0.021661814,0.026178846,0.044555757,0.05240846,0.034843396,0.024229249,0.017013712,0.028803062,0.04025795,0.030895703,0.06666667,0.017192977,0.023044515,0.061032902,0.014641423,0.04144934,0.023241963,0.025392544,0.029584965,0.036563817,0.042561516,0.0208178,0.027375864,0.04241146
2024-05-20,0.03244608,0.022137515,0.025602289,0.037451524,0.035867732,0.030892786,0.028997123,0.018680139,0.031348795,0.047742456,0.057987247,0.027523233,0.023023507,0.01689492,0.027164644,0.042409025,0.029341817,0.065897994,0.013553502,0.019767651,0.0635302,0.015409939,0.042372245,0.019833881,0.028383099,0.025615776,0.033394683,0.040363796,0.02211257,0.032011747,0.042242084
2024-05-21,0.04133914,0.022740563,0.02909869,0.031662837,0.03365132,0.033862874,0.030431166,0.021124233,0.029401379,0.048289318,0.06666667,0.02191428,0.01995862,0.013635677,0.0228715,0.03710295,0.026793491,0.06621576,0.010875181,0.023496527,0.06666667,0.01833341,0.04081025,0.016865231,0.02360769,0.028891454,0.029422492,0.034260407,0.02091696,0.04634483,0.042748444
2024-05-22,0.035713892,0.022461204,0.028200632,0.034572188,0.03662527,0.032160453,0.029444,0.018535962,0.029844394,0.044494655,0.06666667,0.019583479,0.021638408,0.014946503,0.024374945,0.036347058,0.026001666,0.06666667,0.011332965,0.019516526,0.06666667,0.017683525,0.045441832,0.020487567,0.027830724,0.027248636,0.027497975,0.037921164,0.021308385,0.043059863,0.045726124
2024-05-23,0.031014033,0.025981836,0.027012829,0.036931112,0.041006267,0.037918415,0.023169804,0.026231442,0.025730966,0.034238536,0.056755822,0.018988578,0.021396482,0.013808747,0.02618529,0.03445773,0.024373315,0.06666667,0.013381086,0.021522287,0.06666667,0.020644419,0.048933446,0.023387821,0.026016226,0.029530685,0.023944609,0.045487925,0.021802677,0.040953144,0.045861136
2024-05-24,0.02941966,0.024085382,0.027582789,0.02857662,0.04337853,0.04515833,0.024420194,0.019917373,0.021604331,0.033890177,0.06541239,0.015799453,0.021664038,0.016857553,0.022294013,0.029134652,0.021180276,0.057220157,0.011423951,0.018828532,0.06666667,0.020324834,0.058135465,0.020903248,0.028554589,0.033247456,0.01758353,0.04709188,0.01602868,0.06666667,0.04694859
2024-05-28,0.028356876,0.028041366,0.02459483,0.029895501,0.043983288,0.037847716,0.025896287,0.016910437,0.022419745,0.04085506,0.06253681,0.019354595,0.024051981,0.018556539,0.021223363,0.02689932,0.026984824,0.046269022,0.014466743,0.019853909,0.06013613,0.020637803,0.053433564,0.020291574,0.032285713,0.034395225,0.021420503,0.042004988,0.01816865,0.06666667,0.05156097
2024-05-29,0.0331448,0.025783781,0.025952874,0.026250446,0.037974488,0.031382304,0.034252383,0.0146774715,0.028522426,0.04271766,0.059939805,0.019652976,0.029520376,0.022773283,0.020722724,0.020471033,0.03399408,0.036119334,0.01577729,0.024077546,0.040126335,0.02661058,0.048895884,0.022785297,0.04260633,0.039320104,0.024588423,0.03309999,0.021614103,0.06666667,0.049979202
2024-05-30,0.031894144,0.029461749,0.024688404,0.024665318,0.035712983,0.037150655,0.035442762,0.020479042,0.026654923,0.039886042,0.062440753,0.017392987,0.03050092,0.02640065,0.017945245,0.0156221455,0.036449857,0.028519476,0.017100386,0.031585414,0.029878689,0.035784606,0.052929025,0.01875103,0.04400552,0.04599498,0.021451538,0.029969262,0.023882441,0.06666667,0.04069239
2024-05-31,0.027416352,0.0407769,0.021874916,0.03548018,0.03679566,0.020871997,0.048477873,0.02461426,0.017565828,0.039906405,0.027417772,0.025563782,0.028935507,0.026333319,0.01406697,0.011695138,0.03792982,0.036859974,0.037292328,0.04532798,0.018496197,0.034307383,0.045949735,0.017693887,0.037952617,0.042952072,0.02824475,0.020137314,0.04361759,0.066379815,0.039065678
2024-06-03,0.024244655,0.0362232,0.018542865,0.042182487,0.042710826,0.0167139,0.04886494,0.017027982,0.016510753,0.04146102,0.016560055,0.0389904,0.030421816,0.029355073,0.015597523,0.015462907,0.05161099,0.03508238,0.06426687,0.033639662,0.012124513,0.023852294,0.039273124,0.022941854,0.041292533,0.038473886,0.039567936,0.022173645,0.05000158,0.035008263,0.039820068
2024-06-04,0.024905222,0.036570452,0.017797833,0.03876595,0.04422744,0.024814244,0.038026724,0.021376193,0.014654086,0.037015833,0.023601864,0.04443409,0.027211282,0.020160917,0.018197354,0.01653785,0.055871062,0.03644572,0.06493489,0.03240664,0.013361398,0.022683918,0.03418269,0.02400917,0.034554325,0.044173256,0.039928216,0.032901667,0.03768018,0.036071204,0.042498346
2024-06-05,0.02631889,0.029870633,0.017164864,0.04239175,0.048501305,0.023133254,0.037055384,0.02127168,0.01082004,0.032559447,0.020980759,0.05247826,0.027659344,0.016393403,0.019631889,0.018791344,0.05947716,0.0394851,0.06666667,0.029567081,0.012717474,0.022544827,0.03217505,0.03035224,0.027488759,0.041684754,0.049410407,0.041006763,0.042117793,0.021706142,0.03857754
2024-06-06,0.030287784,0.029367872,0.016803412,0.042021245,0.053065095,0.02709527,0.034020554,0.02047497,0.0096815545,0.033523444,0.029011006,0.049121827,0.029357266,0.014535892,0.01966326,0.019500898,0.05530196,0.034927264,0.05523882,0.03139744,0.014276929,0.022353347,0.03011508,0.026801012,0.025692401,0.047286272,0.047002077,0.050951347,0.033487547,0.026600914,0.041036237
2024-06-07,0.02861263,0.022868734,0.019782567,0.03487979,0.0499209,0.03214534,0.033825,0.020064443,0.010949121,0.03214538,0.032848135,0.04792885,0.029969772,0.014941352,0.024191715,0.022693815,0.061551362,0.031037537,0.049301676,0.028024152,0.014188144,0.025126938,0.03197882,0.027360165,0.025401551,0.041662455,0.051651984,0.05647446,0.038342804,0.023072643,0.03705777
2024-06-10,0.025467888,0.028157765,0.017645042,0.027118796,0.057241693,0.052366305,0.02251137,0.02596988,0.007964126,0.031214356,0.054567087,0.037604816,0.025987228,0.012764406,0.02438497,0.02462888,0.054154247,0.021513922,0.044768434,0.02943935,0.018825043,0.031117007,0.033200096,0.020905064,0.019120075,0.049278468,0.043105472,0.06441532,0.031585705,0.031049645,0.031927526
2024-06-11,0.03175082,0.020683873,0.024317399,0.028539067,0.046687257,0.043460995,0.032902073,0.020836597,0.009048581,0.030727148,0.048933614,0.038428344,0.032043938,0.014805595,0.022226641,0.02545647,0.06214595,0.020416273,0.03620084,0.026046392,0.017027294,0.04172166,0.033780348,0.02389732,0.024402913,0.04086804,0.0400594,0.05895599,0.044737697,0.028584694,0.030306777
2024-06-12,0.046408776,0.023486372,0.027416807,0.025384698,0.04505659,0.050332468,0.03085166,0.032175966,0.008342818,0.02962491,0.06666667,0.022691654,0.028471598,0.015203862,0.016201608,0.022820722,0.051990565,0.015995074,0.022070702,0.038874857,0.018592251,0.064225994,0.03783289,0.016297799,0.018768027,0.04277762,0.030585434,0.047864996,0.047878474,0.033474352,0.02163379
2024-06-13,0.06160382,0.018199788,0.025520856,0.01771242,0.045655437,0.054716937,0.034852345,0.024188668,0.0105001,0.027573543,0.06666667,0.018019708,0.029544437,0.015823303,0.015650984,0.01665927,0.044179514,0.016013497,0.012410741,0.034665104,0.024963986,0.06666667,0.04420679,0.019438371,0.019591756,0.052639566,0.029123038,0.043549627,0.030289225,0.05864734,0.02072649
2024-06-14,0.060617935,0.021414798,0.019818686,0.018945925,0.05264509,0.048859596,0.038507827,0.023800336,0.008331263,0.025754815,0.06666667,0.015927618,0.029887863,0.020527618,0.011533701,0.012497713,0.037347056,0.019336388,0.012834191,0.03786374,0.024318485,0.06666667,0.058278758,0.021135096,0.018275296,0.06102011,0.029457193,0.033703145,0.031728383,0.052700985,0.019597063
2024-06-17,0.0582056,0.019996349,0.020133551,0.01927873,0.049135145,0.048194725,0.04124298,0.021822412,0.009086717,0.026678322,0.06666667,0.016473489,0.032381658,0.025033683,0.011758702,0.013123242,0.039242152,0.01833803,0.012465722,0.035587672,0.022716532,0.06666667,0.06309424,0.020927716,0.019766044,0.060007382,0.028095173,0.033600125,0.03131285,0.049105614,0.019862108
2024-06-18,0.054533076,0.020381829,0.021753678,0.022314288,0.056501716,0.04809564,0.038041834,0.025514573,0.008557444,0.027126066,0.06666667,0.014777286,0.034714486,0.022789432,0.012466023,0.014009599,0.036193036,0.015855601,0.012448263,0.03440672,0.023422023,0.06666667,0.06599436,0.021563426,0.01846458,0.056590464,0.028785506,0.036207188,0.033589598,0.043672513,0.01789642
2024-06-20,0.04807762,0.026950443,0.019202186,0.024931341,0.06666667,0.0527737,0.029780578,0.028315207,0.007606528,0.028897379,0.06666667,0.014388469,0.031888407,0.023299832,0.012514602,0.017603036,0.034487378,0.015032992,0.012947902,0.030990884,0.025343778,0.06666667,0.06666667,0.018627288,0.017709456,0.054371934,0.02460487,0.043269213,0.027408319,0.0436435,0.01866649
2024-06-21,0.056387812,0.027766714,0.025117185,0.027273381,0.049280573,0.04177453,0.033208508,0.031391956,0.013443229,0.030869499,0.06666667,0.015113551,0.032880716,0.024962265,0.0130194,0.017882442,0.03827152,0.01698096,0.01344655,0.0349137,0.023441432,0.06666667,0.05386391,0.016374849,0.025053348,0.047167864,0.021661315,0.03448705,0.03522371,0.043664217,0.02174448
2024-06-24,0.049337503,0.023040239,0.03259711,0.024874955,0.037262022,0.040640105,0.032089744,0.046890326,0.016880956,0.028217115,0.06666667,0.018078605,0.031892676,0.0211784,0.017943172,0.019774532,0.04328508,0.01963581,0.01519572,0.040571168,0.021596361,0.06666667,0.046235442,0.018039035,0.023578828,0.03609204,0.026502343,0.033556838,0.051115572,0.031407677,0.01915729
2024-06-25,0.041277163,0.024483677,0.029598119,0.0326026,0.044779632,0.043167464,0.028575262,0.036536865,0.017809384,0.030748922,0.058848124,0.027618475,0.027127387,0.022849904,0.018866155,0.02986119,0.047940955,0.025453968,0.023040732,0.030391164,0.022113841,0.04686368,0.043239146,0.0151400175,0.024696348,0.034289856,0.032074977,0.04103831,0.055829808,0.020374654,0.022762217
2024-06-26,0.04043398,0.025245529,0.037671532,0.023423746,0.028583497,0.0487846,0.023320213,0.04184086,0.02540977,0.03999839,0.06666667,0.032193486,0.022699593,0.018286236,0.026554927,0.041472454,0.05226009,0.01922819,0.02256726,0.033736855,0.023156948,0.036129605,0.027840061,0.012484796,0.026215304,0.029392531,0.029891191,0.045386855,0.043567922,0.031125281,0.02443164
2024-06-27,0.04204844,0.022724723,0.043581966,0.022329621,0.020946437,0.04139279,0.028741566,0.050017864,0.03452661,0.037047397,0.06666667,0.031525984,0.024562228,0.022097515,0.031479504,0.041530404,0.053042646,0.016356539,0.02206996,0.036902644,0.019256033,0.038172178,0.02369321,0.012216742,0.02779251,0.025970323,0.026923774,0.03778554,0.054273527,0.02388202,0.020442637
2024-06-28,0.049464867,0.023316773,0.05258333,0.018874012,0.013659221,0.029942043,0.031801112,0.049918156,0.05094358,0.03683607,0.05809825,0.030011067,0.022889009,0.02017172,0.037416007,0.035441596,0.048036367,0.017329272,0.022249628,0.042921387,0.017801112,0.039043143,0.01657967,0.0146518545,0.02985703,0.023952398,0.031009369,0.027750304,0.059990693,0.02623294,0.021228032
2024-07-01,0.06585347,0.02598354,0.046714,0.02188698,0.019595956,0.026031803,0.041717034,0.03222286,0.04490374,0.029561222,0.059420675,0.039812963,0.02320778,0.03844495,0.02682727,0.039174285,0.032442737,0.020443296,0.015752638,0.03224695,0.030378057,0.03929401,0.022721851,0.01687103,0.028160974,0.02757579,0.028408268,0.029254127,0.050275967,0.02470036,0.020115416
2024-07-02,0.055869263,0.0332948,0.037995517,0.017339513,0.020634204,0.044942107,0.027640391,0.029554263,0.051500726,0.031476382,0.06666667,0.03273467,0.017765857,0.04650538,0.024316106,0.038834207,0.030934738,0.017952796,0.013237496,0.031545676,0.039451364,0.032436807,0.025646357,0.010179804,0.030814707,0.035274677,0.02092049,0.03155529,0.03325448,0.045038003,0.024687255
2024-07-03,0.048891634,0.030867068,0.041046493,0.017181886,0.020143049,0.047470823,0.027814144,0.024667574,0.053710524,0.032847334,0.06666667,0.03503335,0.015689349,0.041497312,0.027354632,0.0409185,0.030076135,0.02049631,0.012152587,0.024601007,0.048160147,0.028634004,0.025486182,0.010217622,0.031351924,0.031468157,0.023258464,0.034544144,0.03300121,0.048535496,0.026216274
2024-07-05,0.040777594,0.030125268,0.037732035,0.017947549,0.022408243,0.045910317,0.02902498,0.022847516,0.058324575,0.036994245,0.06666667,0.03687485,0.016595758,0.03735097,0.02896302,0.03882559,0.029116202,0.022505071,0.011852016,0.023056073,0.04995217,0.025916034,0.026957111,0.010658876,0.031700976,0.02892048,0.027986426,0.03493266,0.028597863,0.054039046,0.026439816
2024-07-08,0.037956316,0.024976086,0.03914765,0.018937696,0.023110023,0.054458752,0.025846917,0.02742049,0.055059228,0.0329353,0.06666667,0.03444759,0.016894097,0.03175351,0.033441238,0.04580006,0.031622693,0.024695348,0.010505922,0.021851243,0.053215947,0.025550244,0.030769883,0.0112575935,0.027056376,0.027035713,0.026712151,0.043222595,0.028621068,0.04338653,0.025645074
2024-07-09,0.03794522,0.027606701,0.040059283,0.019811183,0.027440388,0.0562391,0.02408542,0.02942935,0.044782292,0.03721014,0.06666667,0.029184125,0.017712656,0.02901754,0.03261463,0.048998423,0.025693646,0.023096906,0.008565739,0.021810029,0.064416364,0.022317082,0.035850756,0.010725623,0.02231571,0.026091376,0.023531549,0.048752073,0.021270605,0.05180198,0.02495744
2024-07-10,0.03053071,0.0284372,0.040758014,0.021283412,0.028365904,0.05300574,0.024369892,0.032508,0.04108404,0.040426694,0.06666667,0.029023018,0.02019027,0.028360568,0.03470199,0.051633906,0.024603777,0.020912895,0.008829797,0.020545008,0.06666667,0.019288754,0.03938178,0.011528327,0.02395207,0.022861455,0.020018874,0.05416359,0.018743064,0.052088715,0.025069196
2024-07-11,0.03598416,0.025170071,0.037404705,0.02818007,0.034623567,0.044960607,0.025645783,0.026931157,0.03962283,0.042174257,0.06666667,0.028386297,0.02387989,0.027634308,0.028474418,0.051172975,0.023968736,0.025093587,0.007667748,0.019547328,0.06666667,0.018835912,0.04228623,0.013366279,0.026024187,0.021900587,0.020179572,0.05647451,0.016712638,0.047064062,0.027300201
2024-07-12,0.03498943,0.028273495,0.033442505,0.026441077,0.032797057,0.03359461,0.03467109,0.02445934,0.043724947,0.036927946,0.06342804,0.038696576,0.018630028,0.025555667,0.02908997,0.03154829,0.017068578,0.062323153,0.0120136235,0.020148566,0.06666667,0.015731538,0.038382087,0.01807106,0.026707187,0.025933536,0.028744394,0.038593207,0.016614342,0.042150747,0.03458126
2024-07-15,0.03905674,0.03320801,0.028256577,0.031000141,0.036632635,0.026807627,0.039532434,0.025482602,0.03787819,0.041742086,0.056204937,0.039013665,0.019432671,0.023307247,0.02466459,0.027137792,0.015846059,0.06666667,0.014595085,0.024634952,0.06666667,0.016703233,0.037325867,0.01998544,0.024864344,0.029825993,0.031708058,0.030035082,0.017014721,0.039190866,0.035579026
2024-07-16,0.053471033,0.042247407,0.036907893,0.03585113,0.037536476,0.027056219,0.039045013,0.027259637,0.03588049,0.04255662,0.059141,0.029697819,0.0187538,0.021982782,0.018179754,0.029672634,0.013981553,0.055583347,0.011791038,0.025766708,0.06666667,0.018164495,0.03152173,0.0138684325,0.026202513,0.028100237,0.02475604,0.031148203,0.017794158,0.045911413,0.03350376
2024-07-17,0.053112548,0.045573205,0.034786485,0.045640755,0.042951487,0.016911333,0.047202125,0.027872019,0.029643716,0.039447416,0.033590257,0.039816845,0.020481864,0.021767495,0.019870665,0.031705156,0.014902729,0.064619206,0.018347833,0.024655769,0.06666667,0.018221885,0.027139755,0.020280011,0.025692796,0.025574539,0.032098588,0.028712261,0.026607996,0.024184395,0.0319222
2024-07-18,0.052128572,0.05209438,0.040144127,0.06327543,0.045887396,0.015756099,0.04500831,0.032388773,0.02666802,0.033683863,0.020338029,0.041263808,0.0178579,0.0227663,0.017215187,0.040891096,0.014119976,0.06666667,0.023335095,0.021167424,0.060336493,0.015548606,0.028350964,0.020571973,0.024454134,0.02057099,0.031208886,0.03182488,0.034297552,0.012969673,0.027209407
2024-07-19,0.052366827,0.06417839,0.045841638,0.06666667,0.046362165,0.016235024,0.043228284,0.0481026,0.025558501,0.034068845,0.01714655,0.03145717,0.017205553,0.024150861,0.014285311,0.042119354,0.011994822,0.06666667,0.024039607,0.025450153,0.051060345,0.016484637,0.032382168,0.018817136,0.021830684,0.01935444,0.02519909,0.027888935,0.036087114,0.012032532,0.021737918
2024-07-22,0.04281696,0.06666667,0.039575487,0.06666667,0.054524794,0.023187982,0.033767108,0.053090174,0.022510467,0.030094482,0.017921364,0.030035257,0.017244224,0.0275242,0.015051159,0.047010865,0.011758761,0.06568163,0.027303083,0.023080824,0.0525887,0.015362155,0.03814711,0.019560069,0.020060955,0.021937385,0.020963924,0.034693323,0.028515797,0.011229632,0.021428797
2024-07-23,0.04562976,0.058940124,0.047741886,0.06666667,0.050524615,0.024524977,0.03794737,0.05057199,0.028690664,0.03013611,0.017643679,0.02168485,0.020483892,0.022156928,0.015817495,0.03413238,0.010573976,0.06666667,0.021948447,0.02161501,0.054778833,0.018726535,0.04112158,0.027296107,0.024375485,0.022732817,0.021310497,0.03207613,0.02513639,0.014908855,0.023439283
2024-07-24,0.046267804,0.052933905,0.052321665,0.0611884,0.048557788,0.024458317,0.04014167,0.053664852,0.027958415,0.022790374,0.015854264,0.017829088,0.01874332,0.017723221,0.014252888,0.01747282,0.007983265,0.06666667,0.014492372,0.02441111,0.06666667,0.027793013,0.046601314,0.034622535,0.028175,0.020602187,0.023470478,0.033212636,0.024669344,0.026078252,0.022396369
2024-07-25,0.027011495,0.06162583,0.037833773,0.064286605,0.05518494,0.027084919,0.0314449,0.06288021,0.026415443,0.019872865,0.0092067,0.020616956,0.018232478,0.023960985,0.017200977,0.019044628,0.008253646,0.06666667,0.027041916,0.023209766,0.06666667,0.020486385,0.05541409,0.038627032,0.031205744,0.021825928,0.018364528,0.035735067,0.022082364,0.01961514,0.022901354
2024-07-26,0.022516826,0.06666667,0.033586387,0.06666667,0.06666667,0.028764047,0.024454886,0.06666667,0.025876766,0.019222798,0.007974899,0.015306559,0.02124824,0.034256916,0.0142554995,0.02150966,0.0075815455,0.06666667,0.022349073,0.02361163,0.06666667,0.019884463,0.065475985,0.030748468,0.036062647,0.017519137,0.011890643,0.038611557,0.017111178,0.021053396,0.019126795
2024-07-29,0.020177646,0.06666667,0.03049516,0.06666667,0.06666667,0.027052486,0.021022271,0.06546176,0.025520004,0.019568548,0.0071120793,0.016157603,0.025529861,0.036568932,0.01431896,0.024636727,0.009166468,0.06666667,0.022807486,0.022980161,0.06366195,0.019865284,0.065722115,0.031407803,0.040255032,0.014482893,0.011293224,0.043932397,0.017152233,0.0186369,0.018347353
2024-07-30,0.021817932,0.06566804,0.032216143,0.06666667,0.066016614,0.025886094,0.024537567,0.06617784,0.02976399,0.021048523,0.0074821236,0.020051338,0.02576243,0.030571852,0.015109348,0.02102209,0.010547427,0.06666667,0.028020073,0.027558109,0.048965972,0.022711892,0.053980984,0.03447758,0.040546853,0.014521081,0.015961746,0.037614472,0.017673593,0.02083801,0.020116957
2024-07-31,0.020436805,0.05325,0.027830446,0.062774315,0.051261723,0.013334603,0.03118578,0.054109734,0.041554656,0.018564565,0.0037515594,0.029483626,0.037641134,0.04046045,0.01619434,0.014990431,0.0151170185,0.06666667,0.0408972,0.03282319,0.026005473,0.027287154,0.042531658,0.049301855,0.057627402,0.014174096,0.023938002,0.024825405,0.026931148,0.015475441,0.019574124
2024-08-01,0.023582716,0.04554026,0.0273394,0.048683695,0.04647129,0.011886972,0.036801763,0.044695236,0.05122294,0.02273932,0.0053513194,0.0311694,0.039842267,0.03810585,0.017410686,0.012077118,0.01893144,0.06666667,0.041463356,0.036372088,0.022474103,0.026555194,0.037201326,0.048980583,0.06666667,0.016178016,0.02411068,0.020646665,0.024789752,0.022973888,0.023069348
2024-08-02,0.017296372,0.04043049,0.020451406,0.044217177,0.03894499,0.010825525,0.03564728,0.061201207,0.04878708,0.016955154,0.003549968,0.03821618,0.038516376,0.03941415,0.022355095,0.00940389,0.021368656,0.06666667,0.06362983,0.03435871,0.01737457,0.025227325,0.03811906,0.061770458,0.059636842,0.018312331,0.02543149,0.01886714,0.031507462,0.011272478,0.020244654
2024-08-05,0.014346652,0.039019562,0.016180003,0.04712112,0.050745986,0.013108027,0.033246875,0.06666667,0.03010929,0.01508614,0.0031394619,0.03705923,0.040061437,0.042284474,0.022002555,0.008886345,0.01902613,0.06666667,0.06666667,0.035914753,0.016305823,0.028384075,0.053195044,0.06666667,0.0401306,0.02284777,0.029766634,0.019546542,0.03295933,0.0075576417,0.015301838
2024-08-06,0.014751049,0.042281292,0.020503026,0.04770993,0.053479902,0.016281005,0.03268599,0.06666667,0.025677426,0.013920304,0.0034400087,0.032724116,0.041165505,0.041265234,0.02325407,0.0104277395,0.014710923,0.06666667,0.06666667,0.036446113,0.020218093,0.029888533,0.058352023,0.06666667,0.034007575,0.024335537,0.02312062,0.02219601,0.02767348,0.008516814,0.014301019
2024-08-07,0.012557802,0.03598099,0.018849997,0.04644341,0.060086347,0.015356371,0.03195311,0.06376468,0.024874588,0.013618923,0.0031720719,0.032712955,0.048643332,0.049807962,0.02617349,0.0118459305,0.015069335,0.05944548,0.06666667,0.028614245,0.020730196,0.028057743,0.06095402,0.06666667,0.036901172,0.024140071,0.02255804,0.023820687,0.02719828,0.008148921,0.015186527
2024-08-08,0.010755776,0.03575187,0.019919014,0.0464035,0.05926712,0.017781597,0.030998394,0.06556482,0.026606685,0.0139922965,0.003225319,0.034549423,0.04533195,0.048394606,0.02952371,0.012672723,0.014498664,0.059350736,0.06666667,0.027527224,0.021207219,0.025287997,0.05962153,0.06666667,0.034941625,0.022952499,0.025250105,0.02597266,0.026803551,0.008086388,0.014427664
2024-08-09,0.010309653,0.034489337,0.018864814,0.054142196,0.06666667,0.019665167,0.028301928,0.05661173,0.026251588,0.015627561,0.0038303204,0.031560704,0.05029256,0.04964675,0.028861545,0.015381608,0.016201835,0.046772797,0.06666667,0.024408927,0.021330839,0.023657506,0.061271,0.06666667,0.03858764,0.021404581,0.022900749,0.031778578,0.024402825,0.008925337,0.014519912
2024-08-12,0.01030957,0.038774967,0.020194892,0.052903853,0.06666667,0.023763536,0.026822425,0.06666667,0.027012784,0.018145712,0.005408483,0.02830407,0.046590738,0.046639066,0.028669564,0.016430164,0.01724972,0.040810872,0.06291825,0.026850194,0.024069943,0.02525109,0.06355482,0.04873707,0.039393183,0.020826273,0.020663308,0.03516572,0.025165748,0.011965069,0.014075571
2024-08-13,0.010234685,0.03597522,0.02033825,0.04636188,0.06666667,0.024894431,0.029099684,0.06394352,0.030486295,0.020409914,0.00678712,0.02824312,0.048231978,0.043888222,0.030344306,0.015882792,0.021942122,0.035463497,0.060936004,0.029328316,0.021719394,0.026747897,0.05968773,0.041358028,0.044521205,0.021623055,0.02093346,0.03446068,0.027856758,0.016605351,0.015028421
2024-08-14,0.011337884,0.03476429,0.017873768,0.043469273,0.06666667,0.02932947,0.025362786,0.055623185,0.025974862,0.022554765,0.009866294,0.028578812,0.051829267,0.043894205,0.029149173,0.017225813,0.025618473,0.03182621,0.050884057,0.034049444,0.023927633,0.029455435,0.057907347,0.038000938,0.04204147,0.024510909,0.023632737,0.038544618,0.026974306,0.022276092,0.016849823
2024-08-15,0.012654199,0.032951053,0.016090013,0.03981082,0.06666667,0.0292301,0.027458647,0.045834504,0.023565223,0.022981372,0.0118845375,0.031673472,0.049690705,0.048495438,0.027273098,0.01772689,0.030005017,0.03219512,0.049007684,0.03146793,0.02333833,0.030999085,0.059212282,0.039010152,0.041583717,0.02591616,0.0266986,0.037578367,0.029819665,0.021994492,0.017186651
2024-08-16,0.015706707,0.020541543,0.023664184,0.03743241,0.06666667,0.029191356,0.029348267,0.042046715,0.031762633,0.019686613,0.015632816,0.026964534,0.051169317,0.035408296,0.032786477,0.022995131,0.038212154,0.029032854,0.03388592,0.026366422,0.024213279,0.03859025,0.049686525,0.04321088,0.045822997,0.020524828,0.027183866,0.040745113,0.042725563,0.020669205,0.018126478
2024-08-19,0.015090939,0.016590053,0.020233942,0.03146516,0.06254804,0.028878959,0.03181172,0.034718033,0.027961824,0.021169158,0.020061055,0.0367209,0.046386164,0.031655796,0.03571961,0.023258239,0.051367275,0.02908199,0.03733505,0.02560253,0.021609077,0.03648593,0.046034433,0.04042712,0.041377753,0.022696488,0.035474483,0.040405788,0.049614485,0.018976564,0.019241435
2024-08-20,0.01666969,0.013877692,0.016999926,0.031382278,0.058556944,0.029240336,0.028029729,0.030974273,0.026772011,0.022370012,0.025370467,0.044160597,0.056158617,0.029904626,0.03385223,0.027495092,0.0660526,0.021361979,0.032590456,0.026872246,0.017174453,0.039852697,0.037584595,0.04208463,0.037077818,0.022843907,0.040981635,0.04226807,0.044998072,0.017869378,0.018572934
2024-08-21,0.020852618,0.011049865,0.021184502,0.030260965,0.051934373,0.030814078,0.032086812,0.029963728,0.022432782,0.020553447,0.034993246,0.041863803,0.051919613,0.024728341,0.03322102,0.029839106,0.064792104,0.025186524,0.02372664,0.02588591,0.01940816,0.044314843,0.040297136,0.04032853,0.028785693,0.022530222,0.0431828,0.047025263,0.052136984,0.016185934,0.01851496
2024-08-22,0.021717213,0.009007562,0.020011716,0.030000653,0.051334262,0.031140443,0.032649912,0.024908565,0.017705806,0.018452613,0.038101133,0.04761739,0.04998617,0.018778946,0.03109248,0.027640162,0.06666667,0.027324213,0.0241385,0.02421694,0.01828127,0.048272822,0.03729088,0.04541792,0.024512446,0.023842987,0.052396823,0.04969362,0.052404057,0.01545904,0.019936789
2024-08-23,0.020952182,0.009456569,0.023124885,0.03320449,0.051380683,0.031592578,0.036027204,0.024639482,0.020172523,0.018573882,0.03305197,0.048730053,0.044971365,0.016897134,0.030763946,0.026882665,0.05600053,0.034979478,0.025205877,0.021039717,0.021117374,0.0441502,0.03861001,0.047250424,0.02550976,0.022246974,0.056680936,0.04965212,0.05077463,0.015712518,0.020647835
2024-08-26,0.024298608,0.008935425,0.022018055,0.03433176,0.0498316,0.02497569,0.043739304,0.017709788,0.021222554,0.020345915,0.031095631,0.049162444,0.04407886,0.017656261,0.02762511,0.024353363,0.055046655,0.042493645,0.024379265,0.01956385,0.023139114,0.041245956,0.037313044,0.048987255,0.030637236,0.022990925,0.057522096,0.043099124,0.05113395,0.016667759,0.024399761
2024-08-27,0.026687773,0.011649354,0.022286076,0.037486687,0.045106053,0.021178147,0.049151827,0.021457193,0.019204928,0.021357704,0.02375066,0.050173897,0.03447367,0.016592083,0.02549168,0.021223722,0.04581752,0.057870165,0.032506626,0.022785803,0.02493328,0.04233278,0.031468254,0.042552553,0.028432623,0.023902126,0.062358472,0.03315985,0.06666667,0.014325758,0.023616072
2024-08-28,0.025417617,0.013940531,0.023566281,0.034916576,0.042804793,0.022058569,0.055187874,0.021225842,0.016150821,0.022743858,0.022654247,0.054187637,0.026023032,0.014933632,0.024514608,0.018746924,0.041210238,0.06666667,0.038010992,0.022055278,0.028355224,0.040583663,0.03196454,0.039549533,0.025482541,0.025343653,0.06666667,0.030077908,0.06666667,0.014587183,0.023706406
2024-08-29,0.025938686,0.014576263,0.024116827,0.04159853,0.04782645,0.024267409,0.059796356,0.019979984,0.012588963,0.022284327,0.021934632,0.05227328,0.024284426,0.015741732,0.019233678,0.01838498,0.033486165,0.06666667,0.03381381,0.020776846,0.032744832,0.040981263,0.038015794,0.035001855,0.024248572,0.026028445,0.06602835,0.032685567,0.06666667,0.015142574,0.022886062
2024-08-30,0.02615653,0.016213425,0.028442806,0.040714424,0.041754633,0.023732588,0.06066104,0.020032616,0.016740937,0.023667144,0.020576028,0.04763989,0.020959197,0.0152462665,0.022809457,0.019220894,0.030573508,0.06666667,0.038775112,0.019243915,0.03710673,0.038093932,0.03465162,0.03463338,0.027487727,0.02597966,0.06588711,0.029786494,0.06666667,0.015172429,0.024707172
2024-09-03,0.023855662,0.017549321,0.030874196,0.047338326,0.042576123,0.025750676,0.051251214,0.022301605,0.01876642,0.025426263,0.021301763,0.04481041,0.021233063,0.013765714,0.024920117,0.023377497,0.027628498,0.06666667,0.032181423,0.019310988,0.043802567,0.035950966,0.03352302,0.029221231,0.027191386,0.020603051,0.06499522,0.03657795,0.06666667,0.015834484,0.024747508
2024-09-04,0.016555956,0.017051736,0.03210428,0.03688192,0.040547762,0.028991772,0.055396877,0.02384003,0.019298336,0.022427415,0.015668526,0.054372367,0.019227117,0.019200329,0.033858724,0.024417145,0.02438239,0.06666667,0.04058793,0.014875908,0.043914795,0.029710744,0.046323825,0.034057852,0.020533843,0.019946638,0.06666667,0.036231317,0.06666667,0.009870105,0.01972436
2024-09-05,0.014382764,0.016947137,0.028180031,0.036647867,0.042507607,0.031105442,0.048620954,0.022462413,0.02283304,0.019729698,0.013240105,0.04757663,0.022845577,0.021285605,0.04038052,0.023984643,0.019903013,0.06666667,0.041121628,0.011673688,0.048586797,0.026645226,0.050941467,0.05067542,0.020752816,0.021599334,0.06666667,0.03778108,0.055268478,0.008563524,0.020424169
2024-09-06,0.014427873,0.018921675,0.028849998,0.024285981,0.034454428,0.04337419,0.03752525,0.024193658,0.0333066,0.021638263,0.023407236,0.044667717,0.020210931,0.018539742,0.052898034,0.023874765,0.021899844,0.06666667,0.037462506,0.0120680835,0.05362769,0.024752561,0.04431027,0.04696569,0.02134328,0.024210984,0.06666667,0.039041556,0.036568493,0.014172018,0.025667354
2024-09-09,0.014481134,0.02454189,0.023427296,0.0234394,0.040670577,0.045975838,0.0366107,0.029003046,0.030882526,0.018753853,0.020989275,0.039764926,0.020494074,0.02375961,0.044088893,0.01861594,0.01882192,0.06666667,0.042899303,0.014796182,0.052225735,0.029807612,0.053920623,0.049294516,0.019825628,0.02968606,0.06204994,0.032287434,0.034080286,0.014403248,0.023735873
2024-09-10,0.015098436,0.029746203,0.017834056,0.032232102,0.04462112,0.032612525,0.031851124,0.026173882,0.03162167,0.019923585,0.016176416,0.050847903,0.026161678,0.032983694,0.039664358,0.023726722,0.025079424,0.06666667,0.049766798,0.01596179,0.039345253,0.024009593,0.048689924,0.052081145,0.024410276,0.026447587,0.052581772,0.03395484,0.032375548,0.011072255,0.026281651
2024-09-11,0.023288662,0.02038362,0.016581383,0.029427478,0.048577126,0.035200737,0.03434992,0.020465098,0.032495357,0.017594958,0.028973592,0.040959664,0.02938598,0.034004427,0.033897266,0.021144219,0.02386147,0.06666667,0.028674826,0.015461236,0.0472908,0.029433442,0.059095394,0.060520537,0.022649297,0.03427429,0.042898364,0.035857044,0.024248226,0.013047377,0.029291544
2024-09-12,0.026638873,0.017215505,0.015299657,0.024723187,0.042305898,0.035158217,0.03325209,0.01964646,0.02993496,0.018504802,0.040009495,0.042829093,0.033780612,0.032277763,0.034604274,0.01905957,0.030125443,0.06417841,0.025702888,0.020706719,0.038121197,0.03333188,0.04922284,0.055570595,0.023424245,0.0402244,0.043252915,0.036545325,0.023670956,0.01877933,0.0319024
2024-09-13,0.028086387,0.011717362,0.016643243,0.023394754,0.038956054,0.032243613,0.039354958,0.01615357,0.032175265,0.018548174,0.04172666,0.0448454,0.039561197,0.032122154,0.0351966,0.01864061,0.03729143,0.05119474,0.023788163,0.020116637,0.030142782,0.04012948,0.04556733,0.056402948,0.026898857,0.038439415,0.047577217,0.035753973,0.02854938,0.01857226,0.03020939
2024-09-16,0.030936819,0.010298818,0.018450703,0.023469023,0.03356211,0.025325816,0.043409143,0.015065654,0.03448252,0.019928114,0.0376764,0.044296753,0.041570056,0.032726794,0.034416735,0.020385493,0.044658426,0.05095572,0.022213116,0.02070957,0.025968868,0.04174912,0.042547464,0.057496257,0.030930866,0.03190863,0.047759138,0.033214793,0.03570879,0.017493578,0.030684706
2024-09-17,0.029053546,0.010456852,0.016795505,0.02795587,0.039903227,0.030047081,0.03261204,0.014841967,0.02929504,0.019337405,0.04003667,0.052021258,0.039376367,0.02461067,0.03270234,0.0253951,0.04804678,0.0564328,0.023049202,0.017742462,0.028286187,0.03725031,0.037680853,0.054790232,0.029490702,0.028999701,0.047461156,0.04528978,0.029391563,0.01648616,0.03516117
2024-09-18,0.029405493,0.015248265,0.019119019,0.029267952,0.03676011,0.031743553,0.029103203,0.024312045,0.028352985,0.02726149,0.046408206,0.047262803,0.043011483,0.020865237,0.032250337,0.027641973,0.0464921,0.04213682,0.023618963,0.028747886,0.030004356,0.04248912,0.030234898,0.037988696,0.029459657,0.02802995,0.04218527,0.0420569,0.029297102,0.025590803,0.033653338
2024-09-19,0.031132676,0.018903647,0.02254827,0.02950935,0.0361002,0.0341931,0.029666629,0.032276932,0.02518772,0.028306946,0.050386284,0.040016614,0.03719891,0.020712286,0.028525405,0.028057355,0.044763878,0.03716765,0.023684086,0.036770165,0.03056961,0.050880916,0.028989092,0.026230207,0.027567707,0.02712813,0.037646517,0.037598766,0.039172176,0.030284878,0.028823908
2024-09-20,0.0415748,0.023515502,0.024191746,0.024281206,0.033613514,0.03013616,0.029233307,0.03379209,0.02777784,0.035383508,0.06666667,0.034356814,0.03420183,0.01807185,0.025509017,0.023857161,0.042550605,0.024809685,0.01738414,0.04632678,0.031619992,0.052438896,0.021330087,0.018919278,0.027667545,0.028319318,0.035911046,0.030421795,0.031890932,0.05574859,0.028498305
2024-09-23,0.034312293,0.022643305,0.026515028,0.01787086,0.026199955,0.026206486,0.030398613,0.038733803,0.03137429,0.029056864,0.05806261,0.038717568,0.02316152,0.014738861,0.028968384,0.016715493,0.04889514,0.03900137,0.02222285,0.04830269,0.026023421,0.05534341,0.018744664,0.019937111,0.026555482,0.023664044,0.056373928,0.02332229,0.055022154,0.045235142,0.027680375
2024-09-24,0.03662111,0.021984305,0.033717625,0.01876443,0.020219745,0.018225871,0.04029851,0.03796081,0.043015294,0.028211541,0.04083366,0.038379956,0.021695208,0.0152726695,0.028152829,0.014338817,0.04603429,0.05081112,0.021474965,0.05155691,0.02214608,0.049529985,0.016831258,0.020234521,0.03147095,0.018365776,0.059667848,0.01801849,0.06666667,0.042733222,0.026765533
2024-09-25,0.044541534,0.02578071,0.035734247,0.019024128,0.018665731,0.01473549,0.044035062,0.043359887,0.0429001,0.026826441,0.03858809,0.034087073,0.020108318,0.015419989,0.026161015,0.013429712,0.04288062,0.053156022,0.021893032,0.059892423,0.021248942,0.050973386,0.0149202915,0.019511158,0.030417887,0.018851914,0.053891826,0.0151322195,0.06666667,0.040752985,0.026413102
2024-09-26,0.03946038,0.020549377,0.03312039,0.015941637,0.01782941,0.015107291,0.05576422,0.03257584,0.038247272,0.023414345,0.033674274,0.044836234,0.01915051,0.015938338,0.028996497,0.010433569,0.045413442,0.057018314,0.031712104,0.050801873,0.018171819,0.05237856,0.015059495,0.023270642,0.028029408,0.025598017,0.06666667,0.013751498,0.06666667,0.033515915,0.026905995
2024-09-27,0.035897344,0.018241664,0.028839217,0.016704462,0.02404642,0.01693029,0.053106774,0.028971702,0.028993567,0.021114085,0.035822142,0.0539192,0.022862503,0.014270545,0.027972613,0.01013289,0.04405392,0.05381812,0.03313798,0.04546157,0.019308005,0.062327042,0.01677022,0.03030721,0.022447791,0.028867925,0.06666667,0.015421453,0.06666667,0.030747464,0.02617255
2024-09-30,0.038625833,0.021947457,0.024447862,0.019155372,0.02594175,0.015254589,0.056395415,0.027822493,0.02721986,0.020281503,0.026390994,0.05228997,0.022795776,0.019604824,0.023025211,0.009336067,0.040110953,0.054824907,0.04378602,0.04758619,0.01659785,0.0660648,0.017161524,0.03025585,0.02337137,0.034413856,0.06666667,0.012852504,0.06666667,0.024808839,0.024297027
2024-10-01,0.04202576,0.021242714,0.024812808,0.020092012,0.02586142,0.015268549,0.06554825,0.023655128,0.029736385,0.022092575,0.028455252,0.047953498,0.02266371,0.024178904,0.020939657,0.009921902,0.04095846,0.04987174,0.043261524,0.04262391,0.015112791,0.065335274,0.019745234,0.028278295,0.02435841,0.035659667,0.06666667,0.011559434,0.06666667,0.02275633,0.02269708
2024-10-02,0.048392445,0.021972101,0.035139702,0.023245916,0.02305322,0.014335351,0.06666667,0.024452804,0.030510431,0.021585379,0.020896457,0.0422258,0.019140048,0.02614215,0.016465437,0.009107675,0.03379634,0.06666667,0.03944492,0.043599885,0.0143211875,0.06666667,0.02279601,0.02671631,0.026551595,0.029774083,0.06666667,0.01002219,0.06666667,0.02233071,0.020648519
2024-10-03,0.05268734,0.026264368,0.032837335,0.020429486,0.020234007,0.0122085465,0.06666667,0.02428895,0.042093925,0.024137838,0.02199283,0.03936676,0.020579882,0.039151788,0.017143717,0.010608749,0.02910523,0.058151472,0.03427445,0.04204029,0.015584119,0.05779964,0.022566395,0.02683591,0.03062012,0.028236814,0.06265474,0.008783836,0.06666667,0.025867295,0.020120835
2024-10-04,0.05587298,0.026507342,0.035185225,0.01753364,0.017502986,0.01219552,0.06666667,0.022145329,0.050683204,0.02422317,0.020518448,0.032030877,0.02015083,0.04951103,0.016453665,0.010219332,0.0279552,0.05364561,0.032289416,0.038945984,0.014388603,0.058704097,0.024664812,0.02991161,0.036133427,0.029136393,0.052885983,0.007418056,0.06666667,0.029955622,0.019898273
2024-10-07,0.050124682,0.032361582,0.036688443,0.015538852,0.016471481,0.013737136,0.06666667,0.022568563,0.06425813,0.025160681,0.02201309,0.030542448,0.018889267,0.046548203,0.01925008,0.01118223,0.028599,0.043797918,0.029660342,0.031511053,0.017583253,0.057035994,0.020559803,0.02812853,0.044189405,0.02609255,0.04623795,0.008145157,0.06666667,0.037608363,0.022182487
2024-10-08,0.06236192,0.06322892,0.034156796,0.019344263,0.023131626,0.01937404,0.051952798,0.028925478,0.046235453,0.027258856,0.03213596,0.020266779,0.017027536,0.04562108,0.010885341,0.010658465,0.020760281,0.042062253,0.019794596,0.038458724,0.02381544,0.060572986,0.024037287,0.018552078,0.04062662,0.02919751,0.029375235,0.009115708,0.041395653,0.06666667,0.023003656
2024-10-09,0.062657356,0.06362746,0.02602533,0.020379955,0.025545623,0.021099152,0.050742723,0.024981424,0.03583666,0.02942708,0.041840095,0.019809123,0.01683399,0.0396408,0.009657318,0.008708793,0.022824526,0.041143883,0.019826487,0.0404367,0.023128144,0.06666667,0.025844278,0.017673219,0.03811881,0.03708918,0.031501725,0.009148179,0.038194478,0.06666667,0.024924181
2024-10-10,0.06666667,0.06666667,0.020125847,0.024291975,0.031768054,0.021992797,0.04293308,0.026237596,0.023930551,0.0255712,0.043466058,0.020001728,0.016137965,0.031026104,0.008500107,0.007937828,0.021372642,0.04891793,0.021132559,0.042854417,0.027874192,0.06666667,0.023564376,0.017635344,0.0316525,0.044716578,0.032653444,0.0103377,0.039222807,0.06666667,0.02747796
2024-10-11,0.062367886,0.06302357,0.023449859,0.02028036,0.02707178,0.021094393,0.049804028,0.027055506,0.029809466,0.028753115,0.038986977,0.020471364,0.016527165,0.032080993,0.010244621,0.007533011,0.020317396,0.046339408,0.0209213,0.041271005,0.028673962,0.06666667,0.023071935,0.017990135,0.034096148,0.042191405,0.036386408,0.009360769,0.04194341,0.06666667,0.0255493
2024-10-14,0.048671223,0.0624336,0.021625333,0.024280665,0.03245158,0.021287382,0.04880153,0.025899092,0.03341893,0.03284192,0.03282597,0.025451018,0.019698435,0.035809193,0.013675221,0.009313795,0.020643592,0.046103694,0.022846363,0.03170785,0.034331232,0.05662411,0.024800044,0.02130989,0.03910991,0.037898306,0.040733512,0.012270701,0.037326656,0.059776828,0.026032422
2024-10-15,0.04245231,0.055642743,0.01894588,0.023727007,0.032033123,0.02114299,0.049872003,0.027026985,0.035779614,0.037303764,0.032201186,0.030982766,0.021545582,0.035868276,0.017036276,0.009926954,0.022969807,0.045538448,0.025731359,0.03136642,0.03069837,0.050367415,0.02492605,0.024438683,0.03757157,0.037380513,0.05502838,0.013477264,0.03588277,0.04921298,0.023922501
2024-10-16,0.028211547,0.062667415,0.018707352,0.023068942,0.028224016,0.027022019,0.034380548,0.06573478,0.041354634,0.0344681,0.039140068,0.034221303,0.017663622,0.02063921,0.027166268,0.010238689,0.023703156,0.05465866,0.030023003,0.039320186,0.03272229,0.036887877,0.02362895,0.021303216,0.03028536,0.032900073,0.04885427,0.017409636,0.027369082,0.043981362,0.02404436
2024-10-17,0.023471694,0.056898683,0.016204858,0.027133353,0.036165442,0.026065188,0.029982815,0.0663334,0.031361114,0.036306877,0.03251035,0.039717227,0.02342654,0.018279973,0.033381283,0.013023004,0.024873631,0.04729786,0.038521808,0.03784436,0.033918194,0.032753065,0.023378702,0.027276253,0.027930038,0.031905223,0.054745268,0.023113081,0.025139078,0.036136683,0.024904948
2024-10-18,0.022714289,0.05560162,0.01867948,0.027115557,0.037622623,0.030176096,0.028359344,0.06666667,0.034304593,0.041193992,0.03765331,0.03536439,0.024778152,0.016826252,0.03653238,0.014894545,0.024120228,0.038347688,0.036621414,0.034819465,0.03406971,0.030998038,0.024692178,0.02503614,0.028422957,0.030724533,0.050612945,0.026574338,0.022147978,0.040694654,0.023634458
2024-10-21,0.021242307,0.04654406,0.019739075,0.028482838,0.03449627,0.028202157,0.03155005,0.06666667,0.03600575,0.041357428,0.03257279,0.037215285,0.02802202,0.01690632,0.042664584,0.015927117,0.026652731,0.037181962,0.040740713,0.03393796,0.030927839,0.030642703,0.024886772,0.027737478,0.030177195,0.028239876,0.05291911,0.028123302,0.025422918,0.03247048,0.022344243
2024-10-22,0.022843674,0.049291342,0.02436458,0.02304285,0.024786415,0.02649461,0.030685056,0.06666667,0.04973708,0.044241976,0.031444322,0.028811166,0.028133217,0.018594665,0.051544074,0.015949972,0.025931755,0.029076518,0.039472047,0.039297123,0.028812047,0.03160897,0.02158352,0.028808685,0.03464888,0.027837455,0.04370535,0.02450119,0.026326468,0.04089308,0.02086525
2024-10-23,0.020186042,0.032960184,0.027106728,0.018839713,0.018411925,0.031420927,0.027997218,0.058558792,0.06666667,0.039429057,0.031427346,0.02184793,0.03287451,0.021619491,0.06666667,0.020818297,0.03479591,0.020710472,0.039475083,0.02514428,0.026386084,0.028498052,0.020677775,0.036871277,0.05493377,0.027574781,0.030237813,0.028972328,0.024316555,0.039689984,0.024884343
2024-10-24,0.024052778,0.03763326,0.032282773,0.030825637,0.022288997,0.029630363,0.037536975,0.042520724,0.06069154,0.0446799,0.02961331,0.015103966,0.031899203,0.030532947,0.045379743,0.02246212,0.025683042,0.02576127,0.03187348,0.019599024,0.036707878,0.02329124,0.034898963,0.024659757,0.06666667,0.029235609,0.014862871,0.030328227,0.02471806,0.04265197,0.031927716
2024-10-25,0.018748913,0.032133028,0.027158307,0.029649058,0.03421438,0.05154678,0.026280528,0.030625915,0.053469583,0.0424517,0.047567993,0.013994788,0.04372371,0.043223538,0.043435372,0.037359755,0.025522081,0.01246463,0.019496594,0.014417436,0.039883558,0.020571973,0.04529884,0.018905364,0.053522293,0.026564443,0.012669992,0.047892846,0.013263184,0.046754416,0.027189
2024-10-28,0.0218825,0.030904606,0.03207503,0.030570813,0.034987137,0.057175316,0.026694648,0.02853305,0.043364566,0.04001037,0.051516417,0.011522683,0.04670703,0.048133794,0.034202103,0.035987403,0.022672642,0.010197572,0.014274826,0.01753836,0.041173168,0.028864678,0.047375765,0.015221173,0.046215046,0.026107842,0.012908883,0.048840724,0.015523271,0.055574015,0.023244567
2024-10-29,0.021807166,0.030341182,0.028814647,0.0318917,0.036269624,0.050921448,0.02471256,0.025636869,0.045240283,0.038144752,0.049094193,0.014106032,0.053033307,0.052183963,0.036357336,0.04065965,0.025397383,0.009569335,0.014596485,0.016886232,0.03850637,0.027661052,0.04328018,0.019569904,0.046766765,0.024188988,0.014033996,0.051272657,0.013892089,0.050625626,0.024538226
2024-10-30,0.022986263,0.025531074,0.029965889,0.023470107,0.03176852,0.059767004,0.02170076,0.024549829,0.04340506,0.033694446,0.06666667,0.016885966,0.051797807,0.042288426,0.0391514,0.036355317,0.026590148,0.0072404067,0.013074378,0.017933482,0.03582358,0.03224597,0.033741992,0.019548547,0.040931746,0.026455445,0.016822673,0.057831336,0.012013592,0.06499556,0.024766617
2024-10-31,0.02141273,0.021141693,0.027010316,0.022230024,0.03200819,0.06666667,0.019286808,0.01993251,0.042544156,0.029480962,0.06571821,0.020126626,0.055237796,0.04472839,0.036938097,0.03425382,0.028721085,0.007136447,0.012098601,0.016907344,0.032250673,0.033615522,0.033964965,0.020262705,0.044336334,0.026158234,0.01758986,0.06666667,0.009876935,0.06666667,0.025030969
2024-11-01,0.02340747,0.029488029,0.03156533,0.027239695,0.032233693,0.050601546,0.0287577,0.02408928,0.0384843,0.027504764,0.037908446,0.03210894,0.047565408,0.04691271,0.038391244,0.0316184,0.027138818,0.011185476,0.02823466,0.020680718,0.027259614,0.032551855,0.030622732,0.026425244,0.04001637,0.032091927,0.024853097,0.05416807,0.016462851,0.051490862,0.02894074
2024-11-04,0.029645609,0.021581247,0.042439118,0.026375355,0.025177088,0.041942112,0.028040722,0.017880313,0.058251355,0.02686908,0.037007663,0.026770245,0.05107774,0.042505167,0.041966792,0.03815567,0.028623167,0.009194169,0.020206198,0.018048625,0.026600428,0.030523514,0.022899698,0.027295137,0.053259097,0.026682712,0.020834861,0.057263613,0.016100144,0.05416301,0.032620348
2024-11-05,0.038531195,0.021892074,0.05580836,0.03237013,0.02490779,0.035623703,0.038570754,0.018613424,0.06286802,0.028218975,0.03150014,0.023798542,0.04823383,0.03726051,0.029468464,0.028922258,0.02264369,0.012247566,0.016739056,0.021563899,0.024844239,0.037939545,0.022536904,0.026288377,0.05586544,0.022995073,0.02378614,0.046217747,0.018861419,0.062310617,0.028572114
2024-11-06,0.044008102,0.018090839,0.053991847,0.031202404,0.024616217,0.027627012,0.04191151,0.014729504,0.06628264,0.027373606,0.030854953,0.026428776,0.051204536,0.034159087,0.032564376,0.031145787,0.026216362,0.012609267,0.016151119,0.019296927,0.023602016,0.03478801,0.019493192,0.032882165,0.059661172,0.021528825,0.026219299,0.046683192,0.019615218,0.053256713,0.031805325
2024-11-07,0.044857945,0.017405692,0.052470975,0.027440293,0.027169881,0.023140429,0.041876387,0.011707836,0.06666667,0.028317213,0.030925801,0.034012977,0.049302526,0.03860898,0.03648287,0.034428585,0.023091495,0.010072805,0.012789063,0.013395802,0.036708962,0.027513968,0.015644863,0.030916393,0.06483574,0.021169625,0.026483696,0.05120938,0.018104417,0.051795967,0.031452764
2024-11-08,0.060945164,0.015893308,0.059053164,0.021630704,0.022575479,0.024618069,0.042385347,0.01632594,0.06666667,0.029413292,0.051703013,0.027233798,0.04099821,0.029102359,0.032296948,0.03094443,0.025654262,0.011273171,0.0083578145,0.01715824,0.037626453,0.03867458,0.015425382,0.02718244,0.050497897,0.019734405,0.027928403,0.042120006,0.022575984,0.05831767,0.025687398
2024-11-11,0.057170108,0.014929898,0.049158495,0.019457566,0.022985367,0.025174769,0.044132195,0.0147089455,0.06666667,0.028811472,0.053367466,0.034386333,0.034968358,0.031236436,0.037500385,0.031764224,0.02859538,0.015603343,0.01041806,0.014536059,0.03770699,0.032411613,0.016906012,0.03428348,0.04872195,0.021550378,0.033866122,0.042656068,0.022548694,0.04713763,0.026639529
2024-11-12,0.055756133,0.015055655,0.05362408,0.016800653,0.021387132,0.020884506,0.046280626,0.016717488,0.06331149,0.028359236,0.043969464,0.041693058,0.033241183,0.02605178,0.04491452,0.029710948,0.027327206,0.016848695,0.012886715,0.014544198,0.037693307,0.03318731,0.014973949,0.043801453,0.04269344,0.02066726,0.044638935,0.039318338,0.02685945,0.040831756,0.025970045
2024-11-13,0.0569169,0.017173685,0.06470877,0.015970167,0.017422207,0.020442238,0.04315467,0.023681223,0.065505445,0.02929707,0.044337902,0.03468543,0.029603632,0.021579525,0.051727742,0.029759519,0.027678456,0.016489066,0.01318318,0.016029196,0.035957564,0.03395491,0.014134993,0.041382432,0.03872351,0.019915262,0.04202825,0.03774737,0.032871816,0.03908102,0.02485686
2024-11-14,0.065974005,0.019654723,0.06131994,0.018351967,0.018555649,0.022749037,0.036613658,0.029668465,0.062242094,0.028037589,0.05368881,0.032479484,0.030718401,0.022122605,0.046028357,0.03286675,0.030070014,0.015383152,0.012041887,0.018776035,0.035211477,0.035002854,0.013996331,0.032769088,0.03622433,0.019664727,0.03587061,0.042738445,0.03115052,0.03648828,0.023540717
2024-11-15,0.057952557,0.021268632,0.060680155,0.016355151,0.01713655,0.02196896,0.036733136,0.031494375,0.06231048,0.036268573,0.060472995,0.035120454,0.030126732,0.020290341,0.051182114,0.0372916,0.03293916,0.0113740675,0.015376808,0.020430056,0.030612007,0.031131143,0.012811606,0.029911766,0.033445343,0.019590423,0.037144054,0.03710341,0.030449579,0.03827972,0.022748055
2024-11-18,0.047909062,0.023197338,0.056771036,0.017796708,0.020269625,0.019922782,0.043217637,0.02922795,0.049479213,0.04169249,0.048141006,0.042042702,0.030790638,0.025116274,0.05710763,0.043331966,0.035586115,0.010845977,0.026231807,0.016329283,0.028552588,0.024314325,0.016401656,0.032681543,0.032095667,0.022674557,0.036091715,0.035371527,0.036813065,0.025858521,0.02413759
2024-11-19,0.045784187,0.025836525,0.05481035,0.020629622,0.021939896,0.022903578,0.040324543,0.03102069,0.050726656,0.046067275,0.052371282,0.040351417,0.030391233,0.027794367,0.05696611,0.050936945,0.03579963,0.010404043,0.027658284,0.015374385,0.027272472,0.019601366,0.018534118,0.026008343,0.030628346,0.022418816,0.031057164,0.040097363,0.031491358,0.022405084,0.022394547
2024-11-20,0.041693088,0.023479814,0.052368127,0.022690782,0.022725377,0.026946468,0.035859257,0.0344056,0.04912118,0.041173767,0.053804357,0.0373213,0.030485684,0.02473259,0.06380478,0.057375018,0.037321184,0.011618453,0.024883453,0.014646606,0.028321374,0.017870337,0.019648137,0.027239742,0.02920925,0.021143097,0.028289666,0.051896017,0.027459757,0.020894086,0.021571657
2024-11-21,0.036044005,0.0224852,0.04713184,0.021617627,0.025149498,0.031198753,0.03383649,0.02903326,0.048485693,0.03777745,0.04543403,0.0389526,0.02734774,0.029113892,0.06666667,0.063418105,0.036498122,0.013102122,0.03239316,0.01211974,0.030505722,0.015983518,0.021036774,0.028863966,0.03041511,0.022648329,0.029308967,0.05551167,0.028463392,0.017380675,0.022075875
2024-11-22,0.03358661,0.024615861,0.04217504,0.028799498,0.04076197,0.03766707,0.033766214,0.026139323,0.034205902,0.0327529,0.037868116,0.035832625,0.02439547,0.02927502,0.052886017,0.059779704,0.030818585,0.020686047,0.03729887,0.009865457,0.037651565,0.015288131,0.029684272,0.031784985,0.03226079,0.02435429,0.025830684,0.06437354,0.026177805,0.01555143,0.02386622
2024-11-25,0.035648096,0.027744845,0.044106547,0.031189762,0.047035918,0.038646806,0.030201273,0.028860638,0.028426621,0.030995704,0.04101411,0.036277954,0.02095853,0.02245184,0.048136234,0.061718382,0.03106599,0.025081456,0.038715094,0.009898977,0.038709186,0.014523098,0.030238159,0.028923297,0.025136353,0.023019154,0.029543245,0.06415721,0.029200714,0.013230706,0.025144111
2024-11-26,0.033917,0.027383067,0.046714924,0.029045343,0.042539924,0.031720188,0.032316484,0.035833526,0.023473842,0.028675409,0.03322352,0.049911007,0.019513762,0.016739434,0.051925447,0.049908996,0.0308495,0.033082705,0.048599217,0.013189612,0.038114026,0.01494449,0.025428254,0.031083193,0.01951359,0.022313328,0.040775478,0.054690618,0.037721418,0.010706424,0.026146274
2024-11-27,0.037265897,0.020337217,0.05614758,0.024491433,0.036431104,0.029937154,0.03573015,0.029339956,0.027628457,0.030912703,0.04153624,0.045686115,0.018939644,0.01639714,0.05822262,0.052517816,0.032441314,0.03366172,0.036933705,0.011844667,0.039818026,0.013242024,0.028831437,0.03170683,0.020631017,0.02090767,0.037846804,0.054362506,0.03608154,0.011806466,0.028363045
2024-11-29,0.034440536,0.020263841,0.057703972,0.024734337,0.032699656,0.0276239,0.03846875,0.031434022,0.025390064,0.031833183,0.0340093,0.050473295,0.018629776,0.01505817,0.059039116,0.049728893,0.032679565,0.03701865,0.04497992,0.012796547,0.037769344,0.012165391,0.027306896,0.032664467,0.020377062,0.020730916,0.038254026,0.050102092,0.039800297,0.010847752,0.030976268
2024-12-02,0.038680542,0.017956553,0.059478454,0.023620674,0.029899167,0.024606232,0.042045515,0.02649899,0.02687905,0.030642256,0.036177766,0.05130554,0.01769861,0.011630351,0.05698205,0.042678505,0.032096755,0.046366066,0.039603166,0.012279403,0.039039288,0.01287551,0.02389615,0.038832106,0.020445628,0.019722693,0.046527497,0.04630794,0.03838748,0.012055628,0.034784436
2024-12-03,0.044421375,0.013654157,0.06666667,0.021692632,0.027492967,0.02701773,0.044301916,0.024959954,0.030394943,0.031393066,0.046769932,0.040579516,0.020036865,0.010846968,0.053596217,0.045761473,0.032998815,0.039521776,0.02468892,0.012199294,0.040707864,0.01572402,0.026837792,0.039896853,0.021333378,0.01608264,0.04523306,0.048984837,0.03777011,0.015120252,0.033314016
2024-12-04,0.046874214,0.011301051,0.06666667,0.015136027,0.02332601,0.029952062,0.045152877,0.019082751,0.034579597,0.028418286,0.061743002,0.040770773,0.0173591,0.009821084,0.05314794,0.037026737,0.036239997,0.038301867,0.021681758,0.012193461,0.03817001,0.017087912,0.023956165,0.039486397,0.024700858,0.016509999,0.048339497,0.048053578,0.033979002,0.024095774,0.036845554
2024-12-05,0.05595207,0.008708952,0.06666667,0.01177181,0.017168907,0.02632327,0.049965587,0.01543844,0.042050786,0.023826864,0.06666667,0.034724124,0.019230386,0.009096617,0.057906825,0.029070882,0.0368438,0.0337451,0.018884463,0.0118764825,0.035267502,0.02138404,0.019466855,0.054319616,0.027973723,0.019480407,0.042952713,0.040853675,0.031713936,0.029177202,0.04149163
2024-12-06,0.035840366,0.009871236,0.06666667,0.011135204,0.015830327,0.035401184,0.030873628,0.01594618,0.046634216,0.03202919,0.06666667,0.03202932,0.018779676,0.007462215,0.06666667,0.040410936,0.052949116,0.023946958,0.020188924,0.0133649735,0.028368998,0.01777463,0.01814838,0.035884045,0.031333603,0.016616438,0.041156527,0.050575487,0.025514139,0.045702517,0.04623159
2024-12-09,0.033251077,0.010170732,0.06666667,0.009009375,0.014159209,0.038800582,0.026877591,0.019297447,0.049266215,0.028631205,0.06666667,0.030761661,0.017212173,0.0062623746,0.06666667,0.032739617,0.056301087,0.022722252,0.018797562,0.014903447,0.02809815,0.02235998,0.01702891,0.033039216,0.03141709,0.01644475,0.04091138,0.047946237,0.025720881,0.063365616,0.044504188
2024-12-10,0.037525367,0.011674986,0.0583209,0.007849581,0.014514563,0.043589953,0.024253303,0.018674493,0.04836056,0.02751647,0.06666667,0.031548653,0.01709155,0.0072182375,0.06666667,0.029681278,0.059023734,0.022284327,0.020053742,0.020130852,0.027531425,0.025334872,0.016635641,0.027137142,0.030412424,0.021060115,0.039102603,0.043697406,0.02283493,0.06666667,0.04694089
2024-12-11,0.03610245,0.011172962,0.06519019,0.009554347,0.012283074,0.035494182,0.026201148,0.021755595,0.046265192,0.02664308,0.06666667,0.036418263,0.019830624,0.008387442,0.06666667,0.032857776,0.06232801,0.01699256,0.026148813,0.023924561,0.019189866,0.028753322,0.014356896,0.029131416,0.028495355,0.019554753,0.04317837,0.0396814,0.03451466,0.051106494,0.04115387
2024-12-12,0.03472527,0.009928483,0.06666667,0.010015937,0.011800031,0.0326344,0.027844762,0.01799219,0.05078508,0.026264867,0.06666667,0.034446042,0.022909692,0.008712989,0.06666667,0.029165715,0.06235452,0.014855203,0.023375865,0.022849897,0.016483312,0.029536985,0.013483399,0.030475335,0.032828104,0.018614886,0.045980986,0.039155964,0.03362175,0.056522608,0.04263573
2024-12-13,0.026491132,0.0113233095,0.050368153,0.010256102,0.015416855,0.04661897,0.023425406,0.018528141,0.03646132,0.021688063,0.06666667,0.04232473,0.021317756,0.010111249,0.06524202,0.027824776,0.06178745,0.015445617,0.033421997,0.024361698,0.016636763,0.031596772,0.0148786595,0.02862473,0.02883554,0.024105238,0.05273472,0.046787694,0.03205148,0.053099573,0.041567415
2024-12-16,0.032336663,0.013018225,0.049154468,0.01125013,0.01639961,0.049062625,0.027652284,0.017215006,0.035742313,0.019262169,0.06666667,0.03804548,0.019421492,0.0130366,0.05159695,0.022895021,0.051782954,0.020727016,0.03534572,0.027279852,0.0179229,0.035794817,0.017629271,0.028601656,0.028936654,0.03084304,0.047699988,0.038299583,0.03381324,0.057288215,0.04527939
2024-12-17,0.034817103,0.014223732,0.059558243,0.011155161,0.011811302,0.040980283,0.032328773,0.0241314,0.039162584,0.019357333,0.061563246,0.034265745,0.017914398,0.010082511,0.05690886,0.017909413,0.042457573,0.02203618,0.035664257,0.031861607,0.01831924,0.040651325,0.013818706,0.027832726,0.02616573,0.03191649,0.05201062,0.030821966,0.04432563,0.05377125,0.04217661
2024-12-18,0.034590747,0.016326005,0.053722154,0.01434558,0.014902847,0.046640858,0.026452363,0.032745432,0.030750442,0.016732592,0.056047685,0.029597022,0.020491606,0.0105283195,0.04813114,0.019559132,0.04433709,0.02167229,0.036388442,0.039215814,0.01848596,0.05215869,0.016763201,0.029069295,0.0243954,0.03364623,0.043823253,0.034658525,0.049058624,0.045929447,0.038833816
2024-12-19,0.03142992,0.020499745,0.048261706,0.015125119,0.019525386,0.061783284,0.024003593,0.04814499,0.021994852,0.013521766,0.047827568,0.028466875,0.019625645,0.013219852,0.04124891,0.019091766,0.033378415,0.023767855,0.04062992,0.04382712,0.02282273,0.058799203,0.021894274,0.03114443,0.019535407,0.040328037,0.03591775,0.036843214,0.044051137,0.04202272,0.031266805
2024-12-20,0.026177296,0.025058432,0.040536482,0.014429717,0.021915907,0.06666667,0.018219206,0.051488247,0.025217347,0.014819045,0.05238986,0.026670258,0.019783795,0.016287638,0.046136953,0.021510405,0.03460859,0.019013291,0.04451329,0.038460225,0.02502446,0.05265056,0.023413211,0.029511362,0.022278532,0.043661293,0.02754107,0.040375806,0.03471948,0.04589187,0.031029705
2024-12-23,0.025724504,0.03485527,0.028629081,0.016320053,0.023416769,0.056210767,0.018386442,0.051999882,0.027810924,0.01864836,0.042998843,0.028301468,0.024914555,0.021402242,0.043889955,0.019413529,0.035439983,0.01687477,0.05163985,0.04682735,0.022745857,0.04696256,0.022001868,0.030566402,0.02726517,0.047458153,0.02543232,0.034141757,0.02824953,0.049213823,0.032257963
2024-12-24,0.02686786,0.044885673,0.023665698,0.016972866,0.022839105,0.05151402,0.018172506,0.05961922,0.026630644,0.023288257,0.041352946,0.026467076,0.026116852,0.025064124,0.034989044,0.017069474,0.032869805,0.01598301,0.049400147,0.06002475,0.0216126,0.043961216,0.02148055,0.025685055,0.029416882,0.05038371,0.020821128,0.028646903,0.0224827,0.060887538,0.030828655
2024-12-26,0.026898345,0.043739494,0.023371777,0.017333558,0.021665357,0.045054164,0.01987916,0.05806524,0.032697506,0.025704324,0.038725603,0.02672043,0.027229656,0.027676739,0.038442872,0.017455358,0.03662602,0.015888212,0.050521538,0.05391984,0.020503474,0.041692656,0.021469105,0.02766688,0.03571345,0.047037277,0.020386398,0.02644559,0.024210155,0.05642425,0.030835576
2024-12-27,0.02668178,0.04367626,0.024332099,0.015892994,0.019606177,0.04125339,0.021576965,0.054823082,0.0337455,0.03137293,0.042552054,0.030390149,0.024699172,0.024620445,0.04272884,0.01864809,0.039603204,0.01586866,0.05463098,0.050353527,0.019717555,0.035769112,0.019507734,0.026079673,0.033817563,0.046904705,0.02314303,0.024273187,0.025731638,0.055809498,0.03219
2024-12-30,0.025828354,0.048974074,0.026002232,0.016122835,0.01934701,0.04073811,0.02276679,0.05977825,0.03281974,0.03263063,0.038132146,0.03392746,0.022431167,0.023539567,0.039814573,0.018574985,0.033933457,0.019591324,0.05661141,0.05279668,0.021604486,0.03260157,0.019400293,0.025203964,0.031027831,0.04450715,0.024423307,0.022546714,0.02423499,0.05869319,0.03139572
