,AAPL,MSFT,JPM,XOM,JNJ,NVDA,ORCL,GOOGL,VZ,DIS,AMZN,HD,MCD,NKE,PG,KO,WMT,UNH,PFE,MRK,BAC,GS,CAT,HON,UPS,CVX,SHW,NEE,AMT,EWJ,CASH
2022-01-04,0.019273277,0.02863824,0.029835584,0.04824444,0.028462533,0.03582536,0.035385907,0.028402308,0.02375059,0.011704235,0.042190187,0.029964926,0.03700921,0.053649142,0.03734872,0.022470383,0.046597973,0.028223304,0.040704183,0.02209209,0.012886374,0.027232407,0.060564216,0.02242044,0.052713964,0.0250955,0.051228974,0.018887931,0.020844232,0.028910289,0.029443085
2022-01-05,0.024866479,0.032942448,0.03125168,0.033348758,0.023659756,0.043357976,0.034620017,0.030924385,0.03375668,0.013514821,0.025896424,0.018641861,0.060924906,0.06666667,0.051850982,0.02030162,0.039399143,0.022678217,0.04130404,0.025543394,0.024258751,0.026305377,0.043327026,0.020153845,0.06646475,0.018772934,0.038077176,0.017808823,0.020678405,0.023089664,0.025612993
2022-01-06,0.02773509,0.027331,0.03676041,0.040546264,0.019329222,0.04306196,0.02956857,0.041752905,0.02900397,0.01372825,0.027626516,0.022454146,0.062035788,0.06666667,0.043467075,0.036509257,0.034726143,0.028014468,0.044969164,0.025393702,0.023154542,0.018935477,0.03820386,0.023439832,0.06107242,0.019942941,0.03837138,0.013437014,0.019296914,0.022605443,0.020859603
2022-01-07,0.029989569,0.02185863,0.047508027,0.03712966,0.017443992,0.047559034,0.030074144,0.05013923,0.027577197,0.012047978,0.026114646,0.019220054,0.058470245,0.06666667,0.04398968,0.046742696,0.03276129,0.024900654,0.04417044,0.029761704,0.031875502,0.01862468,0.030978026,0.027181484,0.06321869,0.019605152,0.029780967,0.009022834,0.018780367,0.016274361,0.020532394
2022-01-10,0.034092445,0.018147472,0.050373644,0.04570283,0.016558355,0.05415475,0.030527491,0.04481321,0.025976818,0.0124682635,0.030236838,0.022192644,0.044112217,0.06666667,0.03925889,0.053401876,0.038236126,0.026683941,0.03744608,0.02732213,0.03164098,0.020167572,0.028124668,0.026280679,0.060132753,0.019530186,0.03019605,0.00985309,0.020077417,0.014696224,0.020927694
2022-01-11,0.038117986,0.019762985,0.057278562,0.04510059,0.016861683,0.048055675,0.031132119,0.04147119,0.02480071,0.01042554,0.03240247,0.026429577,0.038550533,0.06441411,0.033972923,0.061449498,0.039980665,0.024481207,0.034854945,0.028109057,0.03177381,0.025233757,0.029610893,0.026650012,0.051759914,0.02059676,0.030382363,0.011466901,0.019747002,0.014873228,0.02025335
2022-01-12,0.040669803,0.017872173,0.057268657,0.038982883,0.020847369,0.057984363,0.032941185,0.036445584,0.025865922,0.012186512,0.027971646,0.028649667,0.03836873,0.05485599,0.03321576,0.06469894,0.042691562,0.023997271,0.030318405,0.032246828,0.032917123,0.027649315,0.021251652,0.02887644,0.049177516,0.01876648,0.031766776,0.0136740655,0.022073645,0.013744425,0.0220233
2022-01-13,0.03491218,0.01840865,0.05024168,0.036381822,0.026308732,0.06666667,0.03199122,0.030206488,0.032887705,0.015759278,0.02539371,0.022261186,0.043486178,0.054219097,0.035227425,0.056763783,0.03911634,0.022335533,0.027926771,0.037034355,0.04008724,0.027211545,0.018378014,0.026289647,0.053503454,0.017355189,0.03405601,0.017242061,0.02401832,0.01334986,0.020979857
2022-01-14,0.030875728,0.019845927,0.05432296,0.04371134,0.026924083,0.06666667,0.029438073,0.034605656,0.037037127,0.018744996,0.029611155,0.017246788,0.03574355,0.0483044,0.03839699,0.050375406,0.04467581,0.02353688,0.028546637,0.035492077,0.04131841,0.020549871,0.020399928,0.021425115,0.055097926,0.0187507,0.038350616,0.01575274,0.019370588,0.015292179,0.019589683
2022-01-18,0.02111033,0.017455982,0.046537,0.051207375,0.031906348,0.06666667,0.02873116,0.0275614,0.037461724,0.018003998,0.032049097,0.016086841,0.037142262,0.043725334,0.038819313,0.056535017,0.052273832,0.019294756,0.026687711,0.036274713,0.04003441,0.023099743,0.023383262,0.018463705,0.053709205,0.022742802,0.040174372,0.018317945,0.022820087,0.012659468,0.019064145
2022-01-19,0.014283372,0.018583616,0.0348109,0.06666667,0.02901613,0.06666667,0.024905268,0.021454647,0.039696086,0.01733154,0.043076552,0.015885826,0.039035223,0.037857685,0.036717158,0.060932305,0.061440945,0.018358462,0.018508801,0.03956582,0.045100898,0.022461664,0.023889702,0.014526391,0.045639962,0.028016837,0.040426508,0.018159531,0.023696396,0.01526905,0.018019391
2022-01-20,0.013031758,0.018816847,0.034164056,0.06666667,0.024894662,0.06666667,0.02347707,0.024743807,0.035153642,0.015353348,0.05775043,0.01600361,0.034082044,0.03974779,0.04998976,0.061299466,0.06666667,0.01498188,0.022971299,0.0308071,0.033422925,0.016422415,0.028570877,0.01073454,0.044259436,0.031786572,0.04418852,0.015507224,0.024517491,0.015122082,0.018199341
2022-01-21,0.011663836,0.019269874,0.028093139,0.06666667,0.020682672,0.06666667,0.021319484,0.023011029,0.034856174,0.015933653,0.06666667,0.01975217,0.03141003,0.03800411,0.04878759,0.06666667,0.06666667,0.015631493,0.020338375,0.027615491,0.033771016,0.017138446,0.030145677,0.010157804,0.036678173,0.038786173,0.043432962,0.016160471,0.027936624,0.018427692,0.017662507
2022-01-24,0.0092264945,0.018891733,0.023013387,0.06666667,0.017520018,0.06666667,0.019638289,0.022813432,0.034442257,0.016805355,0.06666667,0.019629741,0.02788674,0.039386675,0.044487588,0.06322848,0.06666667,0.017126039,0.019840099,0.02436672,0.03632634,0.017748808,0.04169362,0.009694657,0.03375227,0.051517315,0.039914433,0.015838396,0.029772377,0.021165363,0.017606704
2022-01-25,0.008322156,0.016578196,0.021271454,0.058979437,0.016296558,0.06666667,0.019985829,0.022634523,0.043164775,0.021904632,0.06666667,0.018447146,0.030925425,0.042675246,0.047246262,0.05017831,0.06666667,0.018160721,0.018540895,0.024487112,0.042420607,0.019518008,0.040067036,0.009933065,0.034101743,0.04843521,0.03491018,0.015960235,0.03289459,0.022148594,0.01981206
2022-01-26,0.008226048,0.012510261,0.021670192,0.05940903,0.015763614,0.06666667,0.019370792,0.023231348,0.0436994,0.022767222,0.06666667,0.021168381,0.019518204,0.039496064,0.039872847,0.056420196,0.06666667,0.021055328,0.014715614,0.024277193,0.054531585,0.023299513,0.032677818,0.011526316,0.031785965,0.048236668,0.0357839,0.016582936,0.03936645,0.026190966,0.016846145
2022-01-27,0.007020877,0.010069829,0.026986975,0.04364509,0.019629797,0.06666667,0.02025413,0.029218186,0.040938813,0.018953191,0.065398075,0.026516434,0.020804638,0.041994285,0.034868095,0.06383083,0.06393371,0.023491053,0.01937616,0.026550006,0.048406567,0.02481526,0.030375754,0.016962286,0.031290665,0.046972115,0.03549057,0.0120579675,0.042480692,0.02555645,0.015444834
2022-01-28,0.006526844,0.0068192347,0.028819574,0.04696237,0.022456001,0.06666667,0.02112139,0.031466067,0.037208833,0.02052196,0.066050924,0.027714776,0.019298228,0.043232903,0.031711835,0.06666667,0.058392264,0.02552572,0.020562852,0.026980832,0.04301419,0.022475664,0.027782526,0.019262068,0.033774205,0.04891635,0.036675278,0.01078369,0.04572749,0.022421049,0.014461545
2022-01-31,0.008788087,0.0055799657,0.027104676,0.04509244,0.024387429,0.06666667,0.028748343,0.025448242,0.028437119,0.0189183,0.06666667,0.029218981,0.013328448,0.043786738,0.028983412,0.062164027,0.056071002,0.026610402,0.018807888,0.02328863,0.037214294,0.02964815,0.03572729,0.019144325,0.03694977,0.04966242,0.03637508,0.014288175,0.0537783,0.018899687,0.020215057
2022-02-01,0.010492536,0.0074672396,0.026282644,0.043874804,0.033012416,0.06666667,0.03447281,0.02279862,0.028417965,0.02095452,0.059395753,0.028086204,0.013742193,0.036703493,0.03481759,0.04326526,0.05679577,0.026603438,0.018712455,0.023493955,0.031756308,0.031819914,0.036572177,0.018451896,0.03761932,0.045920253,0.040615898,0.018822124,0.056930013,0.020059455,0.025376316
2022-02-02,0.013190278,0.005692217,0.029734014,0.0367704,0.034169514,0.06666667,0.048754424,0.024113799,0.03162951,0.023301644,0.040409226,0.026239023,0.009369959,0.037757616,0.04897942,0.027283236,0.06666667,0.027704468,0.01329877,0.020988284,0.031005424,0.03554592,0.029711105,0.019776598,0.0463367,0.035519212,0.039895855,0.018631533,0.06666667,0.015890831,0.02830102
2022-02-03,0.014130932,0.00813659,0.024890272,0.038272303,0.036329545,0.06666667,0.053445384,0.02090278,0.03128197,0.022886915,0.04002487,0.021865996,0.008102951,0.03497287,0.05916605,0.019170849,0.06666667,0.02274684,0.012730467,0.01811137,0.026880072,0.033628043,0.034906734,0.015844738,0.046226464,0.03706417,0.04327713,0.026588358,0.06666667,0.015550381,0.032864958
2022-02-04,0.010367339,0.01290281,0.018752156,0.04464999,0.030970976,0.05462897,0.048335344,0.020381125,0.026651578,0.01900567,0.057551455,0.021267716,0.010482744,0.032278046,0.057271905,0.016067572,0.0644885,0.022791844,0.01553012,0.015204012,0.022708178,0.027110348,0.05639123,0.012467575,0.038170107,0.04995566,0.04509459,0.022848459,0.06666667,0.023257907,0.035749417
2022-02-07,0.0153476,0.013502525,0.027523031,0.036587257,0.043352753,0.048982292,0.048619356,0.028518923,0.022625292,0.017668769,0.05357003,0.024985896,0.00809699,0.024945114,0.05753316,0.021731745,0.0618212,0.025963731,0.02014678,0.017349554,0.019761665,0.023856921,0.038714617,0.017036106,0.040161327,0.048015896,0.049384017,0.019575233,0.061185256,0.023144446,0.040292524
2022-02-08,0.01542823,0.0137449615,0.027371284,0.03960927,0.045012824,0.050158817,0.048644874,0.02753194,0.02205634,0.01678268,0.05650325,0.026380336,0.009295134,0.02372758,0.051644154,0.025374983,0.0505287,0.028248433,0.020066993,0.020047922,0.023543628,0.026209634,0.034955777,0.018969018,0.04016586,0.049066015,0.04822008,0.019253135,0.057893094,0.024440447,0.03912461
2022-02-09,0.018714305,0.02015082,0.031772707,0.039613646,0.04860794,0.03572486,0.05067767,0.030619642,0.019232221,0.014248633,0.056217045,0.028206777,0.012136363,0.022537846,0.05299728,0.027910398,0.038841035,0.027806018,0.025911823,0.019808184,0.021490464,0.025382694,0.0380505,0.02123503,0.040938433,0.04649975,0.05353299,0.019405898,0.04561807,0.027592136,0.038518824
2022-02-10,0.01942812,0.024252245,0.03046616,0.03622652,0.046923038,0.030908879,0.05379774,0.025556734,0.028736196,0.019371806,0.044104706,0.02728455,0.020223988,0.023825562,0.052757278,0.02466112,0.02292401,0.02973774,0.02321104,0.02254423,0.028386893,0.032378353,0.037825722,0.023233144,0.04352071,0.040398158,0.048036348,0.023866238,0.04365318,0.034640983,0.037118614
2022-02-11,0.015810875,0.024412902,0.03473621,0.040930808,0.04520057,0.030284226,0.048613027,0.029087812,0.027913945,0.018451167,0.048280478,0.024316093,0.03389479,0.02364296,0.054138917,0.03527711,0.01544239,0.027545864,0.027628934,0.025780357,0.030244175,0.024229089,0.03838295,0.023482408,0.044669468,0.045596857,0.047366254,0.015069399,0.030909156,0.036867008,0.031793803
2022-02-14,0.013587587,0.025526714,0.027984716,0.051057458,0.028453443,0.037320394,0.037329353,0.023772003,0.031254526,0.020286057,0.06666667,0.028693818,0.032860436,0.024430815,0.051357623,0.045361005,0.020800179,0.025563741,0.021072438,0.021794487,0.033504926,0.020755637,0.038240273,0.017169228,0.03566399,0.0556106,0.045852773,0.017475761,0.03371005,0.04069477,0.026148533
2022-02-15,0.014975136,0.025217412,0.026633063,0.04496175,0.026046813,0.030814178,0.036382936,0.022830864,0.032385685,0.023071345,0.060356565,0.02831415,0.05053364,0.02733089,0.049083017,0.052957714,0.01836899,0.026495112,0.025839638,0.02403261,0.035983916,0.020596892,0.037728038,0.019081699,0.036210116,0.057319712,0.03593862,0.017944712,0.0301907,0.03282087,0.029553212
2022-02-16,0.016198805,0.020091023,0.028439771,0.037574798,0.03006336,0.02662625,0.038697142,0.022191495,0.039787926,0.030250808,0.041118674,0.026302952,0.06666667,0.030397164,0.038515612,0.052952338,0.011329106,0.036333278,0.031013971,0.029511873,0.042236213,0.025572333,0.033286195,0.026889,0.043054834,0.04410305,0.027948027,0.019762363,0.02596929,0.027739076,0.029376611
2022-02-17,0.014990405,0.022455199,0.02760195,0.040847912,0.03145838,0.024874628,0.036397457,0.022723088,0.036394354,0.02664233,0.043551918,0.026845355,0.06666667,0.030450093,0.037933774,0.060151715,0.010172309,0.035884418,0.036006026,0.030573955,0.040226907,0.022943532,0.0329857,0.027972385,0.04284847,0.04329933,0.029587124,0.018774081,0.023540774,0.028868683,0.026331088
2022-02-18,0.0122253345,0.022064783,0.027293274,0.054740004,0.031851973,0.025144346,0.034263086,0.027375847,0.025178902,0.024655774,0.05361304,0.02401678,0.06666667,0.029806476,0.044420484,0.054296568,0.013531364,0.0335076,0.04587927,0.024860153,0.027705973,0.0139379185,0.046351254,0.021599336,0.03877798,0.049736373,0.035739508,0.015393956,0.021522526,0.02850091,0.025342535
2022-02-22,0.014263938,0.02355569,0.028093558,0.05111944,0.034858085,0.024139112,0.03399133,0.028767092,0.023976967,0.027339838,0.052724812,0.021997914,0.06666667,0.029698242,0.044842087,0.045795243,0.01506592,0.033674218,0.052625567,0.024822114,0.028595028,0.013881509,0.048864424,0.020540783,0.036818977,0.048659194,0.032825876,0.016024293,0.020720942,0.025404885,0.029646255
2022-02-23,0.01480577,0.037189543,0.027146524,0.05983649,0.033851083,0.018982148,0.0306515,0.02412456,0.022669166,0.02366297,0.06482509,0.02328257,0.06666667,0.022412226,0.038141295,0.038285557,0.015320209,0.029998379,0.048254322,0.022996286,0.028289873,0.01667564,0.066547275,0.016999643,0.026623428,0.056253716,0.031021893,0.01668366,0.017599344,0.029813705,0.03038947
2022-02-24,0.013379833,0.035051897,0.024511147,0.06147696,0.027300203,0.021815775,0.027310003,0.022693451,0.022674909,0.022311803,0.06666667,0.02934195,0.0653656,0.023176737,0.033258647,0.04440249,0.019063404,0.02931808,0.044688437,0.022746697,0.032243866,0.019701827,0.06666667,0.017277751,0.021292344,0.06374112,0.027408948,0.01647012,0.02035158,0.02993343,0.028357664
2022-02-25,0.011408637,0.03598505,0.023616506,0.04624146,0.03232183,0.022505954,0.03069307,0.017941061,0.030627927,0.026570952,0.05457386,0.034035664,0.06666667,0.023008494,0.030305685,0.039853636,0.015923379,0.031155335,0.041202858,0.031284172,0.037754077,0.028675053,0.06090253,0.023011805,0.018641353,0.059215967,0.022317031,0.016733468,0.023994816,0.031432953,0.03139876
2022-02-28,0.017848497,0.038282827,0.023868518,0.04352035,0.041171607,0.02284855,0.034662247,0.019342454,0.034097414,0.03217205,0.045240115,0.030593116,0.06666667,0.023913171,0.035042915,0.022970384,0.018452974,0.03399048,0.038346745,0.028984852,0.03118698,0.028750142,0.05659837,0.019120699,0.02063193,0.040978283,0.027295813,0.020004185,0.024984878,0.040594056,0.03783873
2022-03-01,0.013527506,0.047165684,0.02128054,0.05180496,0.041106317,0.02987911,0.035273615,0.018451953,0.027280381,0.022771344,0.043372057,0.032083686,0.06666667,0.021401143,0.042922355,0.023908667,0.029240128,0.026605602,0.02599097,0.0289449,0.024226451,0.025394982,0.053031333,0.016471922,0.018119888,0.04545174,0.035544485,0.018813696,0.031796623,0.04600286,0.035468437
2022-03-02,0.010349763,0.046777274,0.018963233,0.057442866,0.03618605,0.039114904,0.033938583,0.016529879,0.027033374,0.020397868,0.047880765,0.029106477,0.06248991,0.0210272,0.049899783,0.023065707,0.041794665,0.020151744,0.02001673,0.026642403,0.023400754,0.023224687,0.053655423,0.012053934,0.017102977,0.04913481,0.03916768,0.018728323,0.036704507,0.0444071,0.03361063
2022-03-03,0.009611373,0.03921106,0.018201504,0.0461114,0.04409947,0.05102969,0.035617445,0.015441335,0.04210685,0.03152313,0.03316568,0.022822687,0.06666667,0.02335111,0.049112715,0.015404357,0.037434645,0.027656514,0.018631693,0.02995581,0.025161562,0.023125373,0.043106113,0.0125148585,0.022795692,0.035110958,0.040500432,0.023643922,0.033327132,0.048326015,0.035232805
2022-03-04,0.009769008,0.04578802,0.017370906,0.059107605,0.038870778,0.052440956,0.035442993,0.01445254,0.036622852,0.02570069,0.034159344,0.02150737,0.047742885,0.022784417,0.05048335,0.0117147,0.050094444,0.025303084,0.016173694,0.025350522,0.019733455,0.023894664,0.053676505,0.009526572,0.023721918,0.033556353,0.04875673,0.028460104,0.031953774,0.052420862,0.0334189
2022-03-07,0.008854988,0.040933646,0.01633315,0.06666667,0.03400532,0.058197625,0.033918645,0.013779957,0.03382627,0.02243032,0.0384906,0.02191065,0.036540944,0.023973184,0.04944318,0.010903676,0.06666667,0.023807801,0.015530165,0.021525998,0.014980469,0.02209949,0.059690706,0.007614511,0.02498977,0.03421351,0.0545591,0.031698175,0.032494843,0.047884144,0.03203582
2022-03-08,0.0073159803,0.040271003,0.014328621,0.06666667,0.024915678,0.06666667,0.027476916,0.0136092175,0.031415038,0.01735487,0.04809122,0.030557955,0.028062886,0.02462444,0.04756519,0.014055515,0.06666667,0.02396805,0.012180136,0.017963702,0.014159036,0.020616662,0.056325793,0.0068292385,0.021288516,0.041107144,0.059193086,0.033325817,0.03982439,0.058553204,0.025020696
2022-03-09,0.0068062767,0.038725153,0.016348049,0.05870669,0.027396373,0.06666667,0.02623395,0.014822642,0.042012587,0.018500535,0.038879097,0.03286287,0.0330049,0.026286189,0.04767244,0.013207457,0.06666667,0.025262235,0.011675768,0.02116887,0.017650163,0.02400045,0.047129065,0.00775781,0.021472018,0.03591738,0.05560601,0.029320689,0.042329896,0.06273368,0.023177419
2022-03-10,0.008056498,0.023905009,0.017270949,0.04036424,0.030078044,0.06003524,0.030607618,0.013829952,0.049652185,0.022677409,0.027639937,0.038972862,0.034446668,0.033756655,0.03261536,0.0111180665,0.06584236,0.038563956,0.01508853,0.020088198,0.018797614,0.0415879,0.054591395,0.011378867,0.026044857,0.028440192,0.04282282,0.03967325,0.04604149,0.051526207,0.024485674
2022-03-11,0.007138959,0.02114993,0.01989508,0.045672104,0.039312556,0.06666667,0.03081727,0.015397705,0.050478715,0.024021285,0.02744923,0.035075445,0.027164368,0.026851004,0.029777782,0.011796714,0.056820124,0.043540247,0.01390587,0.02175147,0.018627685,0.0379538,0.05065844,0.011943444,0.028177425,0.029082436,0.051302265,0.036863204,0.04092054,0.05762122,0.022167014
2022-03-14,0.006342775,0.01874452,0.020648737,0.054342385,0.040706467,0.06666667,0.029313978,0.015678177,0.050794818,0.023737587,0.031356584,0.029200025,0.023498455,0.02582279,0.02315892,0.012754733,0.048899107,0.046514735,0.012522467,0.025748687,0.024262823,0.043022815,0.054345027,0.012769473,0.029984422,0.032377996,0.0495458,0.033536565,0.035531156,0.05805339,0.020117918
2022-03-15,0.007726039,0.019323658,0.023462342,0.051547352,0.042982526,0.06498676,0.02769816,0.018983768,0.047549292,0.02325109,0.031243507,0.030039927,0.02138316,0.025995737,0.01709146,0.0116185155,0.034245864,0.061687473,0.015431015,0.027244493,0.024732511,0.044504028,0.060734667,0.015687969,0.029835792,0.028758975,0.04852533,0.029919846,0.028118907,0.06666667,0.01902318
2022-03-16,0.010293572,0.021046996,0.025375418,0.051030394,0.047724474,0.03866552,0.0325435,0.02118825,0.046476696,0.026850825,0.025836019,0.027101835,0.027693791,0.029853716,0.015048384,0.010635865,0.020039469,0.06666667,0.020411188,0.029235117,0.024540178,0.045684125,0.06666667,0.021660442,0.03653953,0.025214981,0.04279149,0.03167026,0.023363275,0.06666667,0.02148469
2022-03-17,0.011421209,0.019575179,0.025783582,0.04770444,0.049544062,0.031764805,0.037808735,0.022010881,0.045744456,0.032136127,0.022784822,0.026352905,0.026120145,0.02914605,0.015901288,0.009936067,0.015517958,0.06666667,0.022695035,0.026950823,0.02542818,0.0442763,0.06564916,0.02887996,0.042457584,0.023284402,0.039588682,0.03440187,0.023592718,0.06543537,0.021440528
2022-03-18,0.010402058,0.01578616,0.02540439,0.050113045,0.050901767,0.037831258,0.039569356,0.021052293,0.04822314,0.035571616,0.021460572,0.022896597,0.022505682,0.028356481,0.017184004,0.009721209,0.013284183,0.06666667,0.020656353,0.025591241,0.028305227,0.04502625,0.05946004,0.030759824,0.049240958,0.021104427,0.041246984,0.03654617,0.024353148,0.062121943,0.018656945
2022-03-21,0.009404261,0.012144296,0.030756485,0.042698886,0.058528755,0.04105076,0.04159724,0.025162918,0.0474914,0.036382686,0.017449033,0.02050724,0.02301917,0.02935249,0.018956432,0.011335969,0.011159231,0.06666667,0.022745239,0.027427757,0.02884101,0.04260604,0.05328832,0.03897759,0.05653909,0.019829165,0.041884426,0.030516734,0.025246697,0.052014638,0.01641938
2022-03-22,0.007594212,0.0122992275,0.02835087,0.051508166,0.06206981,0.049321473,0.041084662,0.021216169,0.043537457,0.029777696,0.021223424,0.019879606,0.020345958,0.025346655,0.021915626,0.0132428855,0.0128203435,0.06634514,0.018618759,0.024868459,0.026837481,0.042053122,0.052929904,0.03123926,0.05585876,0.022455193,0.052101836,0.032291055,0.027246367,0.05001163,0.015608788
2022-03-23,0.009874964,0.013008111,0.032858323,0.049267106,0.06176718,0.044389997,0.04457319,0.023602953,0.036650706,0.02374365,0.022982499,0.021843713,0.01680568,0.026503403,0.025592355,0.014260914,0.015762478,0.057477944,0.021076076,0.023089798,0.023185274,0.04157852,0.05463376,0.032829244,0.06081193,0.02342895,0.056476608,0.03206815,0.028820371,0.043677412,0.017358743
2022-03-24,0.008488796,0.012127081,0.028968232,0.061651986,0.05514201,0.049198896,0.040989403,0.020407148,0.029244006,0.018046113,0.030782169,0.027072296,0.013545139,0.025135424,0.024869863,0.020513635,0.019615648,0.04890546,0.01747956,0.019992879,0.021309031,0.042820577,0.058692344,0.029033063,0.054038115,0.03148397,0.06381715,0.03472255,0.03491173,0.041065555,0.01593017
2022-03-25,0.010246291,0.013854272,0.029704977,0.05531338,0.055857863,0.0398699,0.043850236,0.017850583,0.03203815,0.01762831,0.028770044,0.02934778,0.015628964,0.025235185,0.023100525,0.019449644,0.018956587,0.047133178,0.018166346,0.021973478,0.021704799,0.053613476,0.061129145,0.0318966,0.052451,0.029365974,0.05747033,0.039945614,0.034189332,0.03655493,0.017703116
2022-03-28,0.010672832,0.013643931,0.028990468,0.0659068,0.05246935,0.045493454,0.04221579,0.016411152,0.030008404,0.015510432,0.035945233,0.027053693,0.012343421,0.024144396,0.023931906,0.020283546,0.02373458,0.03991125,0.01726523,0.019774012,0.021504225,0.054485492,0.063664824,0.026393127,0.05283532,0.031492654,0.06052203,0.040802494,0.032734312,0.032422893,0.01743274
2022-03-29,0.011564917,0.012699526,0.031303123,0.0640973,0.053488042,0.034854386,0.047024466,0.017490882,0.027490698,0.014022577,0.033779487,0.027872162,0.013643578,0.026308356,0.021034896,0.019651914,0.018674763,0.04429755,0.01994217,0.021055778,0.020067887,0.061589576,0.06666667,0.031795267,0.05521283,0.031211443,0.05585982,0.0358556,0.031461652,0.031263173,0.018719515
2022-03-30,0.012962524,0.012974832,0.03022888,0.06335948,0.052131042,0.031613663,0.050644048,0.017055059,0.02739689,0.015705291,0.031097135,0.024458991,0.018012146,0.029187817,0.020913506,0.018509844,0.014668837,0.043311518,0.02268365,0.023170674,0.02406685,0.06666667,0.06666667,0.03467651,0.0581257,0.028700141,0.047151316,0.036087472,0.029728344,0.0277056,0.020338908
2022-03-31,0.011843668,0.015202111,0.029920064,0.06666667,0.05772315,0.032911412,0.048684668,0.016044302,0.03164077,0.017277906,0.036610976,0.022362974,0.01710105,0.025723388,0.021331502,0.01631546,0.016999407,0.041729666,0.023061361,0.02171695,0.02135684,0.062287364,0.06666667,0.02628059,0.05452846,0.031155264,0.052271474,0.037192207,0.027243422,0.029605826,0.02054444
2022-04-01,0.0096451035,0.017335553,0.029844152,0.06666667,0.052876804,0.034495164,0.043325678,0.015919423,0.02928062,0.015050254,0.04432937,0.0232028,0.020265209,0.025040086,0.019557117,0.019492533,0.016085839,0.040410284,0.023571609,0.023787867,0.02564115,0.06519993,0.06666667,0.02606204,0.0490957,0.0375803,0.050125495,0.034159128,0.025044685,0.032283965,0.017958816
2022-04-04,0.011996247,0.021544343,0.029474963,0.06666667,0.04906345,0.035358682,0.042485233,0.014671502,0.029074367,0.016169801,0.053835187,0.021583097,0.01989023,0.02411567,0.022249173,0.018380428,0.02134264,0.033138424,0.024759049,0.022740543,0.024815328,0.0606924,0.06666667,0.019461488,0.045798775,0.03748067,0.051310044,0.040259153,0.023307785,0.03116686,0.020501126
2022-04-05,0.013971194,0.025422202,0.029562023,0.06666667,0.05119088,0.04005434,0.04023565,0.01305742,0.030686386,0.017772617,0.046422552,0.019812938,0.019034278,0.02122103,0.023576036,0.017311426,0.024909884,0.027021129,0.021969792,0.023541972,0.026669256,0.06451408,0.06666667,0.017854,0.04236439,0.032504372,0.05101863,0.051531184,0.023362596,0.028226288,0.02184812
2022-04-06,0.012283772,0.027669983,0.02733909,0.06666667,0.042690106,0.043124683,0.034065317,0.012871862,0.03180721,0.016974147,0.06666667,0.020897223,0.01505043,0.020917622,0.022885028,0.01769951,0.032736693,0.025983334,0.022574008,0.020778354,0.025212603,0.05503497,0.06666667,0.014628995,0.037354216,0.03934574,0.053893454,0.05111431,0.02316206,0.032451127,0.01945415
2022-04-07,0.01506851,0.029610058,0.027153086,0.06666667,0.04269373,0.042588092,0.030342164,0.013828435,0.033162594,0.018487463,0.06666667,0.023081519,0.010473771,0.020172184,0.020170186,0.013870304,0.04256412,0.028958427,0.023437936,0.019479768,0.022722771,0.050753523,0.06666667,0.012814326,0.031072387,0.037258215,0.0551138,0.053586517,0.024104072,0.03714402,0.02028803
2022-04-08,0.016131444,0.022418384,0.026081003,0.06666667,0.043992314,0.044573523,0.028636433,0.014750686,0.035174254,0.021041704,0.064907014,0.024050547,0.008604752,0.02264594,0.017487325,0.0120154545,0.053932764,0.03477182,0.024023175,0.019250115,0.019948406,0.04690468,0.06666667,0.013407094,0.030208422,0.034768827,0.049633898,0.05446124,0.027210701,0.032673135,0.022961607
2022-04-11,0.017150965,0.022043645,0.02699875,0.06666667,0.037153147,0.04760193,0.027264679,0.017039789,0.036349677,0.021640334,0.06666667,0.024610257,0.009243367,0.026051333,0.019128371,0.012236436,0.057201277,0.03800415,0.027345797,0.017327618,0.01934275,0.039162744,0.06666667,0.012333168,0.032058083,0.03312332,0.04899849,0.047501788,0.02412934,0.03639892,0.022559876
2022-04-12,0.020139541,0.033895507,0.027678331,0.06666667,0.02676047,0.032294117,0.024373814,0.019284062,0.032502856,0.018548833,0.06666667,0.03249787,0.013911508,0.02850477,0.018283116,0.01766023,0.04550131,0.042044558,0.03463797,0.016437324,0.021292359,0.03584771,0.06666667,0.012972261,0.027604815,0.043518715,0.04480875,0.039861973,0.01978785,0.047836445,0.021512935
2022-04-13,0.019025905,0.032415453,0.029998712,0.066029616,0.026474304,0.035179902,0.022651717,0.021584848,0.036825005,0.018817563,0.06666667,0.030689707,0.02069484,0.03204857,0.019308379,0.022441613,0.04776754,0.03747327,0.040500596,0.018671408,0.022387797,0.030644882,0.06666667,0.013756916,0.027303219,0.043874353,0.039446633,0.030291768,0.017834963,0.03927777,0.023249408
2022-04-14,0.018909771,0.024807373,0.034156535,0.057256736,0.031741258,0.03977515,0.024949826,0.023604672,0.04148819,0.02360487,0.06422445,0.025096318,0.027497446,0.034589447,0.020372879,0.024605425,0.043773822,0.037009217,0.044268873,0.021952692,0.02326194,0.028176984,0.06666667,0.016167948,0.031102391,0.038359903,0.034653023,0.026263632,0.017316986,0.028570663,0.025774907
2022-04-18,0.012015834,0.018529981,0.0329359,0.05784723,0.035088643,0.049899768,0.020773148,0.026362007,0.05542051,0.029958514,0.04929072,0.017445076,0.038026273,0.039054204,0.018833622,0.02386823,0.032051764,0.045027997,0.051426318,0.025547853,0.026293363,0.023763897,0.06666667,0.017270347,0.03928259,0.03500847,0.03076321,0.020559382,0.013460613,0.027292715,0.020235151
2022-04-19,0.011657284,0.020794911,0.039920826,0.045712452,0.033925,0.047967955,0.021784302,0.032412015,0.058962937,0.02507572,0.043292027,0.017063437,0.046247073,0.040046852,0.025131725,0.026605835,0.0353553,0.03641953,0.05585185,0.024548817,0.023963764,0.022130558,0.06666667,0.017396858,0.042462178,0.034465466,0.030640867,0.014979092,0.012197682,0.025314083,0.021006934
2022-04-20,0.013930466,0.020103699,0.0496522,0.03506396,0.038996432,0.03483426,0.025075978,0.04120231,0.06069387,0.026099706,0.030062972,0.013548312,0.06519538,0.04504807,0.030531863,0.02285249,0.023136951,0.03233721,0.06666667,0.025515184,0.021521838,0.018918728,0.06666667,0.019461997,0.051407162,0.026681855,0.028499648,0.010689571,0.009623051,0.023364719,0.022616785
2022-04-21,0.011897113,0.022016613,0.044657417,0.04087609,0.034809005,0.046139058,0.02486657,0.04124502,0.060151275,0.026960298,0.0315687,0.009877302,0.051790826,0.04783262,0.040680494,0.018465234,0.025503729,0.025817836,0.06456074,0.021495558,0.0232793,0.01778846,0.06666667,0.014116999,0.05882905,0.026060464,0.033547502,0.011954491,0.010353717,0.026957307,0.019234551
2022-04-22,0.011447726,0.01823016,0.04431174,0.058571327,0.030670406,0.044183444,0.024336135,0.04268761,0.043755982,0.026338814,0.04638226,0.009898728,0.03374804,0.044974383,0.034797374,0.024211861,0.020940714,0.02935024,0.06283463,0.01918302,0.028024437,0.01794357,0.06666667,0.014731529,0.06334859,0.034123022,0.03576002,0.013474174,0.010909418,0.026860444,0.017303543
2022-04-25,0.009167934,0.014985998,0.040305506,0.061477836,0.02534035,0.04271471,0.023492891,0.04204783,0.029433077,0.018568635,0.06281938,0.01613265,0.031185208,0.042346485,0.03457135,0.042304303,0.020269534,0.028213592,0.059827466,0.018356826,0.03311309,0.019189814,0.06666667,0.020446956,0.04731166,0.046755716,0.03414771,0.011118519,0.017095111,0.02521266,0.015380542
2022-04-26,0.009859625,0.011117844,0.040323302,0.05056122,0.028947439,0.038328882,0.02391294,0.04448133,0.029302048,0.02338499,0.054140676,0.018597975,0.030667702,0.04281385,0.02605436,0.043940406,0.0149447,0.0408617,0.06666667,0.020598723,0.03837575,0.020642877,0.06666667,0.03278131,0.045320425,0.040069688,0.028370157,0.011684811,0.018468753,0.023018043,0.015095142
2022-04-27,0.009318316,0.017231034,0.033495534,0.059526145,0.019918956,0.037071627,0.020760603,0.039374445,0.023087485,0.015816286,0.06666667,0.032915518,0.028666299,0.03724005,0.023958208,0.049700156,0.0139154,0.042524956,0.051933683,0.020130306,0.039637808,0.021476626,0.06666667,0.033572156,0.028399097,0.039253693,0.035235696,0.011762744,0.022244034,0.047468856,0.011030952
2022-04-28,0.0074552507,0.011539626,0.032176085,0.046126768,0.02087816,0.056569498,0.019524133,0.03693681,0.03084652,0.020536574,0.050277468,0.030215597,0.039190877,0.044770982,0.021773065,0.04790293,0.011793518,0.049370836,0.04864838,0.026123507,0.04756293,0.022781381,0.056192987,0.040896,0.03125723,0.030336127,0.02948653,0.009712448,0.02448075,0.044317175,0.010319859
2022-04-29,0.008100464,0.006716593,0.039495744,0.035180815,0.025910528,0.06666667,0.023767598,0.041605435,0.036137834,0.022359323,0.035733044,0.02629384,0.025172465,0.05445835,0.025495924,0.04168709,0.015923688,0.049391292,0.045390893,0.026528647,0.04371298,0.025368834,0.049172122,0.045689914,0.043009233,0.025154755,0.030069077,0.010012307,0.034466147,0.030623633,0.010704766
2022-05-02,0.006866718,0.010830459,0.036756516,0.044011652,0.022020606,0.06666667,0.01944076,0.039849665,0.032460794,0.017103855,0.048445914,0.02974427,0.02738443,0.0482871,0.024964703,0.04584543,0.016087638,0.04052122,0.0406949,0.024628175,0.042510644,0.022130895,0.06581336,0.036052696,0.031924766,0.03143534,0.034639455,0.008467879,0.03174652,0.04427605,0.00839092
2022-05-03,0.006681768,0.00986521,0.040318165,0.034021698,0.019395918,0.06666667,0.01978811,0.041502092,0.04155482,0.021001542,0.03880409,0.02766973,0.04161422,0.05514856,0.02880843,0.052504905,0.015811125,0.03891226,0.040259317,0.027478008,0.048116647,0.020160338,0.04841901,0.038655635,0.03532643,0.028806323,0.028898422,0.0072711413,0.029460108,0.03805142,0.009027893
2022-05-04,0.0072962367,0.012000571,0.039880022,0.032128513,0.018732402,0.06666667,0.020728355,0.03652248,0.053299993,0.022974951,0.036804274,0.026887191,0.043126836,0.05408702,0.034376938,0.045703012,0.019842444,0.035929352,0.029924206,0.02818033,0.051099576,0.0217537,0.041152846,0.03223612,0.035715714,0.025744757,0.033140987,0.008450048,0.029959079,0.046382017,0.009273354
2022-05-05,0.009082659,0.012844079,0.040976796,0.029085949,0.019514352,0.06666667,0.02555799,0.0338308,0.06666667,0.023953913,0.028768562,0.019830704,0.046047904,0.06285513,0.04565989,0.029656578,0.025253788,0.030690096,0.026025036,0.030125286,0.04795923,0.023304408,0.03806019,0.026165191,0.046050083,0.020240737,0.034246523,0.009008315,0.028681548,0.041461024,0.011729907
2022-05-06,0.0075437194,0.017274547,0.032781623,0.046442457,0.013777814,0.06666667,0.023526175,0.02889745,0.044932947,0.014674627,0.04754615,0.024772333,0.044022013,0.056999046,0.044145186,0.037414663,0.026257992,0.026646785,0.022293607,0.025829049,0.044949997,0.022720896,0.053862296,0.021689968,0.03619041,0.029233374,0.037750196,0.008234182,0.029934995,0.052846186,0.010142655
2022-05-09,0.009274307,0.0216708,0.028594565,0.041027002,0.013368871,0.06666667,0.023681847,0.02451287,0.050981686,0.015031149,0.04708138,0.02506037,0.03987445,0.054827817,0.05088252,0.029937213,0.03917538,0.022383746,0.017225593,0.02491494,0.044599622,0.026237268,0.054291617,0.016860178,0.032186773,0.030937761,0.037407823,0.010343543,0.03425225,0.053580564,0.013129439
2022-05-10,0.010647916,0.022987586,0.025325296,0.052211557,0.009792275,0.052714165,0.022835411,0.02680025,0.0346846,0.014168327,0.0639458,0.035077415,0.030460719,0.05165901,0.03532301,0.0350265,0.029938433,0.03585216,0.019713677,0.018773085,0.037717655,0.021505153,0.06666667,0.020247197,0.027124576,0.0415554,0.03514,0.011583425,0.03112573,0.065975085,0.013421917
2022-05-11,0.010167789,0.016532486,0.023849389,0.044896476,0.010967644,0.051420085,0.0232215,0.023950052,0.037357565,0.018724969,0.059161436,0.04208573,0.027264679,0.04865851,0.028333388,0.03989597,0.030685643,0.044605434,0.019101173,0.019333951,0.040867962,0.02490428,0.06611519,0.025561208,0.0250412,0.045114093,0.02990686,0.01451718,0.040408824,0.05226862,0.015080707
2022-05-12,0.009824885,0.016854554,0.021583064,0.052054442,0.010974613,0.05287649,0.020735238,0.022398202,0.033229448,0.017800225,0.06666667,0.04593508,0.022535587,0.04218489,0.024014736,0.041659232,0.03557743,0.04595507,0.019590823,0.018930767,0.038786538,0.025613748,0.06580873,0.023463203,0.02257292,0.050701663,0.03012307,0.01631879,0.03735038,0.053114574,0.014764952
2022-05-13,0.012339021,0.014061881,0.022848861,0.0457723,0.012933377,0.058099955,0.021282084,0.025231045,0.03354935,0.020799898,0.05980259,0.045431938,0.01681522,0.04125294,0.021091059,0.03569065,0.035335355,0.05444024,0.01703472,0.021974662,0.044647064,0.028251773,0.056226864,0.027079592,0.02250473,0.045602046,0.029224591,0.017390251,0.040886246,0.056145668,0.016254028
2022-05-16,0.013097647,0.013047762,0.024036743,0.036265586,0.019164957,0.055009354,0.025870807,0.02569867,0.03670969,0.02465192,0.042249806,0.038025144,0.02672809,0.045049742,0.02362805,0.027843725,0.028818954,0.057530116,0.02153343,0.028112292,0.045338888,0.033494346,0.05666597,0.030864792,0.027758235,0.040406484,0.026530884,0.0173304,0.038334146,0.049165927,0.02103744
2022-05-17,0.0108224,0.0142982835,0.022261135,0.044452786,0.021509113,0.06666667,0.026207663,0.024800487,0.035772596,0.022682508,0.042554237,0.03401502,0.024386501,0.042459484,0.030114094,0.022956574,0.036933556,0.052876472,0.0178186,0.02554575,0.036319844,0.027091576,0.057370756,0.023414122,0.02914156,0.03787396,0.035044126,0.017222205,0.039967082,0.057877287,0.019543558
2022-05-18,0.014050003,0.022474531,0.019357635,0.03413757,0.020510452,0.06458133,0.02565305,0.021119513,0.038619027,0.018819548,0.03500914,0.041040573,0.028521804,0.042732205,0.033657573,0.02011522,0.04149165,0.051725768,0.015159725,0.02671708,0.03428328,0.032348346,0.045617584,0.024586529,0.028757377,0.031474654,0.03696918,0.02273073,0.040427096,0.06666667,0.020645168
2022-05-19,0.012603117,0.028838005,0.018423092,0.041715074,0.015685545,0.055123683,0.02100529,0.017951338,0.03325967,0.017361088,0.050772764,0.06215497,0.020416507,0.031199135,0.03142973,0.026980525,0.037613854,0.047197964,0.011144425,0.01873758,0.032849837,0.032308716,0.05041139,0.019493405,0.020411458,0.043376844,0.0449618,0.02721155,0.04839418,0.06666667,0.014300794
2022-05-20,0.015352655,0.029200105,0.01749043,0.03434674,0.014591752,0.050136376,0.019915866,0.01597904,0.041384645,0.02363395,0.048058793,0.06666667,0.02399092,0.029973384,0.029709378,0.027258674,0.03640462,0.046139117,0.01102925,0.018432524,0.03558207,0.036945507,0.044608403,0.017726565,0.018721893,0.043801185,0.037883483,0.0343679,0.04749595,0.06666667,0.016505487
2022-05-23,0.019678023,0.02217141,0.013290797,0.03339486,0.0132663585,0.042864043,0.020203754,0.0121804625,0.040192027,0.02748453,0.04865637,0.06666667,0.015721714,0.027935557,0.020331426,0.023214526,0.036392007,0.049696837,0.008961356,0.018576557,0.04116382,0.05347125,0.04304304,0.018254826,0.016292797,0.045881346,0.02856688,0.04846424,0.057140857,0.06666667,0.020174997
2022-05-24,0.025309633,0.022106715,0.014208871,0.02796272,0.016150527,0.038409825,0.024354175,0.01312489,0.041393764,0.029745566,0.045794096,0.059005316,0.015489824,0.030492995,0.024028204,0.01632254,0.036273755,0.049066238,0.010706813,0.017537326,0.036441255,0.0563524,0.044360466,0.017130736,0.020297293,0.0409074,0.030676099,0.050679207,0.052808497,0.06666667,0.026196185
2022-05-25,0.022950763,0.024811393,0.0123441005,0.040318947,0.014781347,0.039904308,0.023371866,0.0124423755,0.033798948,0.026301356,0.05908544,0.050441526,0.011929982,0.029367464,0.02408543,0.014985933,0.040054478,0.04646237,0.009613376,0.015544784,0.03197024,0.048241243,0.051896337,0.013083424,0.021012094,0.046945743,0.036435843,0.055487305,0.050480455,0.06666667,0.025184464
2022-05-26,0.023812221,0.031068237,0.014385386,0.03450254,0.019398624,0.03923108,0.025895683,0.01426878,0.041230347,0.029028025,0.04591231,0.04126746,0.015640842,0.029228294,0.028832868,0.011600105,0.034872316,0.04627564,0.00967818,0.0189191,0.031586315,0.04740175,0.054645196,0.012547909,0.023945594,0.04385914,0.04031153,0.049997486,0.044521835,0.06666667,0.029468536
2022-05-27,0.024365997,0.028840732,0.018099345,0.028540337,0.025278311,0.035626587,0.030149091,0.019450566,0.05003648,0.03624699,0.03230926,0.03302627,0.018006362,0.031544965,0.03350868,0.009879739,0.027157588,0.05641832,0.012168031,0.020645821,0.029054308,0.038449418,0.05146578,0.015323299,0.03284621,0.03838861,0.04221495,0.042647764,0.039739847,0.06666667,0.031903684
2022-05-31,0.02371723,0.030525455,0.018818086,0.0292166,0.028838916,0.03569845,0.034777857,0.018550593,0.051065776,0.034321643,0.025984837,0.029110877,0.01848346,0.03084827,0.040867638,0.008402241,0.02985642,0.050891522,0.011541847,0.019974913,0.024368726,0.0355389,0.045888983,0.015565209,0.03971378,0.031753443,0.047982898,0.048958983,0.038985252,0.06666667,0.03308452
2022-06-01,0.019514482,0.024256764,0.02255247,0.038785417,0.031234093,0.030881034,0.03736796,0.022862233,0.037121248,0.031313427,0.032307733,0.028797252,0.014942599,0.027317155,0.041898035,0.012890945,0.02356089,0.058604043,0.014139472,0.017200425,0.021361206,0.025164826,0.048920356,0.018893989,0.04908623,0.041041777,0.055098716,0.04075201,0.036049668,0.06666667,0.029416883
2022-06-02,0.015926098,0.025872743,0.021229547,0.042609558,0.035651896,0.035730023,0.035451923,0.02040048,0.03740872,0.031615693,0.03425161,0.027015653,0.01579444,0.023069056,0.04327774,0.014548761,0.024803817,0.05229794,0.013187606,0.018252986,0.021628387,0.023566598,0.04396023,0.01759267,0.047501333,0.04412274,0.058858342,0.04334433,0.035130475,0.06666667,0.029231947
2022-06-03,0.015461055,0.023330435,0.021320853,0.03717848,0.040861968,0.03685325,0.03836374,0.020210423,0.040815026,0.039657794,0.026594983,0.020428825,0.01770294,0.022713458,0.044790518,0.012619697,0.02202879,0.053220894,0.014361369,0.020851444,0.023282737,0.023128588,0.038075153,0.02033603,0.055768065,0.03717229,0.05533818,0.048635386,0.03047855,0.06666667,0.031752415
2022-06-06,0.009669833,0.023468768,0.018491218,0.052699007,0.034289237,0.055965617,0.0333241,0.017487312,0.040282518,0.031773593,0.035210665,0.020193534,0.01718245,0.021564085,0.045625646,0.014991352,0.027270643,0.049181223,0.011794911,0.0207524,0.025510652,0.020906895,0.036868416,0.018278383,0.051673718,0.03852462,0.061224017,0.044128716,0.03100934,0.06666667,0.02399046
2022-06-07,0.011735986,0.028161395,0.017199662,0.049864903,0.0323063,0.04843592,0.03331758,0.015511807,0.040895626,0.03130609,0.034185473,0.023421058,0.016296428,0.020727081,0.04021465,0.013535319,0.029427072,0.05253713,0.011231571,0.020782914,0.025030382,0.025244355,0.038275834,0.018800715,0.045774333,0.036752973,0.058068335,0.056870088,0.03148508,0.06666667,0.025937274
2022-06-08,0.012022341,0.029519247,0.017214794,0.045764104,0.03521864,0.05757888,0.031200614,0.015480758,0.044394013,0.032138806,0.032148454,0.022872088,0.0155327525,0.02139431,0.044028956,0.012319588,0.035738897,0.044807937,0.0113007715,0.020751284,0.023604386,0.023702476,0.032812856,0.016598126,0.043137886,0.030875146,0.06418221,0.059178613,0.0334522,0.06666667,0.0243622
2022-06-09,0.008947157,0.028156012,0.01616485,0.04989314,0.03847971,0.06051045,0.028742472,0.014226608,0.04212833,0.029900495,0.03716859,0.022645142,0.017644117,0.020674385,0.04161582,0.014244172,0.036796667,0.04063239,0.011942747,0.020874029,0.02279222,0.022913018,0.036574584,0.014666469,0.040663783,0.03659457,0.06636747,0.055435058,0.0325916,0.06666667,0.023347279
2022-06-10,0.007886646,0.03866637,0.015298861,0.055876005,0.02918933,0.053882662,0.024227504,0.01418679,0.040054254,0.023603113,0.048163224,0.026900582,0.020627238,0.020913845,0.04398549,0.017134983,0.04053754,0.036368344,0.013263209,0.019064646,0.024093166,0.020538166,0.043942858,0.013031639,0.032868225,0.042028002,0.0630006,0.05046117,0.033336382,0.06666667,0.020202493
2022-06-13,0.0074288226,0.041024014,0.014712695,0.057479892,0.025399253,0.04380829,0.020515189,0.014621122,0.039457243,0.0225507,0.061757375,0.03132117,0.02083106,0.020473056,0.04230625,0.019510502,0.045613673,0.034517664,0.016281014,0.015838409,0.022680905,0.018237518,0.056444544,0.01084523,0.025452288,0.050468996,0.056150135,0.04357572,0.03447079,0.06666667,0.019559817
2022-06-14,0.008326638,0.039776538,0.016712207,0.054535586,0.020971041,0.030528871,0.018680241,0.019086558,0.03260474,0.019823536,0.06666667,0.043956503,0.025362218,0.02343296,0.030298032,0.02940458,0.03437567,0.044716343,0.026322745,0.016212616,0.027196508,0.019577768,0.06666667,0.016376005,0.020062964,0.06006842,0.04110859,0.030050602,0.032245718,0.06666667,0.018185802
2022-06-15,0.008099188,0.021453857,0.01832827,0.03753305,0.021570377,0.03341866,0.018210292,0.019161155,0.046661846,0.031602487,0.059745226,0.043591995,0.023749972,0.028115153,0.020274231,0.031949446,0.026897065,0.0568746,0.02719122,0.019896168,0.041580465,0.02986735,0.065809935,0.024255084,0.02042628,0.060516242,0.02672165,0.029802414,0.040779956,0.04686005,0.019056307
2022-06-16,0.0099183945,0.018583912,0.018317064,0.03193102,0.025947308,0.02648826,0.019462384,0.017696537,0.047270346,0.038818635,0.052403256,0.04703105,0.026115458,0.025581338,0.015091462,0.031012658,0.019152598,0.06666667,0.031609803,0.023715267,0.045589082,0.03807918,0.05750256,0.033922512,0.020095665,0.056010377,0.021196112,0.032379486,0.037495196,0.043035477,0.021880943
2022-06-17,0.009155619,0.016956855,0.021729806,0.039771203,0.02229644,0.024102665,0.01807898,0.021717679,0.03459707,0.031043326,0.06632304,0.04868548,0.019997522,0.023010187,0.013784418,0.0444751,0.014350634,0.06666667,0.033112004,0.020657975,0.047830194,0.03289743,0.06482588,0.0373055,0.019309094,0.06445095,0.023394266,0.024465738,0.033661805,0.045276437,0.016070036
2022-06-21,0.01094705,0.020955833,0.022950789,0.034983136,0.02453916,0.017217433,0.018906185,0.020993529,0.030581241,0.030594714,0.06280057,0.05296117,0.02497429,0.021861382,0.012710771,0.04059902,0.012508579,0.06666667,0.037397888,0.021246022,0.04297524,0.03671429,0.06666667,0.038997777,0.017646227,0.06666667,0.022692384,0.026459666,0.028815519,0.047204655,0.018765489
2022-06-22,0.013160437,0.019756386,0.023642212,0.032390315,0.035093132,0.01955976,0.024198323,0.017270358,0.046863895,0.04302477,0.05661369,0.04284093,0.016130337,0.021929175,0.017382836,0.019542007,0.020736704,0.062756084,0.032607473,0.01629735,0.0317804,0.042210273,0.06666667,0.024439884,0.02172597,0.056331057,0.028523427,0.0437341,0.035514988,0.04309114,0.024185916
2022-06-23,0.01577521,0.029900953,0.021078173,0.042559102,0.030460816,0.014300079,0.0255505,0.01663532,0.031546,0.02731384,0.06666667,0.05192931,0.012981809,0.01978462,0.018525263,0.01845523,0.024227805,0.05658155,0.030576043,0.0139513435,0.023612041,0.040513717,0.06666667,0.023068873,0.019571444,0.0617714,0.034536183,0.047180023,0.036671113,0.05406146,0.02354744
2022-06-24,0.020374442,0.023845,0.018365491,0.043362893,0.028138485,0.011232865,0.028434578,0.0162271,0.024421247,0.0298947,0.06369344,0.052456103,0.008789369,0.020975303,0.017531289,0.014813193,0.028235741,0.06441642,0.030367032,0.011230125,0.017040268,0.03973386,0.06666667,0.022825709,0.02217952,0.06171854,0.03351033,0.06469767,0.041900683,0.04455882,0.02836311
2022-06-27,0.02169703,0.01993014,0.022750746,0.0337254,0.045927204,0.0119103035,0.03538129,0.020535918,0.029318605,0.036241453,0.04140952,0.04006877,0.0097895125,0.024077695,0.019822195,0.009578079,0.022688674,0.06666667,0.03759002,0.013740524,0.017807547,0.042184692,0.06666667,0.029640734,0.030227069,0.04584392,0.03327494,0.056039453,0.040630654,0.043666646,0.031167934
2022-06-28,0.01810151,0.022583665,0.02188285,0.04127022,0.044311155,0.013947156,0.034395736,0.01993859,0.027959269,0.029615562,0.04620848,0.040160306,0.007852382,0.022125103,0.021087902,0.009300786,0.026831396,0.06666667,0.030023064,0.012695404,0.01576203,0.040127523,0.06666667,0.024178367,0.029656274,0.047051508,0.04182609,0.055937953,0.042712457,0.052243553,0.02688039
2022-06-29,0.01674607,0.030498872,0.022644851,0.04812761,0.037413366,0.013354561,0.03247628,0.020173749,0.023713531,0.022152213,0.05861824,0.048753977,0.01066932,0.020606281,0.022646887,0.012147019,0.025598591,0.056431018,0.031073857,0.012318114,0.015346348,0.03785114,0.06666667,0.021897988,0.025609015,0.053090896,0.045291938,0.045363758,0.03829699,0.05987311,0.024547745
2022-06-30,0.019504922,0.028525574,0.022412503,0.045756686,0.03572694,0.01122851,0.03504928,0.020669784,0.023582771,0.023206256,0.055324975,0.04850367,0.012306913,0.024112504,0.021064108,0.012041062,0.02508045,0.061008636,0.034998924,0.01235426,0.014413794,0.039551497,0.06666667,0.023807144,0.027202062,0.054594968,0.039168622,0.045195073,0.037332367,0.05142733,0.028181752
2022-07-01,0.017829202,0.029031435,0.019110436,0.0489533,0.029698636,0.01105689,0.03155445,0.019064272,0.023802314,0.02274242,0.059452843,0.051405326,0.013524577,0.025578698,0.0174107,0.01300263,0.02179999,0.06666667,0.03330668,0.013485624,0.0166179,0.040744282,0.06666667,0.026479777,0.025056835,0.0554105,0.035811726,0.045276664,0.036524836,0.057650033,0.025283694
2022-07-05,0.02330185,0.03471941,0.01783161,0.054286607,0.027350854,0.010646388,0.032805596,0.018775588,0.019671774,0.01994317,0.06356035,0.05015149,0.012792889,0.025146509,0.018123105,0.012159456,0.026079955,0.06666667,0.03407688,0.013406383,0.014787401,0.037833586,0.06666667,0.024632867,0.024154615,0.048769552,0.035670623,0.046674237,0.034106746,0.054245062,0.03096211
2022-07-06,0.021767478,0.025189498,0.020931637,0.05433626,0.030058427,0.0111255,0.037806395,0.021744223,0.017372644,0.02052034,0.057153385,0.045463376,0.010908509,0.026539784,0.019699134,0.014085981,0.023850633,0.06666667,0.034646895,0.013464423,0.014998519,0.03589175,0.06666667,0.029285382,0.029524729,0.053734437,0.037395123,0.04470451,0.03861411,0.045250658,0.030602925
2022-07-07,0.018768387,0.022145594,0.021037875,0.056031346,0.035364415,0.013128593,0.03862907,0.019934116,0.019133072,0.022660535,0.054156158,0.041888338,0.0094876345,0.025114577,0.020176651,0.0128672235,0.024801036,0.06666667,0.032031264,0.013220701,0.014034788,0.034133293,0.06666667,0.028031405,0.03156751,0.049392067,0.0430001,0.051005937,0.042287286,0.04463378,0.02800391
2022-07-08,0.018228246,0.019733267,0.021178689,0.047218814,0.04257097,0.015734624,0.039010704,0.019886365,0.02357548,0.02766315,0.04471659,0.03686469,0.008185832,0.025213702,0.02186278,0.0108130295,0.025633516,0.06666667,0.03073009,0.013388389,0.014557108,0.032551426,0.06666667,0.028507037,0.03714572,0.04134691,0.04591337,0.059387974,0.044194,0.04361572,0.027238473
2022-07-11,0.016745953,0.022085402,0.02144135,0.047708586,0.043300383,0.016686283,0.038613353,0.019657642,0.023967274,0.024291202,0.0430546,0.035791952,0.008204493,0.02440299,0.023917548,0.011194886,0.02578782,0.0651375,0.028225891,0.013599342,0.0141903935,0.03135808,0.06666667,0.027202912,0.03702706,0.040923055,0.052877955,0.05913102,0.044626508,0.047921915,0.024259988
2022-07-12,0.014591412,0.021925364,0.021305466,0.058429733,0.031992294,0.022094106,0.035800207,0.019563591,0.023456618,0.019682748,0.051288728,0.035583287,0.007894659,0.027662635,0.027050622,0.013186325,0.030669168,0.054868717,0.024218692,0.013114818,0.015128127,0.029818539,0.06666667,0.02354762,0.037843097,0.043108337,0.05827323,0.052378993,0.04658026,0.052223973,0.020051965
2022-07-13,0.018286414,0.03222582,0.021716334,0.05255865,0.025020134,0.019034438,0.0313131,0.02004306,0.022511672,0.018266877,0.05290213,0.040699814,0.009089833,0.028065039,0.028043343,0.014163366,0.03370974,0.04714283,0.023699842,0.01252175,0.015116683,0.029038433,0.06666667,0.0202423,0.031479493,0.044202685,0.059905056,0.05833659,0.041298635,0.06298389,0.019715382
2022-07-14,0.016615074,0.028710376,0.022618309,0.05495474,0.023942336,0.025621047,0.029475043,0.02278293,0.023103593,0.018162172,0.050976664,0.036015194,0.010016062,0.032756373,0.030007148,0.017134275,0.0404631,0.04383438,0.024769403,0.014268326,0.017161652,0.027816556,0.06666667,0.020535313,0.034951016,0.044439733,0.057108212,0.05143466,0.04064384,0.053967692,0.019048113
2022-07-15,0.014184542,0.02809613,0.022295965,0.06389849,0.02295027,0.02760673,0.030160272,0.021803379,0.020935802,0.016356276,0.052758142,0.037271883,0.010553073,0.031432897,0.028844444,0.020584712,0.046522457,0.04388656,0.024679864,0.014347518,0.016326994,0.026941497,0.06666667,0.02066701,0.03241408,0.044199057,0.056258857,0.050965026,0.041881725,0.04610275,0.01840694
2022-07-18,0.02318964,0.027592413,0.03156805,0.046098087,0.026417192,0.02025577,0.03590747,0.026623648,0.028134672,0.020111986,0.042085648,0.03767362,0.011529812,0.033883817,0.030732915,0.017297016,0.034618367,0.05152875,0.03308737,0.014061394,0.016000766,0.027784301,0.06666667,0.024329178,0.040706214,0.031345405,0.052091964,0.047688067,0.03661745,0.042661853,0.021710498
2022-07-19,0.020052947,0.029082714,0.043327924,0.0364959,0.027142715,0.019181106,0.035357337,0.038567223,0.029454287,0.018894643,0.034308806,0.036585696,0.022425676,0.036542565,0.037769523,0.02744519,0.022469992,0.04501958,0.04216241,0.016898617,0.017002216,0.02049142,0.06666667,0.030122105,0.04308151,0.03291561,0.051417638,0.02623477,0.030325836,0.043817554,0.018739827
2022-07-20,0.021812374,0.023329403,0.05280381,0.021052048,0.032728385,0.019714566,0.041656792,0.039794933,0.05025081,0.02756674,0.018140126,0.02305413,0.043476906,0.04468581,0.049584318,0.018633028,0.016700188,0.038363766,0.04973824,0.020150712,0.01852208,0.020502932,0.05978156,0.03149389,0.058283452,0.021579092,0.03968239,0.02054796,0.024109937,0.030806813,0.021452807
2022-07-21,0.016410163,0.019619197,0.064319186,0.016994549,0.035152193,0.022426363,0.038686533,0.054064192,0.04739362,0.02280653,0.012171862,0.020832311,0.06666667,0.044768304,0.053876065,0.026793862,0.01053892,0.036263995,0.051821407,0.026879968,0.020025523,0.015239386,0.03652134,0.04609219,0.060276173,0.017076755,0.038492158,0.010281905,0.021123158,0.030717261,0.015668262
2022-07-22,0.016611908,0.018992448,0.06666667,0.014054329,0.037264477,0.025072325,0.037603833,0.056092843,0.05305489,0.02316503,0.009050511,0.01941736,0.06666667,0.04648495,0.052415796,0.023353526,0.008903908,0.034606226,0.05041922,0.030738926,0.022358403,0.017734312,0.030310456,0.05222966,0.060879864,0.012631825,0.037131038,0.009623373,0.020573933,0.03248584,0.013405459
2022-07-25,0.013717604,0.01877243,0.060852434,0.017030103,0.033064496,0.03373272,0.034689978,0.056950033,0.046322983,0.0192137,0.010308423,0.01923908,0.06666667,0.05245038,0.05044026,0.026808597,0.00883998,0.032406677,0.047717407,0.03456223,0.027133936,0.019003177,0.029930612,0.05452281,0.057974696,0.0127179455,0.037497282,0.0082053775,0.022692578,0.035107847,0.011427558
2022-07-26,0.013858692,0.019375384,0.057057835,0.017285297,0.033833817,0.039763734,0.034760058,0.054283835,0.048905455,0.020159496,0.009944249,0.018513551,0.06666667,0.054257262,0.057286866,0.025279805,0.011508176,0.030905671,0.04515571,0.034380294,0.02427363,0.017821383,0.027193168,0.045802593,0.060337182,0.012019212,0.04081364,0.009180906,0.02204166,0.034746487,0.012588282
2022-07-27,0.012590476,0.03667218,0.03970529,0.03001435,0.02482268,0.035797726,0.02852975,0.037033387,0.038238,0.009693241,0.02182938,0.027676329,0.06666667,0.056242194,0.04317249,0.03673443,0.01523438,0.025282748,0.03625488,0.03414374,0.027694454,0.026090097,0.04656059,0.036113296,0.042465128,0.020102117,0.045222357,0.011030021,0.022070915,0.054643895,0.011672821
2022-07-28,0.012948553,0.024450835,0.04707328,0.025829058,0.035237115,0.032544326,0.034484815,0.037645347,0.04050335,0.011679266,0.020503312,0.022793826,0.06666667,0.053232513,0.047831535,0.041594606,0.014995155,0.024094492,0.044441428,0.033459872,0.026091222,0.025901126,0.040728025,0.038759433,0.05743517,0.022764217,0.039830547,0.010574411,0.02217788,0.028150257,0.0155783575
2022-07-29,0.013505992,0.03514376,0.038244978,0.031472415,0.042278275,0.027185362,0.040020958,0.032068305,0.038209785,0.011492365,0.021377215,0.01927417,0.06666667,0.047662154,0.056489695,0.026451154,0.013464374,0.021693403,0.043828506,0.034439877,0.02373837,0.028241867,0.05214919,0.030189587,0.055747837,0.022571536,0.04200834,0.010889057,0.020440867,0.033260774,0.019793175
2022-08-01,0.015170648,0.033337217,0.035809543,0.027041966,0.06666667,0.03745,0.047750685,0.02675846,0.047283974,0.016728852,0.013355713,0.015596575,0.06666667,0.03252233,0.05510804,0.015410272,0.016518803,0.026737453,0.02920859,0.04143487,0.024333825,0.032049198,0.03403583,0.029142236,0.054455154,0.017881,0.043210372,0.013792937,0.024384314,0.03214797,0.02800983
2022-08-02,0.01528037,0.03329373,0.03263287,0.03237384,0.065272175,0.035311628,0.04822528,0.028610164,0.035414297,0.015802061,0.0146010155,0.015030618,0.06666667,0.033917442,0.055267997,0.018768555,0.014265835,0.029257981,0.030673321,0.043407205,0.026943251,0.027406994,0.032338176,0.033410057,0.057150353,0.018939214,0.042629328,0.013458339,0.025703918,0.030616773,0.02733054
2022-08-03,0.013759746,0.038956895,0.034118943,0.032361887,0.061071455,0.031893607,0.049003273,0.028678702,0.03327136,0.013311421,0.016427074,0.019631322,0.06666667,0.02967814,0.06666667,0.018450705,0.019385831,0.024588019,0.029247802,0.035223886,0.020618696,0.025544934,0.03973844,0.030034974,0.045408066,0.021128774,0.048997268,0.013039182,0.03163763,0.03469859,0.02676005
2022-08-04,0.016404208,0.03794907,0.032863185,0.030175887,0.059697893,0.023086045,0.050146174,0.026805712,0.030714242,0.013797904,0.0184486,0.02403602,0.06666667,0.031692907,0.06006028,0.02172259,0.01652734,0.028774898,0.039102543,0.03303638,0.020119471,0.026399856,0.03813192,0.037077326,0.047004167,0.02049492,0.04325479,0.015470942,0.030438565,0.031310886,0.02858861
2022-08-05,0.015185439,0.046832614,0.028475774,0.030982861,0.05148969,0.021676112,0.045570653,0.022494156,0.02923666,0.012280644,0.020817304,0.02934609,0.06666667,0.030415894,0.052619062,0.025138978,0.01461811,0.030497186,0.03703047,0.032865953,0.023682524,0.03155872,0.04067737,0.042673636,0.04128256,0.022148952,0.04122337,0.018482778,0.031087203,0.03844297,0.024499608
2022-08-08,0.0141582675,0.04201122,0.02850756,0.033745315,0.040049594,0.027748516,0.04408003,0.021095676,0.034167204,0.014221983,0.025530657,0.027945692,0.06666667,0.03191912,0.06323989,0.025960382,0.018879255,0.02885931,0.033900395,0.024517737,0.024557834,0.02890327,0.040576387,0.03342879,0.04613881,0.022878636,0.043309323,0.021691378,0.031371754,0.036549743,0.023389598
2022-08-09,0.013626553,0.033535533,0.028276237,0.032938417,0.037188116,0.034713462,0.041116003,0.020690368,0.03989713,0.01802758,0.027103022,0.029774724,0.06666667,0.03614361,0.062397275,0.025808528,0.021295303,0.030116266,0.035919096,0.021851748,0.024731454,0.02715911,0.039493747,0.030964267,0.045983277,0.021728348,0.041961133,0.021941684,0.032554857,0.03494037,0.021456124
2022-08-10,0.014004326,0.03519007,0.030289302,0.03502534,0.037515786,0.041446947,0.03962824,0.01919714,0.04528429,0.017224094,0.031773522,0.029339792,0.05858772,0.03317374,0.063347556,0.021321494,0.031071391,0.026596677,0.031916052,0.019439477,0.02175354,0.02879731,0.04396498,0.023625543,0.042860135,0.022102404,0.045021903,0.021429501,0.032154784,0.034776974,0.02213998
2022-08-11,0.021539232,0.03988143,0.031912256,0.02551194,0.038708188,0.031444654,0.042881288,0.01928611,0.046687294,0.01742525,0.023503667,0.029787883,0.06666667,0.03750986,0.057456188,0.017088622,0.023505908,0.029307574,0.037534695,0.02300891,0.023721589,0.036557503,0.03785407,0.029064074,0.04749985,0.016454352,0.037366357,0.023607275,0.028104857,0.03318694,0.025935533
2022-08-12,0.022040663,0.04046134,0.03969611,0.025184982,0.035425033,0.03750701,0.04349276,0.022599,0.050212245,0.016800934,0.022435939,0.02522434,0.06666667,0.042014834,0.06666667,0.019422298,0.02228884,0.021855434,0.039044127,0.023715237,0.024660764,0.03079663,0.03523007,0.023804579,0.053090736,0.015952367,0.038186572,0.015997242,0.025308048,0.029920805,0.024297733
2022-08-15,0.025512017,0.029107416,0.041718528,0.020431377,0.038942557,0.03642527,0.04505338,0.0204201,0.06381955,0.021036081,0.01737398,0.022363778,0.06666667,0.04616923,0.060711462,0.016102158,0.01944036,0.024761533,0.040204894,0.026210241,0.02481695,0.03716383,0.031919934,0.026362307,0.06140125,0.012429232,0.032141145,0.01906635,0.025062405,0.022366697,0.024799325
2022-08-16,0.02758271,0.042423084,0.041689288,0.0240504,0.037621215,0.026766513,0.046230525,0.020381674,0.05659721,0.017119791,0.019332899,0.020573568,0.06666667,0.045380417,0.05974385,0.0151397595,0.01564063,0.023449078,0.046844132,0.027068743,0.023892973,0.036012154,0.041453317,0.025708323,0.060319517,0.012731742,0.032845337,0.017466297,0.019228525,0.025735462,0.024304198
2022-08-17,0.030904071,0.037189186,0.049080838,0.022545531,0.04250384,0.023401886,0.045499165,0.027383493,0.051646534,0.019836776,0.01725367,0.016759463,0.06666667,0.045019176,0.056271747,0.014546737,0.014330258,0.028126186,0.06267176,0.025628818,0.020782724,0.025010776,0.037915032,0.027966445,0.06666667,0.011424236,0.03321879,0.016589751,0.016194724,0.022542937,0.024422118
2022-08-18,0.028770735,0.037551448,0.04849507,0.02599085,0.040797982,0.02605625,0.043844655,0.027608415,0.04504342,0.016890988,0.020003952,0.017949972,0.06666667,0.045581393,0.05498678,0.015620143,0.01961705,0.026743606,0.06363399,0.0228333,0.01943348,0.024812054,0.041473158,0.026498128,0.06450913,0.012747342,0.035173565,0.017609732,0.01879595,0.02042904,0.023831757
2022-08-19,0.026162364,0.03563978,0.051645555,0.024752837,0.043156207,0.029159937,0.04487814,0.028831618,0.04296316,0.0141497655,0.018785639,0.017396426,0.06666667,0.045912202,0.061064456,0.016255584,0.02322719,0.0228309,0.06485968,0.024015399,0.019190682,0.02482966,0.03945965,0.026390214,0.06447714,0.012519344,0.03459943,0.015125081,0.020305445,0.016826443,0.023923403
2022-08-22,0.021588942,0.03514251,0.042381205,0.037988104,0.03401066,0.031115146,0.04049278,0.026752736,0.039101593,0.011140398,0.029695982,0.0242039,0.053348437,0.048689757,0.048554156,0.020132255,0.030001976,0.028121429,0.056670733,0.02222668,0.018871946,0.02650754,0.054189593,0.026678003,0.05602821,0.0168434,0.037532486,0.015622081,0.02348368,0.021477882,0.0214058
2022-08-23,0.01980939,0.038459152,0.035625,0.039957516,0.027003948,0.027719568,0.03260515,0.027311869,0.034258813,0.010020207,0.040244445,0.039926708,0.04351164,0.04658339,0.04329685,0.023658093,0.039059617,0.032660034,0.053668946,0.018354623,0.017125811,0.02508707,0.064278975,0.02523434,0.038463052,0.022387633,0.03849758,0.016443223,0.029529717,0.029535607,0.019682033
2022-08-24,0.017146332,0.03453903,0.035278153,0.032280225,0.029112102,0.03630894,0.02976274,0.026434716,0.039602034,0.0110486625,0.031544507,0.04179492,0.06666667,0.04825189,0.03941672,0.028672144,0.04218265,0.03230019,0.0531325,0.025768157,0.022457516,0.028692089,0.046495356,0.028642287,0.032854483,0.020783374,0.0297361,0.01398967,0.030608872,0.023431694,0.02106529
2022-08-25,0.019909883,0.037657555,0.03710453,0.025961362,0.027442917,0.03579106,0.028215017,0.028232874,0.04186161,0.012003461,0.026491279,0.043643106,0.06666667,0.052905474,0.039477218,0.031962417,0.044542108,0.02986025,0.059526145,0.030838786,0.023568945,0.028197272,0.03833283,0.03117128,0.02933154,0.018472552,0.025526408,0.012448901,0.029504308,0.021310583,0.02204166
2022-08-26,0.024022669,0.04207405,0.037605546,0.019388903,0.030578455,0.03220028,0.028747445,0.025761712,0.051754065,0.013237394,0.02064261,0.043559402,0.06666667,0.05315754,0.03493091,0.024958426,0.039865263,0.032326058,0.061390366,0.03431397,0.025270544,0.035104223,0.03334157,0.035136506,0.029167183,0.014166396,0.02367717,0.014772707,0.02705675,0.022087522,0.023037698
2022-08-29,0.01635302,0.04523897,0.03188616,0.025772905,0.021502994,0.03971617,0.021837672,0.025736911,0.046134222,0.010632417,0.03056562,0.060776524,0.06666667,0.04779359,0.033627816,0.038392987,0.041191902,0.03090225,0.04296008,0.031544875,0.029137745,0.03230783,0.03595291,0.030866379,0.020096863,0.020372009,0.026023641,0.01177863,0.03230234,0.035951305,0.01597659
2022-08-30,0.016353117,0.040214315,0.035839185,0.019445827,0.023990156,0.044719595,0.02069154,0.028099349,0.06271443,0.014699612,0.026627602,0.053525046,0.06666667,0.04723414,0.034335274,0.034973044,0.040505987,0.030969536,0.046167195,0.035110492,0.032563794,0.030540798,0.03040763,0.02894838,0.02032826,0.019242125,0.02330151,0.010751725,0.029897492,0.03330728,0.017828906
2022-08-31,0.018116927,0.03402541,0.04202977,0.017067859,0.023216961,0.03556922,0.01902489,0.03422774,0.056375004,0.015040243,0.02778785,0.059234675,0.06666667,0.043900695,0.0266407,0.043443743,0.028104346,0.036642175,0.053604167,0.03475015,0.037049286,0.031462178,0.030303666,0.03759272,0.018947426,0.020795776,0.020889707,0.009537346,0.027234782,0.034582026,0.016135897
2022-09-01,0.016231284,0.029633762,0.04294425,0.01688145,0.024345012,0.037231613,0.01858175,0.03411953,0.056882445,0.017112646,0.030372458,0.05616087,0.06666667,0.038772043,0.023246001,0.04662454,0.022852818,0.038540497,0.05419393,0.035591874,0.044128824,0.03264758,0.029852562,0.041480973,0.018129526,0.02305283,0.019633727,0.009178902,0.025678616,0.033811167,0.0154198585
2022-09-02,0.018150492,0.018504605,0.041238036,0.017990151,0.024575116,0.038584307,0.018853396,0.03578518,0.05435595,0.020614361,0.03575697,0.059438642,0.043005448,0.03948462,0.017173745,0.043292575,0.023879422,0.0535192,0.054913573,0.031243939,0.044657912,0.034157798,0.030206466,0.050575748,0.019062238,0.023855187,0.019117478,0.011013414,0.029597376,0.031991765,0.015404892
2022-09-06,0.016071485,0.017720118,0.043708846,0.016850704,0.028768811,0.046868246,0.019307997,0.041768778,0.05271768,0.021611216,0.03485075,0.05499563,0.033733893,0.036318462,0.020356463,0.040648896,0.026093058,0.050671153,0.04677493,0.03135922,0.04555174,0.030983858,0.0297826,0.046334162,0.019197058,0.02746416,0.022398135,0.00992946,0.034506895,0.036872003,0.01578359
2022-09-07,0.01467298,0.01895785,0.03606738,0.019204132,0.029137619,0.048617594,0.019286355,0.03504982,0.053194594,0.02305472,0.039510403,0.05655974,0.031109385,0.034077212,0.019802518,0.03507159,0.031163065,0.052459963,0.040454183,0.030526575,0.04256554,0.033194363,0.03367843,0.04098428,0.01837805,0.032005277,0.023708146,0.012448436,0.036485925,0.040689398,0.01788447
2022-09-08,0.01734059,0.018003257,0.04130172,0.014813013,0.03637401,0.038182102,0.022195479,0.0414669,0.056883458,0.027041206,0.030995686,0.044980507,0.035539728,0.039039895,0.022034774,0.02220586,0.026845004,0.054878246,0.058504064,0.03209626,0.03396532,0.029725261,0.037924867,0.042155746,0.022951907,0.026099192,0.023302596,0.011500579,0.030136615,0.039689578,0.02182658
2022-09-09,0.020504052,0.019405048,0.04267598,0.014318236,0.04093538,0.036271755,0.022583872,0.04553048,0.059252664,0.030072914,0.02834507,0.041917946,0.024236672,0.03544759,0.021785999,0.01734178,0.024217255,0.06339212,0.054023374,0.030270226,0.032461837,0.028884536,0.034925126,0.04101737,0.025058696,0.023243628,0.027169399,0.013584395,0.030154984,0.050152767,0.02081886
2022-09-12,0.022280136,0.01579436,0.044009224,0.014828673,0.05176954,0.037909757,0.02659761,0.042927578,0.056418914,0.037204653,0.021989323,0.03462624,0.026506199,0.036028624,0.022512028,0.016734535,0.019124271,0.06666667,0.051841114,0.03149751,0.031611297,0.028024709,0.028783455,0.042198185,0.032761846,0.020520145,0.028628638,0.015803203,0.029322803,0.04231715,0.022761622
2022-09-13,0.024377301,0.016678648,0.045162458,0.016016288,0.06372569,0.039734256,0.032003477,0.038894415,0.051009636,0.03454932,0.019037373,0.03153098,0.023089364,0.035105538,0.026220724,0.0130151985,0.023305193,0.059740063,0.044401146,0.028552573,0.024009872,0.032300837,0.032252226,0.034771267,0.03831579,0.018829701,0.036525536,0.020131217,0.031201316,0.040001307,0.025511285
2022-09-14,0.015660021,0.026037218,0.041006636,0.028938638,0.040961117,0.035573717,0.024242776,0.038814355,0.036935132,0.02183208,0.041796315,0.042790342,0.02199956,0.028437447,0.027042447,0.022508414,0.023783978,0.048230052,0.036139753,0.0222248,0.025108924,0.027159352,0.056336038,0.025594847,0.026136989,0.03767052,0.04559541,0.015636675,0.03127717,0.06585609,0.018673189
2022-09-15,0.020107798,0.019393303,0.035750873,0.027299048,0.04013808,0.03843026,0.024212345,0.037966833,0.0309934,0.022237767,0.04078035,0.053505234,0.019514123,0.031946257,0.025346985,0.027919607,0.03888322,0.05141895,0.03890807,0.02318721,0.024131518,0.030224055,0.04196308,0.028454041,0.026411695,0.039189,0.037673302,0.018904276,0.03772212,0.042545635,0.024841568
2022-09-16,0.024130186,0.023200177,0.04049917,0.022723114,0.03396511,0.021429531,0.021859422,0.04480467,0.02774437,0.019220596,0.044665225,0.06666667,0.01901484,0.029832883,0.022131594,0.033002544,0.029745223,0.056926318,0.051364668,0.017684117,0.019657483,0.028241703,0.047232136,0.032557756,0.021782,0.039359707,0.036869027,0.017732881,0.033169627,0.05262886,0.02015839
2022-09-19,0.025918296,0.024194583,0.038218047,0.025361018,0.026986651,0.017552454,0.019473754,0.044124782,0.023636721,0.01718361,0.05350314,0.06666667,0.014660106,0.030674854,0.019163448,0.03821078,0.03120495,0.056597374,0.052996565,0.015672373,0.02000327,0.02770042,0.053296655,0.032922395,0.020661488,0.04337304,0.03544644,0.021557186,0.032846693,0.051970728,0.018221512
2022-09-20,0.030998243,0.025338566,0.037619796,0.01847013,0.029293897,0.014954915,0.020762717,0.045766987,0.026054917,0.020017918,0.041336954,0.06666667,0.016611198,0.034585755,0.01978793,0.027714374,0.031953506,0.059914764,0.06369124,0.016121259,0.018881572,0.029071596,0.05249999,0.034343097,0.02223793,0.038370356,0.031385574,0.023699265,0.032744937,0.04652441,0.022579541
2022-09-21,0.025002863,0.032384507,0.039069626,0.0195643,0.03196311,0.015711725,0.020481914,0.046019748,0.024700698,0.016713288,0.043299865,0.06666667,0.017785491,0.031190706,0.023779009,0.029141858,0.033703886,0.047063347,0.056459613,0.015292079,0.017522117,0.026030205,0.058387183,0.030776016,0.019177409,0.040532857,0.03912404,0.020820552,0.036818203,0.055139903,0.019677212
2022-09-22,0.017798696,0.02986834,0.03758298,0.023010207,0.028298812,0.017989242,0.020351766,0.0458134,0.022888826,0.018201249,0.045704994,0.06666667,0.022258483,0.029942645,0.02426997,0.03701433,0.028775947,0.047398623,0.05572753,0.016314045,0.021478731,0.023796229,0.06118705,0.034242786,0.017738663,0.045636486,0.036122546,0.018096343,0.03637295,0.051690944,0.017760525
2022-09-23,0.01630336,0.025257112,0.031191805,0.028062385,0.027617795,0.022749916,0.019214243,0.038521793,0.023195555,0.02089876,0.050785396,0.06666667,0.016989691,0.029240146,0.022648813,0.03993908,0.038397644,0.048474625,0.04497936,0.014833458,0.020758705,0.024465559,0.059867717,0.0305523,0.016812451,0.047417957,0.039118715,0.024810633,0.043517224,0.049961954,0.01674918
2022-09-26,0.015262623,0.029507898,0.026777063,0.031446375,0.020922776,0.017532956,0.017803147,0.03576824,0.019243898,0.016662374,0.05934991,0.06666667,0.017307898,0.028281733,0.018662054,0.046118025,0.030748338,0.051868707,0.040135827,0.014755626,0.021464068,0.025632277,0.06666667,0.033601865,0.014815376,0.053188086,0.03691921,0.024217524,0.041474853,0.06230832,0.014889619
2022-09-27,0.013064567,0.021698903,0.028307792,0.03495785,0.020911215,0.019915342,0.017483108,0.03858688,0.016224116,0.01711769,0.060457435,0.06666667,0.01622864,0.027248843,0.017320383,0.060985222,0.029696995,0.05370319,0.041226547,0.014674466,0.020738933,0.023044983,0.06548003,0.03759188,0.015836064,0.057386402,0.03696847,0.021945443,0.04001819,0.050345767,0.014167985
2022-09-28,0.011860339,0.01779414,0.02575102,0.03227411,0.020582845,0.025155121,0.01840639,0.033682663,0.019285383,0.021213386,0.053902153,0.06666667,0.014234057,0.026850477,0.017323153,0.054558754,0.033118892,0.060055967,0.029798038,0.015133341,0.02273903,0.02696057,0.057973772,0.03808715,0.015990365,0.057027664,0.037382893,0.02695399,0.050408974,0.05396789,0.014860808
2022-09-29,0.012717015,0.018009927,0.030102417,0.02637115,0.026485603,0.029452475,0.020762343,0.039797112,0.028881328,0.031304568,0.03741734,0.06666667,0.021256413,0.029894076,0.022091692,0.04027974,0.028878119,0.06666667,0.035641335,0.01851347,0.023576867,0.021341342,0.044288304,0.038974702,0.021006968,0.04125046,0.036889903,0.024309069,0.041260924,0.058481198,0.017430812
2022-09-30,0.010370015,0.019117445,0.032045033,0.032901052,0.024098238,0.031495325,0.019701915,0.0427553,0.026782159,0.0241899,0.0425328,0.06666667,0.022503253,0.028281491,0.02290954,0.046825156,0.023263795,0.06484168,0.03307056,0.019144053,0.025059301,0.018800199,0.046784956,0.03659854,0.02116121,0.045144595,0.03875549,0.016574264,0.037004106,0.066442996,0.014178964
2022-10-03,0.009862551,0.02812723,0.032117143,0.037688848,0.019391246,0.03306561,0.018488891,0.039911505,0.028334634,0.019092994,0.04791291,0.06666667,0.02644061,0.02658798,0.027302116,0.04972134,0.023585923,0.053852133,0.027301027,0.019077836,0.029010192,0.019181946,0.048449963,0.03208611,0.020137565,0.047029674,0.041141715,0.015548052,0.033545874,0.06666667,0.0126730455
2022-10-04,0.0127044,0.03806469,0.036276966,0.030265076,0.022979796,0.03808193,0.020878876,0.037628528,0.049212344,0.02530365,0.036951233,0.050608024,0.03358294,0.03002685,0.03984239,0.026747417,0.03266779,0.044512156,0.026827162,0.019894378,0.025134295,0.018433822,0.04799013,0.021755321,0.02472483,0.033161376,0.044507574,0.01823166,0.02983332,0.06666667,0.016504414
2022-10-05,0.0160923,0.044636782,0.045787368,0.02562636,0.030162962,0.035224292,0.02509213,0.0405249,0.06215249,0.024627151,0.024222152,0.038615413,0.03567159,0.030896537,0.052612074,0.016657064,0.026825609,0.041056123,0.027630009,0.020565879,0.021740075,0.01821504,0.043778528,0.02030717,0.03350208,0.02174845,0.04988112,0.016777467,0.026487818,0.06666667,0.016216401
2022-10-06,0.011768439,0.03614062,0.045092355,0.033124585,0.0295149,0.04155203,0.0259134,0.038628157,0.053600244,0.018629923,0.028411968,0.03592213,0.028902704,0.03199219,0.054717872,0.02083024,0.029646587,0.03445953,0.023877187,0.019637953,0.019742204,0.017594183,0.048965473,0.01909774,0.03894853,0.027090471,0.058305755,0.015554784,0.031312007,0.06666667,0.014359173
2022-10-07,0.009207397,0.03543593,0.045211617,0.033827446,0.02836362,0.053574417,0.026004678,0.038668085,0.04976438,0.016271196,0.028691236,0.030205712,0.03137192,0.030754337,0.06666667,0.02321421,0.034501433,0.025132587,0.020375792,0.019607225,0.019875037,0.015300226,0.04534483,0.01641921,0.03986061,0.029501544,0.062122665,0.012863493,0.03134647,0.06666667,0.013849369
2022-10-10,0.0076454314,0.031547707,0.039000034,0.041265335,0.023266328,0.065087326,0.022343395,0.037256062,0.0431284,0.014729809,0.038512822,0.029211706,0.027677549,0.030616827,0.06490879,0.030115418,0.039439727,0.0227169,0.01809349,0.018477846,0.022905616,0.014790064,0.048168875,0.014719174,0.035665363,0.038176235,0.05899662,0.01150996,0.030884687,0.06666667,0.012475843
2022-10-11,0.00910072,0.022000922,0.038771547,0.048080973,0.018916328,0.06666667,0.022619803,0.03938214,0.035098385,0.013622505,0.04214823,0.03397955,0.019296052,0.03456049,0.053811666,0.041031312,0.05107993,0.025602827,0.017124541,0.017170375,0.023249852,0.016908588,0.049063113,0.016840184,0.037307926,0.04331808,0.053154267,0.012587253,0.03500521,0.04941541,0.01308515
2022-10-12,0.008603981,0.013848229,0.037726104,0.055727884,0.019457957,0.06666667,0.022842959,0.042127557,0.03018433,0.01477442,0.042316917,0.033773027,0.014888496,0.037622962,0.038049508,0.051938828,0.053509984,0.0320148,0.019484365,0.01800024,0.024130467,0.0176762,0.050530303,0.021536099,0.03999697,0.04846836,0.046774358,0.013744815,0.037475187,0.032835748,0.013272269
2022-10-13,0.0090650655,0.01282226,0.041647166,0.050957195,0.022041185,0.06476483,0.023636699,0.047770172,0.028434148,0.01407216,0.040791664,0.03190605,0.015312109,0.038065806,0.033953924,0.055187643,0.04599599,0.03441671,0.023196096,0.020118829,0.025948765,0.01862372,0.050928913,0.025427384,0.041563775,0.049444333,0.043340784,0.012128284,0.034247592,0.029860672,0.014330082
2022-10-14,0.011632327,0.011073386,0.047760054,0.044008154,0.0271805,0.061952617,0.031001227,0.047696933,0.03400543,0.015315884,0.03447685,0.027579093,0.014422943,0.044906594,0.035410807,0.035893902,0.044847935,0.036294177,0.023717102,0.020202788,0.025339257,0.022917174,0.052013747,0.025819987,0.05200142,0.03818779,0.041987337,0.012070959,0.036130235,0.026219254,0.017934136
2022-10-17,0.012043967,0.013794044,0.044047955,0.050675318,0.02387634,0.040812097,0.029323542,0.04555825,0.028051864,0.012412658,0.05000484,0.034801014,0.011867701,0.039837398,0.030336827,0.03756894,0.035658523,0.038470812,0.022331323,0.016351007,0.022855688,0.023672372,0.06666667,0.023591906,0.043511823,0.052996043,0.046746634,0.012036336,0.03600931,0.03698637,0.017102432
2022-10-18,0.018450305,0.0126361605,0.05070532,0.03819527,0.02994539,0.031227991,0.03648336,0.046778727,0.031379882,0.014384792,0.038582142,0.031895097,0.009378447,0.041293096,0.03246208,0.024564868,0.03357992,0.04192399,0.023347195,0.016047452,0.019829456,0.02782172,0.06666667,0.024981907,0.056476686,0.043111864,0.047875945,0.015700325,0.03594252,0.034980696,0.023350734
2022-10-19,0.020343846,0.014318911,0.056159846,0.041191135,0.03410428,0.03036963,0.04084384,0.049472235,0.02755668,0.013564803,0.036582854,0.02651732,0.0075106104,0.036247186,0.03704199,0.017977938,0.033257134,0.040654343,0.023888467,0.014952048,0.016742544,0.024530947,0.06666667,0.023740161,0.06385208,0.037236527,0.056766227,0.015827877,0.031121578,0.037450645,0.02350965
2022-10-20,0.015815997,0.01601435,0.054428168,0.052905627,0.03636128,0.028165244,0.043613277,0.046653688,0.023765793,0.012228263,0.041371677,0.02551217,0.010365886,0.03287817,0.04142516,0.021110017,0.030360613,0.033914093,0.024005286,0.014681385,0.015393264,0.02263448,0.06666667,0.021557262,0.06130978,0.04581286,0.05990297,0.013453103,0.029548377,0.03409158,0.024053507
2022-10-21,0.015734848,0.013826901,0.054059684,0.06180635,0.03550628,0.02429784,0.04392926,0.041149985,0.020712083,0.012736602,0.050007585,0.028304948,0.008426744,0.02684422,0.03409879,0.028755145,0.02654576,0.034230758,0.022577021,0.014040402,0.016670465,0.02546521,0.06666667,0.023073226,0.056602806,0.057129208,0.056620125,0.016362103,0.030569756,0.029006561,0.024242667
2022-10-24,0.01867511,0.010283728,0.06666667,0.03820813,0.061633863,0.026428146,0.04645525,0.0525771,0.025820635,0.017719937,0.026606439,0.025851488,0.008607919,0.028027594,0.029710362,0.018867394,0.019760367,0.04664408,0.030272601,0.01808097,0.015830822,0.02659224,0.058189627,0.036204822,0.06580408,0.030166982,0.055725023,0.015273559,0.028902229,0.027898772,0.022514062
2022-10-25,0.017680196,0.011237652,0.06284222,0.04825154,0.060936116,0.025510037,0.048698254,0.049766306,0.019726682,0.014792969,0.028024567,0.026672153,0.008179328,0.026309645,0.030277701,0.01962216,0.020809354,0.047699794,0.030850809,0.01725957,0.012218271,0.022803647,0.058253832,0.036177058,0.06576492,0.028644582,0.065489165,0.016381897,0.027747955,0.029616075,0.021755533
2022-10-26,0.017209608,0.012649684,0.05252538,0.05008128,0.06390875,0.0274483,0.053654503,0.04220795,0.020274391,0.016955895,0.023808757,0.022310559,0.011899795,0.028843917,0.034435123,0.016551057,0.01882449,0.046837628,0.031570442,0.019425327,0.01373129,0.025188467,0.05726241,0.035871435,0.06666667,0.024894757,0.06432501,0.020726414,0.026961347,0.029821428,0.02312794
2022-10-27,0.017167913,0.0112897325,0.047895983,0.050072383,0.057303455,0.02990944,0.04907444,0.047120057,0.024210375,0.021549761,0.021649582,0.020034034,0.013238615,0.0329174,0.028825575,0.016239649,0.012569649,0.06415175,0.029818408,0.02215305,0.019803552,0.025814112,0.051696904,0.039110847,0.06666667,0.022164177,0.05497025,0.018096903,0.026856776,0.036750942,0.020877626
2022-10-28,0.015950292,0.015763579,0.052947916,0.050510183,0.05162143,0.028939325,0.046103235,0.050840378,0.030490616,0.020360645,0.020882264,0.016264604,0.023986325,0.036680255,0.03082133,0.015445376,0.011287545,0.058467064,0.03490024,0.02565991,0.0215038,0.02283889,0.055805333,0.033832077,0.06666667,0.019905465,0.049229052,0.013263683,0.018723644,0.039548922,0.020759959
2022-10-31,0.016732536,0.016264163,0.03621434,0.05034717,0.041331366,0.030021496,0.05342381,0.033833306,0.03725223,0.025919763,0.02146318,0.014774851,0.036702592,0.04908935,0.031021394,0.012904429,0.014655159,0.05484687,0.030743685,0.025586333,0.022370335,0.027925864,0.061405238,0.026580326,0.06666667,0.019091692,0.041844856,0.020186387,0.020651968,0.03129997,0.02884867
2022-11-01,0.015477118,0.01771699,0.036338758,0.055323496,0.036248334,0.033426605,0.0539918,0.033950258,0.03579383,0.022128904,0.023527317,0.01460542,0.040578764,0.04999989,0.03481761,0.0139264455,0.014536598,0.045989875,0.028332938,0.024909506,0.024574501,0.029179784,0.06293644,0.024060028,0.06666667,0.019733386,0.042372376,0.016566511,0.022283087,0.033147316,0.026859444
2022-11-02,0.01639486,0.01787262,0.030153263,0.052564736,0.02975754,0.035423204,0.04946469,0.031447627,0.03976646,0.02651055,0.023787407,0.014381881,0.04564156,0.054533694,0.02945736,0.01454907,0.013157634,0.055717494,0.026455058,0.028102374,0.03303401,0.03113283,0.053541034,0.02537559,0.06402576,0.019872656,0.03457656,0.018413201,0.022522768,0.034449235,0.027917273
2022-11-03,0.018111527,0.025324587,0.028430302,0.058532543,0.024610624,0.028908305,0.046437826,0.030001123,0.036856636,0.02517746,0.030671222,0.017133046,0.043277256,0.04705971,0.031439275,0.015666198,0.015741058,0.053371217,0.024519725,0.022416325,0.03093994,0.029794728,0.06666667,0.01977966,0.050887506,0.02699772,0.03537205,0.020620788,0.022968128,0.04236182,0.029925032
2022-11-04,0.019777909,0.030268561,0.030154472,0.048157208,0.026393877,0.027603142,0.040199507,0.032334216,0.0483659,0.02837919,0.02792229,0.01734513,0.04677434,0.043774914,0.02837891,0.013773077,0.016010802,0.056727547,0.026836094,0.025508925,0.03327717,0.030438669,0.062801294,0.02021786,0.043572236,0.025446437,0.031517394,0.019615654,0.020345965,0.047276225,0.03080509
2022-11-07,0.022465518,0.020483255,0.032313995,0.038021296,0.028573152,0.030852407,0.03903725,0.03699688,0.054434974,0.037489716,0.021125177,0.013768803,0.045079943,0.048522174,0.02700695,0.0148097025,0.01441747,0.06666667,0.03352904,0.030207412,0.04005167,0.02921364,0.04339438,0.027291946,0.055757124,0.021508953,0.024408003,0.019362586,0.018876936,0.032276712,0.032056272
2022-11-08,0.022214176,0.021830596,0.037851088,0.036488775,0.029851269,0.034818314,0.040662836,0.042904954,0.055274606,0.033310927,0.01959255,0.012971641,0.045562956,0.049309324,0.033897355,0.014613293,0.013295163,0.060119346,0.03484418,0.030337835,0.04068949,0.024953982,0.036879383,0.028687414,0.058764204,0.017050253,0.027293345,0.015074893,0.01948676,0.034344405,0.02702468
2022-11-09,0.02400459,0.025475299,0.03682957,0.037425485,0.031487245,0.035275865,0.039793838,0.04177524,0.056390382,0.03571098,0.019623457,0.013401482,0.040976822,0.045525048,0.036386915,0.013190328,0.014521537,0.060678735,0.03348295,0.029126838,0.03782971,0.02345073,0.034972116,0.027214557,0.05656239,0.016018586,0.029873027,0.017361416,0.020149454,0.038619604,0.026865814
2022-11-10,0.018942336,0.03268438,0.034067538,0.04832197,0.024985569,0.036217883,0.029864434,0.04359716,0.04884126,0.026315585,0.030231262,0.015321841,0.021889092,0.041644517,0.0359005,0.013006771,0.019253535,0.058161322,0.02798769,0.021501055,0.03705333,0.022401707,0.059729487,0.021667384,0.046521436,0.024370885,0.035597626,0.018413713,0.02205723,0.06373993,0.019711567
2022-11-11,0.027778096,0.030675625,0.031144377,0.02806193,0.034054574,0.037970327,0.038999885,0.0351396,0.0547017,0.036596,0.014935215,0.011942566,0.024492078,0.043968618,0.049622905,0.0065834774,0.02131764,0.053987674,0.027813213,0.023755591,0.033679873,0.029509293,0.042469125,0.021349581,0.060147792,0.0140360985,0.032563325,0.02932861,0.023574093,0.049881086,0.029920023
2022-11-14,0.017637461,0.021352788,0.028581457,0.030445034,0.038195968,0.056869444,0.042766664,0.033126425,0.046821732,0.038840868,0.013697524,0.009483857,0.036558427,0.044617485,0.056756724,0.009340233,0.015031769,0.050849266,0.026729666,0.029667564,0.043464612,0.026596386,0.03010483,0.02573823,0.06666667,0.014412571,0.032386336,0.022326691,0.025210325,0.039239842,0.026483156
2022-11-15,0.012754601,0.014691713,0.024660328,0.045164034,0.034116417,0.06666667,0.04024628,0.02856374,0.03921671,0.03309176,0.018186381,0.011959823,0.026659101,0.04216906,0.04569579,0.015327315,0.014733847,0.060185555,0.018110393,0.02916937,0.05110083,0.029562797,0.027856622,0.031074654,0.06666667,0.017222699,0.036622085,0.02369279,0.03180766,0.043323163,0.019701147
2022-11-16,0.013374328,0.011319377,0.028055944,0.035732817,0.04059536,0.06666667,0.04551123,0.03242858,0.036250778,0.038537882,0.0137130665,0.01199626,0.024767341,0.042472925,0.047570385,0.013309217,0.015858006,0.060313072,0.021432117,0.029921556,0.04559939,0.03048484,0.026600549,0.03620984,0.06666667,0.015342035,0.035417743,0.023527293,0.034938,0.03418127,0.021205459
2022-11-17,0.012702708,0.016428415,0.029013358,0.0375381,0.04682624,0.06666667,0.040784035,0.035175554,0.039171983,0.037698854,0.015693752,0.011405963,0.024970677,0.03860087,0.053898018,0.011175713,0.017013913,0.05213268,0.024980526,0.027742878,0.038811643,0.024424758,0.030872839,0.029262736,0.061708897,0.014650018,0.043154113,0.022004329,0.03102294,0.045315318,0.019151509
2022-11-18,0.012416376,0.012156901,0.027079998,0.04609004,0.0428687,0.06666667,0.04010127,0.032387223,0.03367947,0.038298737,0.019855099,0.013868858,0.015985478,0.038144235,0.04018441,0.013744581,0.019009337,0.066399194,0.025366189,0.024361085,0.038952418,0.026587814,0.03327693,0.03312674,0.059734806,0.01673963,0.04193557,0.027996551,0.03574668,0.03942732,0.017811693
2022-11-21,0.016135896,0.014180057,0.027596971,0.04255356,0.044137385,0.0609655,0.03971786,0.033790115,0.033383437,0.040033158,0.019700069,0.015787728,0.013517591,0.038330883,0.03703918,0.011283083,0.020807978,0.06666667,0.03087788,0.021762144,0.031522486,0.026138492,0.03811007,0.03253826,0.056709,0.015420831,0.042895507,0.033734977,0.03484657,0.040886685,0.018929977
2022-11-22,0.0153873665,0.014630641,0.029337686,0.048081335,0.04328257,0.05543383,0.039359834,0.036043167,0.03389193,0.04160599,0.021553857,0.013643723,0.01952387,0.04046667,0.036693905,0.011774388,0.015316403,0.06666667,0.038413458,0.02403842,0.033992212,0.022012334,0.040353592,0.033174608,0.061096095,0.014935756,0.038943194,0.024971774,0.02657913,0.04022167,0.018573932
2022-11-23,0.017678784,0.014899902,0.029248346,0.038572457,0.045711346,0.053360347,0.038464744,0.034482945,0.04059099,0.047006145,0.017576512,0.013945149,0.017200805,0.04142244,0.03495355,0.009948084,0.016464042,0.06666667,0.036634497,0.024513735,0.033591587,0.02372695,0.03599683,0.033527568,0.06316716,0.012931809,0.038353935,0.032085948,0.027993442,0.040164556,0.019118732
2022-11-25,0.018948508,0.01871875,0.03153888,0.033969954,0.05128837,0.043020308,0.039458103,0.033372868,0.04141686,0.043633945,0.015060471,0.014791715,0.023764381,0.03946045,0.03619824,0.009084723,0.013731243,0.06666667,0.042458203,0.026468754,0.030107144,0.02473726,0.036101364,0.034982443,0.06210141,0.011005001,0.03969641,0.031730223,0.024545299,0.04309158,0.01885048
2022-11-28,0.019443685,0.020969957,0.03239778,0.0330674,0.05041057,0.0404117,0.036557626,0.034229256,0.047902573,0.04895049,0.015370123,0.013729518,0.024730867,0.037862297,0.036165863,0.008553725,0.012254531,0.06666667,0.044242885,0.026272804,0.031293202,0.02143292,0.034854766,0.032887917,0.060770538,0.010606504,0.039293386,0.030791128,0.021558437,0.048521508,0.01779938
2022-11-29,0.015755286,0.017236639,0.03160379,0.038187407,0.051849626,0.03566093,0.031407215,0.03783265,0.042913143,0.05027297,0.017837394,0.015959024,0.020928215,0.035838287,0.027253307,0.011064197,0.010817164,0.06666667,0.053846523,0.025494752,0.030955244,0.019161232,0.0416212,0.04169093,0.058518566,0.013021792,0.03935486,0.032354485,0.020589544,0.050249703,0.014057252
2022-11-30,0.015801422,0.01438096,0.032338787,0.03376394,0.051284086,0.03939427,0.030892298,0.03497303,0.05490703,0.0642147,0.016749881,0.015143542,0.019657407,0.034398876,0.026067331,0.009379966,0.011514446,0.06666667,0.051386148,0.024754375,0.03500429,0.02049077,0.039735176,0.03965226,0.05841682,0.012683528,0.033535365,0.033834573,0.019919738,0.044386514,0.014671812
2022-12-01,0.020357545,0.015881168,0.03210358,0.02560561,0.056584798,0.028983166,0.03655482,0.02991914,0.05708969,0.06003523,0.014363801,0.016155586,0.024029635,0.03590013,0.027323794,0.008053128,0.011663245,0.06666667,0.055806138,0.024701089,0.029454712,0.023843816,0.03745501,0.04089694,0.061573487,0.011046583,0.03144872,0.040359654,0.020003779,0.037114784,0.019024558
2022-12-02,0.014276116,0.012737923,0.02749227,0.030286059,0.057415497,0.035093945,0.03455712,0.028131744,0.05395533,0.063091405,0.014911173,0.015433434,0.023469096,0.034973808,0.021550199,0.009452313,0.009469969,0.06666667,0.05074572,0.028755244,0.037754126,0.025139729,0.037027285,0.051756416,0.05949991,0.011976402,0.030101087,0.040280573,0.020991165,0.038000837,0.01500744
2022-12-05,0.012451295,0.012129486,0.02656996,0.03270412,0.06036551,0.03677688,0.032977585,0.028966434,0.050211903,0.0645396,0.016243909,0.015672589,0.02539345,0.033986803,0.019758625,0.0101595335,0.008944387,0.06666667,0.054734413,0.030610787,0.03765085,0.022700617,0.037482053,0.05471518,0.055736285,0.012282633,0.0302109,0.036052633,0.01998476,0.039262667,0.014057491
2022-12-06,0.00908135,0.0139955105,0.023750858,0.039510876,0.060267188,0.03507859,0.028003452,0.026810814,0.046379723,0.052122038,0.023410419,0.023230188,0.025564052,0.030821,0.017322825,0.01248207,0.01032432,0.06666667,0.053979747,0.028335448,0.032545555,0.022861836,0.049419463,0.05223433,0.041623086,0.015949827,0.034574244,0.03473105,0.022625213,0.05454419,0.011754069
2022-12-07,0.008909216,0.019386629,0.023545966,0.036556162,0.05564274,0.030001253,0.022863656,0.02677271,0.04939173,0.045664158,0.030163888,0.025389891,0.031182399,0.030823117,0.017744517,0.012974537,0.010456795,0.06666667,0.06294357,0.0277479,0.031873945,0.020649,0.05965055,0.04179716,0.033643726,0.017972661,0.033880565,0.029618818,0.021085275,0.06348599,0.011514805
2022-12-08,0.009962857,0.017634775,0.023055179,0.03394583,0.04806872,0.029481288,0.01990692,0.026318846,0.05572848,0.050549574,0.031595718,0.029450493,0.032323122,0.033176553,0.015698668,0.015676564,0.010519298,0.06666667,0.06666667,0.028109428,0.03379584,0.020071732,0.050877456,0.044464927,0.033060003,0.017547002,0.030026149,0.031866826,0.020954352,0.061657004,0.011143056
2022-12-09,0.012423901,0.014747112,0.027301515,0.023571817,0.053040028,0.028274767,0.019687653,0.028120622,0.064967126,0.05715534,0.024553362,0.03197858,0.029828286,0.033577,0.01363775,0.01563548,0.009947714,0.06666667,0.06666667,0.031756364,0.035488177,0.023025623,0.039535716,0.055630755,0.034031972,0.014777504,0.026144817,0.03223817,0.022388445,0.051850893,0.0113501875
2022-12-12,0.013502779,0.01923822,0.0243388,0.02450686,0.03907718,0.028030658,0.016849454,0.024767783,0.060483426,0.051255655,0.029561294,0.038147807,0.0364981,0.031449966,0.012017686,0.024110086,0.009307704,0.06666667,0.059455253,0.034615155,0.046580743,0.025381332,0.032112516,0.062278517,0.028206019,0.016696233,0.023438519,0.033570226,0.0218007,0.055375684,0.01067897
2022-12-13,0.014880792,0.01860051,0.026191695,0.021749532,0.04280513,0.031780038,0.017965944,0.025862064,0.06666667,0.06275327,0.025460783,0.029295512,0.037545282,0.03198454,0.012928202,0.019753067,0.009777744,0.06666667,0.05619412,0.03821782,0.04741207,0.024460029,0.02785575,0.058084857,0.03341637,0.015236841,0.022346416,0.03251601,0.01922349,0.049503446,0.012865342
2022-12-14,0.0130625395,0.017307606,0.023034941,0.024360504,0.041988354,0.04920933,0.019932166,0.021827517,0.06666667,0.055762287,0.02234246,0.02579896,0.036203172,0.031192876,0.01576002,0.01861084,0.011283521,0.06666667,0.035767913,0.04119944,0.05365883,0.03018283,0.023550257,0.05255738,0.03738032,0.01423142,0.025405802,0.03553235,0.021792548,0.05496171,0.012768774
2022-12-15,0.009842878,0.012532535,0.021102225,0.031963103,0.041482996,0.06505345,0.01895599,0.021015521,0.06666667,0.053000882,0.025552748,0.022484343,0.029678797,0.031167997,0.01445772,0.023784863,0.011549954,0.06666667,0.029907716,0.043449394,0.06029999,0.027508186,0.02081069,0.053827323,0.041100528,0.015826378,0.02565287,0.03239655,0.024839781,0.046251357,0.011169896
2022-12-16,0.008653445,0.015679078,0.018326377,0.0411759,0.029620307,0.06328829,0.017167525,0.019673262,0.062329367,0.045237426,0.037007432,0.028316401,0.031821724,0.030370276,0.015420325,0.028941853,0.01436812,0.06666667,0.026338115,0.03756445,0.058995865,0.025748735,0.026395632,0.04373761,0.03367359,0.021569468,0.026011666,0.03071007,0.025852371,0.057878114,0.011460548
2022-12-19,0.009680181,0.02030553,0.021732686,0.032900617,0.027657963,0.061723605,0.014566041,0.020513806,0.06666667,0.040438633,0.035347246,0.030268792,0.045868687,0.030836545,0.017536523,0.033924792,0.015678762,0.06666667,0.030976465,0.037905965,0.06269168,0.026082693,0.025259726,0.038724557,0.029374091,0.020196233,0.02383604,0.026783114,0.022559734,0.051869243,0.0114267105
2022-12-20,0.010941074,0.020889465,0.023394985,0.031293828,0.022762742,0.06367136,0.013401261,0.020922527,0.06666667,0.036998667,0.0402956,0.032790057,0.038030688,0.03347153,0.016663546,0.036909215,0.02023088,0.06544159,0.03180587,0.03540806,0.06666667,0.02924101,0.027013782,0.037104532,0.026983678,0.020792985,0.022211649,0.027501142,0.02370117,0.045803744,0.010990023
2022-12-21,0.012890212,0.020228958,0.026839297,0.028268216,0.025172763,0.06666667,0.012691461,0.022939837,0.06666667,0.03816989,0.038231295,0.031235565,0.038771264,0.034927774,0.0151908845,0.04138342,0.02201734,0.058425575,0.03539684,0.040309913,0.06666667,0.030343704,0.023403691,0.038513046,0.026638035,0.019732121,0.021327512,0.02604169,0.022318706,0.03729444,0.011296557
2022-12-22,0.01381534,0.012274875,0.028036822,0.022692727,0.032680873,0.06304442,0.014989566,0.025759256,0.06666667,0.051203884,0.022757117,0.024420265,0.03806543,0.045917816,0.015461337,0.028908772,0.020903261,0.06666667,0.04295933,0.0394273,0.05363296,0.030983943,0.025793694,0.04024169,0.04066682,0.017303618,0.02065374,0.02910616,0.021445263,0.029639872,0.013880517
2022-12-23,0.014715199,0.012862997,0.026301367,0.024184333,0.030068832,0.054606076,0.014801893,0.027300682,0.06666667,0.050601505,0.026763806,0.027045405,0.034612846,0.049697973,0.016413243,0.029103037,0.02130757,0.06666667,0.04348611,0.032344524,0.048905704,0.029169317,0.03371499,0.035450183,0.037685234,0.02107997,0.022452764,0.028614253,0.024226684,0.03527847,0.013871704
2022-12-27,0.016469797,0.013946875,0.026966615,0.02205562,0.033792898,0.059094444,0.016238226,0.026925744,0.06666667,0.050635256,0.023900788,0.023746876,0.03548249,0.052091617,0.020228941,0.022823414,0.029230496,0.0653758,0.041013338,0.034018,0.043488853,0.027751988,0.031979427,0.028962646,0.04021283,0.019963514,0.023357568,0.028657338,0.025371602,0.032048468,0.017501881
2022-12-28,0.01598259,0.01541166,0.027166922,0.02636622,0.033239104,0.06666667,0.016455112,0.029123362,0.06666667,0.04631977,0.027032964,0.019036442,0.03302666,0.05596328,0.027124101,0.021055045,0.038403366,0.05247498,0.040358115,0.029869491,0.036927037,0.021557976,0.03646054,0.020329507,0.04522231,0.022043204,0.027786886,0.026201133,0.025135372,0.03179942,0.018794088
2022-12-29,0.017247954,0.018373383,0.029433593,0.024780096,0.02767386,0.05711605,0.016231196,0.030625219,0.06666667,0.036614068,0.03220291,0.024789762,0.02968073,0.0541749,0.026661282,0.024796376,0.040133823,0.051081184,0.038050782,0.028349882,0.037067976,0.02402164,0.04001816,0.021219991,0.04006361,0.026423907,0.02813217,0.024191275,0.027070673,0.03841487,0.018692022
2022-12-30,0.021834062,0.016669916,0.027532104,0.023040041,0.028381824,0.061341513,0.01864631,0.02525399,0.06666667,0.039943393,0.026844975,0.022307334,0.032331727,0.054793272,0.02597905,0.024340328,0.03944887,0.048126172,0.03387569,0.033255532,0.043269273,0.029323315,0.030091496,0.023323135,0.044770807,0.022867007,0.025031189,0.03060344,0.028481135,0.028993927,0.022632506
2023-01-03,0.01920676,0.014801,0.031261306,0.024542866,0.030326257,0.06666667,0.01950419,0.025259176,0.06666667,0.03829704,0.028476585,0.022490991,0.027723067,0.0502802,0.02958171,0.027218875,0.042721275,0.043359526,0.028357984,0.03172644,0.04102414,0.027399002,0.028557932,0.021107005,0.047815014,0.024741651,0.030256864,0.02907306,0.030962741,0.030001327,0.02059269
2023-01-04,0.026826026,0.010634542,0.0348742,0.025977213,0.02749674,0.057819862,0.020752624,0.028293293,0.06666667,0.047034454,0.029450856,0.021224871,0.017627027,0.0463265,0.022540944,0.029797632,0.027143974,0.055912834,0.02843421,0.029345384,0.04657753,0.028363861,0.027618052,0.025776314,0.055010594,0.026930898,0.026940884,0.031238753,0.027568718,0.028048126,0.02174641
2023-01-05,0.033133157,0.0099858865,0.03247476,0.027516795,0.022952352,0.052308924,0.023391128,0.027503137,0.06357287,0.045875397,0.029170884,0.019306906,0.014167456,0.04646549,0.02314787,0.027767468,0.023117844,0.051924214,0.022992015,0.028897688,0.05312815,0.03411812,0.02847543,0.023648448,0.062921934,0.02820964,0.026451007,0.03597228,0.027983744,0.027921945,0.025497062
2023-01-06,0.026765304,0.0064467476,0.032894928,0.032403406,0.020415563,0.06650985,0.024136953,0.02691833,0.058631916,0.047177754,0.033149637,0.018706791,0.01089987,0.04363681,0.024339736,0.040129203,0.02680824,0.045754146,0.018156921,0.025682278,0.054864448,0.032102194,0.025724433,0.020565012,0.06666667,0.035519253,0.025764763,0.03155847,0.03361403,0.019814085,0.024242263
2023-01-09,0.03846946,0.005703284,0.036803607,0.029534921,0.026915811,0.05460759,0.028740808,0.029464373,0.050570063,0.051757548,0.025205506,0.015852598,0.010386836,0.047591377,0.019676227,0.02935975,0.022017514,0.052805208,0.02322614,0.029936431,0.05343469,0.040537134,0.027414475,0.025513444,0.06666667,0.027518189,0.022832915,0.034652017,0.029600093,0.014878067,0.028327258
2023-01-10,0.032755896,0.010677122,0.035122342,0.02852471,0.02704416,0.037155487,0.032583743,0.027223723,0.05386486,0.051908284,0.022671973,0.014697898,0.0237464,0.04193308,0.024028292,0.028545326,0.013423037,0.04837271,0.023990743,0.034228306,0.061210807,0.03974598,0.033564895,0.02718365,0.06666667,0.031124245,0.021629516,0.030994618,0.024987714,0.019031586,0.03136223
2023-01-11,0.026961269,0.011368234,0.037234157,0.031730227,0.02865837,0.049930222,0.031158488,0.027575584,0.060122967,0.05825784,0.023457682,0.01174986,0.025665978,0.037417803,0.03125509,0.029536588,0.0144429775,0.040983595,0.022746913,0.033905827,0.062163025,0.031690445,0.0295297,0.022885239,0.06666667,0.02964176,0.024407597,0.029041892,0.02172913,0.01973109,0.028353779
2023-01-12,0.025812991,0.010582311,0.043990873,0.024067014,0.03625157,0.05891043,0.035474032,0.02972481,0.06666667,0.059224356,0.017400837,0.010766201,0.022919519,0.03463797,0.038242947,0.022051921,0.014810443,0.036490604,0.023936594,0.03425089,0.057536077,0.033005897,0.025821676,0.025635999,0.06666667,0.022627981,0.02631129,0.026840882,0.024346996,0.018912591,0.026080964
2023-01-13,0.020976214,0.011474846,0.039852068,0.027025333,0.037399307,0.06666667,0.03538128,0.025398983,0.06666667,0.06666667,0.01569034,0.009761191,0.027907843,0.030567601,0.045220997,0.021555414,0.012856566,0.032987624,0.017697474,0.036022425,0.06584311,0.031185744,0.02026012,0.023297472,0.06666667,0.019015875,0.029212978,0.027368793,0.025779853,0.022614518,0.020979365
2023-01-17,0.021133885,0.011652806,0.04475906,0.029718112,0.036825467,0.06666667,0.036495395,0.029253554,0.06666667,0.060119405,0.016857555,0.009004841,0.021264128,0.031777523,0.054493647,0.022675697,0.015651265,0.029590907,0.018843155,0.033417955,0.061097104,0.02718294,0.019386455,0.02325418,0.06666667,0.017910711,0.034642234,0.026498245,0.026228331,0.022038413,0.018227028
2023-01-18,0.016446965,0.021501044,0.03430657,0.03761167,0.040760197,0.06666667,0.03436094,0.022751277,0.0575565,0.03711132,0.020087421,0.008469436,0.03021221,0.029761985,0.05927076,0.022757154,0.018076105,0.018594258,0.015830012,0.044138037,0.06666667,0.0307867,0.021994127,0.018901277,0.06666667,0.020400548,0.039105475,0.025942482,0.030677006,0.023465969,0.019122558
2023-01-19,0.013561915,0.022288598,0.028397243,0.04125456,0.034604114,0.06666667,0.031423017,0.018682305,0.04953998,0.033758298,0.025122434,0.014519795,0.033010773,0.025518948,0.05092577,0.034688074,0.015648562,0.022154437,0.012885297,0.039049286,0.06666667,0.036393076,0.023000462,0.022274677,0.053090636,0.027419103,0.040342487,0.031700592,0.03703977,0.031899404,0.016473059
2023-01-20,0.014670681,0.020265166,0.02268836,0.039595786,0.031385783,0.06666667,0.03111421,0.013160473,0.047483563,0.03456702,0.030940851,0.022915497,0.030721731,0.02204387,0.04093369,0.039852142,0.019868115,0.021540249,0.011456859,0.031175733,0.06666667,0.05068785,0.026273826,0.02113982,0.036419902,0.034952424,0.034595374,0.043918986,0.04541157,0.027837977,0.019049162
2023-01-23,0.01691139,0.020224163,0.027545402,0.030040964,0.04136268,0.058701858,0.03487634,0.014174886,0.05027127,0.03164098,0.0258858,0.022234827,0.036371145,0.023473125,0.039716523,0.03724741,0.01777292,0.02031592,0.014752063,0.0388397,0.06666667,0.05435406,0.024136981,0.025626093,0.038492836,0.028793888,0.031795558,0.039182495,0.045374483,0.021458631,0.021758946
2023-01-24,0.01748194,0.021685157,0.03408196,0.02634228,0.046638627,0.04936674,0.037316754,0.016638549,0.0494882,0.030235691,0.022635141,0.02368676,0.044015553,0.022601359,0.035722446,0.03855161,0.014231851,0.023705885,0.01861019,0.04482798,0.06666667,0.05260195,0.022854663,0.03495092,0.038002446,0.025138957,0.030114608,0.031922843,0.037991628,0.02100222,0.02088842
2023-01-25,0.0197985,0.035567615,0.03385671,0.027614752,0.04671182,0.042521488,0.03558556,0.017027415,0.049722485,0.027779162,0.022489378,0.023648558,0.057900194,0.02220756,0.037729893,0.03365773,0.012231844,0.022572152,0.019470137,0.04714672,0.06210888,0.04706425,0.022259109,0.03097488,0.035478678,0.02153675,0.03373262,0.029918198,0.032819502,0.02808509,0.02078237
2023-01-26,0.022080474,0.031678505,0.044447098,0.027637545,0.053901035,0.03257308,0.034035947,0.02171963,0.046782907,0.026163118,0.022360148,0.020669559,0.055180896,0.022609219,0.02889687,0.037553504,0.0065369513,0.025768407,0.025761634,0.05116184,0.06666667,0.049523935,0.024309808,0.037905015,0.038254187,0.019788356,0.030945364,0.023015745,0.025922492,0.029063037,0.017087024
2023-01-27,0.01971547,0.024617536,0.046048608,0.025943538,0.065197386,0.03323942,0.039219864,0.019888269,0.048454538,0.025385283,0.02226229,0.017836299,0.06315823,0.021965377,0.032416027,0.04074325,0.007719032,0.021233922,0.025962895,0.049831092,0.06666667,0.04835389,0.021638202,0.034996666,0.042510696,0.022441326,0.027002541,0.018901737,0.027253002,0.017582614,0.021814331
2023-01-30,0.024344275,0.028659547,0.04566729,0.028807072,0.060964398,0.02221436,0.041172903,0.020598466,0.034232423,0.022602085,0.024447745,0.022200724,0.056016643,0.02019116,0.028784463,0.04513297,0.006521191,0.026938599,0.029113716,0.042706747,0.06448332,0.049214303,0.024569774,0.041222315,0.044354882,0.024553211,0.028536735,0.024719393,0.02488333,0.01884445,0.023301514
2023-01-31,0.023562381,0.033053644,0.04749839,0.03530867,0.05156921,0.022237724,0.035161678,0.022888968,0.03194443,0.023898048,0.03573313,0.024609553,0.049885523,0.019396456,0.031246062,0.048050437,0.0073565803,0.027660996,0.035342105,0.032573424,0.057052106,0.039181247,0.033535544,0.033125322,0.041762497,0.030509735,0.033316758,0.025935512,0.021635862,0.024751963,0.020216048
2023-02-01,0.029407999,0.02212,0.05146018,0.02674928,0.04938683,0.02046769,0.04376482,0.022726784,0.03799018,0.03222666,0.028840818,0.025693918,0.04351338,0.02271419,0.037228167,0.036186706,0.008071661,0.03045396,0.040451627,0.026789745,0.050421976,0.041520514,0.032424692,0.036083788,0.049077984,0.024658345,0.028526086,0.03006023,0.027678935,0.01898279,0.024320066
2023-02-02,0.027277496,0.025486305,0.051382203,0.025249664,0.052905153,0.01639082,0.04653198,0.022827737,0.037895203,0.0328607,0.026321325,0.023058305,0.045922067,0.022054425,0.042128567,0.029489342,0.006975408,0.029835563,0.046731506,0.025057033,0.044487502,0.037388008,0.03767102,0.03567791,0.051817052,0.023569545,0.029799981,0.032062516,0.025636321,0.020798158,0.02471119
2023-02-03,0.026714971,0.023969049,0.04282812,0.030389683,0.04555879,0.018279662,0.054340236,0.020414893,0.023864847,0.031033477,0.027383808,0.029312102,0.042628985,0.020211436,0.042584393,0.040702853,0.0072030197,0.03617271,0.037336785,0.024221394,0.045352057,0.03390191,0.027950509,0.04968116,0.04766059,0.02454846,0.031000903,0.036934797,0.03141769,0.021104079,0.025296634
2023-02-06,0.019571554,0.026523883,0.0360581,0.034415524,0.035625283,0.026196087,0.04679685,0.019066185,0.026292538,0.031051317,0.038433343,0.033111267,0.032577917,0.022173498,0.04389825,0.037912052,0.0098836385,0.035628717,0.03156396,0.01958656,0.048941344,0.035302065,0.03421665,0.03988506,0.042080577,0.028480923,0.036292266,0.040667187,0.03862766,0.028840093,0.020299662
2023-02-07,0.0188584,0.037594758,0.039639995,0.0373921,0.033982288,0.028196663,0.04228448,0.020294044,0.027776591,0.025967114,0.044441387,0.03251394,0.041080967,0.02129656,0.0472836,0.037352566,0.011438375,0.03039166,0.032388836,0.021385297,0.045651358,0.03136789,0.03579544,0.034439433,0.0378054,0.028791003,0.03812039,0.03103011,0.030251183,0.035327815,0.019860368
2023-02-08,0.019510541,0.034597117,0.044183932,0.033384897,0.035581082,0.033069395,0.044398848,0.019226935,0.02881543,0.021319464,0.043433137,0.037195977,0.041561287,0.021751104,0.054751102,0.038943764,0.016666029,0.023162015,0.03229806,0.021302763,0.041623093,0.03632026,0.03120466,0.032970224,0.036780257,0.027040314,0.037622355,0.028977264,0.034988258,0.027237145,0.020083293
2023-02-09,0.01645989,0.033196703,0.040631235,0.037758227,0.028873269,0.026475169,0.037649486,0.018310921,0.028214771,0.018236136,0.0499696,0.055399172,0.056856543,0.02220961,0.040423397,0.048447553,0.011283005,0.03066328,0.03349574,0.020201636,0.03645671,0.036815945,0.03498966,0.03600138,0.030828327,0.026635595,0.035896532,0.022709498,0.030743191,0.03876987,0.015397957
2023-02-10,0.014721245,0.031402305,0.04054133,0.034109756,0.028242629,0.022802757,0.03310749,0.018294916,0.031485513,0.018454757,0.045193337,0.062202252,0.06666667,0.023694294,0.03241393,0.048401874,0.0107828565,0.032606788,0.038146604,0.02203894,0.035650894,0.04278539,0.0421362,0.036684766,0.027199995,0.02713058,0.030424764,0.021962263,0.030141054,0.03573427,0.014839583
2023-02-13,0.01525035,0.02540963,0.04583512,0.030763697,0.035396416,0.033110037,0.03288008,0.020879352,0.042605408,0.0216935,0.042103216,0.05651974,0.0505081,0.02664869,0.03526597,0.034658372,0.018288594,0.033375416,0.039620273,0.021560902,0.029957842,0.041643787,0.04405789,0.030099904,0.029870396,0.023774369,0.033962473,0.02162618,0.033877134,0.03307999,0.015677169
2023-02-14,0.016601996,0.01851744,0.055270478,0.02762578,0.046106886,0.031157477,0.03684981,0.026161859,0.039114617,0.021292591,0.032188166,0.041725125,0.04763542,0.03251884,0.031145325,0.02739182,0.016300613,0.039150488,0.054536827,0.025544453,0.026724983,0.042012785,0.04806886,0.03540921,0.04084979,0.020161496,0.030753374,0.017830621,0.028304975,0.025067138,0.017980749
2023-02-15,0.017583314,0.020673715,0.056522626,0.028941812,0.044871043,0.023610916,0.036926955,0.027714862,0.032058697,0.01800715,0.034638595,0.048754133,0.043375142,0.029735884,0.027314628,0.031403612,0.015635813,0.044071686,0.056154486,0.025529267,0.024365427,0.041791566,0.049847763,0.03917745,0.03767212,0.023472462,0.030024135,0.017911222,0.027346449,0.025926974,0.018940097
2023-02-16,0.01720636,0.023549711,0.060419213,0.026292278,0.051256936,0.02376999,0.03749487,0.030062927,0.035210166,0.019870196,0.032710128,0.039511133,0.049736448,0.029144563,0.033001017,0.0249863,0.019312458,0.03962162,0.06631008,0.024299523,0.020107849,0.032505006,0.051124815,0.032187942,0.040889207,0.023040451,0.031671844,0.01688622,0.02187049,0.023779003,0.022171253
2023-02-17,0.015304238,0.032819565,0.053671587,0.029937718,0.044797238,0.03004989,0.03136887,0.031050302,0.03727844,0.017472219,0.042040635,0.042327244,0.034205463,0.026578255,0.037046127,0.025168095,0.029666,0.03615913,0.051479585,0.022333102,0.023566887,0.030654034,0.054329835,0.026253246,0.032624822,0.028226413,0.036110204,0.018297873,0.027420389,0.032040894,0.019721707
2023-02-21,0.022244034,0.03398215,0.05301184,0.03194839,0.047919907,0.018559726,0.02910457,0.0372783,0.030663205,0.01943123,0.0445554,0.042668458,0.026790999,0.026929988,0.027548788,0.022267273,0.028047992,0.04726723,0.06666667,0.019018538,0.01803415,0.026245052,0.06580096,0.027853714,0.030627457,0.027382916,0.033791926,0.020456329,0.021445211,0.030864961,0.021592647
2023-02-22,0.0196777,0.03846907,0.05225561,0.037839297,0.045041766,0.01489631,0.025131278,0.041330244,0.023543129,0.015389917,0.058399957,0.05129477,0.024822714,0.023423202,0.024787426,0.027857441,0.028270347,0.041333437,0.06666667,0.01728983,0.016598726,0.02527267,0.06666667,0.026608216,0.022198956,0.037288286,0.035313196,0.016966749,0.021657603,0.035034,0.018674826
2023-02-23,0.022657424,0.048983913,0.044603728,0.03579258,0.039705507,0.011885907,0.022716863,0.039638016,0.020293508,0.013604218,0.062484987,0.05854596,0.025923034,0.02211074,0.023162894,0.031133976,0.029783571,0.03897751,0.06666667,0.01696991,0.016299233,0.024784038,0.06666667,0.026221221,0.017807284,0.04111368,0.032896955,0.01809437,0.021617968,0.038310453,0.020547213
2023-02-24,0.022125086,0.052048776,0.048162203,0.027837146,0.03917174,0.012068455,0.023396125,0.036294267,0.025936393,0.012227174,0.04708343,0.056789033,0.03431785,0.023969613,0.021912275,0.029503971,0.021499837,0.03699613,0.06666667,0.021828264,0.023890099,0.03912291,0.06666667,0.03307095,0.018720098,0.03404557,0.02730491,0.017705234,0.022313084,0.03864816,0.018677874
2023-02-27,0.020189384,0.06285595,0.05039829,0.029135874,0.033246163,0.013683699,0.021917,0.04220085,0.025286315,0.0121224215,0.04724615,0.04977096,0.037630208,0.023170475,0.027255509,0.03132626,0.022546753,0.032314647,0.06451812,0.021064742,0.02298232,0.029104505,0.06666667,0.028510015,0.018039268,0.035620242,0.031291395,0.014818699,0.019449199,0.048119284,0.017518645
2023-02-28,0.02266105,0.06666667,0.049180225,0.026231725,0.031756565,0.013466128,0.0230962,0.040712457,0.026463797,0.012159012,0.040342454,0.045488365,0.05050312,0.024679642,0.031204272,0.030311264,0.02155926,0.028669374,0.061156213,0.02256046,0.025624001,0.03006651,0.06666667,0.02809641,0.01887085,0.03330867,0.029232426,0.014910521,0.018546835,0.0462213,0.019587561
2023-03-01,0.022509264,0.06666667,0.04777478,0.02613256,0.03354152,0.014748811,0.02342649,0.039258204,0.028155707,0.011748995,0.04167884,0.03869225,0.050335802,0.02441322,0.034598086,0.02830933,0.02249415,0.025254056,0.05247149,0.025393903,0.030521337,0.029188223,0.06666667,0.025659712,0.018990723,0.03499692,0.032074332,0.01532066,0.019677198,0.048615523,0.020684585
2023-03-02,0.017680695,0.06666667,0.04514009,0.027559903,0.032172646,0.021971961,0.020151747,0.038187172,0.037587415,0.013466769,0.039614845,0.034412075,0.055774298,0.024921857,0.03840659,0.028266728,0.026252503,0.02461302,0.044633556,0.026004093,0.034652606,0.025623484,0.060669623,0.022085344,0.019604452,0.03278263,0.034590956,0.015622423,0.019292219,0.05394582,0.01764582
2023-03-03,0.016521353,0.06666667,0.03759943,0.029511612,0.031760007,0.021333223,0.021074422,0.034866128,0.040762745,0.013258987,0.03532208,0.029675763,0.06666667,0.028932752,0.0406335,0.023373805,0.027634617,0.024247317,0.04715611,0.029748002,0.031079762,0.025501115,0.0663766,0.021487987,0.020774318,0.030252175,0.031950258,0.015641509,0.017426703,0.05318709,0.019577285
2023-03-06,0.019099372,0.06666667,0.03552561,0.024486493,0.03711425,0.024810748,0.022896979,0.033577554,0.042388193,0.014100232,0.027192844,0.02833284,0.06666667,0.030058183,0.039363544,0.019893935,0.025581604,0.025389504,0.03881142,0.033400238,0.03655237,0.034416694,0.050989386,0.025446646,0.023285054,0.024466569,0.033775415,0.019173784,0.020613708,0.055388067,0.02053543
2023-03-07,0.018129764,0.06666667,0.0310777,0.035280965,0.03826284,0.032364454,0.027687136,0.030127386,0.027865915,0.010443494,0.032215398,0.028612155,0.043604925,0.030055378,0.04049708,0.02272953,0.040473502,0.021753803,0.027307026,0.02980107,0.03171676,0.040007915,0.055950597,0.023839377,0.024694003,0.03134,0.04049858,0.021939017,0.029350037,0.042425755,0.023281768
2023-03-08,0.015246457,0.06666667,0.026169097,0.045557424,0.035651404,0.029750997,0.027017739,0.02737827,0.019030029,0.008928793,0.035910062,0.036115784,0.037310477,0.025663842,0.03554099,0.029419415,0.043748487,0.022406204,0.02232322,0.028273135,0.026714036,0.037944686,0.064320095,0.024297003,0.01956603,0.04182841,0.04287385,0.022479467,0.034605224,0.04501739,0.022245323
2023-03-09,0.01506366,0.06666667,0.02122043,0.038447186,0.040218424,0.029731568,0.028745184,0.023850115,0.020405369,0.01134593,0.026384117,0.033587024,0.0541559,0.02556516,0.036234185,0.024653286,0.036711346,0.024953684,0.021425929,0.0343029,0.032538813,0.041933946,0.054407526,0.02837227,0.018803528,0.035936378,0.038494322,0.027925184,0.036324933,0.047505904,0.024089126
2023-03-10,0.010641691,0.06511479,0.01788518,0.046347324,0.03484068,0.038707975,0.025567472,0.021173295,0.018724047,0.011592967,0.029637909,0.038441904,0.04874485,0.023885343,0.034618687,0.03160659,0.03880692,0.026370855,0.018186677,0.03117401,0.033752494,0.036443707,0.05071953,0.028492574,0.01617806,0.039954673,0.04055538,0.028456716,0.044187475,0.050184276,0.019005952
2023-03-13,0.011105452,0.051784687,0.01864882,0.05047815,0.027866649,0.04306884,0.023372719,0.022489434,0.016338857,0.011952309,0.041645523,0.04490253,0.034050446,0.02431559,0.036178067,0.039941285,0.052051406,0.026474038,0.019980213,0.025216674,0.032101903,0.028994247,0.047877744,0.026881622,0.015452998,0.04532588,0.04121078,0.02883433,0.04918216,0.04399331,0.018283334
2023-03-14,0.009406489,0.04268679,0.017907068,0.050875913,0.034824964,0.04054986,0.024841143,0.019969635,0.015832413,0.012391933,0.04261106,0.045264494,0.04042312,0.024259163,0.02996757,0.040881753,0.04159334,0.030150028,0.02354773,0.027918855,0.0321715,0.03126985,0.049827706,0.032835715,0.015995203,0.045299385,0.039812855,0.03005912,0.04808766,0.039441742,0.019295942
2023-03-15,0.010032426,0.042148117,0.019136503,0.05015188,0.041178305,0.04090673,0.029714048,0.020462623,0.015024402,0.01270277,0.03847888,0.039656512,0.035848446,0.02335898,0.03942853,0.028418928,0.051473953,0.028535964,0.023987694,0.02521078,0.02530652,0.030601779,0.054344177,0.02977792,0.018988432,0.041392606,0.044256717,0.032176033,0.046159618,0.03775492,0.02338481
2023-03-16,0.008781649,0.036114164,0.017645223,0.06666667,0.037574872,0.030203857,0.03097046,0.018988008,0.010531817,0.010812282,0.05343789,0.04277979,0.026591342,0.020854905,0.035380337,0.029784972,0.046909932,0.029874839,0.026410416,0.019501122,0.017657362,0.027829234,0.06666667,0.027609631,0.021048432,0.052542157,0.05002668,0.03515047,0.041465983,0.036915045,0.023273801
2023-03-17,0.010726145,0.041899793,0.019445067,0.052565582,0.05919617,0.025821995,0.035115995,0.019291813,0.012520239,0.012337277,0.04004055,0.036983162,0.023178717,0.018284377,0.037718832,0.017473167,0.039879758,0.030562356,0.028633535,0.021698453,0.017708747,0.03529654,0.06666667,0.030628134,0.023685547,0.04229199,0.051074076,0.040578138,0.0430088,0.038689073,0.026999298
2023-03-20,0.007812083,0.03819373,0.018630838,0.061369866,0.061123546,0.026091268,0.036233388,0.019006535,0.012146239,0.0136811035,0.043678924,0.031376544,0.02560342,0.01693988,0.03961711,0.02047782,0.031265087,0.030154385,0.027903438,0.02117873,0.018059915,0.028574388,0.06666667,0.028441105,0.025890963,0.049553163,0.05603358,0.039906476,0.040477347,0.038355835,0.025556622
2023-03-21,0.008649793,0.03540081,0.018793754,0.061560333,0.06666667,0.029708771,0.034606695,0.018643513,0.015512955,0.01958464,0.040477127,0.0259118,0.02126166,0.016417118,0.033372704,0.015575228,0.030734943,0.03550546,0.026769046,0.022464555,0.019412186,0.028716994,0.06666667,0.02532553,0.028673368,0.041124307,0.05894725,0.05169269,0.03501895,0.04023812,0.026566368
2023-03-22,0.01039885,0.028200272,0.021202832,0.05151031,0.06666667,0.029966293,0.04178369,0.020213822,0.01775129,0.021865455,0.03262181,0.025030244,0.019371677,0.017723136,0.03451983,0.015613266,0.03239918,0.040940803,0.028445385,0.023997817,0.018675704,0.028271846,0.054144137,0.029216748,0.03606227,0.03824216,0.058363695,0.054893535,0.039202224,0.031029617,0.03167543
2023-03-23,0.010081132,0.040416453,0.023327643,0.05685523,0.06666667,0.022305695,0.038599577,0.020267678,0.015116902,0.015351525,0.038443577,0.029389046,0.02422046,0.01608399,0.035659567,0.02166086,0.025479857,0.03384693,0.02835241,0.022630224,0.019783814,0.027883388,0.061433274,0.029162085,0.031077294,0.044365045,0.058434803,0.045873746,0.036144927,0.03480156,0.026284635
2023-03-24,0.011192272,0.03136649,0.023139102,0.054425776,0.062343895,0.018723032,0.03997875,0.020025857,0.015107095,0.019597366,0.037622366,0.02958147,0.028812129,0.018172467,0.029415969,0.02840542,0.022393709,0.03990449,0.034748577,0.023810437,0.022038266,0.027264187,0.05626198,0.03737,0.034626413,0.047168706,0.04618198,0.053185366,0.03366534,0.02385206,0.029619029
2023-03-27,0.013284699,0.04007097,0.01968911,0.05338028,0.061439343,0.017496608,0.04040772,0.017314455,0.014789533,0.017701318,0.035531905,0.028205646,0.026133275,0.018685052,0.029343626,0.018128933,0.029318923,0.035150584,0.03276236,0.022632804,0.018852584,0.03289309,0.06666667,0.02980063,0.031118,0.041795522,0.048215143,0.065123655,0.034615584,0.02602883,0.03342315
2023-03-28,0.020661743,0.04697981,0.026336512,0.051806,0.05830981,0.014747292,0.043086976,0.023295274,0.0143779265,0.016260682,0.034800578,0.029204179,0.019755261,0.018482123,0.031216493,0.016486347,0.029026829,0.036984764,0.035428673,0.021750672,0.016517457,0.029587165,0.0655415,0.029257834,0.03231977,0.03627716,0.051809046,0.052441794,0.03265991,0.02911243,0.035478
2023-03-29,0.019290566,0.046344038,0.025452431,0.059927262,0.04912414,0.016941316,0.043285158,0.023298116,0.013166832,0.014195832,0.03808459,0.025529085,0.0242956,0.021647647,0.032543495,0.021424288,0.029570568,0.032647688,0.03437744,0.023882287,0.019755034,0.029044796,0.06637908,0.028734349,0.034637805,0.042112112,0.04744639,0.044751156,0.03254589,0.024036115,0.03552891
2023-03-30,0.023203129,0.040214635,0.023632018,0.05603927,0.051601294,0.018387258,0.050662667,0.02219595,0.012761766,0.014835771,0.02918194,0.023334287,0.027720492,0.024637438,0.03294397,0.01947154,0.027533235,0.03531733,0.029097017,0.028982066,0.021041576,0.03387064,0.055298503,0.031831563,0.039777547,0.035855845,0.043820366,0.044515196,0.035637837,0.022215076,0.04438278
2023-03-31,0.021969372,0.03974172,0.0233265,0.061865985,0.05011448,0.02175425,0.052664667,0.02112641,0.012586871,0.014065655,0.02653023,0.022745412,0.033294834,0.026352825,0.03530803,0.020485027,0.026859023,0.033458486,0.025919052,0.030854786,0.02015709,0.033346385,0.05020513,0.030356748,0.042888336,0.03147627,0.04729691,0.042606324,0.036176853,0.023055535,0.041410804
2023-04-03,0.0233343,0.03358122,0.024065327,0.05407357,0.04853255,0.025313994,0.05691513,0.022571731,0.015255666,0.016184365,0.01981096,0.020101706,0.038377438,0.033158522,0.0370411,0.017778087,0.023512198,0.03842041,0.025767231,0.03382911,0.021552036,0.031639736,0.04104568,0.03399491,0.053827316,0.02338929,0.04628667,0.042583328,0.035155814,0.023777766,0.03912285
2023-04-04,0.01867368,0.027843986,0.025126368,0.05769325,0.04905268,0.0332901,0.0585762,0.021837074,0.0201083,0.015765483,0.01946188,0.019212909,0.034695998,0.03689763,0.042470004,0.016912723,0.030036166,0.033019286,0.021727394,0.030241597,0.01772085,0.027995681,0.040293325,0.02556161,0.059379358,0.021160604,0.05704412,0.041302733,0.039209865,0.024174795,0.033514347
2023-04-05,0.018386666,0.028299375,0.02299647,0.06666667,0.04240172,0.029014207,0.05638595,0.020239424,0.017441792,0.0128363,0.025414808,0.019762717,0.029337462,0.03641674,0.043681115,0.020967994,0.035351586,0.026721593,0.021053545,0.02632537,0.0157855,0.02767173,0.052906103,0.02167418,0.05701128,0.029590849,0.05792495,0.04090364,0.040134836,0.022884618,0.033810824
2023-04-06,0.018152544,0.024738664,0.023223335,0.06666667,0.03404841,0.028009148,0.053573184,0.01819362,0.021329606,0.013166416,0.037631888,0.022215331,0.023969708,0.0363763,0.040051024,0.02049911,0.0437802,0.026294002,0.021548614,0.020955447,0.013254245,0.027954733,0.06666667,0.016734933,0.054210175,0.034218784,0.05908483,0.041330185,0.034879018,0.024163678,0.033079535
2023-04-10,0.02134254,0.025538653,0.025829256,0.06666667,0.032186646,0.023864586,0.05477703,0.018021189,0.019639675,0.012062055,0.04323996,0.023750655,0.020539679,0.03466448,0.03955348,0.020252844,0.04996282,0.022476736,0.023799455,0.018578673,0.011826926,0.03021651,0.06666667,0.016005974,0.051613107,0.037310623,0.05736793,0.04226798,0.033093937,0.021904916,0.03497837
2023-04-11,0.020306371,0.021436425,0.026889766,0.06666667,0.03226944,0.025685387,0.055306725,0.018341359,0.023116196,0.014376422,0.04217425,0.02309518,0.025656706,0.036981277,0.035290424,0.021416599,0.03975223,0.028571203,0.025547648,0.020031001,0.013532164,0.029825818,0.06666667,0.017999154,0.058953296,0.035830922,0.05121207,0.03919486,0.027691593,0.021809604,0.034372587
2023-04-12,0.022046544,0.020573488,0.025254201,0.06666667,0.02748085,0.026859906,0.052303396,0.0188296,0.030012678,0.016570227,0.03939764,0.021212002,0.026056476,0.04444461,0.034334533,0.017935304,0.040089995,0.031113029,0.02507671,0.019329358,0.015713865,0.03152941,0.06666667,0.016872931,0.061689697,0.033816773,0.04412702,0.038892217,0.027135875,0.022384621,0.035583712
2023-04-13,0.021045154,0.022658931,0.026405653,0.06400472,0.02563048,0.028598024,0.046049397,0.019811943,0.035677645,0.015044606,0.038921405,0.019650985,0.031045904,0.052901346,0.035481483,0.01667047,0.04521414,0.025794221,0.028062455,0.019140627,0.016374059,0.03452888,0.06666667,0.014740678,0.059596702,0.03507449,0.04122026,0.033048082,0.024837248,0.022777412,0.033325937
2023-04-14,0.026047518,0.01817114,0.0285338,0.051502164,0.03363288,0.030578904,0.04737296,0.020667152,0.036169995,0.017314324,0.030330295,0.017864179,0.032055404,0.055390134,0.032339465,0.017761832,0.04089426,0.026091171,0.03175802,0.02267944,0.017158767,0.035931468,0.06666667,0.018054409,0.06514585,0.029242214,0.038308922,0.033361357,0.024340149,0.017672496,0.03696267
2023-04-17,0.028989578,0.018534318,0.0365757,0.051060654,0.030576622,0.03605253,0.046664875,0.027072743,0.03291565,0.013819733,0.03308381,0.017124737,0.020370226,0.054156765,0.040068164,0.021102486,0.049179778,0.024671048,0.029006055,0.020832272,0.018662145,0.029802848,0.056662757,0.018483175,0.06666667,0.028979862,0.045101345,0.029942945,0.023013659,0.018555742,0.03227111
2023-04-18,0.032776564,0.020983502,0.040364925,0.049075656,0.028907709,0.035592064,0.045053933,0.031945474,0.03186428,0.0142868655,0.029179124,0.01658151,0.026210137,0.05928319,0.0392992,0.022993833,0.037955336,0.027217595,0.033261295,0.02361075,0.020038066,0.028386217,0.0518531,0.021736879,0.06666667,0.024799325,0.043805268,0.025871977,0.019139051,0.021213906,0.030046597
2023-04-19,0.02637362,0.020518485,0.04469653,0.040759165,0.029021863,0.04681457,0.04361542,0.03360091,0.0364311,0.013833688,0.023970675,0.012463736,0.036660682,0.06666667,0.050350185,0.025073651,0.035925638,0.019414758,0.0348672,0.02831211,0.025408426,0.027836682,0.043999683,0.021154672,0.06666667,0.021401744,0.0404249,0.02067691,0.021052824,0.015637266,0.026369572
2023-04-20,0.023576854,0.021943528,0.048703056,0.044768497,0.028281277,0.056870498,0.04290637,0.03771479,0.029344201,0.010755979,0.022001708,0.012139942,0.034326434,0.060594514,0.05750897,0.027753795,0.040229794,0.017887041,0.031980667,0.029926265,0.025317248,0.025507296,0.039559107,0.023562342,0.06666667,0.019801928,0.043724764,0.016878655,0.019990217,0.01627938,0.02349822
2023-04-21,0.022958774,0.022119982,0.052481126,0.03910646,0.028404694,0.061412055,0.037625834,0.04761461,0.024837159,0.009468561,0.022778658,0.012662072,0.030013967,0.060831945,0.059331376,0.030519372,0.04633274,0.016105926,0.041835785,0.029060928,0.024413228,0.020837158,0.035722867,0.026010513,0.06666667,0.018741367,0.043462276,0.013105577,0.020180628,0.015297152,0.02006054
2023-04-24,0.022322798,0.01537944,0.055608463,0.03837832,0.030479737,0.06302413,0.035490964,0.056221273,0.02330644,0.0120232785,0.023110015,0.0115804495,0.029328799,0.06124957,0.05920977,0.03974418,0.03673422,0.018025659,0.052007876,0.028976506,0.025195958,0.015843552,0.029658921,0.029862447,0.06666667,0.018579151,0.040428676,0.011335439,0.019504422,0.012562509,0.018160366
2023-04-25,0.020955238,0.014925334,0.056168515,0.034042746,0.032031715,0.06643297,0.03395005,0.05917533,0.027676279,0.013522932,0.021067195,0.011117826,0.028333766,0.06213066,0.060674638,0.034135368,0.03932891,0.018036619,0.0550525,0.027991107,0.025077332,0.01527948,0.030017091,0.028673885,0.06666667,0.017162133,0.039711963,0.011240248,0.019621562,0.012440239,0.017359702
2023-04-26,0.020946665,0.021534562,0.06413275,0.038032863,0.03127229,0.04390113,0.02505579,0.06115376,0.024684856,0.010150644,0.035911836,0.01599319,0.0309619,0.05541565,0.04764296,0.047360897,0.035060443,0.014088164,0.06666667,0.024187174,0.021644084,0.015006461,0.048194587,0.022155013,0.05330201,0.023771452,0.04440008,0.009932353,0.016223777,0.017612917,0.013603072
2023-04-27,0.016975094,0.019678408,0.06666667,0.035627965,0.03843624,0.032590028,0.024695802,0.059060592,0.025526129,0.010220746,0.03729591,0.01851878,0.04489869,0.044766363,0.038238782,0.06666667,0.018402565,0.015935782,0.06666667,0.026292928,0.024410665,0.01834413,0.05242562,0.0294704,0.05191626,0.028395481,0.03715691,0.008044622,0.013528926,0.016674163,0.0124720195
2023-04-28,0.021703621,0.01873927,0.06666667,0.040247727,0.042217214,0.04123448,0.027373215,0.04604459,0.029565,0.014632382,0.036943886,0.015363406,0.038671114,0.03920712,0.044132043,0.060446624,0.018117305,0.014893812,0.06666667,0.026489915,0.029115193,0.019507047,0.041428804,0.02597713,0.05845575,0.023102334,0.037997883,0.011414878,0.013894028,0.015270305,0.01448059
2023-05-01,0.01498551,0.018879443,0.064312525,0.040388007,0.03575669,0.04782821,0.02719069,0.03872819,0.034662962,0.014736132,0.036269467,0.013725198,0.06082854,0.044250082,0.04749832,0.054065533,0.01566813,0.01477173,0.06666667,0.028406836,0.029958049,0.016772754,0.038151,0.024740702,0.061866075,0.020042,0.036429964,0.009782436,0.012515264,0.016880745,0.013242153
2023-05-02,0.013657695,0.017879626,0.05859156,0.041770913,0.033288337,0.033122137,0.028481584,0.035600338,0.03823031,0.019571181,0.03598177,0.014023547,0.06666667,0.04652656,0.037946545,0.058487155,0.011417799,0.021419672,0.06666667,0.029042842,0.032345884,0.016079655,0.041953485,0.03291746,0.06525095,0.022073781,0.02938473,0.011627168,0.011533844,0.014928153,0.013531993
2023-05-03,0.01353529,0.019809427,0.061084524,0.041789737,0.03612199,0.025286809,0.02487532,0.04070946,0.03473229,0.018107949,0.03712374,0.017693961,0.06666667,0.041632008,0.028988618,0.060719196,0.010589214,0.027686082,0.06666667,0.028505126,0.029423952,0.015825829,0.049722146,0.04194054,0.055152163,0.024010226,0.029020289,0.011126765,0.0113229435,0.017889688,0.012241391
2023-05-04,0.015863495,0.02514445,0.05549139,0.041714218,0.030781336,0.022163065,0.021876067,0.03800316,0.03905518,0.022076452,0.03922287,0.020646129,0.06666667,0.038608093,0.028039409,0.06525869,0.010863386,0.02899374,0.06666667,0.026969979,0.03243887,0.015890101,0.050254963,0.038512595,0.04654296,0.025877481,0.027395375,0.014004127,0.011444457,0.020761365,0.01277326
2023-05-05,0.015271001,0.03368608,0.049641903,0.04867056,0.030146971,0.022240229,0.019491274,0.032457974,0.037167415,0.018671298,0.04705073,0.022028308,0.06339665,0.031192647,0.023526736,0.06402673,0.012629956,0.028529309,0.06666667,0.029924365,0.038583055,0.019616662,0.054217074,0.03835458,0.035874162,0.02871932,0.025676582,0.015766384,0.011875036,0.022171482,0.012728867
2023-05-08,0.017778635,0.02613177,0.04906905,0.036546312,0.038579155,0.024677668,0.023480397,0.028998243,0.0439273,0.026509408,0.031855937,0.018387824,0.06400252,0.034197994,0.01990443,0.048317846,0.010904407,0.033144895,0.06666667,0.037174717,0.04728788,0.027987516,0.04305521,0.045734704,0.044081505,0.021353545,0.023160558,0.021327695,0.013013013,0.017185766,0.015557428
2023-05-09,0.0173794,0.02723734,0.04811735,0.037274394,0.04222818,0.022614807,0.025162254,0.028132297,0.041098297,0.026553994,0.031561412,0.018672641,0.06530315,0.03137712,0.019454185,0.04895748,0.0109600155,0.033581696,0.06666667,0.04028871,0.042493194,0.026520109,0.042332634,0.046634395,0.043276623,0.022308417,0.024845164,0.022489287,0.012898528,0.017035147,0.016545115
2023-05-10,0.019766584,0.03706332,0.047931824,0.034052994,0.04245971,0.025841942,0.023216326,0.028992254,0.04852086,0.031795684,0.03024759,0.01913162,0.057276223,0.027375858,0.021338414,0.04345923,0.01241952,0.032923553,0.060430855,0.04227618,0.04917429,0.025086528,0.03540227,0.042423107,0.036301002,0.021286715,0.026377646,0.024718491,0.014724866,0.02205254,0.015932
2023-05-11,0.021477396,0.05367394,0.046329588,0.035022866,0.047049467,0.028600944,0.023758922,0.024271566,0.049745172,0.028160714,0.032460406,0.020274743,0.042727478,0.023124365,0.02550684,0.03420059,0.01949893,0.025773434,0.048760332,0.040881883,0.043143384,0.02906006,0.03793568,0.033584975,0.033350233,0.02103815,0.033914324,0.035671137,0.017075403,0.027113557,0.01681352
2023-05-12,0.02380854,0.06666667,0.042087812,0.035889152,0.047774047,0.036625545,0.023346616,0.024264064,0.040257555,0.024296546,0.034083318,0.019326894,0.017131295,0.018675545,0.03384871,0.023783501,0.040312022,0.020721909,0.03627064,0.031242631,0.038443554,0.031024728,0.04080567,0.02354472,0.030070528,0.02216531,0.045830708,0.056135666,0.022649765,0.032121126,0.016795212
2023-05-15,0.02220276,0.06666667,0.03060778,0.042283103,0.041677207,0.043870077,0.022197315,0.019802291,0.038310368,0.02482273,0.040651824,0.0161799,0.017657122,0.018053101,0.037998833,0.020734167,0.054354373,0.016934399,0.03125735,0.030647403,0.042374734,0.030241195,0.039935037,0.017687673,0.02696329,0.024300879,0.04353739,0.06444969,0.023611257,0.03092017,0.019069914
2023-05-16,0.021793777,0.06666667,0.034411542,0.038367655,0.043753605,0.050619606,0.021242943,0.024013478,0.03630092,0.022446709,0.038423005,0.01695315,0.022559958,0.018502751,0.04287015,0.026738055,0.046509966,0.016891073,0.033590395,0.035506684,0.047832098,0.027679782,0.030064045,0.020903757,0.0277387,0.02250209,0.044237927,0.046969738,0.023150424,0.03339,0.01736935
2023-05-17,0.018998893,0.06645897,0.033910964,0.040751606,0.037292305,0.049792983,0.02037371,0.023125585,0.027276052,0.016866481,0.04381961,0.024287988,0.018863037,0.016918344,0.03896357,0.048123218,0.038933802,0.016671212,0.025930662,0.032649714,0.05443208,0.032458294,0.026833272,0.026569633,0.024355533,0.02802993,0.04419856,0.04412804,0.030425232,0.03416606,0.014394655
2023-05-18,0.0211057,0.06666667,0.037634194,0.027760495,0.034806702,0.0575558,0.022559661,0.023512995,0.039654262,0.018855449,0.028997276,0.021980787,0.026888147,0.019042615,0.047910325,0.034756865,0.030291663,0.0163881,0.022498999,0.03655061,0.06594184,0.03693175,0.019489959,0.027232176,0.02853179,0.017933918,0.04261239,0.040765967,0.027555361,0.04322973,0.014357811
2023-05-19,0.017826524,0.064519,0.045662057,0.023313152,0.037848294,0.061146487,0.02481998,0.025474414,0.047559038,0.019633867,0.017911417,0.018731803,0.038277917,0.0208703,0.04711382,0.03222156,0.020665014,0.017153941,0.020481357,0.045706607,0.06493576,0.03506246,0.017181503,0.031826444,0.033120535,0.014084741,0.04273514,0.031336218,0.02464596,0.04503535,0.013099345
2023-05-22,0.015879381,0.063462496,0.04308443,0.02961211,0.0326,0.06666667,0.023503048,0.023207946,0.04553894,0.014445016,0.021218285,0.019476932,0.0308591,0.022719266,0.046552062,0.03543575,0.026616346,0.01516236,0.015780522,0.04433424,0.06666667,0.037504416,0.0177504,0.029602172,0.03274546,0.014702343,0.047282126,0.031162225,0.028190976,0.047442,0.010796314
2023-05-23,0.016127836,0.04795246,0.031609517,0.026816746,0.026525473,0.062793754,0.021889161,0.016782077,0.04617882,0.018162614,0.021782419,0.037390467,0.026711123,0.020158514,0.027038306,0.03937632,0.022108726,0.028657012,0.011578872,0.038044516,0.06562257,0.047782894,0.014755293,0.04153997,0.025814021,0.01599064,0.042391106,0.051092137,0.035238333,0.061416656,0.010671641
2023-05-24,0.012785026,0.0421207,0.026581535,0.03126661,0.021772431,0.06666667,0.020488963,0.018389607,0.044530723,0.021208707,0.026470082,0.043433476,0.025668427,0.019639887,0.028354092,0.04856529,0.029305404,0.040391065,0.010489379,0.03389618,0.05480374,0.029982159,0.012422165,0.03814217,0.024652151,0.019667989,0.047141112,0.04963588,0.033600744,0.06666667,0.011260966
2023-05-25,0.012385115,0.042616647,0.027563162,0.030222192,0.021842478,0.06597389,0.019996418,0.019137405,0.038424924,0.01654951,0.027817925,0.056483917,0.027597738,0.018993448,0.029067917,0.056274053,0.037084296,0.037371676,0.01164779,0.03215413,0.040608395,0.028719578,0.013290807,0.037582316,0.02166709,0.022012128,0.04813637,0.04369423,0.036017433,0.06666667,0.012400345
2023-05-26,0.011959562,0.05345821,0.034342565,0.022858586,0.021865055,0.042300217,0.02116183,0.018891115,0.04411155,0.014108778,0.022029955,0.057286747,0.043234784,0.018765569,0.026614688,0.050736398,0.020860687,0.038320944,0.013980771,0.037924364,0.049795546,0.04207083,0.017270548,0.051414926,0.021484178,0.020756762,0.036981326,0.036781095,0.03055395,0.06666667,0.011411794
2023-05-30,0.012719506,0.06666667,0.036832836,0.022563625,0.023436312,0.03659398,0.021767756,0.02085976,0.0419502,0.01364548,0.02088592,0.05965293,0.053341825,0.01671139,0.030278636,0.048954308,0.018909918,0.03896899,0.015648196,0.035395276,0.039810892,0.0351374,0.016728928,0.051782724,0.02150816,0.019009601,0.043108158,0.03466714,0.024539405,0.06666667,0.0112574175
2023-05-31,0.012139421,0.06666667,0.040873185,0.02371032,0.023175046,0.031920783,0.02244871,0.022494335,0.037013326,0.012704608,0.022183433,0.06307381,0.05204346,0.015559536,0.0312778,0.055564594,0.017199,0.03684921,0.015807595,0.032617453,0.037843507,0.033720966,0.01911531,0.05245728,0.020800166,0.021622844,0.0455618,0.0319078,0.023886325,0.06666667,0.011095037
2023-06-01,0.013227994,0.06666667,0.034141053,0.028662104,0.02398956,0.025851306,0.022171928,0.018096589,0.03691232,0.016590526,0.030615475,0.06666667,0.038373128,0.013346076,0.023057738,0.04758067,0.019033981,0.045833234,0.0151172485,0.026364684,0.031547822,0.03885281,0.02744813,0.04635833,0.017044952,0.027683442,0.047384977,0.047057316,0.02527732,0.06666667,0.0123792915
2023-06-02,0.017149033,0.06666667,0.0366902,0.025658892,0.031549633,0.025739197,0.023504108,0.01741823,0.04137684,0.015695287,0.026306285,0.062477887,0.038918197,0.013580487,0.02613576,0.029991128,0.020096818,0.036164746,0.015533418,0.031142386,0.034362044,0.043813653,0.02715788,0.038112972,0.018107336,0.020783074,0.053902138,0.056669068,0.025414031,0.06666667,0.013215934
2023-06-05,0.016476803,0.06666667,0.04255198,0.021757487,0.045015924,0.030907813,0.02446885,0.022075815,0.054283753,0.014946618,0.017534304,0.039896626,0.049557105,0.0184469,0.030272583,0.017969612,0.019814432,0.035775565,0.024154563,0.03660505,0.028546473,0.03831664,0.02678458,0.036327187,0.026497329,0.013270548,0.05945968,0.042991333,0.019791385,0.06666667,0.012169727
2023-06-06,0.01769843,0.06666667,0.046752203,0.027259285,0.044930976,0.025432816,0.025450297,0.026248284,0.039356228,0.011044107,0.020434558,0.047707833,0.040770754,0.017453555,0.029224893,0.02375131,0.019756993,0.03608024,0.025302114,0.034812182,0.023689,0.034784675,0.030864663,0.04001618,0.024989583,0.016030053,0.06666667,0.038010295,0.021024646,0.06666667,0.011123848
2023-06-07,0.021925215,0.06666667,0.045956284,0.024253892,0.04514612,0.024624955,0.026249211,0.029720422,0.034012333,0.012060817,0.018645499,0.04843284,0.039786913,0.017148217,0.03096228,0.024989653,0.018148901,0.037079174,0.02481307,0.035346963,0.025360584,0.033833906,0.026329458,0.04074333,0.024691284,0.016617177,0.06666667,0.039348885,0.021422887,0.06666667,0.012349733
2023-06-08,0.017646264,0.06666667,0.04021348,0.025188923,0.03234514,0.034472235,0.027651047,0.032754026,0.037923414,0.01429422,0.017639609,0.044848446,0.05520005,0.02427908,0.03695801,0.022540763,0.019873098,0.04536696,0.021700492,0.03353861,0.024330286,0.02633297,0.025355222,0.036356434,0.028037068,0.015785659,0.06474022,0.02656645,0.021046292,0.06666667,0.013682192
2023-06-09,0.021979593,0.06666667,0.04116811,0.023898447,0.033439238,0.023841968,0.030503057,0.03443683,0.031027537,0.0133309355,0.014956069,0.05119524,0.057831623,0.02599108,0.031087492,0.023492854,0.017822899,0.050329782,0.024584075,0.032572363,0.018669602,0.027952494,0.027334943,0.04236005,0.02771067,0.014999827,0.059186883,0.026501372,0.022277452,0.06666667,0.016184187
2023-06-12,0.025443044,0.06666667,0.044661086,0.024101535,0.03497915,0.018760135,0.031124782,0.035981618,0.026414579,0.013776866,0.015591131,0.05188183,0.047699206,0.023954285,0.025885666,0.026986104,0.016017357,0.054269638,0.028909603,0.029738044,0.01835299,0.028790653,0.028923152,0.047325704,0.02730002,0.016506394,0.05510827,0.028902674,0.022218047,0.06666667,0.017063107
2023-06-13,0.028534234,0.058436193,0.04240202,0.019821357,0.03861945,0.014869353,0.03193621,0.03341169,0.027900396,0.018363537,0.012897992,0.05130971,0.04448733,0.02267418,0.018026456,0.024100803,0.011089252,0.06666667,0.029242426,0.032170348,0.020912498,0.03464402,0.027009765,0.06175447,0.026940688,0.015774395,0.04394265,0.034541022,0.021944225,0.06666667,0.018910006
2023-06-14,0.030217873,0.05896867,0.041690245,0.020176092,0.04237748,0.01419884,0.03278826,0.03154261,0.027712174,0.020222528,0.012191896,0.04692718,0.04643723,0.020361157,0.0159292,0.022160944,0.009039762,0.06666667,0.029986687,0.03528168,0.023414457,0.037268057,0.024846762,0.06666667,0.026474148,0.0148302065,0.039910987,0.035701018,0.019674396,0.06666667,0.019669462
2023-06-15,0.025411539,0.028970921,0.042655557,0.027613992,0.044354744,0.018390603,0.03979913,0.0371691,0.01920948,0.022560857,0.011499609,0.030775025,0.04596063,0.026873818,0.01536548,0.033269227,0.0069928193,0.06666667,0.03249528,0.04340049,0.035978436,0.043005195,0.02840442,0.06666667,0.04015045,0.01975423,0.032491464,0.03159582,0.021052672,0.03968887,0.02177681
2023-06-16,0.028721739,0.03191901,0.040718384,0.03260778,0.046437602,0.020590497,0.042949982,0.034040045,0.017730596,0.020347102,0.01314381,0.026849594,0.041967794,0.026253039,0.016265564,0.02897437,0.008016942,0.06666667,0.031159582,0.043429945,0.035049792,0.043579675,0.027307553,0.06666667,0.041949064,0.01786669,0.033930242,0.03190166,0.019918129,0.03780903,0.025231455
2023-06-20,0.026732892,0.034211524,0.032702543,0.041640293,0.04120788,0.019527622,0.03967677,0.033101432,0.014272673,0.016838161,0.017454794,0.028268844,0.036062185,0.026032094,0.014720231,0.03254096,0.008782895,0.06666667,0.028507022,0.043052763,0.035458114,0.044218328,0.032647014,0.06666667,0.039474152,0.023833701,0.03377196,0.03253544,0.01957039,0.04344129,0.026382705
2023-06-21,0.02773263,0.0515512,0.031496484,0.043634012,0.035070553,0.013130974,0.03489588,0.03139396,0.011509717,0.010805395,0.022630751,0.04082103,0.029954502,0.02159072,0.014622992,0.032902516,0.010780035,0.06666667,0.028657608,0.03344027,0.027542751,0.045901224,0.042289592,0.06666667,0.029852761,0.026703268,0.036195204,0.0350971,0.019795775,0.051445406,0.025222348
2023-06-22,0.027582899,0.06644527,0.030845199,0.045791,0.035645213,0.014423081,0.02884349,0.03251837,0.013965389,0.01163502,0.025158666,0.03538944,0.02777303,0.021072244,0.01536233,0.028905796,0.013986294,0.06666667,0.031043757,0.032838788,0.027604157,0.039819263,0.04565907,0.05688373,0.027753863,0.026703909,0.037696753,0.03660911,0.018084371,0.052754767,0.024539065
2023-06-23,0.028895726,0.062057022,0.033201184,0.04807768,0.039652765,0.012677817,0.027977252,0.032727186,0.0123751145,0.010512606,0.02734009,0.040958486,0.018529978,0.01890977,0.015613883,0.03085874,0.019181235,0.0662086,0.03609282,0.026768519,0.019581446,0.033943124,0.05173572,0.054297164,0.027617378,0.02773743,0.044431373,0.04352511,0.019271914,0.04617471,0.023068158
2023-06-26,0.026001915,0.058988977,0.035324052,0.04655994,0.036462426,0.013023973,0.02479182,0.033859905,0.012817178,0.009741032,0.03173275,0.05188919,0.014011795,0.018022502,0.015168683,0.031120496,0.023446053,0.064268716,0.03755252,0.022290546,0.017224206,0.031891696,0.057644766,0.05037319,0.024255238,0.027995104,0.04912118,0.04311171,0.020670127,0.051772244,0.018866077
2023-06-27,0.029820995,0.06659389,0.034707095,0.040529106,0.03430207,0.016644683,0.027789177,0.03641958,0.018992407,0.01335677,0.027831841,0.039737638,0.02344624,0.026006479,0.024426369,0.025317421,0.031515438,0.049410984,0.04100132,0.023193574,0.01892095,0.02738536,0.05725983,0.033359013,0.028321175,0.024952227,0.046235055,0.038862217,0.022938143,0.04435686,0.026366083
2023-06-28,0.029549943,0.06666667,0.03845515,0.03347965,0.03532247,0.01792455,0.029299783,0.037882037,0.025065538,0.014323336,0.022121416,0.034759045,0.03125503,0.031678222,0.03136916,0.023553312,0.030905318,0.043380983,0.042397875,0.023558073,0.018376889,0.025680402,0.054801963,0.030350495,0.03367755,0.02068604,0.045857895,0.035142656,0.023963282,0.042000942,0.02651433
2023-06-29,0.02627123,0.06666667,0.03567377,0.038361836,0.0368876,0.022460897,0.03149924,0.030758835,0.02567245,0.014427426,0.02472328,0.032770492,0.029738087,0.029151497,0.03608475,0.022341916,0.0372593,0.033950422,0.033586282,0.02127476,0.019407114,0.02962018,0.06128602,0.023885055,0.03187954,0.02323009,0.049784444,0.037896987,0.027219802,0.03899017,0.02723986
2023-06-30,0.03048095,0.06465109,0.04458015,0.034619283,0.029672584,0.027153755,0.031873032,0.034768347,0.030574013,0.012616116,0.026248127,0.033501305,0.02680709,0.03371469,0.039640944,0.022143714,0.040731627,0.02879938,0.029436516,0.019930951,0.020916115,0.032375023,0.056546528,0.02175143,0.0345864,0.020350454,0.049786106,0.028549545,0.024892498,0.042556535,0.025745714
2023-07-03,0.034601014,0.06254597,0.047705144,0.036541812,0.029277416,0.03215354,0.03513032,0.0337653,0.02764434,0.010698233,0.024873082,0.031747844,0.022098985,0.034565747,0.04597396,0.020196825,0.04915785,0.023807757,0.023496008,0.019406429,0.0179631,0.032172766,0.049808558,0.01939876,0.038311884,0.017331058,0.05840272,0.028582959,0.026788099,0.04024128,0.025611244
2023-07-05,0.03979882,0.063881665,0.051983394,0.035506546,0.027624924,0.033360753,0.037396155,0.035422914,0.024383996,0.010926147,0.025287641,0.028369686,0.026878282,0.034376156,0.05653057,0.020754365,0.047965683,0.02032132,0.025756553,0.019459734,0.017751282,0.027499277,0.0427279,0.018072983,0.041849,0.01681663,0.058554437,0.024820916,0.023713408,0.034851722,0.02735714
2023-07-06,0.034668837,0.06666667,0.04209361,0.047697913,0.024255581,0.032477107,0.035321593,0.028261572,0.02016072,0.009392427,0.03738292,0.024887275,0.025640735,0.030280827,0.060122564,0.022921406,0.06114105,0.015937574,0.02392038,0.018653428,0.017643034,0.024640782,0.049883388,0.013869589,0.038580757,0.023335489,0.059083004,0.027648205,0.021985568,0.031698193,0.029747799
2023-07-07,0.029064342,0.06666667,0.04017223,0.05373262,0.023212438,0.022018591,0.033293474,0.024307895,0.018675674,0.008828664,0.047737177,0.03336476,0.035801135,0.02781222,0.044216998,0.028511303,0.04037602,0.018108234,0.02815364,0.017715622,0.020025441,0.031629633,0.06666667,0.017287532,0.030609522,0.02960878,0.051861748,0.02853143,0.020705253,0.035119258,0.026185036
2023-07-10,0.028619662,0.06666667,0.0355338,0.04196182,0.02237204,0.027744744,0.029213523,0.020482687,0.024778256,0.010978301,0.04255027,0.03936382,0.047090467,0.024830269,0.03823929,0.036466442,0.0348347,0.020474058,0.022498144,0.02228851,0.034393094,0.04220659,0.046795197,0.022603426,0.025665617,0.028968863,0.041999042,0.034692015,0.021997577,0.0388346,0.024856506
2023-07-11,0.022537453,0.0568774,0.04046778,0.032859214,0.020108715,0.04186701,0.025952376,0.027702222,0.038699634,0.014810836,0.033493288,0.034698036,0.055958178,0.035874847,0.036611885,0.038633276,0.03230737,0.025395397,0.02552086,0.025400113,0.043884154,0.035902344,0.037209157,0.027503604,0.029486716,0.023297869,0.034908496,0.02338947,0.022875221,0.035536177,0.020230902
2023-07-12,0.02164805,0.04801107,0.04014825,0.023960294,0.021206928,0.04594023,0.027167568,0.029329466,0.05113362,0.01658283,0.023941893,0.031858824,0.06666667,0.0452725,0.03713007,0.03680251,0.025606163,0.028375605,0.02809709,0.03331898,0.04860575,0.035242714,0.028388212,0.033128124,0.031938348,0.018508488,0.02873655,0.017009102,0.021395361,0.034436718,0.020412024
2023-07-13,0.020717839,0.04676791,0.04130125,0.022384038,0.02212713,0.053157657,0.029550513,0.03165867,0.046338327,0.014769431,0.019990308,0.026938278,0.06666667,0.047262106,0.044490278,0.039036974,0.023014836,0.025333885,0.027014941,0.039922006,0.050582487,0.0328356,0.022757666,0.036505796,0.0357161,0.016517822,0.028892355,0.013463331,0.020493438,0.034105275,0.019687083
2023-07-14,0.023437167,0.06329255,0.04260444,0.02159184,0.027001148,0.040630363,0.030301854,0.03063822,0.040117115,0.01279982,0.01810756,0.0262053,0.06666667,0.036760464,0.04475229,0.034650184,0.01643077,0.023230016,0.027144464,0.044590022,0.050623577,0.036649942,0.022696769,0.040968213,0.034794584,0.015052112,0.032877915,0.015087835,0.017528677,0.044684906,0.018083218
2023-07-17,0.018926973,0.06471425,0.043701496,0.020287456,0.035024773,0.027182393,0.029725777,0.032471538,0.04698923,0.014191738,0.018121682,0.028546678,0.06666667,0.032759853,0.03881943,0.025539514,0.012434562,0.030158352,0.037372295,0.035953574,0.035415467,0.03274596,0.0322028,0.044066533,0.035477024,0.014244837,0.039547026,0.017744878,0.015182449,0.058868196,0.014916605
2023-07-18,0.015777443,0.056589942,0.05589111,0.014802984,0.046350934,0.028938731,0.02691948,0.045022093,0.04578512,0.014379705,0.014244527,0.02721542,0.06536224,0.03018477,0.04154883,0.021468239,0.014218696,0.031024046,0.047009673,0.031215407,0.026290132,0.024199188,0.028904276,0.047542688,0.036518797,0.012455456,0.047179136,0.015729807,0.015148966,0.059531823,0.012550343
2023-07-19,0.016175414,0.045407824,0.05614274,0.013064763,0.046191428,0.024284465,0.02766203,0.044652116,0.053880688,0.019874044,0.0125201065,0.026402362,0.06666667,0.031253558,0.038592696,0.020822434,0.009248814,0.03992516,0.05321542,0.0275129,0.025283339,0.023517912,0.026600488,0.0518033,0.04312612,0.011201416,0.042993795,0.016915055,0.013833717,0.059351537,0.011877687
2023-07-20,0.020585498,0.051056776,0.05186007,0.015407746,0.04532715,0.02221952,0.029516155,0.041863378,0.044751316,0.020952644,0.014435946,0.025482096,0.06666667,0.030429168,0.04169561,0.021452231,0.009072434,0.04110027,0.055350255,0.025733175,0.023428684,0.021251608,0.026211532,0.04469864,0.046171438,0.01149994,0.045889802,0.019547077,0.012232818,0.060096398,0.014013954
2023-07-21,0.026698189,0.04807118,0.0556727,0.018763583,0.039883908,0.019368464,0.02850477,0.063103564,0.03184128,0.016541937,0.017936276,0.033676084,0.0409422,0.03292531,0.040424205,0.019953566,0.014414734,0.05256781,0.06666667,0.020038242,0.014540232,0.01405931,0.02756791,0.04536255,0.0397571,0.0117511535,0.05104691,0.014179367,0.012452235,0.06666667,0.014621893
2023-07-24,0.035560183,0.038507495,0.049727466,0.01671579,0.036895365,0.017165694,0.030251957,0.06666667,0.026883505,0.017095802,0.016988263,0.042018104,0.036367632,0.04047294,0.040386677,0.018491749,0.019938555,0.0588217,0.06666667,0.018474536,0.011448826,0.014274027,0.0271258,0.04711048,0.037397727,0.01219703,0.04645433,0.015142129,0.016537007,0.059942678,0.018273221
2023-07-25,0.036396123,0.04057265,0.047205273,0.015929917,0.03686381,0.01898919,0.034665037,0.06339197,0.026678765,0.01566103,0.016756438,0.039306533,0.038000546,0.04396739,0.045785684,0.015128285,0.025296478,0.052018978,0.06666667,0.018330421,0.011766759,0.016707389,0.027586037,0.040482454,0.037504386,0.01171954,0.0455805,0.015631935,0.01814903,0.05566583,0.021594957
2023-07-26,0.030659784,0.05317667,0.046012525,0.018047526,0.036391933,0.018972304,0.03310434,0.057531957,0.023208475,0.012123808,0.016519284,0.041607186,0.052134704,0.04132842,0.050431542,0.0174568,0.02615387,0.039550345,0.06596296,0.01871797,0.009694391,0.015145169,0.028194383,0.03373378,0.033454575,0.011388595,0.054620665,0.015336101,0.016603146,0.06284269,0.019894108
2023-07-27,0.035450127,0.05205757,0.040420987,0.01598046,0.032525674,0.018214481,0.03635039,0.0520316,0.021898463,0.011919502,0.01804116,0.043219324,0.04088998,0.045643833,0.058779035,0.014506774,0.03909289,0.033695992,0.06666667,0.016259221,0.00980504,0.016684324,0.032645307,0.029098693,0.031949524,0.01220695,0.05478476,0.020969192,0.0197935,0.055100337,0.023318242
2023-07-28,0.032099634,0.065233365,0.03246902,0.016621135,0.033773724,0.018121507,0.038682,0.041776635,0.026814897,0.011487788,0.019780722,0.040786102,0.04168047,0.041813217,0.05599686,0.013427299,0.036056485,0.031809673,0.053296365,0.01889395,0.015147661,0.025312733,0.0380653,0.028085792,0.029291263,0.01500287,0.047695585,0.024492897,0.023564564,0.05688367,0.02583682
2023-07-31,0.03514022,0.055768073,0.035924986,0.017254032,0.03717262,0.01750236,0.039906062,0.045573004,0.022332883,0.012362453,0.018679233,0.039281823,0.03925611,0.041398264,0.060013685,0.016816793,0.032807663,0.03240605,0.06286056,0.017682169,0.013815701,0.020873256,0.033387125,0.031005993,0.034402736,0.013704451,0.05157064,0.027155655,0.023171445,0.04594155,0.024832401
2023-08-01,0.025058271,0.037416823,0.036998935,0.01591973,0.045068495,0.02755339,0.042618044,0.03987247,0.03131312,0.017845452,0.016537907,0.029606108,0.059185423,0.045740977,0.06666667,0.018543525,0.03293973,0.02751033,0.060789835,0.020755464,0.015915254,0.01972237,0.026739258,0.026991947,0.04476769,0.013135916,0.048447125,0.025358444,0.025256094,0.030356066,0.025369143
2023-08-02,0.017279314,0.047296856,0.039770264,0.017742623,0.045176458,0.026709821,0.037317146,0.037652183,0.03961604,0.015838731,0.016788702,0.026510758,0.06666667,0.045465603,0.06666667,0.01923252,0.02136949,0.025417928,0.06666667,0.023685947,0.017091896,0.019625276,0.032865267,0.024945345,0.04626835,0.012321207,0.050029088,0.019000959,0.016465988,0.039368786,0.019147458
2023-08-03,0.014108822,0.055372197,0.038437963,0.023234483,0.037293334,0.027399758,0.030640075,0.037493326,0.04056432,0.013239609,0.023260389,0.026522223,0.06666667,0.0448092,0.062791534,0.019962538,0.024985291,0.02287427,0.06666667,0.02110457,0.015151706,0.017574614,0.048217922,0.018616697,0.03933858,0.014868502,0.053958345,0.015895145,0.013663089,0.048609897,0.016678276
2023-08-04,0.014861512,0.042685267,0.04967985,0.019754473,0.038459014,0.02699391,0.029089728,0.049805768,0.042910054,0.01293254,0.023667509,0.025280386,0.06666667,0.047320835,0.06666667,0.02346774,0.029526234,0.021044884,0.06666667,0.019736148,0.0137971,0.014369435,0.045472704,0.018678123,0.043699723,0.015643349,0.05069427,0.0122258,0.013555496,0.037988808,0.01665935
2023-08-07,0.01798586,0.040053383,0.06406215,0.017708529,0.050180163,0.023281349,0.02504747,0.061048873,0.045331027,0.014690592,0.021886189,0.028209234,0.06666667,0.032981656,0.057881285,0.028574947,0.018219987,0.025812235,0.06666667,0.02255675,0.01512407,0.013146394,0.03391327,0.024072764,0.04093304,0.014795827,0.049030747,0.010202758,0.011784227,0.04413466,0.014017227
2023-08-08,0.02180209,0.026972208,0.06666667,0.015456022,0.06666667,0.021410696,0.026285764,0.06666667,0.052048713,0.020211132,0.018694084,0.024884801,0.04630147,0.033540647,0.045030948,0.026712248,0.014555609,0.039351515,0.06666667,0.02559436,0.016573953,0.012530551,0.030016674,0.03444347,0.05048787,0.013450786,0.04482666,0.010488987,0.011747965,0.036503747,0.013410364
2023-08-09,0.018873902,0.024799543,0.06666667,0.019239224,0.06666667,0.024133539,0.024871346,0.06666667,0.048234887,0.020431165,0.023546483,0.02587806,0.041742824,0.03171595,0.04073937,0.030153207,0.015712269,0.039979555,0.06666667,0.02540837,0.017514871,0.012210623,0.03131383,0.03191251,0.047879703,0.015943578,0.04753809,0.011567872,0.012605937,0.035843357,0.0135432575
2023-08-10,0.01558832,0.020528313,0.058731027,0.02189811,0.06666667,0.033712883,0.023261704,0.06419083,0.050592232,0.024728732,0.0262174,0.02398101,0.03809262,0.031552825,0.036788505,0.02796548,0.019567309,0.044348165,0.06666667,0.027305258,0.018615464,0.011944141,0.031618517,0.028836666,0.045489807,0.017479744,0.047574777,0.011990861,0.013690142,0.0357232,0.014652633
2023-08-11,0.016775852,0.021366509,0.052667703,0.02239455,0.06666667,0.030985903,0.025398588,0.05508233,0.050707012,0.02898873,0.024756705,0.023957811,0.060818944,0.030303251,0.03379496,0.031387568,0.014577011,0.046189733,0.06666667,0.033663727,0.022232702,0.012176403,0.025078043,0.031615216,0.041417047,0.016427072,0.0394407,0.011199958,0.013741793,0.031913474,0.017607378
2023-08-14,0.018439436,0.02550291,0.049450405,0.02528101,0.06666667,0.04413845,0.024208121,0.053497955,0.05191627,0.028192876,0.026491042,0.023512974,0.034122057,0.027940437,0.03513793,0.024405794,0.02890783,0.046033338,0.06666667,0.03190684,0.020191528,0.012405106,0.025065875,0.025130926,0.03716189,0.015298534,0.04704634,0.0146610895,0.016606335,0.036191344,0.017822022
2023-08-15,0.019568,0.03621737,0.047508277,0.02778234,0.06666667,0.041567244,0.024885092,0.040941916,0.04977088,0.019812882,0.026892325,0.029971218,0.029741792,0.02402679,0.029001543,0.025130112,0.032655045,0.04363008,0.050883427,0.03815696,0.02280161,0.020457895,0.027307993,0.02693049,0.032413144,0.01556036,0.049134832,0.020638978,0.018870516,0.043201577,0.017872643
2023-08-16,0.017699625,0.047509633,0.042101696,0.03716168,0.046950523,0.03681199,0.022911044,0.037778907,0.043567397,0.01611782,0.033782557,0.032013927,0.02668034,0.0236073,0.02542546,0.03052294,0.030728694,0.04195426,0.04066635,0.039385755,0.030514086,0.024360674,0.038797013,0.028414177,0.02746695,0.02118759,0.044856764,0.021974698,0.021330226,0.05178713,0.015932798
2023-08-17,0.016187694,0.03770409,0.03714942,0.03988264,0.035478495,0.039703175,0.02121161,0.03786816,0.041107807,0.020099152,0.03681898,0.035538737,0.02630845,0.025222195,0.021846784,0.041438103,0.03193709,0.055210218,0.03863307,0.03842861,0.033374563,0.020467693,0.033625364,0.034632705,0.026874235,0.025188839,0.038977023,0.023057288,0.021570211,0.048591513,0.015866086
2023-08-18,0.014552571,0.024734955,0.025217295,0.04383205,0.028176844,0.055408753,0.019131184,0.025530033,0.035106137,0.018924346,0.043265175,0.04511124,0.019458666,0.022953583,0.015452393,0.059054464,0.039112475,0.060479283,0.02191808,0.042811375,0.046166096,0.028501011,0.02355164,0.04069585,0.022050783,0.031899698,0.031890735,0.028639117,0.027987463,0.042301822,0.016084887
2023-08-21,0.015896453,0.018843887,0.02549122,0.04016229,0.02714618,0.059245232,0.021216579,0.025624003,0.03404863,0.021916678,0.036290504,0.043119036,0.023170428,0.026426744,0.013624778,0.05762471,0.03568528,0.06333582,0.02098636,0.049409714,0.049351227,0.034963693,0.02315026,0.045841742,0.023304885,0.029733025,0.027143825,0.026366908,0.028184326,0.03404206,0.018653527
2023-08-22,0.016179677,0.021475956,0.029600898,0.037381183,0.025197782,0.05025979,0.021509757,0.022485264,0.03217576,0.019788852,0.034774397,0.049245354,0.028960317,0.022497993,0.012540707,0.06666667,0.028145343,0.05867333,0.01929191,0.05190553,0.053281315,0.043190394,0.022341615,0.05264957,0.021793105,0.028613329,0.025719453,0.0285675,0.025024258,0.033135105,0.016927887
2023-08-23,0.015801115,0.030594505,0.02302144,0.041300353,0.021678634,0.04472627,0.01978894,0.01810679,0.030349102,0.020959578,0.040523026,0.04838081,0.034458306,0.019768856,0.0119972825,0.06666667,0.026460648,0.054436825,0.016192598,0.049620025,0.060654335,0.04222892,0.023755524,0.04659465,0.017597077,0.034293965,0.024951104,0.03437957,0.023721198,0.038711786,0.0182801
2023-08-24,0.018400228,0.03207025,0.02499655,0.04463511,0.022274526,0.06412594,0.023019115,0.016316133,0.028923523,0.021401325,0.037200477,0.037578642,0.024031244,0.019241065,0.015912283,0.05223211,0.03743162,0.041714977,0.013071254,0.044754487,0.06666667,0.050332427,0.022532405,0.040393297,0.021075178,0.02792286,0.027832381,0.046919126,0.026762329,0.031640816,0.018591654
2023-08-25,0.017774371,0.05071336,0.022908611,0.055698186,0.017839761,0.04951869,0.020481106,0.017489305,0.024292292,0.018056594,0.054174904,0.040376473,0.01981733,0.016523171,0.018901724,0.052551337,0.04385045,0.037366744,0.013360142,0.03302368,0.057363037,0.037141234,0.029958542,0.030483894,0.017327245,0.037808456,0.03293753,0.046257924,0.024907798,0.04291363,0.018182475
2023-08-28,0.017561981,0.03410406,0.02163128,0.05564028,0.021187587,0.06094535,0.021738766,0.017040305,0.026297852,0.023701448,0.05034833,0.032310884,0.016758151,0.018155346,0.017278971,0.050344784,0.04894152,0.04075168,0.0139341345,0.035122592,0.062166937,0.038615428,0.026673796,0.03342483,0.020512415,0.038702674,0.028708974,0.049427595,0.028264197,0.028532745,0.021175109
2023-08-29,0.021072185,0.041494615,0.022698473,0.048161324,0.023173334,0.05620973,0.02451432,0.01872394,0.025797471,0.027268667,0.043363962,0.028625984,0.019707082,0.018551815,0.02139058,0.043732762,0.046671703,0.03810789,0.015721511,0.035012778,0.062745266,0.036553603,0.024984667,0.0328964,0.021874307,0.036448345,0.029595247,0.053859252,0.028337628,0.027883345,0.024821805
2023-08-30,0.02336623,0.037908986,0.02346638,0.045417372,0.026554037,0.063489676,0.031146107,0.018048175,0.027582448,0.03414756,0.031035021,0.020022923,0.01599864,0.019689217,0.028149411,0.027538843,0.047722563,0.03451958,0.012918523,0.03190465,0.058278117,0.04130678,0.026240146,0.027592594,0.03025862,0.030005472,0.03403029,0.06666667,0.030113962,0.026458323,0.028422697
2023-08-31,0.017664708,0.03307031,0.022623073,0.05423244,0.028093223,0.06666667,0.03481998,0.018058434,0.023530196,0.030598322,0.030959576,0.015250219,0.013456751,0.020860717,0.037779007,0.026672691,0.060312964,0.026279956,0.01157091,0.029263001,0.051813316,0.03554382,0.026907451,0.022131752,0.037232142,0.031009812,0.042697366,0.06666667,0.03553684,0.022163274,0.026534414
2023-09-01,0.01678285,0.034376875,0.025022909,0.058885,0.029278496,0.06666667,0.034321766,0.021542499,0.017923309,0.02939201,0.029314272,0.013213235,0.011242247,0.018439066,0.052466754,0.031199183,0.06666667,0.019619256,0.01048511,0.026959373,0.045738243,0.02535322,0.023384908,0.018137828,0.037494224,0.03159718,0.05519861,0.06568333,0.03779757,0.02217234,0.023645002
2023-09-05,0.015761511,0.027458703,0.025456537,0.05308843,0.027728457,0.06666667,0.03206567,0.022810876,0.02123597,0.028757168,0.026345046,0.014200382,0.008805045,0.021508312,0.059935603,0.0321318,0.06666667,0.018371439,0.008746663,0.025777232,0.04530565,0.026437366,0.018737841,0.017021092,0.040823422,0.027790828,0.06265427,0.06666667,0.049860157,0.02297655,0.018207978
2023-09-06,0.012898248,0.02971087,0.025085997,0.051148854,0.030438954,0.06666667,0.031095536,0.019565312,0.022044064,0.02283448,0.028630782,0.017115127,0.010534022,0.018484568,0.05136312,0.04107892,0.06666667,0.015393803,0.008148015,0.028365692,0.04781903,0.03369819,0.018776493,0.018105539,0.03260342,0.03287229,0.059666667,0.06289028,0.055469193,0.023252336,0.017576866
2023-09-07,0.011783141,0.028338695,0.029443622,0.048716057,0.031382162,0.06666667,0.027962873,0.02413286,0.026267702,0.02715063,0.02896726,0.015284127,0.01431775,0.019309865,0.05687731,0.046962395,0.06426895,0.015031341,0.010672916,0.030736234,0.052269407,0.026739014,0.018560618,0.017475951,0.033978503,0.03425509,0.057781573,0.046808816,0.047532257,0.02348726,0.016838955
2023-09-08,0.013370346,0.03625287,0.0324088,0.047135707,0.03312265,0.06666667,0.026230631,0.026621167,0.031798802,0.025669772,0.030048268,0.014804315,0.013153953,0.018380519,0.06180135,0.03489729,0.06590602,0.013760057,0.012024717,0.028954301,0.050307825,0.02646754,0.022265395,0.015120488,0.03147257,0.031020008,0.05943006,0.042297523,0.043945387,0.028332567,0.016332436
2023-09-11,0.013333555,0.033494715,0.03899868,0.0448792,0.037293687,0.06666667,0.026203152,0.030735524,0.03494464,0.024260728,0.032084607,0.015417304,0.012473238,0.018352136,0.063201204,0.03387334,0.06666667,0.013615153,0.013693043,0.029102616,0.04340764,0.023871195,0.022524802,0.015129052,0.032654352,0.030726243,0.063461214,0.03264925,0.0408404,0.029573468,0.015872534
2023-09-12,0.018443856,0.044935532,0.041708488,0.055194084,0.04230111,0.06666667,0.025047245,0.034482554,0.02472322,0.021327216,0.0378014,0.015707493,0.012112799,0.015486648,0.058564503,0.03806877,0.04997083,0.014655337,0.016985321,0.028728971,0.03611199,0.018724935,0.022877987,0.015346877,0.03271989,0.030743718,0.06666667,0.030862067,0.03020672,0.03602058,0.016806517
2023-09-13,0.022134338,0.040156025,0.037976366,0.06019296,0.040294457,0.06666667,0.024617933,0.034655996,0.020875843,0.024515565,0.04679685,0.023309303,0.011983814,0.0149492575,0.058424063,0.037776466,0.06127706,0.017415423,0.018150827,0.021955315,0.024918674,0.013463003,0.018977152,0.013451976,0.027803306,0.03299741,0.06666667,0.027904712,0.031250823,0.03911852,0.019323217
2023-09-14,0.02975691,0.037310533,0.047366228,0.04709686,0.04248806,0.057857927,0.026647799,0.045718245,0.017785907,0.02223948,0.042515084,0.027003454,0.01280055,0.015378318,0.061775394,0.04377295,0.053667825,0.017868383,0.023790792,0.021133399,0.020959493,0.01133072,0.018546017,0.01791995,0.026477737,0.035911035,0.06666667,0.020597534,0.031295456,0.033919755,0.022401536
2023-09-15,0.035521623,0.03421637,0.04892274,0.041185156,0.047186203,0.057893544,0.029229982,0.044671122,0.021385781,0.026011985,0.04043721,0.021986675,0.013748819,0.017883401,0.06633328,0.033300575,0.05070931,0.017890038,0.027808718,0.020044576,0.022971878,0.012667456,0.018785262,0.01737997,0.033846773,0.032848317,0.06054015,0.022266736,0.028591795,0.028352115,0.02538244
2023-09-18,0.035072953,0.03211345,0.04307648,0.042860243,0.044555977,0.04007183,0.029532017,0.03646869,0.02237432,0.031620488,0.051520303,0.031129368,0.018771738,0.017375605,0.05403771,0.03808355,0.039759148,0.020723587,0.03043165,0.017315088,0.023993509,0.01554098,0.025713628,0.018168427,0.027658137,0.044549823,0.054203965,0.026195325,0.03079368,0.029025955,0.027262373
2023-09-19,0.036179308,0.036028128,0.040116154,0.039610382,0.04618921,0.03386798,0.029069552,0.03168261,0.019798642,0.026811494,0.052929394,0.03666473,0.021650117,0.017626638,0.049892083,0.038526017,0.0438982,0.018344099,0.032274935,0.016818857,0.022684736,0.018961005,0.028909277,0.0178727,0.025183948,0.04704267,0.053619217,0.030502992,0.029790226,0.027618531,0.029836169
2023-09-20,0.03374154,0.028939458,0.03726373,0.03948286,0.042192023,0.040306836,0.028235376,0.031701677,0.018224558,0.026767556,0.053219307,0.038736556,0.014325254,0.018787965,0.040824875,0.040920105,0.050844844,0.020577993,0.026362034,0.01668956,0.026957177,0.021730455,0.029372793,0.02061596,0.02363206,0.050479632,0.053239763,0.03515382,0.037085902,0.025997978,0.02759035
2023-09-21,0.033759177,0.03530341,0.036340967,0.038274642,0.03826336,0.026674898,0.027107293,0.033686727,0.020321662,0.02945055,0.056353394,0.04391897,0.023016585,0.02094635,0.03583395,0.037897076,0.03985175,0.023783509,0.035248417,0.016464861,0.023194887,0.0205652,0.040967852,0.019989336,0.020694561,0.052790258,0.048008915,0.028920654,0.03071377,0.031109251,0.030547759
2023-09-22,0.025258671,0.04000452,0.030574385,0.03470687,0.026604176,0.018072464,0.022751572,0.030238535,0.022334019,0.027561782,0.06316372,0.06521735,0.03766663,0.022685625,0.032557487,0.049030855,0.033704877,0.027487267,0.042204265,0.014074032,0.019359823,0.016235245,0.04488068,0.021696739,0.016150216,0.057460908,0.04054307,0.024684023,0.030881608,0.035802536,0.026406042
2023-09-25,0.023215415,0.051391963,0.026576214,0.028552605,0.028147617,0.018804496,0.021628486,0.026917735,0.029411528,0.034081135,0.050795745,0.062918864,0.04719741,0.021787506,0.032947347,0.038968254,0.03983578,0.029511051,0.040099315,0.015833974,0.019974561,0.016393242,0.041871756,0.02074549,0.014181794,0.052597266,0.03709907,0.029729446,0.031411756,0.03804133,0.02933185
2023-09-26,0.02178282,0.048475727,0.02874461,0.024816535,0.030711079,0.02318106,0.022222977,0.026444979,0.035980817,0.03912185,0.043104075,0.06666667,0.04652673,0.020342749,0.032773834,0.037191134,0.042311933,0.03378291,0.035624184,0.017119987,0.021035217,0.016628345,0.031841014,0.022933418,0.01408598,0.0433093,0.038816094,0.031718403,0.033597823,0.040988147,0.028119601
2023-09-27,0.015696991,0.04310961,0.029758414,0.028849576,0.026555648,0.025467327,0.021069368,0.02794785,0.03690124,0.034528118,0.050588164,0.06360584,0.04939123,0.02131444,0.03281296,0.04421335,0.03961647,0.03174902,0.035018176,0.017654326,0.023493102,0.016158862,0.03772818,0.02142028,0.014482868,0.05043333,0.037442636,0.024563255,0.031956848,0.041442942,0.025029583
2023-09-28,0.013186228,0.03544643,0.037134778,0.023968628,0.030946087,0.037746597,0.022047846,0.030251201,0.046242844,0.031307627,0.04443017,0.05269447,0.051943548,0.021870416,0.03710944,0.05084105,0.041099682,0.025542552,0.03185055,0.022536112,0.033043355,0.01883873,0.028175764,0.022702929,0.016839089,0.045166958,0.036119096,0.02026117,0.03369294,0.033080693,0.023883019
2023-09-29,0.015471293,0.040035177,0.043402504,0.019962179,0.03179514,0.03709059,0.025168518,0.031096151,0.058612004,0.031070653,0.035437986,0.0464402,0.05590256,0.023483632,0.04206069,0.035330907,0.036593746,0.024375787,0.030361502,0.023703964,0.036122445,0.023448514,0.029743832,0.022046499,0.019139033,0.0350081,0.035339683,0.019824563,0.031733003,0.035618313,0.024580836
2023-10-02,0.010559881,0.01443964,0.030579332,0.017276488,0.031700876,0.030350275,0.02384406,0.025152996,0.066062905,0.045500748,0.02802047,0.047730286,0.06666667,0.03209915,0.021229936,0.04277592,0.01810398,0.04857257,0.034670006,0.028553158,0.041141134,0.031328574,0.03165032,0.037867382,0.024570117,0.040919792,0.022180665,0.020889124,0.033898644,0.02833895,0.023325948
2023-10-03,0.008292483,0.010458741,0.030020777,0.016982783,0.03652345,0.024005331,0.023946788,0.022309648,0.05847559,0.046082117,0.025962442,0.054699518,0.06666667,0.027377866,0.014822591,0.052336767,0.010654761,0.0641904,0.037849452,0.029071372,0.038907405,0.033118125,0.028196456,0.054586027,0.024553834,0.037161995,0.021042565,0.022624463,0.03266214,0.027672896,0.018744554
2023-10-04,0.0070146625,0.010846085,0.022702204,0.022411756,0.03535731,0.027665805,0.022060648,0.020113157,0.052441772,0.052175865,0.033895183,0.055314608,0.049197264,0.024703741,0.013982832,0.04956123,0.014306003,0.06666667,0.030021587,0.026306992,0.038201664,0.030642293,0.032642584,0.045849662,0.022112686,0.049018305,0.024734287,0.030636875,0.03642457,0.033378635,0.019613069
2023-10-05,0.00820266,0.010245734,0.029912645,0.020636706,0.040729128,0.019967565,0.024911398,0.025778335,0.044185437,0.05220543,0.029453848,0.053832415,0.04419603,0.024495259,0.013536161,0.043590374,0.011157796,0.06666667,0.04325075,0.02466988,0.0324825,0.030478766,0.041494757,0.057816632,0.024496835,0.044688556,0.024818992,0.029212771,0.030613499,0.032221142,0.020051328
2023-10-06,0.009950459,0.00981627,0.023364551,0.022791581,0.03399895,0.017678618,0.024530105,0.019234696,0.040392306,0.061009433,0.031402096,0.06643103,0.032480538,0.02076448,0.010601392,0.048063282,0.009329114,0.06666667,0.03081517,0.022217171,0.038920205,0.03976876,0.033311035,0.062784664,0.021043492,0.04502524,0.022299897,0.045025986,0.037700526,0.03380404,0.018778246
2023-10-09,0.010003096,0.010664838,0.025048893,0.021393778,0.038442146,0.015006936,0.026348684,0.017290981,0.039744057,0.055096116,0.027447632,0.06286835,0.05098801,0.02138874,0.01022433,0.047260467,0.0064579933,0.06666667,0.037297986,0.024850877,0.03724163,0.043154724,0.032282896,0.06666667,0.023497635,0.037505336,0.0215494,0.042472526,0.03019053,0.032343436,0.01860464
2023-10-10,0.008792156,0.010152074,0.021433296,0.027915683,0.036694888,0.021548472,0.029085584,0.01392507,0.04320568,0.058773883,0.030973738,0.052762814,0.044498138,0.021733511,0.011748006,0.045832142,0.007808347,0.06666667,0.025084835,0.024381878,0.041990343,0.045131825,0.030522857,0.05336987,0.026642071,0.03995408,0.024554364,0.04888026,0.03447371,0.031702753,0.019761011
2023-10-11,0.011464473,0.014681087,0.023734955,0.027231725,0.041274127,0.01826617,0.034523375,0.01833612,0.036443803,0.055621613,0.02679423,0.042379588,0.050876264,0.021869067,0.015251567,0.04143828,0.0077648326,0.06666667,0.029757828,0.027447952,0.03651294,0.03506087,0.03010414,0.054450154,0.031745303,0.038540658,0.028471418,0.04610804,0.027783627,0.03448313,0.024915995
2023-10-12,0.012323485,0.019082488,0.022865044,0.027446594,0.04175842,0.014729946,0.036132134,0.01478973,0.035680845,0.046690658,0.025117813,0.042503122,0.052320536,0.020211255,0.015353824,0.030306974,0.0076504843,0.06666667,0.0277289,0.02559401,0.031334333,0.04632676,0.040422805,0.048716318,0.031716987,0.037419386,0.029879866,0.05958154,0.025784316,0.03807271,0.025792053
2023-10-13,0.011150318,0.015147734,0.0233549,0.029896474,0.044613466,0.016740665,0.036205582,0.015786981,0.032973144,0.047941357,0.025474738,0.042210173,0.04073991,0.01960101,0.016146827,0.034700837,0.008253365,0.06666667,0.027105717,0.024068115,0.030804597,0.0455294,0.039128277,0.050210074,0.03471038,0.04026228,0.031680286,0.061664384,0.030266989,0.032658752,0.024306603
2023-10-16,0.010749602,0.015926167,0.023288606,0.033850912,0.042791106,0.01941558,0.03897691,0.016889723,0.037056074,0.04634003,0.030611245,0.036979012,0.04154333,0.023307296,0.022700487,0.028931363,0.013050672,0.05141585,0.02938976,0.021633478,0.02709177,0.04135357,0.04941551,0.035830077,0.03840276,0.044813275,0.033734523,0.0541174,0.03332024,0.02815138,0.028922293
2023-10-17,0.012361673,0.010618975,0.023861142,0.033154067,0.042908676,0.018878287,0.044116195,0.018382683,0.03588058,0.056982942,0.024885867,0.03197926,0.037812963,0.026705328,0.019650107,0.026236616,0.010493076,0.06666667,0.031488866,0.022673817,0.026694128,0.03760096,0.04237938,0.044067077,0.04921567,0.037237577,0.029327802,0.051899627,0.031042185,0.023956431,0.030841373
2023-10-18,0.014063882,0.012352538,0.025900915,0.03644443,0.047428295,0.02169666,0.046222266,0.02152058,0.033525184,0.05055782,0.02765935,0.025715966,0.031470004,0.027882054,0.024887186,0.022941792,0.015098715,0.06038031,0.034248807,0.022384377,0.023741836,0.031375673,0.046242945,0.033790387,0.052693136,0.041121557,0.033450413,0.04450099,0.033062436,0.021345299,0.036294196
2023-10-19,0.012431161,0.01226256,0.027803998,0.038436387,0.0431773,0.019499535,0.044408597,0.02745876,0.026189234,0.034149706,0.043522473,0.022146309,0.029134037,0.03199387,0.033954162,0.030250097,0.023608092,0.03460307,0.045487467,0.01894664,0.0196393,0.023409769,0.06666667,0.023843328,0.048373066,0.06666667,0.032264706,0.025346795,0.038710352,0.0141685195,0.04144737
2023-10-20,0.014139277,0.014879606,0.028475031,0.042117026,0.042903904,0.018339507,0.041762013,0.027156722,0.02304695,0.029037675,0.059509683,0.022332685,0.026081692,0.02677251,0.03471416,0.038905323,0.028798683,0.029324155,0.043227267,0.018684035,0.02007673,0.02167551,0.06666667,0.020574203,0.040599454,0.06666667,0.03223261,0.024481496,0.035965808,0.013249151,0.0476038
2023-10-23,0.014840577,0.014790017,0.024479695,0.05435499,0.032210577,0.019785434,0.03664361,0.025911268,0.0193942,0.024597416,0.06666667,0.027126152,0.026399253,0.028517451,0.034627717,0.048136212,0.035736192,0.029644411,0.042361084,0.016345697,0.020772329,0.021734033,0.06666667,0.019512327,0.035025377,0.06666667,0.028962234,0.023510484,0.03722392,0.0134312445,0.0439261
2023-10-24,0.014271888,0.012125404,0.029476399,0.05231061,0.033661216,0.016512267,0.03334177,0.027231345,0.019678311,0.0258356,0.06666667,0.030000756,0.02872402,0.027393127,0.027022071,0.05906853,0.024723034,0.033984665,0.054472823,0.016851522,0.020903775,0.024062118,0.06666667,0.024453623,0.03520008,0.06666667,0.02592228,0.023371669,0.031402,0.012316675,0.03568243
2023-10-25,0.018826826,0.020430977,0.02164022,0.06666667,0.036543604,0.012746363,0.035619564,0.019169042,0.019132249,0.03520628,0.06666667,0.021985753,0.031805597,0.021366453,0.031220788,0.03692108,0.026855001,0.034124713,0.050285146,0.015520172,0.017902693,0.020973964,0.06666667,0.015734734,0.033819184,0.06666667,0.026342804,0.041478444,0.024934275,0.013184373,0.049563035
2023-10-26,0.015356265,0.024662768,0.022952775,0.06666667,0.035356384,0.014980584,0.030227844,0.023380633,0.02115729,0.028806921,0.06666667,0.023332136,0.04411132,0.025422418,0.028800366,0.036248986,0.020417208,0.037749957,0.06227964,0.018329276,0.017952165,0.020516802,0.06666667,0.016792439,0.031773463,0.06666667,0.028134642,0.024449011,0.022396382,0.020094857,0.0376508
2023-10-27,0.021364883,0.035076693,0.023335826,0.06666667,0.028557228,0.016426455,0.029356409,0.019860283,0.022991836,0.024908828,0.06666667,0.027397508,0.033222325,0.024470486,0.02985285,0.028458737,0.029255,0.031740017,0.046013556,0.01660959,0.02041776,0.032685667,0.06666667,0.011534136,0.028350623,0.06666667,0.030454695,0.032453857,0.022869663,0.027609512,0.03805891
2023-10-30,0.022570284,0.04428075,0.025463665,0.06666667,0.036851868,0.013586623,0.027922457,0.02057059,0.018875528,0.02078304,0.06666667,0.030720176,0.033235226,0.018058632,0.023068085,0.032917213,0.021718932,0.031493373,0.042832233,0.020287037,0.02182542,0.037518285,0.06666667,0.014190614,0.0225909,0.06666667,0.030894335,0.029667223,0.021989053,0.031365953,0.038055837
2023-10-31,0.025167074,0.03154445,0.026593842,0.06494825,0.044229247,0.012831155,0.030231891,0.022777345,0.021941142,0.031714745,0.06666667,0.02240827,0.031685445,0.018734392,0.023417335,0.025011325,0.016448202,0.04124481,0.053287204,0.019037139,0.020187454,0.028358744,0.06666667,0.015501001,0.029693466,0.06666667,0.02721677,0.028171936,0.018376835,0.025951104,0.04328941
2023-11-01,0.033108998,0.03149616,0.02901779,0.061072614,0.042764004,0.01222377,0.03312904,0.025141275,0.02048062,0.030475475,0.06594391,0.023069795,0.023680104,0.019370515,0.02454583,0.023025336,0.0147882905,0.040701825,0.050928332,0.018750664,0.02189375,0.030725278,0.06666667,0.017824512,0.030101174,0.06041317,0.028085204,0.02806894,0.022039576,0.028461633,0.042005748
2023-11-02,0.032284405,0.03281585,0.034132857,0.06155966,0.052975938,0.015905295,0.035071652,0.027327618,0.01821095,0.031308826,0.052458722,0.019510001,0.019434659,0.017058704,0.027203174,0.022772562,0.013723173,0.037962094,0.04397091,0.019995525,0.02313041,0.030671043,0.06666667,0.019769747,0.03477166,0.052509837,0.035407253,0.031997588,0.022024054,0.0306492,0.03671997
2023-11-03,0.031620145,0.027684659,0.035784286,0.05244952,0.060849868,0.021926206,0.0413345,0.029109396,0.021159962,0.03360562,0.039108388,0.013975897,0.022349792,0.021550009,0.035304356,0.018428847,0.012967624,0.032718495,0.042391766,0.023378713,0.025558647,0.02983651,0.06666667,0.019198101,0.046224475,0.03934011,0.03766601,0.027766302,0.023489183,0.027271604,0.03928435
2023-11-06,0.03677109,0.025772037,0.039254155,0.048074078,0.05244183,0.019324709,0.045281347,0.030380966,0.022087783,0.033267032,0.03170662,0.015279825,0.023877753,0.023631942,0.03213975,0.018707994,0.008667547,0.0386173,0.037824675,0.025143934,0.029400853,0.0364411,0.065514535,0.025028188,0.049990196,0.03371967,0.03547542,0.025877014,0.022675192,0.033777874,0.033847596
2023-11-07,0.032445118,0.022509038,0.043168716,0.051614475,0.049401116,0.01818893,0.049045686,0.032865852,0.017214427,0.023511209,0.032500856,0.017566318,0.020866599,0.027104218,0.032428227,0.023034623,0.010096882,0.036195792,0.041304242,0.022702826,0.022705233,0.036224987,0.06666667,0.028112497,0.05633285,0.0351351,0.04170275,0.025385091,0.024849368,0.02976327,0.029357044
2023-11-08,0.030150628,0.019907251,0.044263188,0.047517627,0.050636347,0.014636478,0.05162361,0.032419138,0.016108545,0.023508843,0.029830204,0.01978468,0.02411451,0.028193092,0.028796045,0.02425855,0.009051687,0.04120021,0.04930873,0.021967946,0.01841071,0.034952223,0.06666667,0.032564837,0.05927348,0.034038994,0.041415278,0.02600981,0.022611748,0.027793005,0.028985938
2023-11-09,0.026526809,0.021606488,0.046019893,0.045255907,0.04395886,0.014107557,0.051028628,0.031327713,0.017279182,0.020009343,0.029918961,0.021874897,0.02792349,0.030939505,0.029567247,0.025203723,0.008955478,0.03864058,0.049571045,0.02188452,0.018819163,0.039085552,0.06666667,0.03399287,0.06058421,0.033598453,0.04144776,0.02569104,0.02227671,0.030259142,0.025978606
2023-11-10,0.021632833,0.025635311,0.04641507,0.048759874,0.04072506,0.010343802,0.04604971,0.028062597,0.016986974,0.018372573,0.035433087,0.022627471,0.059019826,0.027800903,0.025900053,0.038075294,0.0048951204,0.033101305,0.059135318,0.024446767,0.022056634,0.034080498,0.06666667,0.03565021,0.05228544,0.03472023,0.03548169,0.018176682,0.016334234,0.0279003,0.023228467
2023-11-13,0.021769963,0.03386419,0.05208626,0.041277993,0.0448223,0.010400133,0.0441517,0.02870482,0.01957851,0.01824389,0.031248493,0.021192279,0.061760746,0.026606591,0.030921774,0.031175965,0.0055816597,0.029496951,0.06620072,0.023032492,0.01980646,0.029807974,0.06666667,0.03279248,0.053178754,0.027952962,0.04085325,0.02051195,0.014576588,0.029757157,0.02197832
2023-11-14,0.020762477,0.043442857,0.055883925,0.04784567,0.041783206,0.010867348,0.041208815,0.029168345,0.021297375,0.015794884,0.03452146,0.018460387,0.06666667,0.025377428,0.03625619,0.030827744,0.005939953,0.022819659,0.06630939,0.022709522,0.01997225,0.026689297,0.06666667,0.026336398,0.051470477,0.026425889,0.0438307,0.017606812,0.012499238,0.030885497,0.019673474
2023-11-15,0.028644472,0.0620194,0.050166305,0.03535447,0.035558503,0.011484681,0.043373995,0.027621226,0.027602708,0.016330142,0.024598885,0.017209,0.06666667,0.03100943,0.04592008,0.01807967,0.007022135,0.022132209,0.056524966,0.024520919,0.022372387,0.030815898,0.06666667,0.024327148,0.052351885,0.017460119,0.04006056,0.020240726,0.013553641,0.03801575,0.022295354
2023-11-16,0.02520009,0.043703213,0.04322397,0.035947144,0.03563271,0.013392201,0.045981105,0.028139945,0.030185249,0.020877926,0.022047732,0.017812025,0.06666667,0.038990427,0.04049861,0.016836012,0.007008208,0.033562943,0.05805708,0.025216775,0.022581998,0.028142158,0.060981523,0.02929468,0.05974114,0.01592811,0.038341902,0.020868856,0.015045273,0.03767275,0.022421569
2023-11-17,0.02737292,0.06666667,0.029959185,0.03905352,0.025712462,0.011749763,0.04052965,0.020371757,0.026210789,0.011689806,0.028959282,0.026054116,0.06666667,0.0411756,0.041166507,0.019984083,0.008650363,0.025030619,0.03930822,0.02524428,0.025088456,0.03715596,0.06571384,0.026780484,0.042863086,0.019005682,0.039133616,0.023758618,0.018313445,0.059482016,0.021148544
2023-11-20,0.03123245,0.06666667,0.027381321,0.040612116,0.024723107,0.016813766,0.039212324,0.020117922,0.025572678,0.011577614,0.026878903,0.028960038,0.06666667,0.03708654,0.03998017,0.02137792,0.010527604,0.028137412,0.025759801,0.029821115,0.03074654,0.04152189,0.045569688,0.027743386,0.039870128,0.018208437,0.041100122,0.025973089,0.021624094,0.06666667,0.02186983
2023-11-21,0.036045376,0.06666667,0.02554639,0.042011727,0.023176478,0.01725587,0.042962,0.018707462,0.021313198,0.010117068,0.024439132,0.03156025,0.064977854,0.037584756,0.035556488,0.022177836,0.011511845,0.028965933,0.020390833,0.03185723,0.030943267,0.048814844,0.04103997,0.031039963,0.03812913,0.01762087,0.038280237,0.02660775,0.025706291,0.06508506,0.023908222
2023-11-22,0.036644362,0.06666667,0.020694843,0.04555493,0.021650989,0.015386193,0.041420802,0.01722199,0.019360285,0.009451968,0.027047254,0.037432794,0.055617247,0.038104214,0.02780759,0.021094171,0.013774484,0.03594197,0.02000247,0.032733686,0.027613757,0.0503617,0.044509627,0.03295858,0.034152158,0.01957102,0.037243336,0.030733684,0.026874334,0.06666667,0.02570623
2023-11-24,0.043711275,0.06666667,0.02099253,0.03970976,0.023660807,0.0151030505,0.043005392,0.018885663,0.018009348,0.009649234,0.02525023,0.037557162,0.055142235,0.041133076,0.028855313,0.020112388,0.016219184,0.03594133,0.023296436,0.03269879,0.025239374,0.047418717,0.041409787,0.03458506,0.034953006,0.019086925,0.035525482,0.029628227,0.027915042,0.059246045,0.029392458
2023-11-27,0.04838877,0.06666667,0.0224579,0.03868263,0.025770916,0.01666106,0.041248582,0.022551114,0.018661313,0.010477911,0.024814893,0.03784856,0.04936779,0.040145867,0.029015675,0.01926455,0.018259488,0.04090879,0.025162298,0.03375868,0.02312613,0.038922653,0.036117382,0.03543449,0.033703394,0.01738356,0.037896875,0.026024267,0.026250437,0.06599617,0.029031193
2023-11-28,0.0458492,0.06666667,0.024288598,0.03694988,0.028121876,0.01826715,0.03901439,0.02550297,0.01705863,0.010857912,0.023373539,0.035682645,0.050531596,0.038959168,0.031196594,0.020728363,0.019454302,0.037377566,0.027701706,0.03586009,0.023550138,0.03683118,0.03473327,0.036571134,0.03343835,0.018116133,0.039410718,0.026091287,0.025982425,0.06420842,0.027624099
2023-11-29,0.042261094,0.06666667,0.023834433,0.038190518,0.02871516,0.02213568,0.039376687,0.027616771,0.016507603,0.01102713,0.0240096,0.03059547,0.04334539,0.04092923,0.03749684,0.019174801,0.027300654,0.034085497,0.028931832,0.033267673,0.022940775,0.033182584,0.036715593,0.032338005,0.03450784,0.019166082,0.042415913,0.027412247,0.027791983,0.058962077,0.029098166
2023-11-30,0.04784611,0.059038647,0.022633908,0.035280917,0.02468606,0.024715755,0.036673658,0.028252164,0.017276743,0.0136362035,0.021126503,0.03381345,0.035587255,0.042600513,0.028919106,0.020168358,0.023557972,0.04767292,0.025085418,0.033940613,0.02821854,0.04106827,0.030551033,0.039812475,0.035036985,0.01762382,0.035684295,0.030868337,0.028140161,0.062623225,0.027860591
2023-12-01,0.056494523,0.063226536,0.023961037,0.030876135,0.025385054,0.018788451,0.033426393,0.030237515,0.020416379,0.014396655,0.022078512,0.035984736,0.03833163,0.047034085,0.02587247,0.016679734,0.021928044,0.05013201,0.033897176,0.02893771,0.021586934,0.037902698,0.035423387,0.034279134,0.03451394,0.015426701,0.035672598,0.029470867,0.023072086,0.06666667,0.027900206
2023-12-04,0.06666667,0.06666667,0.0251669,0.026011012,0.02478664,0.018274598,0.034141656,0.03501321,0.022045156,0.014052971,0.0171731,0.029365873,0.0397689,0.051601898,0.03172069,0.013977901,0.026754254,0.04063433,0.0344326,0.02891807,0.021518437,0.03840967,0.03741631,0.029066069,0.03583801,0.015282205,0.032543935,0.027048694,0.021342916,0.061437692,0.032922972
2023-12-05,0.06430662,0.053660046,0.028230974,0.02224342,0.021323455,0.018539634,0.033216167,0.043837804,0.025971873,0.013695843,0.017044637,0.031316217,0.037649292,0.06666667,0.030286549,0.014514962,0.03061698,0.045896873,0.04220416,0.02566649,0.019008933,0.034140673,0.042051475,0.031092534,0.037756782,0.015490259,0.028681247,0.019096784,0.021948213,0.053509455,0.030334987
2023-12-06,0.06666667,0.06348873,0.026034404,0.020123992,0.02268738,0.014648794,0.033676792,0.033256147,0.027618695,0.014534572,0.014865563,0.035734702,0.03363761,0.058000937,0.023728088,0.011525684,0.036238853,0.049279522,0.038323876,0.025849363,0.016749835,0.043080445,0.047461983,0.030027663,0.03268116,0.015347809,0.027471129,0.030248042,0.02199269,0.050836124,0.03418275
2023-12-07,0.06666667,0.06666667,0.019466141,0.018297099,0.019682692,0.0144852465,0.029580096,0.027838526,0.032933936,0.017600691,0.014453364,0.035909433,0.04952092,0.06069069,0.026688814,0.008773577,0.041907344,0.046427548,0.040211115,0.024560044,0.017485363,0.03724822,0.046661373,0.024748432,0.026028052,0.014443848,0.02439928,0.03334592,0.022216387,0.0568179,0.034244608
2023-12-08,0.06666667,0.06666667,0.019839427,0.015847214,0.021509755,0.012917865,0.03093878,0.025467677,0.03439451,0.01696528,0.014000855,0.036081675,0.057505473,0.052855954,0.033089083,0.008042803,0.044200495,0.038450908,0.04219854,0.024967521,0.018745363,0.035577573,0.042011388,0.024081632,0.02317237,0.013386466,0.025774105,0.03889317,0.022190573,0.059566386,0.033993825
2023-12-11,0.05691663,0.06666667,0.020360215,0.0128509775,0.022939745,0.015134012,0.030004006,0.026514636,0.03854117,0.016957896,0.012082431,0.03972188,0.06666667,0.05832247,0.033644944,0.01001253,0.04353022,0.03983453,0.045077205,0.026663925,0.017736828,0.034821305,0.033641156,0.027913667,0.024290936,0.012491888,0.024964398,0.032914896,0.023815393,0.053551603,0.03141517
2023-12-12,0.05052057,0.06666667,0.024727391,0.012553315,0.023785856,0.02057413,0.027954567,0.03635792,0.04185434,0.017933806,0.010700753,0.028814944,0.06666667,0.06666667,0.03521458,0.0113178445,0.039187744,0.038115602,0.05243861,0.032848615,0.022581868,0.030899104,0.031172292,0.031890012,0.028328331,0.011751595,0.022263233,0.021072673,0.021133104,0.046034757,0.02797244
2023-12-13,0.046571095,0.06666667,0.024673965,0.013562,0.024473295,0.017805863,0.026884565,0.038946882,0.03245923,0.01572211,0.011714691,0.03551572,0.06666667,0.06666667,0.03493501,0.012011206,0.036308967,0.04217337,0.06666667,0.02968721,0.017470935,0.027035514,0.031313594,0.03491288,0.028749391,0.01100926,0.024484165,0.019656528,0.018994972,0.05086665,0.025394265
2023-12-14,0.051942434,0.06666667,0.028607776,0.01215938,0.028159529,0.021989143,0.029108636,0.044154137,0.03322886,0.015286669,0.0096789505,0.02661845,0.06666667,0.06666667,0.049217474,0.009590673,0.043052677,0.029014973,0.06666667,0.02967059,0.016583102,0.026494056,0.031601094,0.028891584,0.03212498,0.009085505,0.025227934,0.016130112,0.019090509,0.03992587,0.026698237
2023-12-15,0.050973807,0.06666667,0.025326367,0.014031596,0.019524582,0.033676367,0.030068412,0.037171613,0.03412438,0.015386029,0.010101633,0.03077128,0.06666667,0.06666667,0.060013585,0.010263912,0.051950943,0.029447762,0.038504466,0.02478573,0.020505244,0.028838117,0.024330845,0.02386522,0.03151851,0.009229636,0.027745573,0.018719653,0.023956485,0.04878551,0.026382739
2023-12-18,0.040153537,0.045246273,0.033100367,0.014567743,0.021972582,0.044053536,0.03286347,0.04087553,0.037595287,0.016218716,0.008833391,0.028922925,0.06666667,0.06666667,0.0554097,0.013249908,0.039072514,0.03213696,0.037909504,0.030116368,0.024810383,0.034139343,0.02276635,0.030946644,0.040574327,0.008520176,0.027470008,0.015923673,0.02654813,0.040946174,0.021723146
2023-12-19,0.037502676,0.036990423,0.044786118,0.01872886,0.028469216,0.05374559,0.03284516,0.048291218,0.032358818,0.015461365,0.009655573,0.022530193,0.05242259,0.06515032,0.058638703,0.015513447,0.040318243,0.03008856,0.041302755,0.031997718,0.023652513,0.026499769,0.02028471,0.030892948,0.049587492,0.008002157,0.033540327,0.015049012,0.022236347,0.03448961,0.018967567
2023-12-20,0.03517567,0.026103674,0.04452043,0.019184042,0.03223665,0.06666667,0.031549398,0.046980806,0.03702089,0.018639296,0.010092516,0.021566778,0.03807815,0.06452786,0.046155144,0.015631193,0.03924352,0.038037837,0.038115162,0.035815295,0.028587816,0.028994916,0.01638485,0.035817407,0.05546355,0.007446942,0.032761052,0.01659906,0.02355693,0.031858016,0.017188482
2023-12-21,0.031030389,0.027982214,0.04827686,0.021272238,0.029809417,0.06666667,0.02786195,0.04592562,0.03700162,0.017646981,0.01418528,0.026109688,0.026621694,0.057763435,0.04484633,0.018793272,0.05044433,0.034973495,0.035760954,0.03057558,0.03129266,0.030974265,0.020137161,0.031433,0.048693612,0.010047574,0.03747292,0.019484,0.026349802,0.036377724,0.014189266
2023-12-22,0.033870846,0.020936497,0.05089596,0.019177916,0.036965754,0.06666667,0.0276572,0.042573094,0.044585977,0.023168545,0.013140609,0.022792678,0.022690417,0.053564455,0.034114618,0.01828789,0.039168674,0.040579226,0.03872182,0.035256773,0.039307836,0.036822908,0.017076999,0.037046846,0.052030906,0.008790357,0.032631584,0.022982497,0.025194118,0.029301537,0.013998797
2023-12-26,0.04010263,0.049063046,0.059289895,0.029085414,0.03192333,0.06666667,0.025973434,0.04067928,0.03527595,0.0125620505,0.019222537,0.024974227,0.015790457,0.03576711,0.046525173,0.016686281,0.048556276,0.027455758,0.02822712,0.029228773,0.036568403,0.032225072,0.016616356,0.025699709,0.040426068,0.0073102727,0.051249314,0.022457005,0.022713415,0.051001336,0.010677638
2023-12-27,0.04342192,0.060479023,0.05869019,0.029572994,0.03254797,0.06666667,0.024097333,0.039635,0.03506896,0.011915172,0.01994041,0.023147723,0.015124596,0.032972682,0.0447139,0.014410134,0.050419748,0.025235686,0.02853544,0.03009822,0.036661353,0.032371055,0.01650878,0.023024566,0.037665937,0.0069505,0.051194083,0.023453465,0.020148436,0.05448094,0.010847126
2023-12-28,0.045961645,0.06666667,0.062396448,0.02884702,0.035968825,0.06666667,0.023348983,0.03987514,0.033950914,0.011527586,0.019655073,0.023085153,0.015907148,0.030717988,0.038153317,0.013163157,0.04328711,0.025537396,0.032493692,0.030907042,0.03489038,0.03509473,0.018206034,0.023313416,0.03518112,0.006542963,0.050801307,0.023355633,0.017533123,0.056379158,0.010585158
2023-12-29,0.05610582,0.06666667,0.06083301,0.026894936,0.037736073,0.05312042,0.023186347,0.03824019,0.035497,0.013231526,0.01915853,0.02506484,0.015896564,0.029027227,0.031443566,0.01182789,0.036064193,0.02992552,0.034399986,0.030662173,0.034770153,0.040817432,0.020370668,0.02489505,0.033001747,0.006816077,0.047015514,0.027941648,0.016709369,0.06107063,0.011609241
2024-01-02,0.056734033,0.06666667,0.059966728,0.030125776,0.03667567,0.04551985,0.022540111,0.03905548,0.035043236,0.0140632745,0.021685261,0.025259027,0.017786518,0.028960107,0.028897626,0.013027043,0.031001844,0.03313781,0.03958346,0.030351356,0.03590686,0.037801772,0.021917481,0.026212202,0.032905158,0.0074592303,0.044949662,0.028446216,0.014948778,0.061670195,0.011701566
2024-01-03,0.06628066,0.06462615,0.053214587,0.036024887,0.03498954,0.035196237,0.024506208,0.03950032,0.036289893,0.016880732,0.029891796,0.024398908,0.01381062,0.029872522,0.029888486,0.0111834975,0.037143487,0.038587067,0.044684835,0.02358863,0.027782379,0.030270578,0.027177257,0.02040575,0.034939174,0.009395769,0.043112155,0.029439937,0.015089033,0.055298578,0.016530324
2024-01-04,0.06666667,0.06429868,0.0405812,0.04095375,0.032095283,0.022604147,0.027205339,0.033013992,0.028426232,0.015083762,0.041394725,0.035963245,0.01500251,0.02840178,0.029967844,0.014330393,0.051112235,0.03860921,0.046256974,0.019061077,0.020128384,0.029040603,0.03284665,0.018684575,0.028085476,0.014861259,0.04108325,0.035835817,0.019278763,0.04470434,0.024421833
2024-01-05,0.06666667,0.06666667,0.03781957,0.03585748,0.02605272,0.017473742,0.025071118,0.031690862,0.029553764,0.015157627,0.044259906,0.04137008,0.017493961,0.02924146,0.030791845,0.013648296,0.05053221,0.036890782,0.048869636,0.016612181,0.01940634,0.0303004,0.03877206,0.016713623,0.025194738,0.015961366,0.038496904,0.0388594,0.01865865,0.050288856,0.025627092
2024-01-08,0.06666667,0.06666667,0.032986857,0.03185368,0.02281846,0.017429618,0.025076278,0.029343013,0.029704079,0.018360514,0.038616154,0.046385247,0.018736942,0.028774431,0.029390149,0.01545574,0.04718079,0.046229683,0.041545168,0.018123198,0.02276164,0.03145604,0.028872656,0.01973719,0.025502356,0.015689028,0.034747276,0.049115878,0.019618979,0.05221502,0.028940603
2024-01-09,0.06666667,0.06666667,0.030448968,0.029540615,0.026308158,0.015318175,0.02739525,0.025300909,0.028828366,0.020520924,0.027750432,0.04132267,0.02630592,0.028026363,0.027308224,0.014189765,0.03217546,0.052239515,0.042391583,0.022210142,0.025895504,0.037666846,0.026762264,0.02645113,0.029400304,0.01313511,0.03154358,0.06218428,0.018004753,0.04907822,0.028963234
2024-01-10,0.059685443,0.06666667,0.033437215,0.035526678,0.030783266,0.015340851,0.02542546,0.027040394,0.025155969,0.020055326,0.029426768,0.041225445,0.01837276,0.02194889,0.026269019,0.016696032,0.027925877,0.06058191,0.045260448,0.020236878,0.023421641,0.030488543,0.02776077,0.030597657,0.032090187,0.013536578,0.03848235,0.06666667,0.01738579,0.049940035,0.022568483
2024-01-11,0.05453646,0.06666667,0.036620352,0.035792813,0.03685448,0.018139742,0.024185956,0.03301441,0.024916986,0.025551433,0.025408996,0.030077204,0.014673281,0.019993799,0.027992373,0.01646833,0.022787431,0.06666667,0.04887658,0.023122469,0.027143482,0.022264821,0.020983739,0.03698243,0.03822415,0.011616459,0.04011399,0.06595161,0.016423233,0.04824299,0.019706659
2024-01-12,0.03903294,0.058543418,0.049560912,0.030580854,0.055499263,0.020471932,0.022414766,0.043504205,0.028021574,0.026456248,0.021677438,0.024163535,0.014672689,0.017673876,0.027669594,0.01980727,0.015572286,0.06666667,0.06440208,0.028655773,0.033270597,0.018187927,0.017823303,0.048751026,0.040605053,0.01040367,0.039776567,0.04484213,0.015776334,0.041380696,0.014135382
2024-01-16,0.03305783,0.052527595,0.045392677,0.04002602,0.06058808,0.03612978,0.022007123,0.039475948,0.024553852,0.025506327,0.02406633,0.01897375,0.011852872,0.015625661,0.026291568,0.023104046,0.01730786,0.06358917,0.048602495,0.040081497,0.04885628,0.017451365,0.012681369,0.051325176,0.038998168,0.009788152,0.041316684,0.04203501,0.017320013,0.03846467,0.013002618
2024-01-17,0.029572956,0.053182192,0.047187872,0.04567334,0.047573127,0.029262371,0.022747999,0.03947172,0.022452313,0.027660824,0.02804753,0.018439144,0.020484637,0.015172752,0.024443265,0.037625674,0.010509943,0.060134508,0.054167885,0.042620573,0.055946406,0.015277763,0.0129919015,0.056136318,0.03849332,0.011891245,0.035772383,0.03476079,0.013183722,0.036515605,0.012599918
2024-01-18,0.026412593,0.05348893,0.05331682,0.04478123,0.045996655,0.02861244,0.022598965,0.042405974,0.024608232,0.02345224,0.030991275,0.020032946,0.019499196,0.01600307,0.02503278,0.04086567,0.011717149,0.052350525,0.05790462,0.040183343,0.051986903,0.016318006,0.016847175,0.053640757,0.03566046,0.012905011,0.038136523,0.030346125,0.014412545,0.03799937,0.0114924675
2024-01-19,0.030052032,0.04548579,0.056975022,0.04302283,0.049257647,0.029789262,0.025794407,0.03881145,0.02245828,0.022583313,0.026698701,0.020276569,0.01845524,0.01618914,0.020693207,0.04309725,0.01067255,0.052644655,0.049631275,0.045093108,0.0576757,0.020626359,0.015354612,0.063642636,0.036113422,0.011535046,0.035902385,0.032473806,0.015607551,0.031028913,0.012357845
2024-01-22,0.030385891,0.038327836,0.056895535,0.046846393,0.04719177,0.032950155,0.027187675,0.037383545,0.02089051,0.02145449,0.030154563,0.018927071,0.014229346,0.015793197,0.019181978,0.05256595,0.010580199,0.051995397,0.039979465,0.043357294,0.0650409,0.021184355,0.014130004,0.06493305,0.0393706,0.013297731,0.03631017,0.033371896,0.01611053,0.02779033,0.012182172
2024-01-23,0.035688024,0.04015893,0.05351734,0.04660909,0.045096215,0.026534341,0.02914135,0.032866538,0.020192374,0.021943053,0.029790305,0.024754936,0.015579421,0.014819622,0.017030643,0.054952342,0.008903637,0.053283107,0.036982562,0.0391727,0.060812034,0.02719695,0.0146898525,0.06666667,0.03498897,0.013112748,0.036681842,0.039475486,0.017567039,0.029378623,0.012413259
2024-01-24,0.037592817,0.03965396,0.050300643,0.05694677,0.045799203,0.028154125,0.03178333,0.02993258,0.01904928,0.024662951,0.036347456,0.021448405,0.012629019,0.015661955,0.023330573,0.053792804,0.014615509,0.04265585,0.034858294,0.031026864,0.04396211,0.022767289,0.018876553,0.046251796,0.041875403,0.016672108,0.04599164,0.05253334,0.02174718,0.02317287,0.015907327
2024-01-25,0.0332531,0.051476184,0.053266793,0.04793055,0.050922897,0.031769898,0.028924694,0.029655814,0.02142971,0.019660424,0.038969312,0.022958985,0.013546014,0.013569344,0.02482429,0.06537898,0.018494837,0.03131224,0.02879451,0.03552375,0.046326775,0.024008391,0.0154289985,0.041856993,0.03527957,0.01901842,0.048161644,0.046007346,0.022289995,0.023524657,0.01643489
2024-01-26,0.03155014,0.048322715,0.05541729,0.056428287,0.04183105,0.050428674,0.0316691,0.028329616,0.021519803,0.017027684,0.037924774,0.017252883,0.016203897,0.016021224,0.042674568,0.061506424,0.027956028,0.020824702,0.02397831,0.033151656,0.042718995,0.02010327,0.013581344,0.02806197,0.046352673,0.01679549,0.054725327,0.03982904,0.020264544,0.019564997,0.017983532
2024-01-29,0.02732188,0.039058402,0.05252874,0.055928882,0.03953297,0.054090735,0.031235399,0.028556025,0.023687167,0.017671233,0.037172247,0.016903779,0.018865915,0.018741228,0.051086064,0.06521828,0.03490769,0.02039343,0.026877478,0.030876754,0.03251267,0.015993137,0.013298284,0.02372442,0.054399427,0.017205888,0.05724719,0.03776121,0.021048414,0.016921133,0.019233936
2024-01-30,0.026550133,0.0421634,0.05646719,0.049797628,0.044965453,0.053418994,0.031539783,0.029338228,0.026599662,0.017009323,0.030274916,0.014871865,0.031530496,0.020092418,0.05827244,0.057124484,0.030691346,0.018587051,0.033165507,0.03589048,0.028673358,0.01475367,0.012632193,0.02286893,0.060192958,0.014123835,0.055360094,0.030093681,0.016046623,0.01698384,0.019920014
2024-01-31,0.024147013,0.03880564,0.06666667,0.044008415,0.04316485,0.053164683,0.027192846,0.04124085,0.030095054,0.014538496,0.032510366,0.0111108115,0.038844142,0.023365881,0.06546236,0.06191642,0.026155008,0.013583276,0.045826893,0.034723375,0.024577944,0.010688637,0.0148880975,0.017748425,0.06666667,0.014348334,0.055898327,0.015316656,0.009962394,0.017061435,0.016320042
2024-02-01,0.025018342,0.046132516,0.06666667,0.047649793,0.03388284,0.0377799,0.023085918,0.042224374,0.031582598,0.016827375,0.037016973,0.014544244,0.059971247,0.024796758,0.052903935,0.06666667,0.016389348,0.017563615,0.049501598,0.03407985,0.02738467,0.010616441,0.017550051,0.01844015,0.053452544,0.016109262,0.049069855,0.0138125885,0.009341809,0.024698919,0.01523915
2024-02-02,0.028321246,0.040592704,0.065367915,0.046095192,0.038635068,0.036897052,0.025138767,0.04087359,0.030466717,0.01739376,0.028056256,0.011278406,0.06666667,0.028572379,0.0465375,0.05732335,0.015798368,0.018423362,0.054684933,0.041170705,0.02821907,0.013402317,0.019998321,0.020310724,0.064422436,0.014595547,0.04065499,0.015203258,0.008336759,0.018101644,0.018460995
2024-02-05,0.027379902,0.04549617,0.06666667,0.044270508,0.04882074,0.03269338,0.026535539,0.048822697,0.028692286,0.015623929,0.022972168,0.01136284,0.06666667,0.022415195,0.049289085,0.055821516,0.0129508125,0.018599149,0.060609855,0.040139336,0.023165891,0.012261919,0.019900536,0.022135714,0.06350035,0.013156921,0.045287587,0.012112219,0.0069527063,0.020210508,0.015487198
2024-02-06,0.022250231,0.045052245,0.06666667,0.046517555,0.046207663,0.035070375,0.024860138,0.04224558,0.02921052,0.014865444,0.023957483,0.01309708,0.06666667,0.02164163,0.049319576,0.06506236,0.013196052,0.01750315,0.054901756,0.03836173,0.02656816,0.014197691,0.020358736,0.021756776,0.062440768,0.01382308,0.04770419,0.015357298,0.007920583,0.020158045,0.013060773
2024-02-07,0.022307564,0.022873119,0.06666667,0.03766146,0.05235224,0.03613227,0.028077755,0.04193917,0.034635108,0.021798752,0.01950116,0.015971025,0.06666667,0.0276604,0.037818063,0.058816113,0.011264328,0.028314076,0.061470024,0.039052233,0.027657984,0.016603906,0.017919237,0.030683124,0.06666667,0.011749435,0.04023017,0.016533663,0.01004302,0.016708916,0.014225689
2024-02-08,0.017966606,0.020241516,0.06666667,0.028668575,0.06223282,0.038738035,0.029533532,0.044851113,0.041734125,0.0240171,0.014899711,0.014048386,0.06666667,0.0308988,0.040131837,0.045159474,0.010351833,0.029030181,0.06666667,0.04165004,0.027196057,0.01677046,0.017623613,0.034153193,0.06666667,0.010177446,0.037932616,0.01430528,0.010558712,0.01700446,0.013457819
2024-02-09,0.0141050005,0.018552741,0.06666667,0.02887084,0.058757734,0.038931686,0.030510673,0.04133882,0.047580995,0.025636585,0.016418472,0.013529105,0.06666667,0.033640303,0.039118778,0.04883318,0.007966665,0.029054614,0.06666667,0.049655214,0.031283278,0.0147087565,0.015892716,0.036499403,0.06666667,0.010576461,0.031792786,0.010261412,0.009915447,0.01610728,0.013794388
2024-02-12,0.014374858,0.019700067,0.06666667,0.026778976,0.060755,0.02729143,0.030897768,0.040504254,0.046967596,0.026598552,0.016721211,0.016755141,0.06666667,0.029811632,0.032854162,0.04748473,0.006479274,0.037182353,0.06666667,0.045742583,0.029018354,0.015763327,0.01845018,0.043181505,0.06666667,0.011821685,0.03208692,0.012292522,0.010155567,0.019900672,0.013763017
2024-02-13,0.014494849,0.014433811,0.0636937,0.023897002,0.05849184,0.029480979,0.030490797,0.04594548,0.05080089,0.038348783,0.01439767,0.0151777575,0.06666667,0.030415788,0.031564895,0.04218226,0.0060726777,0.04845145,0.06666667,0.042638436,0.028754491,0.012719958,0.015313511,0.04527611,0.06666667,0.011371351,0.029164743,0.011754921,0.009782641,0.020431986,0.014451219
2024-02-14,0.015190267,0.020587934,0.05914001,0.030588154,0.05166419,0.024159927,0.029247856,0.041436184,0.04603567,0.03209034,0.019888224,0.019255146,0.06666667,0.029441157,0.033378784,0.056282274,0.006299174,0.04092022,0.06666667,0.044506833,0.032991182,0.01338059,0.01866272,0.04152113,0.05506697,0.014853625,0.02944866,0.01229409,0.011792911,0.021688525,0.014853925
2024-02-15,0.01914258,0.023377074,0.058483187,0.024150342,0.05238067,0.021484358,0.027597962,0.041115038,0.053387802,0.036011536,0.017051699,0.020277683,0.06666667,0.029345427,0.030328823,0.049238056,0.006510957,0.045030914,0.06666667,0.049151234,0.034785226,0.014013586,0.0158285,0.046092503,0.050287846,0.012974992,0.02557347,0.013540554,0.011693897,0.021614298,0.016196456
2024-02-16,0.023630876,0.021811062,0.054564293,0.023020243,0.048813354,0.027691543,0.027505247,0.04467876,0.054228332,0.036911428,0.016249362,0.020554563,0.06666667,0.032858226,0.03238643,0.040873427,0.008437346,0.05028464,0.06560471,0.04585554,0.034229387,0.012460581,0.01228084,0.043331664,0.049762223,0.010965671,0.026856272,0.012733675,0.013556912,0.024101065,0.01709567
2024-02-20,0.027312022,0.022091089,0.053646244,0.024405636,0.042684045,0.028208544,0.02846494,0.049413953,0.046650082,0.032350104,0.01660211,0.023937546,0.06666667,0.03560285,0.035530474,0.043781932,0.010542289,0.052408382,0.06067987,0.042303238,0.031934787,0.011783199,0.0119312005,0.04350676,0.04775313,0.011488101,0.02742304,0.012017416,0.017032187,0.024048215,0.017799947
2024-02-21,0.034237873,0.02188328,0.054575272,0.024621,0.044867165,0.024811728,0.031423893,0.06094043,0.032331023,0.028786285,0.017702993,0.0238766,0.06666667,0.03983673,0.03758908,0.033422124,0.014563831,0.053789545,0.06666667,0.03633978,0.025192743,0.010271946,0.015512733,0.043954227,0.04405677,0.012229427,0.028252311,0.011028061,0.018029269,0.021727825,0.020812726
2024-02-22,0.035626546,0.021010011,0.048252854,0.025567334,0.047895577,0.030091824,0.03263439,0.06268121,0.027874382,0.024538154,0.01892219,0.024497394,0.050539427,0.04453891,0.041551184,0.028454425,0.023327962,0.05206293,0.06666667,0.032426625,0.0215405,0.010741974,0.017764032,0.038415812,0.045124143,0.013738805,0.032962173,0.012387209,0.021250311,0.023219146,0.0236959
2024-02-23,0.03344788,0.023445532,0.059066582,0.023020932,0.05399861,0.027988883,0.034701627,0.06666667,0.025096765,0.018834665,0.013471027,0.023030618,0.047372695,0.03968025,0.04131337,0.026387472,0.015308349,0.050617322,0.06666667,0.036827683,0.023065083,0.012790863,0.015885826,0.04954957,0.048886407,0.010369464,0.03489063,0.011645762,0.020007342,0.027386978,0.018578479
2024-02-26,0.032302517,0.025587482,0.060839273,0.027622432,0.055015877,0.027693925,0.03307867,0.06666667,0.023687307,0.018200863,0.015386121,0.02088261,0.03867697,0.0364398,0.0371394,0.026301933,0.0131973615,0.053865544,0.06666667,0.036931586,0.025062725,0.012525562,0.01723222,0.052699346,0.050959464,0.010729329,0.03774885,0.011964612,0.017529685,0.03141969,0.0159455
2024-02-27,0.02729974,0.026824646,0.06666667,0.026430633,0.05726683,0.028421363,0.03097179,0.06666667,0.024238339,0.018695153,0.0136026135,0.0191799,0.047689565,0.034790844,0.03777498,0.02817449,0.009960576,0.04964505,0.06666667,0.039654814,0.027167045,0.01177573,0.017153459,0.054724164,0.04960802,0.01031175,0.03703979,0.0089643495,0.015980642,0.033155277,0.013498448
2024-02-28,0.030680684,0.02599486,0.06666667,0.026286587,0.045937434,0.031253126,0.030876348,0.06666667,0.023450373,0.01983924,0.013332846,0.019317083,0.04389999,0.036701635,0.038992155,0.031598814,0.010336406,0.04977704,0.064106636,0.038888775,0.031466104,0.012419562,0.015287525,0.05503904,0.051578686,0.010344013,0.035366885,0.010306766,0.0169136,0.032308545,0.01436591
2024-02-29,0.02243022,0.021308864,0.06088192,0.033985294,0.036243692,0.046805143,0.030936666,0.06666667,0.021865828,0.019033229,0.015734212,0.014601449,0.05340398,0.038881354,0.03869421,0.038012028,0.00827719,0.043956626,0.05377361,0.04288437,0.0448393,0.0134509,0.014878798,0.05130391,0.05645392,0.010646755,0.03305936,0.0083033,0.014271774,0.03142187,0.01299356
2024-03-01,0.02117853,0.030077975,0.05224534,0.03906911,0.033621304,0.058910962,0.02940501,0.054143555,0.022717036,0.01596158,0.01767195,0.013786772,0.062158853,0.033557784,0.040694073,0.041179445,0.008190397,0.032929055,0.03809595,0.050186962,0.060010076,0.01737424,0.0126032755,0.043568425,0.051234286,0.010554193,0.034854956,0.009841465,0.014626898,0.03643003,0.013120511
2024-03-04,0.01740669,0.03313514,0.046187278,0.044335883,0.032439787,0.06666667,0.02668204,0.044152863,0.027347513,0.01778835,0.017462926,0.012186584,0.063474245,0.029583378,0.04093705,0.042089254,0.007251237,0.030154362,0.026163938,0.059310343,0.06666667,0.019774308,0.01047504,0.03926222,0.05014601,0.009673583,0.03737464,0.011472854,0.01546382,0.044124614,0.01081071
2024-03-05,0.018954251,0.0498756,0.049584463,0.042706355,0.028834354,0.054537963,0.027239006,0.044021197,0.028767068,0.017120777,0.01802142,0.011041466,0.06666667,0.028141988,0.04446879,0.03717807,0.0046866755,0.026255203,0.03176366,0.059664574,0.06666667,0.018676873,0.012892418,0.03698891,0.047450658,0.0093754055,0.034721483,0.009276131,0.011308965,0.052344397,0.010768543
2024-03-06,0.02097777,0.057666913,0.04449361,0.044913013,0.0238498,0.051617198,0.025990063,0.04510928,0.029530399,0.020182937,0.021510543,0.011216988,0.06666667,0.027635522,0.04774552,0.03633812,0.005986636,0.027332276,0.029775932,0.055693302,0.06666667,0.016083106,0.012941888,0.03344891,0.042985715,0.011192133,0.033607442,0.0106460005,0.012110495,0.05362801,0.012457147
2024-03-07,0.021249248,0.042941824,0.044134445,0.039593115,0.024958462,0.06582463,0.025226265,0.04368932,0.035377026,0.023901246,0.019212343,0.012023479,0.056120005,0.02893601,0.037603147,0.03045576,0.0070446646,0.037978776,0.025301239,0.05905561,0.06666667,0.02042717,0.011887948,0.04060226,0.044674974,0.009869989,0.032328743,0.013716909,0.014921468,0.05241846,0.011858793
2024-03-08,0.020616502,0.04998308,0.045139637,0.036042754,0.028361488,0.066226944,0.025307104,0.042543814,0.036552228,0.020544946,0.016665215,0.012045597,0.058967967,0.027350131,0.04267598,0.02593075,0.008117084,0.03237279,0.025657546,0.060869012,0.06666667,0.021658551,0.011715872,0.03773904,0.04276028,0.008722589,0.034341466,0.013346935,0.015770009,0.053277027,0.012031005
2024-03-11,0.022106722,0.048177112,0.037101723,0.037894137,0.032791905,0.06666667,0.0253426,0.03865671,0.035561,0.022107553,0.02079517,0.014522115,0.039768208,0.027608322,0.042224787,0.021570802,0.01430465,0.036908865,0.024108471,0.05627108,0.06666667,0.02389934,0.0120501155,0.034211475,0.039886735,0.010149131,0.039638814,0.017155165,0.021274587,0.05644853,0.014130835
2024-03-12,0.023270754,0.03281278,0.032731462,0.032283816,0.036049247,0.061596464,0.031166129,0.03666675,0.037452463,0.02544028,0.02332374,0.017857188,0.037145518,0.034827698,0.03371305,0.016848935,0.017432997,0.05085446,0.0298712,0.05172985,0.056595456,0.025856562,0.01618515,0.037040558,0.04004387,0.011799496,0.036552846,0.018418051,0.025258938,0.047653873,0.021520417
2024-03-13,0.022274246,0.028550336,0.04016115,0.026156263,0.04484944,0.048918825,0.03379995,0.042626508,0.033783223,0.023618942,0.01801733,0.016023349,0.03668998,0.03395959,0.02876581,0.016626427,0.010430164,0.054183688,0.033851422,0.0597248,0.057614006,0.029169176,0.015924541,0.050121307,0.045137886,0.010721483,0.034346044,0.014862598,0.022721393,0.04510016,0.02126997
2024-03-14,0.017040959,0.026490003,0.03726899,0.02664728,0.04731125,0.058581278,0.031921715,0.041793413,0.031810258,0.026431054,0.01813924,0.016099699,0.050762545,0.032741204,0.036881726,0.019365588,0.0133008,0.05465479,0.04075603,0.05396201,0.040026944,0.018759904,0.0126742,0.04414726,0.050468497,0.010932484,0.04002468,0.015503842,0.018759442,0.0451243,0.021618618
2024-03-15,0.012120527,0.024849987,0.034023248,0.028238961,0.058525868,0.06666667,0.03212909,0.034473117,0.03354905,0.024378128,0.019232532,0.01831389,0.049644753,0.02944874,0.04022794,0.01958771,0.020285217,0.047755137,0.035389073,0.053652614,0.032141395,0.020346796,0.0137323765,0.039293237,0.048611473,0.012755381,0.047437213,0.016619164,0.02243517,0.042386416,0.02174913
2024-03-18,0.012006643,0.028639693,0.033127017,0.026756804,0.05332963,0.06666667,0.026971579,0.032299284,0.04344293,0.027073959,0.020100808,0.019937223,0.04797013,0.029411921,0.040285498,0.01877442,0.02375933,0.045256417,0.030500604,0.053949267,0.036515623,0.021542108,0.013198714,0.035203945,0.04427375,0.012061995,0.048200607,0.018761447,0.022784198,0.04867971,0.018518075
2024-03-19,0.015461324,0.041701537,0.03277591,0.02419039,0.053258885,0.06666667,0.02557642,0.02786263,0.047419176,0.025882684,0.022240033,0.018996762,0.049730334,0.026931921,0.042868655,0.018375784,0.028296396,0.034361698,0.030290047,0.055571016,0.037520107,0.021627722,0.01262011,0.028189061,0.040840417,0.012140389,0.04935718,0.023317259,0.020200888,0.044561043,0.021167558
2024-03-20,0.015823308,0.040391546,0.03143987,0.021490324,0.051713437,0.06666667,0.026167,0.026562115,0.054142922,0.027206138,0.019603888,0.017811608,0.058782555,0.03138495,0.045439746,0.016994312,0.030603398,0.031886503,0.031573,0.05365695,0.035434704,0.021225952,0.012306767,0.027355732,0.043416455,0.010871231,0.045738257,0.023326814,0.020583833,0.03872737,0.021672655
2024-03-21,0.018292993,0.033243924,0.03715679,0.020737348,0.048972145,0.06666667,0.028806344,0.031488102,0.048353244,0.028771793,0.018625638,0.017223258,0.057292856,0.03420738,0.050199434,0.019400073,0.0280168,0.031912353,0.03631165,0.046513695,0.030914996,0.018706398,0.012600391,0.03078229,0.051673893,0.010720032,0.047015473,0.021449005,0.018471599,0.034118034,0.021355396
2024-03-22,0.018827282,0.027936084,0.04337238,0.020182349,0.03883438,0.06666667,0.028711589,0.041148886,0.05353309,0.037386715,0.015695373,0.013049517,0.06250546,0.036200672,0.061060168,0.021430392,0.017865786,0.032860152,0.040417887,0.03849642,0.031687055,0.011952124,0.010871232,0.030280096,0.06410668,0.010053813,0.041989952,0.015748614,0.014212557,0.034441438,0.018475188
2024-03-25,0.019792657,0.05065796,0.04127306,0.02839927,0.03276238,0.06666667,0.029598057,0.03234101,0.047186572,0.024805516,0.021940853,0.016561517,0.054059327,0.029146032,0.06666667,0.026374912,0.02849311,0.0217672,0.028225498,0.033426374,0.03175797,0.012865032,0.012023444,0.023784257,0.052805033,0.012548845,0.055512022,0.02141963,0.018876778,0.040850338,0.017412003
2024-03-26,0.021917608,0.054162145,0.033846717,0.033978015,0.026813721,0.06666667,0.029894628,0.023261597,0.049491264,0.02695706,0.025084984,0.021000834,0.053298585,0.025099153,0.06666667,0.02660869,0.03642839,0.021873103,0.020523878,0.0322671,0.032128707,0.015903449,0.012626926,0.020657845,0.04493576,0.015053756,0.05053186,0.029378984,0.020647354,0.041055627,0.021238934
2024-03-27,0.029039009,0.06536765,0.046749808,0.027795233,0.03187794,0.044428404,0.024504995,0.028464535,0.04958129,0.024504824,0.030240227,0.026308425,0.056474812,0.024051273,0.056254387,0.030196544,0.027582178,0.020541254,0.034651697,0.030995276,0.026838178,0.016227376,0.016149098,0.020853588,0.037524313,0.015253295,0.0515763,0.025214557,0.014912226,0.047754876,0.018086437
2024-03-28,0.041403104,0.049994104,0.045903523,0.029888649,0.031988252,0.05353485,0.027653351,0.027589638,0.043566346,0.022751907,0.03095614,0.026686655,0.030878436,0.02888587,0.05809858,0.02329227,0.048292194,0.019905644,0.031321045,0.024082849,0.021757891,0.018940765,0.018234791,0.017431194,0.043330442,0.014246136,0.057440817,0.03333561,0.018331107,0.039104056,0.021173785
2024-04-01,0.04181243,0.05258869,0.04334506,0.032114446,0.032079037,0.05120336,0.028798925,0.025608009,0.040671386,0.019401882,0.034085754,0.029182356,0.030974202,0.02774011,0.057118785,0.024823014,0.049132902,0.018677741,0.027788844,0.023607805,0.02099315,0.02050705,0.019206284,0.016375436,0.04062111,0.016248273,0.059444033,0.03249532,0.019114185,0.041677576,0.022562847
2024-04-02,0.036458194,0.04336138,0.038908716,0.036605235,0.03398103,0.044130992,0.030374153,0.022042334,0.036443368,0.018531041,0.042262644,0.038819853,0.024526129,0.022889523,0.050491013,0.031964082,0.060492672,0.019958157,0.021609962,0.02065618,0.017962107,0.022192782,0.022103304,0.015580781,0.03498021,0.026164584,0.060349543,0.036550306,0.023627874,0.038640074,0.027341781
2024-04-03,0.03216019,0.029827556,0.03228793,0.046641618,0.02633191,0.06666667,0.028460572,0.02118066,0.024861094,0.016393067,0.050615802,0.04109852,0.019697702,0.022623457,0.047608294,0.052008517,0.06519905,0.019981321,0.01405945,0.022871688,0.026477901,0.022876726,0.015334622,0.017200729,0.03264897,0.031196179,0.05372563,0.031047096,0.02922103,0.033346005,0.026350055
2024-04-04,0.03752881,0.031301543,0.028640795,0.036554165,0.028153375,0.06666667,0.029708281,0.018038262,0.031710595,0.022354666,0.037090406,0.043266464,0.01414451,0.018661413,0.042715512,0.036134727,0.06666667,0.022723751,0.009621206,0.023263432,0.029662209,0.035733953,0.014784179,0.01617812,0.028118823,0.030903772,0.04779147,0.048460566,0.037754524,0.03454501,0.031122128
2024-04-05,0.02762479,0.03259231,0.025297988,0.03894791,0.024265591,0.06666667,0.026386902,0.018450573,0.032589335,0.023041025,0.04358983,0.046407536,0.017174477,0.02002405,0.047325816,0.04280414,0.06666667,0.021538515,0.010145256,0.023034263,0.028797464,0.02950091,0.015040705,0.014732873,0.024521478,0.035435483,0.04872287,0.041150976,0.04256788,0.035999585,0.028956128
2024-04-08,0.026787292,0.028827364,0.03188282,0.033137243,0.031563714,0.06666667,0.026708165,0.021389507,0.036650173,0.02598202,0.035504818,0.042333387,0.020045571,0.01993909,0.05309781,0.043712545,0.06666667,0.021764467,0.013090877,0.026704052,0.028651064,0.02725,0.011680519,0.017022865,0.029442474,0.027608912,0.050160244,0.037358318,0.039590217,0.030988546,0.027792599
2024-04-09,0.0285818,0.031500082,0.034217384,0.026156785,0.0336464,0.06666667,0.024629008,0.026590627,0.03779994,0.02710209,0.033107083,0.043465637,0.018010573,0.020122187,0.0576403,0.04084239,0.06666667,0.02281689,0.016390052,0.02565765,0.02678179,0.022106595,0.010865566,0.018462054,0.02755595,0.026495285,0.05058462,0.034357104,0.04134683,0.03339672,0.026437264
2024-04-10,0.027083825,0.028316071,0.03212247,0.023858123,0.04196943,0.06666667,0.025247682,0.024613403,0.042641405,0.02925444,0.031707153,0.04235496,0.017263798,0.02127621,0.06158859,0.030769171,0.06666667,0.02186299,0.019129634,0.025198149,0.025624089,0.023649123,0.011467081,0.018226886,0.026696948,0.02360378,0.050745826,0.035946265,0.0483923,0.030654334,0.025402535
2024-04-11,0.017975828,0.022509646,0.04130414,0.033335503,0.049285047,0.06666667,0.02633141,0.031062536,0.035123117,0.026225844,0.03727656,0.033611685,0.017863167,0.018727267,0.06666667,0.048738267,0.06666667,0.019402497,0.02261702,0.023350062,0.022053767,0.013841983,0.0128235975,0.01676499,0.030848281,0.028974421,0.059548423,0.025524767,0.041383654,0.021952773,0.021543752
2024-04-12,0.017395863,0.01728269,0.038783293,0.026378658,0.064346336,0.06666667,0.027651833,0.026547836,0.03303899,0.028614042,0.028522,0.034284446,0.015684754,0.017949512,0.055803876,0.04667237,0.06666667,0.022201397,0.021562645,0.027522935,0.025590945,0.02007661,0.011748024,0.023073511,0.03207139,0.027824236,0.051726956,0.034398478,0.050171677,0.016410582,0.023330783
2024-04-15,0.013240866,0.015899815,0.031419907,0.031436503,0.057261597,0.06666667,0.02641896,0.023853604,0.025900535,0.025766313,0.036164396,0.04410168,0.011213578,0.016967336,0.044117827,0.04759551,0.06666667,0.023712952,0.020115493,0.021716861,0.0231191,0.023972869,0.019603562,0.022743722,0.02460756,0.037696294,0.054400913,0.040670652,0.06424436,0.017880956,0.020822948
2024-04-16,0.0141255045,0.01316915,0.029838486,0.027349303,0.05331607,0.06666667,0.025733734,0.026570976,0.029351985,0.035701856,0.03552678,0.047341153,0.0105427625,0.017847149,0.03665089,0.04213933,0.06666667,0.034084626,0.024803609,0.018415304,0.022438332,0.02453693,0.02319986,0.024482891,0.023466572,0.03991996,0.044752162,0.040779844,0.05908035,0.018524999,0.022976106
2024-04-17,0.011906496,0.013185945,0.03450358,0.022704506,0.058578674,0.042472173,0.02627147,0.02865845,0.036858793,0.038016025,0.034542296,0.051343787,0.022894433,0.019954357,0.031326137,0.04999011,0.0491659,0.03889589,0.042335853,0.018895773,0.021204513,0.02470006,0.031183412,0.02958516,0.023878088,0.043343045,0.035617974,0.030647047,0.046270728,0.017502148,0.023567177
2024-04-18,0.013252354,0.016683536,0.03275331,0.020008983,0.056145553,0.03291088,0.025976392,0.031087272,0.04223809,0.038790654,0.038525745,0.04596079,0.024721287,0.02166785,0.03575784,0.035555847,0.058199234,0.036256835,0.05473051,0.016663693,0.017432978,0.020946732,0.04087695,0.0243168,0.02272627,0.04761309,0.033613358,0.026795147,0.040026348,0.019101042,0.02866463
2024-04-19,0.015193995,0.019652672,0.02938169,0.019713428,0.04603844,0.023333002,0.026348995,0.030609893,0.044112146,0.038342018,0.044477727,0.04620925,0.027123867,0.02325481,0.03858002,0.032680266,0.055335652,0.036012914,0.05962478,0.014380047,0.016227048,0.019074926,0.04748042,0.021047104,0.022447947,0.053728674,0.03151531,0.02732158,0.03670341,0.020791708,0.03325627
2024-04-22,0.018326933,0.017183458,0.031054955,0.020000735,0.040417306,0.023723163,0.025592979,0.037722927,0.045231853,0.03840989,0.053723916,0.041705925,0.022774579,0.026719444,0.035484243,0.029977929,0.05838419,0.043026693,0.06514378,0.013850075,0.015041823,0.014685198,0.04516355,0.020179717,0.023132892,0.05289794,0.031122312,0.01983875,0.029709226,0.023669569,0.036104053
2024-04-23,0.020749439,0.013412289,0.04271883,0.015798502,0.050388467,0.025319086,0.030549834,0.053908933,0.035466444,0.028743278,0.04061793,0.038559172,0.02147671,0.03129724,0.040900044,0.027493695,0.06116422,0.038883008,0.06666667,0.015190268,0.0137516875,0.015789296,0.04298604,0.027183842,0.027807329,0.04456989,0.030858118,0.013714952,0.030135477,0.017924929,0.035974372
2024-04-24,0.022159737,0.016805483,0.034996975,0.021105818,0.04255355,0.026277773,0.033985075,0.043330133,0.029902214,0.023727402,0.0483332,0.036704004,0.024829503,0.031761616,0.04913368,0.030557005,0.061928496,0.034181263,0.058796138,0.014262762,0.014266988,0.015938867,0.04123877,0.023297647,0.030713921,0.050579507,0.033299446,0.015011529,0.029814504,0.019544106,0.040962875
2024-04-25,0.019816881,0.015951393,0.03284977,0.023644134,0.044407584,0.027290493,0.034864955,0.042491473,0.024152597,0.02341953,0.050690416,0.031116936,0.02555913,0.032763314,0.04976613,0.029656025,0.06333999,0.030073334,0.06376682,0.0136528965,0.012762548,0.01495312,0.046123367,0.021140512,0.033039734,0.054633763,0.036243115,0.015584882,0.027771788,0.016911786,0.04156158
2024-04-26,0.021343738,0.015896866,0.034052044,0.026685262,0.03161188,0.027802885,0.038851313,0.04109384,0.018530803,0.01686978,0.05325722,0.0332326,0.019766487,0.034433804,0.065353766,0.029861884,0.06666667,0.020095512,0.049534187,0.011807455,0.01141135,0.01735867,0.05722042,0.017394999,0.03234903,0.060728434,0.037378296,0.015936961,0.036749795,0.013377658,0.043346398
2024-04-29,0.025500592,0.02120585,0.036992297,0.023521625,0.03533546,0.018702198,0.045242727,0.037597902,0.020280523,0.020705916,0.042070016,0.03233288,0.019704754,0.028164608,0.06666667,0.023733625,0.06666667,0.02208211,0.05466942,0.010839367,0.011084923,0.018124007,0.060551934,0.019624934,0.031908855,0.055228908,0.036125414,0.024108922,0.03221426,0.013797536,0.045215104
2024-04-30,0.024335388,0.025168568,0.02834097,0.03021922,0.0369966,0.025342273,0.04593584,0.029898478,0.018741032,0.02382219,0.04240462,0.032114074,0.01678097,0.026098689,0.060931947,0.02101887,0.06666667,0.026309313,0.041436784,0.01153238,0.013125113,0.021630447,0.05395813,0.019537939,0.03159491,0.050991938,0.041810952,0.0375527,0.03556603,0.017083907,0.043053064
2024-05-01,0.02199727,0.030267062,0.024074944,0.037059292,0.024326961,0.020608637,0.03626909,0.029688172,0.015005404,0.01911421,0.0621092,0.039219372,0.014868179,0.02494643,0.05282621,0.028221967,0.06666667,0.027193094,0.039574947,0.010206304,0.0144307865,0.01869489,0.0632123,0.020185208,0.026052928,0.06433935,0.041058484,0.036095805,0.03552018,0.021782167,0.034384497
2024-05-02,0.025428656,0.027614461,0.021706508,0.03708631,0.025682837,0.017524382,0.031286042,0.027332993,0.01330644,0.017937746,0.06666667,0.061614364,0.010209308,0.021495769,0.026577935,0.028419027,0.056707688,0.047508646,0.036723968,0.011223458,0.015460943,0.024560247,0.05685426,0.032215253,0.01989761,0.057380587,0.040633727,0.041402884,0.033844788,0.036844153,0.028852342
2024-05-03,0.02538274,0.019415848,0.020625174,0.028334184,0.040803883,0.018728362,0.03685908,0.026433717,0.015166946,0.029071193,0.043111093,0.055841334,0.012608344,0.022863831,0.02225089,0.021528553,0.03754944,0.06666667,0.041835364,0.014005736,0.017815908,0.030532267,0.04598453,0.043296684,0.02421674,0.04394023,0.03838177,0.05452547,0.037692033,0.033876643,0.030655341
2024-05-06,0.023761844,0.02134803,0.019460468,0.026058434,0.04352333,0.022290181,0.038016997,0.023706032,0.01363806,0.027672717,0.032973267,0.06052573,0.015419236,0.023488423,0.02248114,0.01984222,0.030658986,0.06666667,0.03656366,0.015666291,0.018607177,0.035498243,0.037246738,0.048313797,0.024175834,0.031155482,0.045301266,0.06538821,0.04243782,0.04203116,0.02608256
2024-05-07,0.020293191,0.019693656,0.021809965,0.026630463,0.052771196,0.025958952,0.04143076,0.024745256,0.016609503,0.03454398,0.026718633,0.047471467,0.025571471,0.024512216,0.024769818,0.022204189,0.019361192,0.06666667,0.04048792,0.020622987,0.020806022,0.030113257,0.029043926,0.05459115,0.030751739,0.02576173,0.04670106,0.05607593,0.03604571,0.043025542,0.024210455
2024-05-08,0.017462265,0.022070901,0.024423646,0.030122973,0.053257275,0.04381006,0.041395094,0.026279714,0.018480884,0.02625923,0.02201465,0.03188405,0.011265108,0.024084967,0.038531795,0.01149189,0.045439474,0.048462935,0.02968087,0.01588076,0.015292625,0.030515056,0.04035844,0.029841466,0.03572029,0.022317672,0.06666667,0.066651575,0.042033482,0.046868004,0.02143618
2024-05-09,0.016883325,0.026642514,0.026296217,0.031874176,0.051813897,0.047613464,0.04027385,0.027595267,0.02007799,0.024617793,0.022280816,0.030835861,0.013419828,0.024400126,0.038717445,0.011337355,0.04761926,0.05172608,0.03051606,0.017887821,0.0144393165,0.026496315,0.035726484,0.030758772,0.037034776,0.019927265,0.06666667,0.05746136,0.033750556,0.053820807,0.021488529
2024-05-10,0.017329808,0.026581626,0.026442535,0.032944176,0.04610992,0.06666667,0.03858661,0.027716191,0.022525031,0.024075676,0.021519858,0.02518103,0.012072382,0.026609192,0.049942456,0.010514908,0.06666667,0.04292113,0.026574096,0.017248306,0.014349143,0.021751981,0.026712062,0.023832208,0.042551726,0.016561724,0.06666667,0.055503596,0.033327874,0.04960972,0.020905038
2024-05-13,0.020361416,0.045531437,0.032558564,0.041937444,0.040768474,0.05719005,0.038030572,0.032490272,0.021786556,0.018522637,0.027006175,0.021408444,0.013127562,0.025402129,0.057682004,0.010979925,0.06513239,0.035018653,0.029243832,0.017534941,0.013575916,0.016475467,0.02967426,0.019321047,0.04249081,0.017010165,0.06666667,0.040634986,0.026427532,0.055188663,0.020821014
2024-05-14,0.021204839,0.03898121,0.026990676,0.040666882,0.04074337,0.042261224,0.03940975,0.026066488,0.02327096,0.021019928,0.02615972,0.026093308,0.013797996,0.025687436,0.043215282,0.010682289,0.060616612,0.049501177,0.029538464,0.016722415,0.01269067,0.02033997,0.03311198,0.02292808,0.04307671,0.019522188,0.06666667,0.056157485,0.027935915,0.049378216,0.025562102
2024-05-15,0.02150571,0.046774298,0.026471702,0.0338453,0.040119752,0.03824774,0.034083404,0.024728412,0.027777435,0.020922147,0.026371058,0.02832558,0.01359042,0.024091158,0.03670153,0.011494504,0.0497584,0.049594227,0.026695626,0.018037517,0.0154135665,0.025623405,0.031410176,0.025476992,0.04058478,0.02042774,0.06582293,0.06376349,0.027888294,0.06043142,0.02402128
2024-05-16,0.022880657,0.0445997,0.026316604,0.03417371,0.032941896,0.04802897,0.032901388,0.023210665,0.02929564,0.01799512,0.02712668,0.026671587,0.009374257,0.025266392,0.037778918,0.010999761,0.060531266,0.041748356,0.020023797,0.017415231,0.017676292,0.031221729,0.030217377,0.023354135,0.042622976,0.01905956,0.06666667,0.06666667,0.03205585,0.059946876,0.021231275
2024-05-17,0.026349084,0.030898906,0.03653208,0.032895137,0.038761374,0.035270363,0.040053245,0.030899864,0.025264952,0.019586144,0.027357165,0.026755814,0.007453018,0.026857527,0.03462206,0.010369945,0.053940903,0.04685031,0.032467067,0.015702412,0.014103115,0.029722072,0.041159607,0.028323743,0.047462907,0.019231837,0.06638611,0.05776789,0.03201406,0.042051636,0.022889653
2024-05-20,0.026031876,0.025766678,0.038043913,0.029618584,0.04255051,0.042193554,0.04073615,0.03262747,0.027342599,0.021044202,0.025060311,0.024322918,0.0067054937,0.02766875,0.037803706,0.010577545,0.06267221,0.04109906,0.032240376,0.015692867,0.014654683,0.030119264,0.035722148,0.026874347,0.05085353,0.018372532,0.06502451,0.05625797,0.035543468,0.03325502,0.023523755
2024-05-21,0.019515635,0.027629502,0.030667474,0.034471698,0.04013109,0.043452736,0.037694555,0.023949647,0.029741028,0.02260002,0.02469901,0.027946321,0.009429779,0.026392829,0.031915158,0.013289056,0.054616474,0.042566232,0.026755707,0.016986027,0.017012298,0.03875699,0.04134994,0.027460271,0.045561224,0.021345442,0.06303044,0.06666667,0.038938615,0.034843046,0.020585088
2024-05-22,0.018904148,0.024287986,0.035414673,0.025633134,0.04438219,0.037032906,0.03603105,0.026338026,0.033661526,0.02284933,0.022433423,0.029800443,0.012303556,0.029952863,0.029981675,0.013001313,0.046933267,0.042004243,0.041150752,0.017920585,0.0148543725,0.042290274,0.046092678,0.031264015,0.04775532,0.018262198,0.059366543,0.06531813,0.032425042,0.03305153,0.01930281
2024-05-23,0.018011814,0.018107997,0.03560411,0.029783787,0.045304175,0.028601384,0.032838963,0.025805254,0.03178129,0.024098514,0.027491441,0.036544085,0.011198944,0.028234964,0.018053254,0.018442234,0.031165738,0.060828723,0.046370856,0.018771153,0.015094977,0.04309084,0.049684756,0.040087607,0.044799674,0.020646794,0.055182923,0.064274006,0.028496373,0.03428868,0.01731469
2024-05-24,0.015877798,0.02608757,0.039474785,0.026652385,0.040039804,0.023453802,0.029355023,0.025167335,0.03727493,0.025294848,0.024338806,0.042413227,0.019587666,0.024871446,0.018519491,0.021861084,0.023237545,0.055415787,0.04510448,0.020722538,0.018363105,0.048384793,0.052728575,0.039396428,0.03613912,0.022382187,0.048587237,0.06561934,0.024362257,0.043935064,0.015351537
2024-05-28,0.01902802,0.027819019,0.039222777,0.022905406,0.036706645,0.024067419,0.029145148,0.02350687,0.040825177,0.032826662,0.02342159,0.042391405,0.027608559,0.024972718,0.018135786,0.02532034,0.02100122,0.05685266,0.046959475,0.023250302,0.022616688,0.0477661,0.03911926,0.04283859,0.035525203,0.020859709,0.0414082,0.06666667,0.021056438,0.03895303,0.017222919
2024-05-29,0.015791103,0.033154845,0.035804678,0.018563323,0.037404325,0.026345083,0.027438,0.020563494,0.052062698,0.036957867,0.019243145,0.037018053,0.047699228,0.022530725,0.019041885,0.028558385,0.015660591,0.05230282,0.040786304,0.031960595,0.03290532,0.047087256,0.027804838,0.04735752,0.030888379,0.020233458,0.033872437,0.06279992,0.020103123,0.04054292,0.017517675
2024-05-30,0.012494506,0.026376037,0.036547486,0.023690425,0.030132651,0.03299767,0.026823051,0.020554287,0.042672787,0.03102384,0.02425174,0.03927883,0.050732795,0.02280606,0.019190932,0.04733514,0.016573131,0.0493257,0.03714354,0.0339967,0.03925447,0.045957383,0.027587844,0.053435806,0.030388407,0.025195569,0.031818196,0.05055364,0.02050286,0.03545667,0.015901841
2024-05-31,0.015755303,0.028301757,0.022857737,0.024402928,0.022770876,0.037673842,0.026128994,0.017076634,0.044011913,0.044744115,0.024776509,0.03719901,0.059557088,0.027825262,0.020025533,0.035419945,0.021676062,0.05798803,0.030583382,0.03296656,0.044684816,0.040100724,0.023516476,0.042117346,0.027147619,0.023333516,0.026724398,0.06079829,0.022184841,0.036047224,0.021603275
2024-06-03,0.022493195,0.026452215,0.020623203,0.019299911,0.02358578,0.038153015,0.032585748,0.017675752,0.050932337,0.048844233,0.021317974,0.029206127,0.06666667,0.0384839,0.026557123,0.024694528,0.030003902,0.049481127,0.032684486,0.03422857,0.041706238,0.038013086,0.020766377,0.03419168,0.030099224,0.02006757,0.022624256,0.052250866,0.027657924,0.025374562,0.033278424
2024-06-04,0.02976252,0.02161232,0.022660986,0.020578243,0.02518481,0.025124885,0.035137594,0.018294666,0.035110176,0.037697278,0.021921614,0.03728754,0.03879619,0.03447992,0.017511096,0.030506074,0.024510536,0.06250924,0.032211233,0.031973723,0.04154673,0.052902456,0.025985729,0.050215915,0.028761134,0.02316034,0.022226624,0.06546116,0.03317139,0.02225132,0.031446557
2024-06-05,0.035871796,0.02795563,0.024164818,0.02262121,0.028607834,0.014710993,0.037036464,0.019439891,0.026566314,0.03239772,0.022763155,0.037132304,0.046131164,0.031431954,0.014926074,0.028547274,0.01871659,0.06192171,0.043161217,0.031218557,0.03360857,0.050323475,0.03748326,0.053689033,0.026446903,0.024324771,0.022803567,0.0639531,0.025205407,0.02282382,0.034015425
2024-06-06,0.03794706,0.02959636,0.032030355,0.019988041,0.03504885,0.015925925,0.039869394,0.023119897,0.026234949,0.028550353,0.017746598,0.036937326,0.032389775,0.02754505,0.016617322,0.02396086,0.021569291,0.060404953,0.04112792,0.029998088,0.027575854,0.053215936,0.03947449,0.058481764,0.028369851,0.021109084,0.02800641,0.06476342,0.026140384,0.025010407,0.031244026
2024-06-07,0.033801112,0.028483178,0.039483804,0.025614286,0.044987056,0.019200392,0.04141315,0.028262572,0.023904197,0.023850698,0.01986715,0.026667386,0.026815249,0.02751938,0.021981705,0.02625236,0.026107334,0.046528537,0.04918024,0.03031704,0.026235146,0.044114888,0.04615775,0.05058381,0.036646754,0.023547694,0.03299586,0.05390411,0.025088035,0.01981699,0.030672144
2024-06-10,0.030155962,0.018155977,0.044194743,0.027381472,0.04339338,0.01993565,0.037603065,0.030772202,0.019886449,0.019678975,0.02260759,0.03003973,0.020276211,0.027626975,0.016684912,0.046857476,0.021500237,0.051503595,0.048067432,0.0312625,0.030692952,0.045811944,0.037854746,0.06666667,0.041137386,0.027721992,0.029824978,0.04507764,0.026897408,0.014923438,0.025806313
2024-06-11,0.031620186,0.02355372,0.055242732,0.025427213,0.045832507,0.018764125,0.034814734,0.03896713,0.023060802,0.01976605,0.02043376,0.028636511,0.027506964,0.026154203,0.021246204,0.049168367,0.018768102,0.04544596,0.060004026,0.033308543,0.028441098,0.033139523,0.031968128,0.06666667,0.042486947,0.023372225,0.030986078,0.033433855,0.022192646,0.016477546,0.023113446
2024-06-12,0.02296173,0.01882695,0.04986531,0.028984802,0.045911912,0.024873128,0.03568052,0.033119656,0.020741375,0.016816378,0.021932526,0.033484586,0.017598761,0.028332988,0.02101956,0.049607135,0.027666224,0.04114594,0.045541473,0.028143642,0.026313173,0.039055172,0.03914307,0.06225293,0.042836815,0.024344388,0.03925411,0.045482498,0.034098465,0.015832053,0.019132739
2024-06-13,0.018902255,0.02481013,0.05162896,0.024202494,0.042621862,0.028713383,0.03117551,0.032214437,0.026460614,0.017063042,0.019955328,0.034777313,0.017342364,0.026460659,0.019939534,0.04582597,0.020736733,0.038254716,0.036121484,0.032588445,0.036734626,0.049588,0.03639013,0.06666667,0.038137376,0.02136122,0.040114354,0.04505248,0.037677173,0.023841452,0.014641287
2024-06-14,0.013318135,0.02520548,0.050240006,0.027363682,0.036241185,0.031648014,0.028844463,0.030407062,0.031290535,0.017557917,0.023740303,0.033448543,0.022717299,0.030119488,0.020218832,0.04483177,0.018669482,0.038756486,0.038960196,0.03182972,0.035158485,0.045597944,0.04296157,0.06008703,0.041288387,0.020959465,0.04284048,0.0409193,0.032577228,0.029478502,0.012723008
2024-06-17,0.011838702,0.025885401,0.050989248,0.03267912,0.033574782,0.03406369,0.030556535,0.028452916,0.032721367,0.017119989,0.028294915,0.030900972,0.025718503,0.029554842,0.02414111,0.04513131,0.019656971,0.033526927,0.038029537,0.03082619,0.036960833,0.044090703,0.04593883,0.051696967,0.04246289,0.021951318,0.042839546,0.037050094,0.03182703,0.028502641,0.013016125
2024-06-18,0.011099486,0.021882543,0.059155438,0.02875825,0.034356616,0.030478373,0.031589467,0.03516199,0.031034745,0.017084746,0.024721783,0.029513735,0.03776178,0.034271482,0.02443501,0.05039793,0.014504736,0.03491835,0.051190827,0.032237966,0.033446804,0.03479584,0.042660926,0.06018913,0.045952264,0.019608859,0.03945502,0.023988796,0.026550723,0.025925532,0.01287085
2024-06-20,0.010890932,0.016565438,0.063517645,0.029954942,0.028209843,0.03399231,0.02970131,0.037413068,0.0338113,0.021048978,0.025296884,0.02478297,0.03964943,0.03625004,0.023331797,0.06188347,0.010196884,0.038393077,0.047973916,0.031599894,0.040847983,0.031167129,0.036800407,0.057555042,0.05362124,0.019620957,0.03568529,0.021066302,0.022007508,0.025594065,0.011569961
2024-06-21,0.012637477,0.014074028,0.06480911,0.032223277,0.029613303,0.03931601,0.03210426,0.03963822,0.03619115,0.022037817,0.024244135,0.028223094,0.0291797,0.036280565,0.024926014,0.05391763,0.014955911,0.044540856,0.04191772,0.0285999,0.03196975,0.02928043,0.03435731,0.054910958,0.05502641,0.019856127,0.03897653,0.02126783,0.025443329,0.026422583,0.013058574
2024-06-24,0.013617767,0.01318609,0.060372498,0.037941206,0.033754975,0.03492726,0.032994516,0.043469533,0.028656036,0.018515233,0.027014906,0.026922856,0.022955583,0.037520252,0.023704065,0.050765384,0.01844569,0.047455426,0.047255065,0.030055657,0.02636295,0.0248184,0.03956946,0.056576323,0.056053344,0.02340665,0.03924239,0.018661477,0.026891228,0.024053091,0.014834689
2024-06-25,0.018113468,0.009961721,0.05178137,0.038855035,0.034279745,0.04205576,0.03793631,0.042984612,0.027303334,0.022875106,0.028318524,0.02716124,0.0152074145,0.041003793,0.024095833,0.03536798,0.029722087,0.054921824,0.042799465,0.024931297,0.02105922,0.025978897,0.04020964,0.047843553,0.057349034,0.024404721,0.039875958,0.020941801,0.031152777,0.02152667,0.019981805
2024-06-26,0.020939851,0.018190712,0.046691746,0.04466264,0.034946922,0.0328438,0.03572427,0.03252382,0.02067861,0.014423002,0.036098722,0.03852465,0.01838403,0.031813096,0.025293758,0.049649272,0.03266986,0.03755944,0.033230845,0.026498258,0.021347953,0.033593208,0.043225348,0.042216007,0.04234423,0.032919087,0.04597367,0.02666699,0.033941403,0.025839305,0.020585503
2024-06-27,0.02415398,0.025037805,0.044703957,0.04516691,0.037592527,0.028202942,0.03734719,0.033723716,0.016806755,0.012369632,0.032599673,0.040704463,0.018940467,0.028555064,0.030701075,0.043020785,0.036464058,0.036348797,0.03466474,0.025851706,0.01741406,0.029160919,0.043662477,0.042954255,0.04111568,0.02988297,0.051605064,0.027462643,0.03337074,0.027740419,0.02267455
2024-06-28,0.02528516,0.032989837,0.041619763,0.040510062,0.045512337,0.03062589,0.030905291,0.029316785,0.02040216,0.012561346,0.03446599,0.0409252,0.015383916,0.024107087,0.02671453,0.036897372,0.039927505,0.036120053,0.03184384,0.029905135,0.020286985,0.030955555,0.037397217,0.041997164,0.035984773,0.027831506,0.055983357,0.034630127,0.035207354,0.03270215,0.021004556
2024-07-01,0.0294036,0.06666667,0.04177164,0.0397274,0.03258095,0.02385254,0.02528889,0.029200835,0.031247776,0.011238333,0.034457512,0.048496548,0.0150984125,0.018750202,0.03617715,0.021963,0.030549912,0.041938204,0.02309425,0.02235262,0.02283709,0.024152674,0.033255715,0.029849257,0.028442623,0.019861082,0.06666667,0.04097083,0.029601922,0.06666667,0.013839033
2024-07-02,0.031370804,0.05563794,0.043247733,0.036061168,0.027668523,0.031645134,0.024647344,0.028245788,0.026163036,0.01210369,0.029400203,0.054007232,0.008588491,0.019380385,0.03442254,0.026531626,0.043575797,0.041937314,0.017600432,0.01744974,0.018723225,0.026421415,0.026781501,0.030376764,0.032398548,0.020917693,0.06666667,0.051871963,0.034956638,0.06666667,0.01453399
2024-07-03,0.039876003,0.05241754,0.052112304,0.02665269,0.03021776,0.030923983,0.023739733,0.032799046,0.024726525,0.012336029,0.026963446,0.05720138,0.007173604,0.019497026,0.038320545,0.026832134,0.047798205,0.033634357,0.021229504,0.015156976,0.016382076,0.025206197,0.02267315,0.029540101,0.032100342,0.018667776,0.06666667,0.051865984,0.0366439,0.06666667,0.013978338
2024-07-05,0.038496066,0.06666667,0.047277726,0.027531156,0.028965503,0.03151489,0.024005216,0.028822996,0.027562007,0.012992851,0.02609605,0.050638717,0.01059944,0.02013335,0.040105782,0.024641154,0.039863456,0.030529022,0.02019208,0.017732738,0.020045483,0.029274393,0.023718303,0.028240405,0.03137125,0.018178226,0.06666667,0.054705504,0.032385226,0.06666667,0.0143810045
2024-07-08,0.037609506,0.05517926,0.042328607,0.032790247,0.032226264,0.029972171,0.025435282,0.026895879,0.021913938,0.014716276,0.026897548,0.048013583,0.007994117,0.019263905,0.03397199,0.023246458,0.03970128,0.03597368,0.022082735,0.016145453,0.01874066,0.03021904,0.027448753,0.030553088,0.032068137,0.01896988,0.06666667,0.06666667,0.035185535,0.06621519,0.0149082085
2024-07-09,0.03321289,0.06330146,0.04107585,0.032570895,0.030136624,0.031836595,0.02501706,0.026735771,0.023387613,0.016280998,0.026844697,0.05014065,0.008944284,0.019691957,0.038972076,0.021449573,0.03846435,0.03453267,0.02084012,0.014639183,0.018158274,0.02939363,0.028802676,0.026968582,0.031206504,0.017726984,0.06666667,0.06666667,0.036540568,0.06666667,0.013127474
2024-07-10,0.041145775,0.06666667,0.04199016,0.029654754,0.02829329,0.023423804,0.024602782,0.027623937,0.020334302,0.01617106,0.028508566,0.06449881,0.0074863676,0.017062124,0.036876634,0.021255132,0.03722952,0.03614394,0.023202833,0.012231439,0.015815832,0.030685127,0.029204706,0.02689127,0.026681753,0.01789817,0.06666667,0.06666667,0.035291463,0.06666667,0.013129785
2024-07-11,0.04435806,0.06666667,0.04055774,0.028613089,0.02878948,0.024084065,0.026981868,0.027245406,0.021660138,0.017362332,0.023864524,0.064650424,0.0073356302,0.018450739,0.03673336,0.01690171,0.038412344,0.038907047,0.020844778,0.012370234,0.015229646,0.03168964,0.027378866,0.026792752,0.026629867,0.0149215525,0.06666667,0.06666667,0.03925206,0.06666667,0.013315983
2024-07-12,0.04235769,0.06666667,0.029583663,0.030669121,0.023637285,0.031110864,0.025777264,0.024937624,0.028040528,0.018746516,0.024213796,0.05471371,0.007096276,0.021951186,0.03623011,0.009958426,0.04864688,0.04209258,0.015871331,0.013126124,0.01753311,0.036296,0.033079997,0.02031609,0.024342174,0.015077106,0.06666667,0.06666667,0.04339517,0.06666667,0.014532713
2024-07-15,0.04599704,0.06666667,0.023408808,0.029330954,0.022278976,0.024726307,0.027818002,0.021609226,0.031662725,0.018458653,0.021598918,0.053644884,0.011880172,0.02412169,0.03466811,0.00860088,0.04291138,0.046665262,0.015392569,0.015541795,0.0190124,0.041383795,0.03499023,0.020789083,0.02349256,0.014855806,0.066659555,0.06666667,0.040789064,0.06666667,0.017711148
2024-07-16,0.037826683,0.06666667,0.030846298,0.0225031,0.025026266,0.030576864,0.030579994,0.025809359,0.035251234,0.016751718,0.017064208,0.052965295,0.011712044,0.02585837,0.036468368,0.008597332,0.043374117,0.045686778,0.01592819,0.014343194,0.018520745,0.04047254,0.030078856,0.022920031,0.025315212,0.012129992,0.06666667,0.06574982,0.041809205,0.06666667,0.01583419
2024-07-17,0.05122151,0.06666667,0.03111083,0.018229023,0.028101034,0.019238643,0.03237814,0.028978912,0.0406481,0.017688932,0.016474893,0.054326206,0.021683104,0.032376043,0.03476593,0.0077926186,0.03107734,0.052409135,0.0242332,0.015888229,0.016501712,0.0348239,0.031791333,0.024182307,0.025860302,0.0107090855,0.059746373,0.051844712,0.03286015,0.06666667,0.019724978
2024-07-18,0.050886482,0.06666667,0.03236573,0.021715809,0.025776252,0.018194076,0.032468323,0.03660806,0.036673058,0.014609364,0.02133184,0.05086593,0.02010121,0.038644396,0.038473234,0.008093855,0.038919847,0.052042402,0.031393398,0.0134021705,0.013363337,0.02470079,0.039260373,0.021450736,0.025757892,0.012115416,0.061301462,0.035445604,0.03021863,0.06666667,0.020486992
2024-07-19,0.038974132,0.06666667,0.028799783,0.026193332,0.02396925,0.016364122,0.031088188,0.034759246,0.035082,0.011632601,0.024687745,0.05212057,0.032046802,0.041324437,0.03958067,0.00982282,0.042200375,0.047123015,0.032248374,0.01496581,0.012121085,0.022822596,0.051592115,0.019238789,0.023226487,0.01608532,0.0586908,0.028769806,0.028577434,0.06666667,0.02255896
2024-07-22,0.04058075,0.06666667,0.026586613,0.023072982,0.020373289,0.012829562,0.028559994,0.034266643,0.032076538,0.0111134285,0.026186706,0.061859705,0.0262884,0.042624496,0.03275492,0.01022715,0.044198126,0.05442183,0.037815917,0.0126855215,0.010833051,0.025121136,0.05846114,0.021859648,0.02197664,0.017373383,0.048398536,0.030896237,0.030253494,0.06666667,0.022970835
2024-07-23,0.02756041,0.05222805,0.03190768,0.017980848,0.026816668,0.0149507625,0.027872311,0.040707894,0.040709063,0.011490804,0.021039415,0.0548178,0.029541617,0.046596434,0.03197913,0.01004662,0.035866,0.055583857,0.048400324,0.014828037,0.012754309,0.02843304,0.06285929,0.029569322,0.024981359,0.016537506,0.043453306,0.023910226,0.03129983,0.06666667,0.01861142
2024-07-24,0.026445772,0.055068936,0.04575147,0.016341627,0.035062738,0.013044484,0.02344364,0.04664042,0.03610505,0.009869775,0.02316352,0.06055398,0.029375063,0.03584388,0.024144627,0.012608397,0.021947768,0.04738837,0.06580062,0.017295731,0.012840713,0.033076216,0.06666667,0.03246413,0.022519173,0.015476463,0.049300734,0.019912247,0.02180003,0.06666667,0.01338108
2024-07-25,0.022985203,0.042293936,0.03509093,0.027019238,0.03154378,0.01726058,0.022391131,0.040126916,0.035732638,0.011008415,0.039246775,0.06447649,0.02294763,0.03596176,0.022823025,0.014914652,0.028349359,0.056948107,0.05456289,0.01629637,0.012863313,0.030994516,0.06666667,0.02543117,0.022093844,0.021890786,0.05223607,0.020181557,0.024272896,0.06666667,0.014722693
2024-07-26,0.020867053,0.037225816,0.031664137,0.024156723,0.030616809,0.020325366,0.022034856,0.0390344,0.042964295,0.011743192,0.034032185,0.06600085,0.02625949,0.03959588,0.02183932,0.013349817,0.02790706,0.06392113,0.047577344,0.018435653,0.014518104,0.038086947,0.06666667,0.025422048,0.023449324,0.0208907,0.04659049,0.019397905,0.02347042,0.06666667,0.015289355
2024-07-29,0.021343058,0.03207397,0.03147982,0.019691685,0.034074716,0.019147865,0.022825468,0.039340295,0.049798172,0.01403243,0.0256375,0.05905658,0.04097881,0.045430724,0.020560278,0.012674158,0.018462282,0.06666667,0.053762626,0.022171583,0.016034866,0.039986283,0.061757848,0.030167487,0.027049564,0.01691692,0.038875744,0.017009795,0.019984808,0.06666667,0.01634133
2024-07-30,0.022721227,0.036259826,0.029044988,0.022005672,0.031230455,0.018722571,0.023208706,0.037406586,0.044660497,0.013296503,0.031393018,0.055142656,0.05029282,0.045872014,0.019469414,0.014012254,0.018801766,0.06065949,0.05208578,0.025313089,0.018239811,0.041182365,0.06666667,0.02905986,0.023870375,0.019029347,0.032904018,0.014289664,0.018090803,0.06666667,0.018401088
2024-07-31,0.024962466,0.037687276,0.022816531,0.017542271,0.03378728,0.015253833,0.026532426,0.03188367,0.050494906,0.01650267,0.029857742,0.056233358,0.0660044,0.03971073,0.015334643,0.012130346,0.013580971,0.06666667,0.044747915,0.03163558,0.024415923,0.046044875,0.05079033,0.036649745,0.018912511,0.021637134,0.024531001,0.013010178,0.01790274,0.06666667,0.026073217
2024-08-01,0.024508212,0.046297114,0.02035539,0.014594474,0.037893362,0.016275764,0.029545337,0.02746466,0.054661725,0.019977912,0.01924789,0.050719403,0.06666667,0.03500392,0.018174961,0.012082927,0.011067708,0.06666667,0.029935699,0.03892043,0.0309051,0.053271856,0.040248316,0.03941783,0.018620186,0.020929094,0.023799567,0.016466191,0.021118704,0.06666667,0.02849627
2024-08-02,0.01968627,0.039961804,0.020059913,0.023421982,0.03426476,0.01442008,0.0314458,0.027440699,0.04462038,0.018229851,0.030665768,0.050864592,0.06666667,0.03423352,0.019222846,0.012602733,0.012243155,0.06666667,0.03471534,0.029994002,0.022428077,0.040002134,0.06666667,0.03431665,0.019004833,0.027957099,0.028382368,0.014228435,0.019994637,0.06666667,0.0289256
2024-08-05,0.014114316,0.043085933,0.013608082,0.03513407,0.027771046,0.015241766,0.028572911,0.019913098,0.040010482,0.015642324,0.048282925,0.048825044,0.05950516,0.037540272,0.017892074,0.011704623,0.01911727,0.06666667,0.032251943,0.026421182,0.021565689,0.04149482,0.06666667,0.024783595,0.017127797,0.037543967,0.028674768,0.018430594,0.025086977,0.06666667,0.030657269
2024-08-06,0.0130961845,0.043426342,0.015736831,0.0389983,0.024499008,0.014974902,0.02446538,0.025916997,0.030119484,0.013769494,0.06016516,0.057086255,0.05073298,0.034873597,0.017970784,0.016968898,0.01719002,0.06666667,0.036038544,0.025164912,0.023766156,0.032592762,0.06666667,0.02872142,0.015524059,0.044133507,0.029423887,0.014300103,0.025732677,0.06666667,0.024611352
2024-08-07,0.0144919455,0.04564949,0.017783955,0.0316161,0.025806302,0.011411544,0.024883725,0.028324725,0.035263065,0.017980412,0.048810113,0.04727684,0.06666667,0.038264766,0.01770647,0.016187416,0.011274858,0.06666667,0.050068393,0.028340593,0.024660992,0.03063866,0.06666667,0.030762775,0.017363928,0.038558964,0.022556609,0.011931789,0.017624967,0.06666667,0.02809394
2024-08-08,0.016280571,0.05113067,0.016842062,0.03341068,0.02491805,0.011793877,0.022720363,0.027219865,0.029221011,0.014444603,0.057558578,0.051539406,0.061608613,0.034813903,0.018866107,0.017353645,0.016534187,0.059868764,0.04801536,0.023377992,0.021453517,0.033196725,0.06666667,0.025553204,0.016047964,0.044266343,0.025839325,0.014321304,0.020029673,0.06666667,0.028440302
2024-08-09,0.019088466,0.04420816,0.019856753,0.024981223,0.028979631,0.012910197,0.02542157,0.032019988,0.03545004,0.016539223,0.040085915,0.042546086,0.05755928,0.039412737,0.022059068,0.014289286,0.016926408,0.061518114,0.04967856,0.025366386,0.022677671,0.03702953,0.06666667,0.02806591,0.02067576,0.036777146,0.025086876,0.0142399,0.020581625,0.06666667,0.03263515
2024-08-12,0.01932352,0.043823116,0.023449695,0.025240099,0.029688377,0.016109686,0.026984204,0.0360336,0.033036638,0.014215114,0.036423337,0.039662965,0.054521434,0.0410934,0.026787128,0.01595194,0.017994413,0.05261991,0.045792643,0.026603013,0.022804255,0.037658166,0.06666667,0.029102225,0.023755666,0.034338824,0.029384475,0.012796981,0.020860521,0.06666667,0.030611316
2024-08-13,0.018442368,0.04217442,0.02520726,0.022931125,0.0334518,0.017591162,0.029011173,0.034473076,0.036026932,0.015154866,0.029067872,0.035709415,0.057913247,0.039954342,0.026503725,0.014896217,0.016878828,0.04880488,0.040251564,0.03066946,0.02409465,0.045701507,0.06666667,0.03054862,0.024635175,0.032404494,0.028961396,0.012482581,0.021287445,0.06666667,0.03143706
2024-08-14,0.02117723,0.037177622,0.023777477,0.017485365,0.033913292,0.016093656,0.028816447,0.031778526,0.04180978,0.018586606,0.020076549,0.033869404,0.053255312,0.042831223,0.023721995,0.0130360415,0.01598776,0.057419807,0.04085853,0.032305766,0.02416784,0.052613743,0.06666667,0.03695702,0.028962927,0.027253836,0.02525821,0.017419318,0.022637894,0.06275895,0.031325206
2024-08-15,0.01938292,0.038938772,0.028010286,0.017958932,0.03291995,0.018258855,0.02868576,0.03516871,0.046031903,0.018992735,0.019307828,0.027766867,0.059106506,0.043891627,0.0276025,0.013434993,0.013270074,0.051569685,0.043269128,0.033821452,0.025051586,0.04330656,0.06666667,0.036417183,0.03435917,0.022835307,0.027989952,0.01448601,0.019180363,0.06584971,0.02646802
2024-08-16,0.018732991,0.023474026,0.041903887,0.0138727585,0.05051318,0.017320547,0.03159773,0.0498735,0.04443284,0.024421934,0.011484977,0.020662246,0.059134535,0.0444246,0.026677888,0.013625493,0.009409775,0.05864815,0.06666667,0.037061792,0.01963686,0.030116405,0.0552198,0.050428603,0.047814455,0.016450763,0.027175121,0.011331483,0.015814824,0.03881891,0.023253253
2024-08-19,0.021749198,0.031130487,0.042316776,0.01633173,0.04734059,0.016077418,0.034282483,0.048677385,0.04161414,0.023916055,0.012376701,0.018252501,0.056495562,0.04243114,0.032128215,0.012720385,0.010612693,0.052551694,0.06666667,0.03562411,0.019191867,0.02675688,0.05844557,0.045289755,0.050329883,0.016464446,0.029471148,0.012970336,0.014919739,0.038320825,0.024543619
2024-08-20,0.024215758,0.033848736,0.04036358,0.017108962,0.043118753,0.0147754345,0.0357784,0.047725804,0.041599784,0.025373133,0.012347866,0.018587233,0.050003685,0.04120912,0.031445272,0.012852748,0.011330164,0.058608074,0.06666667,0.03676613,0.02001686,0.024929775,0.05072649,0.05257168,0.051736627,0.016068757,0.02806933,0.014545968,0.015816364,0.036189955,0.025602888
2024-08-21,0.02035348,0.038108625,0.03450517,0.025166512,0.03638616,0.015465676,0.032610513,0.04427781,0.03732252,0.030315386,0.01545457,0.01727367,0.045094293,0.038104437,0.029311957,0.015406063,0.011541407,0.06666667,0.06666667,0.03168848,0.02075092,0.018604519,0.055234216,0.053614058,0.05207959,0.018343534,0.03233632,0.021147715,0.013480977,0.041148257,0.021539835
2024-08-22,0.023879204,0.04060931,0.03494761,0.027027003,0.037050877,0.015738888,0.031674396,0.04794489,0.033260822,0.034166344,0.014546805,0.016815983,0.039853826,0.03632377,0.026396252,0.016269311,0.01247132,0.06666667,0.06666667,0.034057654,0.021092694,0.01635647,0.046132304,0.06078941,0.05090153,0.017456604,0.032111842,0.024029138,0.012574077,0.04038037,0.021807956
2024-08-23,0.028487923,0.048816197,0.036659177,0.029191712,0.033335246,0.014728618,0.029869491,0.05421215,0.027828433,0.02908517,0.01819838,0.02027339,0.027324503,0.035147067,0.0270616,0.016201498,0.016464058,0.06666667,0.06666667,0.027508328,0.018431086,0.015468591,0.051840276,0.054197144,0.044960428,0.018843247,0.037662916,0.025468605,0.013392818,0.045481198,0.020527417
2024-08-26,0.034070805,0.053035777,0.0338601,0.024371425,0.034079846,0.0149553055,0.032819986,0.046052977,0.032234367,0.031439867,0.014624199,0.019777918,0.02829671,0.036483485,0.027351037,0.012047374,0.018227393,0.06666667,0.060685672,0.028896345,0.019596431,0.019829594,0.04680558,0.050495677,0.045634784,0.016261589,0.03493935,0.032335233,0.01444268,0.045460183,0.024221651
2024-08-27,0.035855107,0.056665596,0.034121606,0.026647389,0.032099955,0.014720381,0.03487885,0.045720153,0.028916284,0.023251105,0.015998082,0.02089274,0.028672451,0.041665554,0.030658279,0.011207638,0.025047239,0.05847093,0.061908714,0.02635857,0.01394311,0.018915072,0.057823632,0.039495304,0.048264865,0.016545266,0.0398931,0.028276091,0.01415783,0.042840715,0.026088398
2024-08-28,0.03399475,0.06070492,0.034778863,0.025501732,0.033123862,0.0143207535,0.032621823,0.043181837,0.03196124,0.024329035,0.0150859365,0.019277142,0.03560893,0.04209745,0.029270032,0.01032012,0.022835175,0.053614985,0.06441788,0.028284846,0.01475692,0.02052309,0.062298995,0.036640987,0.04785918,0.016045917,0.037557323,0.027637344,0.012306961,0.044078477,0.024963502
2024-08-29,0.040486027,0.06666667,0.03587848,0.028739868,0.027559035,0.0138810715,0.031643774,0.044833004,0.027456986,0.018197501,0.018167656,0.023145398,0.03147832,0.04029267,0.03306083,0.011069349,0.030332908,0.04469926,0.059041325,0.02534419,0.013593892,0.019791812,0.06455703,0.03181938,0.040771842,0.01614301,0.043877557,0.028375477,0.012679436,0.052491385,0.023924856
2024-08-30,0.038914688,0.06666667,0.040672038,0.02499348,0.034158353,0.01767748,0.030553399,0.0505374,0.028681422,0.018696116,0.016543325,0.02201431,0.031996123,0.04241388,0.032555703,0.0115767885,0.033108782,0.041708965,0.06666667,0.026347391,0.012291925,0.018448206,0.05483837,0.03278156,0.04201044,0.014469379,0.045087587,0.022492481,0.0124739455,0.04533761,0.023285525
2024-09-03,0.04948538,0.0619771,0.044699263,0.024965722,0.03580013,0.01857322,0.030848226,0.053505853,0.0256291,0.01834367,0.015289661,0.023340354,0.025085181,0.038838316,0.031307414,0.01295232,0.0325805,0.04675705,0.063947126,0.02762979,0.012019754,0.018544257,0.04110614,0.037932303,0.044874657,0.012782772,0.045924496,0.024933964,0.012490106,0.04460126,0.02323492
2024-09-04,0.051713925,0.06666667,0.03504691,0.040865976,0.028212406,0.013414905,0.027577711,0.044973288,0.020359242,0.014528224,0.030646699,0.022664659,0.021496382,0.031246202,0.034921277,0.013979902,0.036525324,0.034346152,0.0623604,0.021954607,0.012231348,0.016457204,0.06666667,0.022992518,0.03459628,0.020594746,0.052749798,0.02867752,0.012702089,0.053926304,0.024904668
2024-09-05,0.048538763,0.06666667,0.03683848,0.03207563,0.030249394,0.011548871,0.026726466,0.04855111,0.026860747,0.017449206,0.03062854,0.024146661,0.023073504,0.032602817,0.03109588,0.011716386,0.03182085,0.04054873,0.06666667,0.021878606,0.013336752,0.018412847,0.06666667,0.027588196,0.033384196,0.02096659,0.042998843,0.025604187,0.013441478,0.052149173,0.025767108
2024-09-06,0.04856837,0.06284626,0.03954763,0.03173193,0.033972844,0.015546026,0.025480984,0.045320068,0.026352571,0.021648537,0.030982682,0.02497268,0.010749311,0.026931264,0.025336942,0.012993034,0.036025234,0.045365244,0.05695017,0.020481588,0.017026218,0.023498865,0.06666667,0.02997577,0.034342818,0.02362231,0.04202558,0.03525451,0.01858815,0.042289272,0.024906475
2024-09-09,0.033381887,0.056698393,0.030835243,0.0392222,0.029507656,0.016535016,0.02424345,0.03673774,0.03191381,0.023687191,0.041523695,0.026641134,0.014310857,0.02965231,0.019018132,0.01352139,0.03153197,0.056140866,0.055027097,0.022583434,0.021503383,0.029548313,0.06666667,0.029617233,0.031272702,0.029326942,0.035612646,0.034305573,0.018130137,0.047287334,0.024015602
2024-09-10,0.04020873,0.055218294,0.02840163,0.039322745,0.029560141,0.018815985,0.023710705,0.035055302,0.030537922,0.030341605,0.03810786,0.027888887,0.014509957,0.025746278,0.0154295415,0.0130453855,0.026506212,0.06666667,0.04843883,0.027221218,0.02399546,0.026722342,0.05601014,0.035536896,0.030602714,0.02262536,0.03234667,0.037566755,0.015174946,0.057329115,0.027355712
2024-09-11,0.032382082,0.060863256,0.024986545,0.04229579,0.031472076,0.018420894,0.023170937,0.028621249,0.036549482,0.036283445,0.030718304,0.026517281,0.016434891,0.024364661,0.0124642365,0.010450314,0.017420132,0.06666667,0.03683189,0.033312496,0.028640069,0.032902867,0.05778938,0.040049337,0.028090032,0.019737113,0.030744689,0.04319774,0.018124547,0.06666667,0.02383093
2024-09-12,0.02884342,0.06666667,0.027602084,0.043403655,0.036942,0.023570409,0.022884594,0.027439026,0.03504211,0.04267005,0.025531141,0.026111268,0.016667068,0.017706238,0.012879976,0.011511041,0.017152688,0.06666667,0.02932482,0.040064614,0.030313518,0.030030714,0.040347807,0.045223154,0.026382677,0.018368548,0.034327652,0.050674025,0.016858738,0.06666667,0.022126965
2024-09-13,0.024125377,0.06666667,0.028958036,0.047059327,0.03906923,0.031536456,0.023014478,0.027850607,0.039950218,0.04436729,0.022507174,0.019464198,0.021728216,0.01717652,0.017220382,0.011784848,0.016821917,0.06666667,0.027866965,0.046310723,0.034653816,0.0241102,0.032756038,0.040500034,0.028849106,0.016028285,0.03647067,0.043837987,0.015228126,0.06666667,0.020753764
2024-09-16,0.019220002,0.06666667,0.027962571,0.04810433,0.04091113,0.034854207,0.022834884,0.026052805,0.050873153,0.045843303,0.02133145,0.014446429,0.03331088,0.018389376,0.019763712,0.010900059,0.015756238,0.06666667,0.029507998,0.051701084,0.033856582,0.019995296,0.031868313,0.03332984,0.03093081,0.014634373,0.036116842,0.03513844,0.012292443,0.06666667,0.020073446
2024-09-17,0.018652225,0.050628982,0.029797785,0.05105595,0.034346066,0.042120047,0.022948964,0.029754495,0.055824146,0.047895554,0.021371942,0.011668505,0.03313906,0.023857377,0.019745672,0.011947712,0.013650322,0.06666667,0.03221421,0.05403616,0.038599312,0.018461384,0.029819446,0.03579983,0.039883725,0.013535114,0.030932276,0.02570182,0.011197605,0.06642591,0.018321738
2024-09-18,0.016499775,0.04740042,0.02787811,0.05026621,0.029991966,0.05473793,0.02277956,0.029084062,0.049638756,0.031885304,0.02025943,0.01412482,0.04098573,0.028472424,0.022638576,0.015022746,0.01720605,0.06666667,0.029067505,0.057535786,0.037033707,0.021181395,0.025712151,0.040265817,0.043813396,0.013253238,0.031141395,0.02098416,0.012201238,0.0650364,0.01723527
2024-09-19,0.0154785095,0.034814544,0.02635248,0.04821359,0.028025568,0.06290784,0.024920851,0.027810125,0.04779735,0.032514572,0.019676628,0.017016131,0.044631626,0.033709887,0.02313148,0.01863741,0.020796249,0.06666667,0.027776908,0.0541665,0.033716712,0.023116667,0.024939144,0.041734226,0.04849777,0.014216778,0.03122455,0.021898266,0.014526654,0.052882172,0.018202147
2024-09-20,0.01744519,0.03000188,0.030139245,0.033733774,0.02719943,0.06666667,0.027002392,0.028107442,0.05019953,0.032244284,0.014854164,0.019785302,0.037671708,0.03667125,0.025308,0.021599466,0.020665819,0.06666667,0.021486612,0.051021997,0.03879529,0.027793365,0.017941773,0.048880436,0.053434942,0.011863891,0.033550806,0.023929982,0.01862614,0.050674647,0.016037915
2024-09-23,0.014691264,0.018137584,0.029818406,0.033462554,0.029506551,0.06666667,0.026556537,0.029243592,0.0523625,0.039422132,0.014831039,0.014408968,0.04307165,0.04696994,0.025255555,0.025625324,0.019422753,0.06095492,0.028921317,0.050405603,0.03805232,0.02468556,0.022254352,0.04535743,0.06666667,0.014768979,0.029882008,0.02240935,0.017181935,0.03254357,0.016462976
2024-09-24,0.013692583,0.021299107,0.030191675,0.032227032,0.031857308,0.06666667,0.026004786,0.030581085,0.057777826,0.038908314,0.014321241,0.012603336,0.04719346,0.044556912,0.031841297,0.02364223,0.023383083,0.05215822,0.028023679,0.053796012,0.03751726,0.021133197,0.020291083,0.039458606,0.065338865,0.0141837355,0.033317387,0.020430801,0.016380487,0.03480974,0.016412992
2024-09-25,0.012246397,0.020163503,0.029058557,0.029493062,0.030577429,0.06666667,0.025433233,0.028715447,0.06666667,0.046927463,0.012926046,0.011435916,0.054458693,0.044456817,0.031783313,0.021809136,0.020493012,0.056191906,0.026945595,0.051715694,0.03962127,0.018745873,0.01932084,0.037908316,0.065844044,0.013270453,0.030912478,0.021309253,0.015175154,0.033955608,0.015772155
2024-09-26,0.012913796,0.025374027,0.031013004,0.027977271,0.02955824,0.06548429,0.026381211,0.029289393,0.06666667,0.045981638,0.012059335,0.011001932,0.06666667,0.0439754,0.03475475,0.01961804,0.017377626,0.050701763,0.032142688,0.05087588,0.03663182,0.01779699,0.023909615,0.037685484,0.0607778,0.013214182,0.02802572,0.01859728,0.014560493,0.032076355,0.016910639
2024-09-27,0.014999761,0.02881591,0.026831951,0.024415556,0.027490005,0.0465632,0.024567975,0.029821152,0.06666667,0.053786937,0.011393871,0.01173586,0.06666667,0.044903647,0.028890315,0.02143231,0.011679839,0.063358344,0.037000902,0.05048799,0.045980904,0.016777515,0.021091407,0.049062528,0.054595012,0.012917713,0.023191476,0.020858796,0.014450316,0.03346248,0.016102986
2024-09-30,0.013307055,0.02694243,0.02482264,0.024244357,0.02504199,0.051391236,0.025472723,0.02823386,0.06666667,0.056468472,0.012914691,0.012324643,0.06666667,0.051353805,0.033375904,0.020542663,0.015797867,0.061902434,0.03648262,0.04634788,0.041735206,0.01451787,0.021718731,0.044020206,0.05491596,0.013944892,0.023435261,0.019681824,0.016470546,0.03189835,0.017360551
2024-10-01,0.014727741,0.031030865,0.02322729,0.022569235,0.024896253,0.05283459,0.028092528,0.02553827,0.06666667,0.050149806,0.013110564,0.013520124,0.06666667,0.05532724,0.037790272,0.017761607,0.022177683,0.053579055,0.033241045,0.043026406,0.040365864,0.01660489,0.021958804,0.040662106,0.05237997,0.013648035,0.024726866,0.023274533,0.021275299,0.02925197,0.019917754
2024-10-02,0.014012508,0.034781538,0.020597253,0.025008382,0.022630772,0.06666667,0.023901848,0.026870027,0.06666667,0.05421224,0.015236795,0.012127153,0.052864194,0.051273085,0.047504704,0.01611124,0.042722058,0.044252045,0.02897466,0.036522552,0.036651146,0.013153837,0.023833623,0.026276242,0.048019297,0.017139342,0.02836823,0.028881362,0.023048412,0.03047223,0.021219887
2024-10-03,0.0148162935,0.06666667,0.01997626,0.023627052,0.020032614,0.057873204,0.021863608,0.023212908,0.06666667,0.038031604,0.018314296,0.016376015,0.06234241,0.041431993,0.056769732,0.014612845,0.048978582,0.033554908,0.022618007,0.033998333,0.035541944,0.013690071,0.022156542,0.019486781,0.034691386,0.015791547,0.03406971,0.029260512,0.023490835,0.050494097,0.01956258
2024-10-04,0.012567041,0.06666667,0.020653825,0.021207469,0.020357972,0.054271024,0.020328082,0.022835447,0.06666667,0.037633114,0.020494785,0.017957691,0.06666667,0.039721265,0.058695648,0.015923453,0.054784726,0.029366316,0.023898277,0.03345864,0.03550146,0.013379054,0.023007082,0.017243879,0.030948581,0.0183251,0.03371102,0.028962662,0.02588367,0.04972985,0.019152857
2024-10-07,0.016590385,0.05955866,0.031252034,0.01568177,0.025743345,0.05278713,0.021064654,0.029727971,0.06666667,0.042630922,0.018593613,0.020304933,0.057249796,0.038802214,0.049054842,0.021186557,0.04074031,0.03478531,0.029740157,0.036942277,0.040274628,0.014462636,0.016810697,0.024518052,0.0365697,0.01592195,0.033137027,0.025861792,0.024375662,0.04108161,0.0178827
2024-10-08,0.012017801,0.037763312,0.032130886,0.016843924,0.019171739,0.06666667,0.018732453,0.030174155,0.06666667,0.03628562,0.021958541,0.026042633,0.046884168,0.04157712,0.036712192,0.032264136,0.03180988,0.042014003,0.022652607,0.036525123,0.06004912,0.019535903,0.017237814,0.03193781,0.0360202,0.018521352,0.031082,0.023197064,0.026679955,0.048606236,0.012238921
2024-10-09,0.015397947,0.036686495,0.03991961,0.015275546,0.016959945,0.055776548,0.020278266,0.034361254,0.06666667,0.029420555,0.019634627,0.028052298,0.05002034,0.044125497,0.03306456,0.038153056,0.026323581,0.039393995,0.0234548,0.039527718,0.062629804,0.022546101,0.017983668,0.041063845,0.035174556,0.016791925,0.028853493,0.020412832,0.02363094,0.04613275,0.012286782
2024-10-10,0.015189663,0.018741578,0.046411004,0.01446955,0.02110442,0.06153552,0.022514023,0.038277846,0.06666667,0.034496717,0.014979524,0.027792796,0.04365443,0.049942125,0.023729214,0.03641335,0.019389605,0.05468772,0.025990741,0.03995466,0.053697914,0.023408195,0.015988758,0.05597125,0.043712437,0.012842594,0.0281263,0.018025272,0.022821086,0.03820588,0.011259173
2024-10-11,0.0144620305,0.026802806,0.051221356,0.01565758,0.02538848,0.05260672,0.023597447,0.040538643,0.06666667,0.02625999,0.015564819,0.030901778,0.051494118,0.044023518,0.0283806,0.035512522,0.020636132,0.044028774,0.02692929,0.038215853,0.043420672,0.024257505,0.019929472,0.0495324,0.040774614,0.014720916,0.033799194,0.016274197,0.022081312,0.044522975,0.011797614
2024-10-14,0.019169543,0.028393565,0.062760584,0.015664557,0.024778519,0.046043336,0.025662003,0.04940958,0.06666667,0.022988522,0.016945222,0.028835626,0.043379456,0.045196123,0.03645364,0.031902123,0.02099386,0.039588965,0.032410417,0.032070663,0.035882715,0.020248646,0.019990547,0.044671614,0.048984088,0.013453714,0.037985966,0.014050622,0.018673267,0.04393843,0.012807421
2024-10-15,0.020479891,0.037679408,0.061171476,0.017503237,0.024552679,0.0383285,0.029975057,0.04483776,0.06440034,0.018624755,0.019444833,0.028662862,0.049526997,0.04511528,0.04455853,0.027690731,0.022830794,0.030099886,0.032396164,0.029764388,0.03034442,0.021387037,0.026157899,0.037957024,0.046503354,0.014529583,0.04172916,0.013864826,0.019056203,0.046380192,0.014446741
2024-10-16,0.023822032,0.020646831,0.063053824,0.034762632,0.020267714,0.05415814,0.034445617,0.05097436,0.026514236,0.013965016,0.03250811,0.030086618,0.01574202,0.04579424,0.039734147,0.03399821,0.035408188,0.03345075,0.027153678,0.022255661,0.028981516,0.023210116,0.036595453,0.038106848,0.05237457,0.020464273,0.050082806,0.0149112055,0.022639727,0.039188016,0.014703431
2024-10-17,0.027586656,0.020028614,0.0539971,0.030607782,0.022520741,0.037928514,0.039115485,0.04605455,0.028567417,0.01910745,0.028558819,0.035087846,0.023053857,0.046032567,0.03114124,0.031061541,0.023307513,0.049661357,0.031374674,0.025394233,0.029648723,0.026755102,0.033675432,0.04874088,0.05133273,0.020417,0.040081438,0.017346362,0.022009972,0.040484097,0.019320311
2024-10-18,0.027097741,0.02200484,0.057012867,0.034125708,0.023722105,0.03552549,0.03994394,0.049293227,0.023998827,0.016670363,0.02766465,0.03706121,0.026153786,0.04186321,0.030244416,0.039353263,0.019358533,0.04798341,0.028994232,0.026695807,0.02982627,0.02573959,0.03139767,0.05184673,0.046499625,0.021684866,0.040864877,0.0141859315,0.022552667,0.04183225,0.018801896
2024-10-21,0.030268492,0.025690774,0.050154798,0.03808327,0.026615312,0.029637964,0.04328381,0.04208691,0.019398794,0.016869795,0.030007686,0.03907547,0.030628258,0.03644601,0.02627779,0.042357404,0.017165078,0.050009046,0.030219475,0.028818632,0.03028959,0.0272445,0.030255372,0.057359163,0.041210104,0.022973854,0.03898385,0.016666219,0.021521868,0.03827345,0.022127261
2024-10-22,0.024010433,0.029426416,0.052791163,0.039331913,0.031898294,0.02594222,0.039642088,0.03483276,0.018159317,0.014665734,0.038539942,0.050144125,0.03216812,0.026555028,0.024348058,0.057539918,0.018055692,0.039630633,0.028424954,0.027866365,0.02688987,0.028426297,0.033894047,0.0509911,0.03191076,0.030932926,0.044140488,0.017653532,0.023477102,0.036779504,0.020931201
2024-10-23,0.018163068,0.015573826,0.06666667,0.031603135,0.05136288,0.030282354,0.039500523,0.042002257,0.020357214,0.014659487,0.03731413,0.041118737,0.028724125,0.025730086,0.023797892,0.06486729,0.016570825,0.034569275,0.04500458,0.030479595,0.02707386,0.027256655,0.029839832,0.06093396,0.036550995,0.029010246,0.037628286,0.010430947,0.024657615,0.019752145,0.018517531
2024-10-24,0.020161113,0.014309777,0.058570247,0.037657004,0.037496015,0.029882045,0.03936234,0.034320746,0.018587526,0.018941587,0.047833554,0.061375808,0.024786431,0.022786554,0.02501891,0.06453524,0.01701526,0.04272181,0.038134832,0.02108278,0.024536764,0.028636415,0.030978426,0.050498925,0.029224884,0.030538063,0.040899742,0.015240686,0.028629387,0.027627148,0.018609984
2024-10-25,0.020994605,0.013002701,0.055450466,0.027236521,0.036422055,0.031852547,0.04664703,0.036541115,0.02189629,0.021160344,0.03152672,0.052231256,0.028594775,0.028876739,0.029647816,0.047738176,0.016799526,0.045992058,0.03813627,0.022776207,0.032994255,0.03985907,0.028924465,0.059914175,0.03512424,0.025641786,0.02950942,0.015099916,0.036787666,0.021124585,0.021497216
2024-10-28,0.01651646,0.015173304,0.04988691,0.027150603,0.038489122,0.033557303,0.043021824,0.028205523,0.027026845,0.023513056,0.031035744,0.055449687,0.036636263,0.025379313,0.03092551,0.05114225,0.017173221,0.041770976,0.03541588,0.023582693,0.03559268,0.041161772,0.027346471,0.05676898,0.03165179,0.026011243,0.030084895,0.019629978,0.03994675,0.021030294,0.019722665
2024-10-29,0.018900894,0.019147333,0.04780917,0.0242647,0.038669147,0.033391587,0.03748475,0.030443883,0.03258728,0.029380267,0.031656154,0.05646929,0.034611896,0.025120942,0.031313464,0.04259985,0.01799585,0.04956864,0.040092018,0.022710789,0.033837147,0.03353141,0.023757251,0.055841036,0.031883094,0.02185672,0.032674495,0.02265995,0.03318307,0.02812599,0.018431941
2024-10-30,0.02074826,0.022971718,0.054209296,0.023472304,0.041500676,0.026044913,0.03330625,0.030864742,0.03123502,0.026741795,0.032214224,0.06454641,0.028490175,0.019300131,0.029365512,0.053488366,0.0141732795,0.046515483,0.04099569,0.021546703,0.033804562,0.031191325,0.022981344,0.06105344,0.027792035,0.023155304,0.035125133,0.023848522,0.032750618,0.031632293,0.014934472
2024-10-31,0.023787834,0.026127191,0.059527606,0.023159709,0.043204494,0.027662544,0.03095371,0.032284684,0.032283254,0.024084045,0.036610223,0.065236345,0.01864693,0.016090546,0.03190527,0.050826043,0.018317502,0.040686186,0.039758246,0.020678656,0.03360779,0.029249145,0.02247979,0.05757513,0.024808612,0.023825943,0.03911938,0.026094858,0.032408956,0.035027586,0.013971797
2024-11-01,0.02644578,0.033589903,0.04289954,0.023082068,0.033781037,0.022021772,0.02682218,0.0315461,0.042366568,0.03788396,0.043719698,0.06666667,0.023832068,0.01820481,0.032706805,0.039073974,0.021201925,0.049364585,0.041057315,0.01687568,0.03344529,0.02014375,0.02763454,0.041381758,0.018448243,0.02927003,0.03480132,0.028717965,0.031094296,0.045039173,0.0168812
2024-11-04,0.031395398,0.037546944,0.06061602,0.016164696,0.04978417,0.01699924,0.026273193,0.046967935,0.044445843,0.03551912,0.026799206,0.05840257,0.027758412,0.017075984,0.033577714,0.034586128,0.018665403,0.05008283,0.057203416,0.019790351,0.026376652,0.015416177,0.023973031,0.04746827,0.018239925,0.023319278,0.032872,0.018355237,0.024776448,0.04227014,0.017278273
2024-11-05,0.03058845,0.052246325,0.058803953,0.016961532,0.0454557,0.024234008,0.025277903,0.048069887,0.04367168,0.02516341,0.026080988,0.056576997,0.0313968,0.018089356,0.04475089,0.031749636,0.027388627,0.03405535,0.044502076,0.023718217,0.027338803,0.015995892,0.023345038,0.03716437,0.016266547,0.021439105,0.038450953,0.015837977,0.02841121,0.049925547,0.017042777
2024-11-06,0.034130484,0.05497873,0.06296084,0.013595721,0.053685866,0.019969212,0.026318563,0.053160254,0.05106314,0.029678788,0.01773215,0.04401076,0.04032092,0.018982487,0.042872082,0.023385584,0.018387241,0.038145006,0.053497106,0.026131105,0.025252482,0.015855633,0.022317735,0.039040994,0.018927556,0.015473579,0.035491437,0.014508003,0.022248823,0.050830483,0.01704724
2024-11-07,0.036270957,0.06666667,0.06666667,0.01147136,0.051479153,0.0124745825,0.02852615,0.05640382,0.06503232,0.02297004,0.014101457,0.039597996,0.055088278,0.016825402,0.05099281,0.017601287,0.009777629,0.03112356,0.055148676,0.020265657,0.01700825,0.014698491,0.02446236,0.031072086,0.024760243,0.010988819,0.046037108,0.010883823,0.011976662,0.06666667,0.012961024
2024-11-08,0.029623106,0.065500595,0.06666667,0.012412746,0.05279727,0.012986926,0.03327542,0.050515436,0.06328325,0.019796534,0.013546282,0.034405667,0.05874045,0.020176059,0.05657339,0.020082813,0.009016014,0.023347639,0.04803081,0.020844476,0.017675161,0.01715716,0.029807258,0.029196069,0.030444032,0.012653449,0.051774282,0.011643956,0.015686713,0.059549242,0.012791142
2024-11-11,0.029068358,0.06604721,0.06666667,0.01474542,0.044922136,0.015590057,0.034309365,0.054959938,0.05781503,0.017306516,0.017522622,0.029529925,0.052615937,0.02327909,0.06666667,0.019321468,0.0127555765,0.016604912,0.051275373,0.01813363,0.015405681,0.015048585,0.037798066,0.02170869,0.033340145,0.013437738,0.05919026,0.010277543,0.01632055,0.056019954,0.012316895
2024-11-12,0.03194826,0.06666667,0.06666667,0.013421633,0.04394062,0.012152603,0.03245633,0.060311016,0.05868078,0.017569913,0.017859375,0.028123368,0.053967167,0.022506716,0.06666667,0.018292967,0.010821418,0.017365612,0.059304517,0.01740198,0.015012128,0.012810368,0.038685236,0.021313358,0.031953793,0.014075271,0.0552056,0.009060927,0.014128882,0.058953453,0.0126767075
2024-11-13,0.027112363,0.05974339,0.06666667,0.01620708,0.046374634,0.013179433,0.03325969,0.061072674,0.05428689,0.017402241,0.021916172,0.026579287,0.05171127,0.021358665,0.06666667,0.02540946,0.010470662,0.01727181,0.06666667,0.01797318,0.015181943,0.011324309,0.038573846,0.022993268,0.035808217,0.016608827,0.0572234,0.008387136,0.013498971,0.04671901,0.012352173
2024-11-14,0.023686506,0.034615733,0.06666667,0.021465687,0.04217175,0.019888042,0.040433463,0.061214168,0.048243053,0.020286242,0.026659153,0.027784452,0.050019056,0.024642114,0.06666667,0.038847767,0.011479166,0.021456338,0.057446677,0.018064387,0.016894443,0.009728387,0.029657338,0.026861917,0.04342459,0.018197857,0.058041677,0.008113049,0.01724671,0.03653878,0.013558158
2024-11-15,0.021952724,0.041798435,0.06666667,0.024859965,0.03682781,0.02121062,0.04007674,0.05318526,0.03802621,0.015678506,0.030250762,0.031059908,0.06666667,0.027039116,0.06666667,0.04767998,0.011642686,0.017852992,0.053402517,0.019984327,0.017804103,0.010306398,0.027492791,0.025367614,0.03903072,0.018875059,0.05368346,0.0069270134,0.017266365,0.03607937,0.0146385515
2024-11-18,0.024065455,0.040979072,0.06666667,0.027026283,0.026021447,0.01596449,0.03897434,0.050859172,0.03633269,0.01958895,0.038188938,0.031515103,0.06666667,0.031830356,0.06666667,0.05130893,0.010368189,0.020564087,0.06126316,0.016025452,0.018744076,0.008272816,0.029833503,0.02219723,0.03801115,0.023315504,0.04274081,0.0069484753,0.016535051,0.03454531,0.017979965
2024-11-19,0.025829671,0.043347903,0.057190828,0.030831441,0.023808189,0.019381337,0.04362049,0.03985105,0.034079716,0.020796765,0.043372907,0.033379167,0.06666667,0.0323239,0.06666667,0.051249657,0.015726477,0.019013543,0.04471642,0.013905418,0.020904431,0.009743618,0.028298149,0.018898398,0.037055876,0.026405359,0.04490073,0.010617828,0.023828901,0.030505756,0.023082737
2024-11-20,0.025209695,0.05099957,0.057772253,0.031449117,0.026924357,0.016682172,0.04572494,0.036961645,0.028265761,0.02061716,0.038898252,0.03202942,0.06666667,0.02911518,0.06666667,0.045428302,0.015893152,0.019204965,0.050589614,0.015804544,0.019565977,0.0112926345,0.032700583,0.020575874,0.035313074,0.025851425,0.045047328,0.013069821,0.021505741,0.028987402,0.025186703
2024-11-21,0.024855606,0.053866442,0.05325077,0.034843937,0.029822325,0.016518978,0.047396094,0.030979823,0.028515553,0.021105368,0.041428182,0.03218139,0.06666667,0.027559455,0.06666667,0.039886463,0.018553281,0.017284736,0.050344855,0.016225336,0.017921895,0.013638344,0.03764622,0.01738326,0.032982122,0.026398541,0.044610377,0.015025155,0.021565776,0.025475373,0.02940101
2024-11-22,0.024940494,0.03834098,0.05323488,0.03476899,0.028121855,0.021276793,0.04675496,0.036249425,0.030717729,0.02499049,0.033316668,0.026625326,0.06666667,0.036968924,0.06666667,0.035468124,0.01605472,0.021320252,0.05565088,0.018598806,0.020156493,0.014261086,0.03633597,0.018646404,0.042679165,0.020809542,0.04237322,0.0139820585,0.020371048,0.025799109,0.027852278
2024-11-25,0.023045607,0.020883273,0.050352644,0.03046059,0.031419747,0.025604747,0.04905011,0.042968176,0.030255634,0.032965656,0.02386369,0.020281736,0.06666667,0.049347565,0.06654754,0.029535992,0.012839157,0.030882161,0.06136988,0.019846356,0.020943305,0.0129798725,0.03238579,0.022876404,0.056688234,0.017502958,0.036481988,0.011519044,0.021798396,0.020112619,0.028524464
2024-11-26,0.028856864,0.02054649,0.039500456,0.03154011,0.033918083,0.021385811,0.050745998,0.040172696,0.025703065,0.032930605,0.02338184,0.022568405,0.06666667,0.052950326,0.051734578,0.022285372,0.013402057,0.04464424,0.060790226,0.01798052,0.017294457,0.014481874,0.036466617,0.0245164,0.057982627,0.017048001,0.036513276,0.01461331,0.02345811,0.022323797,0.033597123
2024-11-27,0.02743336,0.02476903,0.04378773,0.03658953,0.039756164,0.020915128,0.049638644,0.04356994,0.021290163,0.026904989,0.024285909,0.021653382,0.063152544,0.045162413,0.053772695,0.021869477,0.014331791,0.041575205,0.063748024,0.016975557,0.013894563,0.012806823,0.039089885,0.022764223,0.05783931,0.01731389,0.04426128,0.013836675,0.02077657,0.025237223,0.030997878
2024-11-29,0.029046714,0.022181151,0.037392303,0.044035375,0.037623353,0.021723488,0.05135618,0.04146372,0.018054696,0.026935562,0.028107226,0.025086261,0.0461636,0.045566786,0.05321056,0.01980363,0.019088166,0.046349257,0.0579502,0.014677112,0.012043082,0.013016293,0.042982776,0.020963047,0.05776595,0.019464877,0.047501598,0.01666251,0.02383968,0.025985843,0.033958998
2024-12-02,0.031634614,0.020856319,0.03449251,0.039389465,0.045679986,0.022152299,0.051745582,0.040362246,0.018795697,0.03443677,0.021747436,0.0246274,0.045645572,0.044129726,0.04492491,0.017949373,0.015123155,0.057553746,0.05613716,0.017173674,0.014646477,0.0147049045,0.034783985,0.026528446,0.057801064,0.016841842,0.044447202,0.020675868,0.026083969,0.026121624,0.032806974
2024-12-03,0.026298953,0.017988613,0.03361578,0.038794383,0.05553582,0.023164714,0.05105536,0.04080976,0.01586222,0.032992754,0.019928508,0.026960474,0.045187727,0.041948527,0.045452952,0.021127248,0.014200912,0.054852806,0.06111837,0.016987806,0.014465314,0.014468332,0.031662993,0.031020237,0.055927053,0.017278085,0.047287147,0.021538047,0.03060149,0.02388032,0.027987288
2024-12-04,0.027197849,0.018195424,0.037645143,0.03784958,0.06666667,0.02908785,0.048433512,0.039072927,0.017326435,0.037490323,0.018526763,0.026048472,0.03701905,0.034915026,0.040560376,0.021155594,0.014898327,0.052128043,0.053601522,0.019570343,0.017464088,0.018656023,0.030516233,0.031443115,0.051671762,0.017437527,0.047888663,0.026411073,0.030755661,0.024385424,0.025981206
2024-12-05,0.023658095,0.02116275,0.050378207,0.03235644,0.06666667,0.023608886,0.043462213,0.04101637,0.022584766,0.03625583,0.017363468,0.02711869,0.039997313,0.028369952,0.034379672,0.020851923,0.010288997,0.052240968,0.06666667,0.022212762,0.019562008,0.021119758,0.033158775,0.03954423,0.04840725,0.014900458,0.046200708,0.024340637,0.027046755,0.02613351,0.018945275
2024-12-06,0.024718175,0.012847489,0.05779276,0.03603164,0.06666667,0.044094477,0.039353963,0.049035512,0.017359057,0.034561507,0.02109636,0.019237759,0.02277037,0.027678814,0.027711121,0.033003286,0.013195631,0.047778185,0.06488407,0.030822447,0.028496109,0.020926386,0.022041582,0.047459867,0.05526902,0.016311575,0.039937247,0.019084241,0.025874913,0.01566039,0.018299384
2024-12-09,0.02696662,0.009494272,0.06458084,0.032893408,0.06666667,0.04212051,0.03465981,0.05555568,0.014804496,0.034597483,0.021781158,0.018471535,0.015205192,0.023470238,0.018456576,0.04324329,0.0094907,0.05856733,0.06249113,0.0339577,0.035811927,0.021814518,0.01814664,0.06193327,0.053807605,0.017278137,0.033967514,0.016860599,0.021723464,0.014610777,0.01657091
2024-12-10,0.022541374,0.00997275,0.04565097,0.039206583,0.06666667,0.05465129,0.03413184,0.035998635,0.017951267,0.036030624,0.026325127,0.022723293,0.011103812,0.02064121,0.013221267,0.0373968,0.012726355,0.06666667,0.04030566,0.035450414,0.04601732,0.03574308,0.019686883,0.06228152,0.043760195,0.019485254,0.033123586,0.027305255,0.029416397,0.0172211,0.016596807
2024-12-11,0.026119886,0.012504793,0.044002466,0.03964302,0.06666667,0.042306226,0.035719696,0.03981691,0.013299994,0.030608186,0.034752797,0.03262647,0.009990639,0.019128218,0.016562738,0.040562402,0.020558918,0.06666667,0.05097367,0.028707102,0.030352252,0.024258662,0.019892355,0.05900833,0.034482908,0.022803472,0.03958878,0.025617925,0.03633545,0.016512416,0.019929996
2024-12-12,0.026213208,0.01132421,0.046579294,0.028913978,0.06666667,0.04102003,0.035171587,0.04283485,0.014974415,0.037075527,0.026119325,0.03139984,0.011635567,0.019100301,0.018834773,0.03877782,0.018361885,0.06666667,0.059930358,0.030331137,0.0330032,0.023581998,0.017038537,0.06666667,0.035397116,0.020476867,0.03523677,0.02554904,0.036363926,0.015286489,0.019467957
2024-12-13,0.025009003,0.009738184,0.04442018,0.033269957,0.06666667,0.04812856,0.033936746,0.0414379,0.011965172,0.03085344,0.030647505,0.033773236,0.010727953,0.019435467,0.01826296,0.04648934,0.020653099,0.06666667,0.05775424,0.030725654,0.03296802,0.023485096,0.016091967,0.06666667,0.03276564,0.020842303,0.034289453,0.02103011,0.03834143,0.014162123,0.018795257
2024-12-16,0.025824802,0.010144396,0.039943866,0.033372216,0.06666667,0.053420916,0.030022228,0.042369433,0.011893116,0.030914443,0.032367226,0.040019277,0.0071054203,0.019842722,0.018437468,0.041522443,0.03188733,0.06666667,0.048576012,0.025828633,0.028362002,0.021831902,0.016153302,0.06434854,0.029036446,0.020964865,0.03696382,0.024589026,0.04596472,0.016571406,0.01838869
2024-12-17,0.026829656,0.01008125,0.05412888,0.027494183,0.06666667,0.04904425,0.030711794,0.054385316,0.0103997635,0.023374738,0.027277961,0.041737232,0.0075170933,0.020903587,0.02053915,0.04244671,0.036607537,0.06067372,0.05913436,0.024481228,0.02196712,0.019177921,0.017852286,0.06666667,0.0289564,0.020152327,0.03893066,0.017019393,0.0433789,0.01436087,0.01710238
2024-12-18,0.025308128,0.007533778,0.045840915,0.029950442,0.06666667,0.046189915,0.030367019,0.04800181,0.009854884,0.025449166,0.029044144,0.047575746,0.007894177,0.022556426,0.013609101,0.04853669,0.029309928,0.06666667,0.057953015,0.028242748,0.02493496,0.022898288,0.017700171,0.06666667,0.028555278,0.021984318,0.03564327,0.019756345,0.043400567,0.014591714,0.017317053
2024-12-19,0.018522827,0.008649073,0.03477909,0.034644917,0.06455874,0.029916437,0.025009966,0.040663447,0.00953777,0.022593526,0.04243805,0.06483728,0.010763995,0.021719715,0.012049612,0.059266835,0.024981288,0.06666667,0.056430746,0.023631677,0.023530997,0.023430452,0.027945353,0.06666667,0.021033974,0.03534161,0.031999085,0.01952433,0.042138077,0.01886496,0.017862841
2024-12-20,0.020649975,0.007387747,0.039170764,0.02775188,0.062020972,0.026505955,0.025009723,0.041418035,0.010455026,0.024702283,0.03783532,0.06666667,0.011830294,0.022493223,0.01148874,0.065355025,0.023060663,0.06666667,0.059627503,0.023360664,0.023663264,0.026332857,0.027312214,0.06666667,0.022069043,0.03562253,0.028572751,0.02038514,0.040420905,0.01678964,0.018707871
2024-12-23,0.023447366,0.009781961,0.03535888,0.02158217,0.06284342,0.024585748,0.02740116,0.035263866,0.012690316,0.025356067,0.033927824,0.06666667,0.015882593,0.024158623,0.011238265,0.05299239,0.023506667,0.06666667,0.05411364,0.026959883,0.026502661,0.035187002,0.024792233,0.06666667,0.02142134,0.032003675,0.027582612,0.026193338,0.042103257,0.021483531,0.021639511
2024-12-24,0.022888204,0.012195757,0.029193971,0.021583902,0.048859634,0.022798477,0.02716077,0.028451543,0.01343193,0.022675777,0.035867784,0.06666667,0.017682847,0.02466906,0.011753658,0.0560902,0.02565299,0.06666667,0.040838204,0.025870552,0.02714277,0.04355997,0.02600216,0.06666667,0.020077651,0.03538352,0.028857091,0.035026547,0.04745572,0.027548917,0.021280397
2024-12-26,0.024929995,0.01226098,0.03512557,0.01934065,0.048803125,0.021769093,0.030452952,0.03466404,0.013384766,0.022263832,0.03145561,0.06666667,0.021189312,0.0279954,0.013697755,0.0535556,0.024271585,0.06666667,0.048272815,0.02622224,0.024625482,0.037761863,0.026295347,0.06666667,0.023648843,0.032137185,0.02947469,0.027260056,0.04004985,0.026263095,0.022828262
2024-12-27,0.02750256,0.014057883,0.037038222,0.018780842,0.046370067,0.020541832,0.031729452,0.036758635,0.013525433,0.021192012,0.029932734,0.06666667,0.020674288,0.029745143,0.016553571,0.0478977,0.025111716,0.06645217,0.043311518,0.023822382,0.02392841,0.03569412,0.02918407,0.06666667,0.024264907,0.031772263,0.032093465,0.025838343,0.042423815,0.02676844,0.023700675
2024-12-30,0.029219752,0.018182032,0.031745967,0.019720683,0.037322275,0.019029103,0.029347375,0.035692602,0.014064148,0.02079782,0.033779513,0.06666667,0.0201177,0.02967781,0.01766559,0.046943642,0.028535604,0.06262696,0.037407193,0.022081,0.025302721,0.035192013,0.032753043,0.06450503,0.021048086,0.037414115,0.032374248,0.02846079,0.04570791,0.03243973,0.024178868
