{
  "variant": "placebo",
  "seed": 42,
  "timesteps": 150000,
  "metrics": {
    "Total Return": 0.19676106859730602,
    "CAGR": 0.06212493176617917,
    "Ann. Volatility": 0.16006699219995868,
    "Sharpe": 0.4565204707678177,
    "Sortino": 0.6758457912502465,
    "Max Drawdown": -0.17700081612317706,
    "Turnover": 0.03163228929042816
  },
  "curve": {
    "t": [
      2048,
      4096,
      6144,
      8192,
      10240,
      12288,
      14336,
      16384,
      18432,
      20480,
      22528,
      24576,
      26624,
      28672,
      30720,
      32768,
      34816,
      36864,
      38912,
      40960,
      43008,
      45056,
      47104,
      49152,
      51200,
      53248,
      55296,
      57344,
      59392,
      61440,
      63488,
      65536,
      67584,
      69632,
      71680,
      73728,
      75776,
      77824,
      79872,
      81920,
      83968,
      86016,
      88064,
      90112,
      92160,
      94208,
      96256,
      98304,
      100352,
      102400,
      104448,
      106496,
      108544,
      110592,
      112640,
      114688,
      116736,
      118784,
      120832,
      122880,
      124928,
      126976,
      129024,
      131072,
      133120,
      135168,
      137216,
      139264,
      141312,
      143360,
      145408,
      147456,
      149504,
      151552
    ],
    "r": [
      -30.573806,
      -30.379184000000002,
      -30.20074633333333,
      -30.117716,
      -30.154501800000002,
      -29.93548642857143,
      -29.832463375,
      -29.750528999999997,
      -29.681912999999998,
      -29.676334909090905,
      -29.62308808333333,
      -29.485822928571427,
      -29.395827266666668,
      -29.285784,
      -29.173357117647058,
      -29.106386555555552,
      -29.048085631578942,
      -28.89515476190476,
      -28.808214363636363,
      -28.738168521739134,
      -28.661239166666665,
      -28.566991399999996,
      -28.393304518518516,
      -28.289657321428567,
      -28.19681244827586,
      -28.0958559,
      -27.989439193548385,
      -27.8726173125,
      -27.64046032352941,
      -27.52996274285714,
      -27.41738861111111,
      -27.302964243243242,
      -27.200998789473687,
      -27.089158025641026,
      -26.85243343902439,
      -26.73060404761905,
      -26.622225953488375,
      -26.505216795454547,
      -26.37832497777778,
      -26.14082768085107,
      -26.01865860416667,
      -25.89131616326531,
      -25.762836140000005,
      -25.63042596078432,
      -25.502544038461544,
      -25.25134464814815,
      -25.11185187272728,
      -24.967368642857142,
      -24.83607889473684,
      -24.693346293103446,
      -24.553079999999998,
      -24.277468311475406,
      -24.138370032258063,
      -23.995813079365075,
      -23.84834090625,
      -23.704820584615387,
      -23.420557507462686,
      -23.272677985294116,
      -23.125837173913045,
      -22.972591114285716,
      -22.82684229577465,
      -22.685133236111113,
      -22.39807144594595,
      -22.255905173333336,
      -22.115483355263162,
      -21.977944025974033,
      -21.829784179487184,
      -21.690297810126587,
      -21.411415197530868,
      -21.269899390243907,
      -21.13146298795181,
      -20.98595740476191,
      -20.849019882352945,
      -20.705375034883723
    ]
  }
}