{
  "variant": "sentiment",
  "seed": 1,
  "timesteps": 150000,
  "metrics": {
    "Total Return": 0.46860250631766376,
    "CAGR": 0.13764080114859123,
    "Ann. Volatility": 0.18249988394567063,
    "Sharpe": 0.7979065563739108,
    "Sortino": 1.1550424116862608,
    "Max Drawdown": -0.1488497680678024,
    "Turnover": 0.059730276465415955
  },
  "curve": {
    "t": [
      2048,
      4096,
      6144,
      8192,
      10240,
      12288,
      14336,
      16384,
      18432,
      20480,
      22528,
      24576,
      26624,
      28672,
      30720,
      32768,
      34816,
      36864,
      38912,
      40960,
      43008,
      45056,
      47104,
      49152,
      51200,
      53248,
      55296,
      57344,
      59392,
      61440,
      63488,
      65536,
      67584,
      69632,
      71680,
      73728,
      75776,
      77824,
      79872,
      81920,
      83968,
      86016,
      88064,
      90112,
      92160,
      94208,
      96256,
      98304,
      100352,
      102400,
      104448,
      106496,
      108544,
      110592,
      112640,
      114688,
      116736,
      118784,
      120832,
      122880,
      124928,
      126976,
      129024,
      131072,
      133120,
      135168,
      137216,
      139264,
      141312,
      143360,
      145408,
      147456,
      149504,
      151552
    ],
    "r": [
      -30.71122,
      -30.490265,
      -30.393979333333334,
      -30.2752975,
      -30.231294400000003,
      -30.082399714285714,
      -29.929846124999997,
      -29.89298677777778,
      -29.864455399999997,
      -29.76867254545454,
      -29.66831666666666,
      -29.481852642857138,
      -29.394843333333327,
      -29.3147283125,
      -29.245270529411766,
      -29.141545,
      -29.049865736842104,
      -28.89481004761905,
      -28.825934000000004,
      -28.746272347826086,
      -28.667618083333334,
      -28.56928152,
      -28.389339481481482,
      -28.292773464285712,
      -28.190626793103444,
      -28.098649066666663,
      -28.004015870967738,
      -27.89201340625,
      -27.68380188235294,
      -27.580358085714288,
      -27.476630444444446,
      -27.37091327027027,
      -27.25933615789474,
      -27.152363102564106,
      -26.923024219512193,
      -26.819916880952377,
      -26.704412651162787,
      -26.594385704545456,
      -26.478599288888887,
      -26.26087504255319,
      -26.154618125000002,
      -26.04985389795919,
      -25.946382680000006,
      -25.847652882352946,
      -25.750228269230774,
      -25.557697222222227,
      -25.45784785454546,
      -25.361685857142852,
      -25.263117438596485,
      -25.161987258620684,
      -25.057051610169488,
      -24.850389622950818,
      -24.752017080645157,
      -24.65181733333333,
      -24.545190124999998,
      -24.43740486153846,
      -24.221236014925374,
      -24.118823,
      -24.012037898550727,
      -23.906586157142858,
      -23.801077225352113,
      -23.68840365277778,
      -23.469353,
      -23.358737,
      -23.244532684210526,
      -23.130382532467532,
      -23.01200925641026,
      -22.90008541772152,
      -22.684074024691355,
      -22.56820763414634,
      -22.46420701204819,
      -22.35885325,
      -22.254101529411763,
      -22.149166023255813
    ]
  }
}