,Total Return,CAGR,Ann. Volatility,Sharpe,Sortino,Max Drawdown
PPO (mean),0.28293900140490585,0.08547680250649639,0.17269896645091792,0.5526068220481974,0.8056883115919801,-0.19367033855886473
PPO (best seed 42),0.4940323374101294,0.144213190299193,0.16153656030332408,0.9148428162185994,1.3418714594644592,-0.13749674546922785
PPO+sentiment (mean),0.5371365058050976,0.15281931653681183,0.1712246637357696,0.9029459459552692,1.3335036428436866,-0.15820039775840122
PPO+sentiment (best seed 99),0.8159120798355788,0.22163070185808076,0.18290785448907856,1.186056890603848,1.7701400447084656,-0.14240502880731173
Buy & Hold (1/N),0.4164633690860997,0.12392504016107608,0.15974178576715664,0.811269376245965,1.188685577792181,-0.12877876611422298
Markowitz (train-fit),0.45680599536702804,0.13456627877764582,0.20566667658873214,0.7166074909048797,1.0615746062791105,-0.30297747625149685
12-1 momentum,0.28084105317068797,0.08660151588635645,0.12101264187257174,0.7469483670046841,0.8514038606063241,-0.15572759429184238
Random policy (mean of 100),-0.13438995545001442,-0.04727331237277621,0.1343277404080857,-0.2934037520918599,-0.42891996375101166,-0.203191105128121
Best asset (hindsight),0.8506205057282845,0.22941650035783545,0.27227466203972844,0.8949701619028193,1.3463664225822534,-0.2050866650031363
