{
  "n_decisions": 120,
  "n_perm": 64,
  "area_between_curves": 0.046001221348599686,
  "attr_curve": [
    0.39989137649536133,
    0.3729563355445862,
    0.3294072449207306,
    0.3143767714500427,
    0.3137349784374237,
    0.31485840678215027,
    0.3116978704929352,
    0.3120903968811035,
    0.310353547334671,
    0.31017282605171204,
    0.3081948459148407,
    0.307689368724823,
    0.30838581919670105,
    0.30963489413261414,
    0.3106220066547394,
    0.3098437488079071,
    0.30955570936203003,
    0.3100477457046509,
    0.31004080176353455,
    0.3095152974128723,
    0.30972665548324585,
    0.3096751868724823,
    0.3093966841697693,
    0.310271680355072,
    0.31018683314323425,
    0.3103203773498535,
    0.31045547127723694,
    0.3106043040752411,
    0.31123116612434387,
    0.31130826473236084,
    0.3114590048789978,
    0.31149807572364807,
    0.3117283284664154,
    0.31179332733154297,
    0.3120059370994568,
    0.312529981136322,
    0.3128505051136017,
    0.31328362226486206,
    0.3132539987564087,
    0.31316328048706055,
    0.3132362365722656,
    0.3134576678276062
  ],
  "random_curve": [
    0.39989137649536133,
    0.39775213599205017,
    0.39620381593704224,
    0.3945925831794739,
    0.39147600531578064,
    0.39120543003082275,
    0.39025983214378357,
    0.38819825649261475,
    0.3881469964981079,
    0.3883340656757355,
    0.38650721311569214,
    0.38344818353652954,
    0.3817339241504669,
    0.3809528648853302,
    0.3781422972679138,
    0.3729173243045807,
    0.36894944310188293,
    0.3684544861316681,
    0.36469942331314087,
    0.360976904630661,
    0.3584861755371094,
    0.3582381308078766,
    0.3567931056022644,
    0.3554254174232483,
    0.3526512086391449,
    0.3513734042644501,
    0.3484214246273041,
    0.3441266715526581,
    0.3428186774253845,
    0.3422335088253021,
    0.33892786502838135,
    0.3360665440559387,
    0.33655649423599243,
    0.3329455256462097,
    0.3318074345588684,
    0.33020782470703125,
    0.3307892382144928,
    0.32708731293678284,
    0.32284343242645264,
    0.32287219166755676,
    0.31558483839035034,
    0.3134576678276062
  ],
  "faithful": true
}