,Total Return,CAGR,Ann. Volatility,Sharpe,Sortino,Max Drawdown
QuantMind PPO,0.4940323374101294,0.144213190299193,0.16153656030332408,0.9148428162185994,1.3418714594644592,-0.13749674546922785
Buy & Hold (1/N),0.4203408035438414,0.12495647673540144,0.1601684253486827,0.8152625559875388,1.195515797140052,-0.12761349411294948
Best asset (XOM),0.8506205057282845,0.22941650035783545,0.27227466203972844,0.8949701619028193,1.3463664225822534,-0.2050866650031363
