{
  "windows": [
    {
      "window": "2015-2019 -> 2020",
      "test_days": 253,
      "agent_sharpe_mean": 0.486025925544377,
      "agent_sharpe_std": 0.25947925053866544,
      "agent_sharpes": [
        0.2264419207517555,
        0.45942384450152296,
        0.7003736227288283,
        0.7982611411663195,
        0.24562909857345872
      ],
      "buy_hold_sharpe": 0.6082240273913282,
      "n_beating_bh": 2
    },
    {
      "window": "2015-2020 -> 2021",
      "test_days": 252,
      "agent_sharpe_mean": 2.158021870055867,
      "agent_sharpe_std": 0.5625311229809633,
      "agent_sharpes": [
        1.5345791739442647,
        2.117205327158109,
        2.6400765192948294,
        2.8087858174867213,
        1.6894625123954103
      ],
      "buy_hold_sharpe": 2.3770793488960815,
      "n_beating_bh": 2
    },
    {
      "window": "2015-2021 -> 2022-24",
      "test_days": 752,
      "agent_sharpe_mean": 0.5526068220481976,
      "agent_sharpe_std": 0.2597938410432894,
      "agent_sharpes": [
        0.9148428162185994,
        0.6021783204298554,
        0.25169442672342,
        0.637875263103574,
        0.3564432837655385
      ],
      "buy_hold_sharpe": 0.811269376245965,
      "n_beating_bh": 1
    }
  ],
  "seeds": [
    42,
    1,
    7,
    13,
    99
  ],
  "timesteps": 150000
}