{
  "variant": "sentiment",
  "seed": 42,
  "timesteps": 150000,
  "metrics": {
    "Total Return": 0.20290929053124973,
    "CAGR": 0.06395277324821258,
    "Ann. Volatility": 0.1594003006651012,
    "Sharpe": 0.46855484266119185,
    "Sortino": 0.6938748513091317,
    "Max Drawdown": -0.17693810420848702,
    "Turnover": 0.025444395840168
  },
  "curve": {
    "t": [
      2048,
      4096,
      6144,
      8192,
      10240,
      12288,
      14336,
      16384,
      18432,
      20480,
      22528,
      24576,
      26624,
      28672,
      30720,
      32768,
      34816,
      36864,
      38912,
      40960,
      43008,
      45056,
      47104,
      49152,
      51200,
      53248,
      55296,
      57344,
      59392,
      61440,
      63488,
      65536,
      67584,
      69632,
      71680,
      73728,
      75776,
      77824,
      79872,
      81920,
      83968,
      86016,
      88064,
      90112,
      92160,
      94208,
      96256,
      98304,
      100352,
      102400,
      104448,
      106496,
      108544,
      110592,
      112640,
      114688,
      116736,
      118784,
      120832,
      122880,
      124928,
      126976,
      129024,
      131072,
      133120,
      135168,
      137216,
      139264,
      141312,
      143360,
      145408,
      147456,
      149504,
      151552
    ],
    "r": [
      -30.573084,
      -30.388088500000002,
      -30.219620666666668,
      -30.14032925,
      -30.191207600000002,
      -30.005108285714282,
      -29.907919625,
      -29.827442,
      -29.772114499999997,
      -29.779636727272724,
      -29.73181883333333,
      -29.604365642857143,
      -29.521343466666668,
      -29.420614875000002,
      -29.310417,
      -29.251515722222223,
      -29.19470005263158,
      -29.04544833333333,
      -28.96012445454545,
      -28.895492043478257,
      -28.826322791666666,
      -28.7365446,
      -28.58336455555556,
      -28.485859,
      -28.397013068965517,
      -28.30684653333333,
      -28.20347129032258,
      -28.088020906249998,
      -27.856908205882352,
      -27.74741257142857,
      -27.636620805555552,
      -27.52054851351351,
      -27.416323263157892,
      -27.301257461538455,
      -27.062660951219513,
      -26.93716830952381,
      -26.825025860465118,
      -26.70956247727273,
      -26.587535422222224,
      -26.349469468085108,
      -26.233543895833332,
      -26.108331999999994,
      -25.977759739999996,
      -25.8439311372549,
      -25.71165217307692,
      -25.448486444444445,
      -25.312832672727275,
      -25.171193964285717,
      -25.04060070175439,
      -24.903106862068967,
      -24.76549159322034,
      -24.499293721311474,
      -24.364812129032256,
      -24.225699904761907,
      -24.083750796875,
      -23.943709400000003,
      -23.667155805970154,
      -23.523522750000005,
      -23.37652623188406,
      -23.231618157142858,
      -23.090659352112677,
      -22.949777291666667,
      -22.66714839189189,
      -22.52685349333333,
      -22.392812,
      -22.25671571428571,
      -22.117157628205124,
      -21.983338949367084,
      -21.715393691358024,
      -21.58113913414634,
      -21.44933060240964,
      -21.309878892857142,
      -21.17495708235294,
      -21.035065430232557
    ]
  }
}