{
  "variant": "placebo",
  "seed": 7,
  "timesteps": 150000,
  "metrics": {
    "Total Return": 0.5448973491259401,
    "CAGR": 0.1571396113182022,
    "Ann. Volatility": 0.1768901268896337,
    "Sharpe": 0.9135728827507662,
    "Sortino": 1.3360002467901069,
    "Max Drawdown": -0.12698608944808978,
    "Turnover": 0.08002064377069473
  },
  "curve": {
    "t": [
      2048,
      4096,
      6144,
      8192,
      10240,
      12288,
      14336,
      16384,
      18432,
      20480,
      22528,
      24576,
      26624,
      28672,
      30720,
      32768,
      34816,
      36864,
      38912,
      40960,
      43008,
      45056,
      47104,
      49152,
      51200,
      53248,
      55296,
      57344,
      59392,
      61440,
      63488,
      65536,
      67584,
      69632,
      71680,
      73728,
      75776,
      77824,
      79872,
      81920,
      83968,
      86016,
      88064,
      90112,
      92160,
      94208,
      96256,
      98304,
      100352,
      102400,
      104448,
      106496,
      108544,
      110592,
      112640,
      114688,
      116736,
      118784,
      120832,
      122880,
      124928,
      126976,
      129024,
      131072,
      133120,
      135168,
      137216,
      139264,
      141312,
      143360,
      145408,
      147456,
      149504,
      151552
    ],
    "r": [
      -30.358357,
      -30.469387500000003,
      -30.342714333333333,
      -30.292041,
      -30.254924,
      -30.048870571428573,
      -30.001010375,
      -29.916230333333335,
      -29.817066200000006,
      -29.76395772727273,
      -29.710729500000003,
      -29.50263278571429,
      -29.396903333333338,
      -29.295167250000002,
      -29.158184000000002,
      -29.035055055555556,
      -28.935117631578947,
      -28.739384857142856,
      -28.61671577272727,
      -28.530364304347824,
      -28.451422500000003,
      -28.340976960000003,
      -28.147033518518523,
      -28.05016721428572,
      -27.951719862068973,
      -27.834571466666674,
      -27.710747838709686,
      -27.607104624999998,
      -27.397810794117646,
      -27.286764457142855,
      -27.177565833333333,
      -27.074711378378375,
      -26.96510842105263,
      -26.861229487179482,
      -26.635665878048783,
      -26.52951166666667,
      -26.42614781395349,
      -26.313808681818184,
      -26.202180444444448,
      -25.96790895744681,
      -25.856098479166665,
      -25.73318418367347,
      -25.62687006,
      -25.516810588235295,
      -25.393904634615385,
      -25.167790166666666,
      -25.054348709090906,
      -24.944312053571426,
      -24.83068635087719,
      -24.718196,
      -24.60844418644068,
      -24.386168049180327,
      -24.274077129032257,
      -24.168731793650792,
      -24.0582340625,
      -23.949779307692307,
      -23.73155182089552,
      -23.625314735294115,
      -23.521370115942027,
      -23.4107116,
      -23.30068373239437,
      -23.194462083333335,
      -22.977725229729735,
      -22.866402826666672,
      -22.75557364473685,
      -22.64639097402598,
      -22.540651038461544,
      -22.432185379746844,
      -22.22178840740741,
      -22.11595868292683,
      -22.0135685060241,
      -21.909425833333337,
      -21.805985447058827,
      -21.706775686046516
    ]
  }
}