,AAPL,MSFT,JPM,XOM,JNJ,NVDA,ORCL,GOOGL,VZ,DIS,AMZN,HD,MCD,NKE,PG,KO,WMT,UNH,PFE,MRK,BAC,GS,CAT,HON,UPS,CVX,SHW,NEE,AMT,EWJ,CASH
2022-01-04,0.014599693,0.026527025,0.025452532,0.03727977,0.038142838,0.05391166,0.034586713,0.041209087,0.030203601,0.014891873,0.050298195,0.02112364,0.031785388,0.020330977,0.026697408,0.06666667,0.017804142,0.029050402,0.03413631,0.020637516,0.03618616,0.053205468,0.022567619,0.01434115,0.015889497,0.044714045,0.016384916,0.05801423,0.032638647,0.047979876,0.02274296
2022-01-05,0.013782901,0.015592342,0.02171157,0.05142148,0.02804801,0.04792585,0.04231402,0.046750303,0.042062532,0.012286459,0.026046101,0.022025662,0.04097751,0.01984605,0.031550907,0.06666667,0.015894443,0.028632903,0.022761632,0.019209579,0.056897316,0.04406164,0.022185575,0.03197445,0.015373403,0.05041151,0.013743467,0.05909622,0.03261607,0.040042087,0.018091334
2022-01-06,0.013188994,0.016409561,0.020226909,0.04514402,0.025224222,0.04953277,0.047006242,0.052169926,0.03811576,0.01253406,0.03215735,0.018681537,0.031556137,0.01939564,0.04170175,0.06666667,0.01629188,0.031612765,0.028543796,0.018035801,0.053630654,0.051105835,0.020081598,0.03494218,0.013773136,0.039504346,0.012038952,0.060250677,0.030464105,0.044632718,0.015380015
2022-01-07,0.012381497,0.020013474,0.02646782,0.04179979,0.019439602,0.055881932,0.057881422,0.0484426,0.035625752,0.014300529,0.04072647,0.014888104,0.033846315,0.018596638,0.043595225,0.06666667,0.015223217,0.03349233,0.025404055,0.014036572,0.056399424,0.042995233,0.014780872,0.038729984,0.016649261,0.03169652,0.010314305,0.05993966,0.034984298,0.042102765,0.012697668
2022-01-10,0.012215345,0.02706876,0.024443226,0.03689828,0.017022556,0.044991545,0.047225337,0.046103396,0.040564246,0.016672116,0.043709993,0.0129103055,0.029217226,0.017811915,0.057034496,0.06666667,0.014919792,0.032840177,0.017569277,0.013197404,0.062060077,0.041997213,0.014594474,0.04685094,0.021003695,0.037763618,0.009953915,0.05355722,0.033476297,0.04946449,0.010195995
2022-01-11,0.011882962,0.033104703,0.02371681,0.037728596,0.019149438,0.045587976,0.040558998,0.042538878,0.032290343,0.018964026,0.053865157,0.012230368,0.023041872,0.018339515,0.056062024,0.06666667,0.016916063,0.03364045,0.018867042,0.0137696555,0.050484184,0.046509426,0.017263588,0.04824287,0.019942204,0.04759064,0.011487088,0.04073864,0.031239707,0.056032315,0.011547796
2022-01-12,0.011094779,0.033373136,0.026913451,0.03352771,0.018643854,0.047737345,0.035581194,0.04040721,0.02824713,0.02057911,0.065984935,0.010603271,0.020040382,0.018694896,0.050233714,0.06666667,0.017079704,0.035540175,0.019675862,0.013302745,0.048183125,0.045888074,0.018001579,0.04696499,0.024094537,0.04775992,0.011902127,0.03358013,0.031811364,0.06666667,0.0112202065
2022-01-13,0.012241154,0.032867778,0.030192263,0.03311752,0.018114647,0.0460614,0.038295012,0.03628049,0.027523628,0.019980645,0.059156936,0.013109815,0.019424623,0.018690165,0.05255253,0.06666667,0.018219575,0.036531184,0.020862795,0.013649102,0.047167614,0.048124056,0.021175336,0.049806185,0.019215127,0.04963818,0.013229726,0.029933676,0.03356161,0.0629393,0.011671257
2022-01-14,0.011016091,0.039060358,0.02442669,0.029933592,0.019600982,0.048765168,0.036626652,0.034442816,0.022029867,0.022543056,0.054765325,0.012821182,0.014108747,0.019886147,0.05721318,0.06666667,0.019353554,0.04074236,0.024862172,0.013393058,0.041387357,0.047963616,0.024495002,0.055289134,0.01910683,0.05528911,0.010771027,0.02678733,0.030414645,0.06504599,0.011192301
2022-01-18,0.01597918,0.05168322,0.0237695,0.021273226,0.016510062,0.044894613,0.029850693,0.03219088,0.022479838,0.025886318,0.056205597,0.0160656,0.011335654,0.02310929,0.05944204,0.06666667,0.02218188,0.04302044,0.025397174,0.015862742,0.034148097,0.04902167,0.029004088,0.048963882,0.02153561,0.056579117,0.012429219,0.020547763,0.024123449,0.06662792,0.0132145705
2022-01-19,0.02237785,0.04957952,0.027358918,0.019876463,0.014079214,0.043460183,0.02789531,0.0223624,0.022276018,0.028238343,0.06666667,0.022396134,0.010785167,0.028250817,0.06194257,0.06666667,0.024643354,0.046925887,0.033518873,0.017556924,0.025417326,0.045243055,0.025603376,0.037239738,0.031747542,0.04846834,0.014809736,0.019416481,0.030000405,0.05143194,0.013764779
2022-01-20,0.027633345,0.052603226,0.026002757,0.01781908,0.014265314,0.040434595,0.02359583,0.02532702,0.02453521,0.029299889,0.06666667,0.022861162,0.012287357,0.034708545,0.0596179,0.06666667,0.023883931,0.043138262,0.03317051,0.017810686,0.02445424,0.040418733,0.020385917,0.033338953,0.045799345,0.0421775,0.016737513,0.022546342,0.029902022,0.046517096,0.015394388
2022-01-21,0.039713636,0.052249268,0.022245347,0.017916365,0.013312353,0.03502095,0.021975806,0.022196904,0.026637336,0.028803786,0.06286567,0.031111758,0.014020209,0.04228544,0.054372434,0.059921525,0.024223546,0.03784546,0.030982653,0.01828092,0.022992875,0.035510052,0.018970598,0.029425394,0.06174151,0.046063207,0.020474313,0.024153616,0.030611493,0.03650638,0.017569197
2022-01-24,0.051141813,0.05601356,0.019230375,0.01920163,0.013610668,0.033070948,0.02268745,0.020341594,0.02640069,0.030544307,0.045827847,0.041770797,0.015675992,0.050181106,0.054188304,0.042882085,0.025798002,0.0366136,0.03196134,0.019091459,0.021825366,0.031307638,0.019808235,0.03024927,0.06666667,0.049136605,0.02239673,0.026070055,0.029845463,0.026300937,0.02015946
2022-01-25,0.053272948,0.044149444,0.024173396,0.021919863,0.013841888,0.031284053,0.023702346,0.019140683,0.027864415,0.030168004,0.059209466,0.036243115,0.02096332,0.046952233,0.056064323,0.052004024,0.02176617,0.037143048,0.03419214,0.017588053,0.021777665,0.025927745,0.014006574,0.023695707,0.06666667,0.036290985,0.023223931,0.036395714,0.038757205,0.023593562,0.018021308
2022-01-26,0.06666667,0.03283775,0.021151416,0.026327597,0.012324007,0.027935617,0.024237322,0.014098722,0.036765724,0.025415724,0.06666667,0.04845227,0.023775334,0.05377564,0.04759218,0.048419498,0.023468781,0.029799307,0.032674946,0.020128746,0.018820914,0.021835802,0.011743163,0.0188519,0.06666667,0.031761546,0.027696313,0.03597613,0.05092255,0.01587813,0.017332977
2022-01-27,0.06666667,0.035785913,0.022480672,0.024730595,0.01365971,0.03203343,0.02237662,0.01529165,0.033002663,0.028605804,0.06666667,0.045840885,0.025228266,0.056481104,0.040222578,0.046052966,0.024727687,0.031587824,0.03132878,0.020553825,0.017810456,0.02114662,0.012182155,0.017056534,0.06666667,0.030883037,0.032667313,0.03617455,0.043213747,0.018312927,0.020561688
2022-01-28,0.06666667,0.03301446,0.02262923,0.02416997,0.014250229,0.030193971,0.020619672,0.016191497,0.038845662,0.02811096,0.06666667,0.04422132,0.026500678,0.052924782,0.040790137,0.046826493,0.025372162,0.031501602,0.029130742,0.0209536,0.017732553,0.02264831,0.011070685,0.015708921,0.06666667,0.02657107,0.03655653,0.03917739,0.044578254,0.020489803,0.01921931
2022-01-31,0.06666667,0.039091107,0.035341963,0.02841521,0.020925354,0.02984724,0.017595688,0.015703741,0.0467952,0.026817184,0.06666667,0.037004992,0.031958427,0.031426262,0.04406258,0.049431976,0.025679443,0.033743303,0.020362796,0.019096052,0.017628545,0.022421047,0.0095205335,0.01669157,0.06666667,0.019428786,0.04356886,0.030598968,0.05656932,0.016118154,0.014155693
2022-02-01,0.04807199,0.035232462,0.033401128,0.036082566,0.024141718,0.035620347,0.015296671,0.017157493,0.061219875,0.02441553,0.060517926,0.037338022,0.04462614,0.028514544,0.03530692,0.055417232,0.022398952,0.032963723,0.016284347,0.01956153,0.022109557,0.02061046,0.00945621,0.020137433,0.06666667,0.023032801,0.036598954,0.030251272,0.059296004,0.015775818,0.012495711
2022-02-02,0.042760145,0.051285125,0.038619813,0.0347468,0.020056287,0.026431007,0.015796976,0.018795392,0.06666667,0.03116582,0.052472576,0.028719444,0.040892735,0.025276199,0.030398456,0.06666667,0.020772686,0.03230136,0.010103176,0.01769523,0.023283359,0.016848162,0.010256621,0.019745525,0.06666667,0.024680251,0.032291107,0.032236706,0.06666667,0.022158964,0.013543408
2022-02-03,0.04231176,0.049968485,0.03463075,0.041542813,0.02431786,0.024054877,0.015063104,0.017818509,0.06666667,0.02782355,0.03840317,0.03807445,0.03948227,0.02475463,0.025833383,0.06417819,0.02430082,0.02949686,0.010009523,0.02065971,0.021921711,0.017770393,0.013841889,0.019128192,0.06666667,0.033369657,0.04073419,0.025557319,0.06666667,0.017894197,0.017057743
2022-02-04,0.041822195,0.0465278,0.015721252,0.048858725,0.036550608,0.029987527,0.012092452,0.018894795,0.06666667,0.0231729,0.023459412,0.054535598,0.038831145,0.03487044,0.016720291,0.049746063,0.02693681,0.025415946,0.0130220475,0.02750382,0.016707946,0.02096652,0.019892158,0.014864822,0.06666667,0.05548241,0.03538848,0.024762502,0.05007155,0.016865475,0.02699498
2022-02-07,0.029318957,0.033141565,0.022165854,0.05206471,0.035446826,0.041876942,0.0132976025,0.024179224,0.06666667,0.025514461,0.021456074,0.037496027,0.059982512,0.038193345,0.012765806,0.056427922,0.025766036,0.025049014,0.014620138,0.024454314,0.019987224,0.019837415,0.017584614,0.018948048,0.06666667,0.04274949,0.028935064,0.024187248,0.054904368,0.018004337,0.028311528
2022-02-08,0.028980672,0.027706537,0.021192484,0.05318805,0.03237304,0.04977173,0.014530912,0.022439681,0.06666667,0.022563936,0.021245435,0.040560517,0.059268046,0.042994242,0.010903591,0.05559659,0.025684277,0.0242127,0.018250706,0.026005393,0.017099354,0.020678898,0.019128293,0.017535012,0.06666667,0.040075872,0.026855161,0.02082137,0.0605554,0.016195796,0.030252961
2022-02-09,0.020212859,0.031722818,0.022009658,0.062368296,0.041874126,0.06666667,0.01570146,0.026586112,0.057670407,0.024029797,0.017815206,0.037811674,0.061796565,0.040906418,0.010270192,0.04937507,0.025283184,0.027335742,0.022022322,0.02725838,0.016648676,0.024543196,0.023273036,0.018394753,0.040297247,0.042731624,0.02387285,0.018876767,0.0530977,0.015637655,0.033909548
2022-02-10,0.022814713,0.033046518,0.021978686,0.062068734,0.042974886,0.059926186,0.017837701,0.023921026,0.06004151,0.024902655,0.016226746,0.040104438,0.06666667,0.032736164,0.011012743,0.048178613,0.025328461,0.023731217,0.018901946,0.026615508,0.020334626,0.024386723,0.02514058,0.022869395,0.040079,0.04484116,0.019840512,0.021018062,0.05636463,0.016772013,0.02933818
2022-02-11,0.028744841,0.030814836,0.022563243,0.05987371,0.043176007,0.059088532,0.018617794,0.023327366,0.0639468,0.025786523,0.01645977,0.042827774,0.06666667,0.03629894,0.010521728,0.03793643,0.028914824,0.02235062,0.022095833,0.030861495,0.017706405,0.026010737,0.025090545,0.020377917,0.041448526,0.03243956,0.020402046,0.02146829,0.058522947,0.014966646,0.030692648
2022-02-14,0.027013239,0.03169696,0.021561213,0.05505582,0.037088953,0.056237042,0.022414923,0.023939554,0.051201887,0.02675328,0.019160356,0.035917282,0.06666667,0.039611246,0.011554059,0.047353104,0.024859412,0.022738837,0.023949925,0.022416126,0.017575195,0.027092883,0.02364685,0.021079952,0.05005185,0.036149852,0.017182421,0.026072728,0.06572837,0.019161921,0.029068105
2022-02-15,0.02486771,0.033966683,0.029699748,0.049697936,0.035119753,0.059944797,0.025905197,0.027394798,0.046597578,0.02820333,0.022368863,0.030918874,0.06666667,0.038258214,0.014423837,0.048517443,0.022332368,0.026134556,0.02625272,0.020970535,0.020736739,0.02938032,0.019959709,0.021536374,0.0443022,0.028078448,0.017333144,0.031225443,0.061053652,0.020433167,0.0277192
2022-02-16,0.026639568,0.041534647,0.035248958,0.03851031,0.033527236,0.062530875,0.0313975,0.02840418,0.045219604,0.029742895,0.023364402,0.030957425,0.06666667,0.030087173,0.0181522,0.043095265,0.022111522,0.02888921,0.025354678,0.020843493,0.027281068,0.031272437,0.018163191,0.028733302,0.04288571,0.021938147,0.014928913,0.033386048,0.052886482,0.023519356,0.022727534
2022-02-17,0.031437434,0.0394863,0.035466146,0.038284145,0.0335242,0.056127146,0.028383035,0.027145829,0.04836838,0.028124,0.024042629,0.03651493,0.06666667,0.03416591,0.016694484,0.040237226,0.02360111,0.025443556,0.027831579,0.024341274,0.025212472,0.03180173,0.017678369,0.023290843,0.04285968,0.020749396,0.017031176,0.03465334,0.0546295,0.02157016,0.02463735
2022-02-18,0.023715315,0.05200379,0.02686616,0.031082146,0.037171915,0.06358924,0.025612086,0.037656594,0.043072928,0.028673086,0.026871866,0.026460834,0.054616373,0.04380787,0.014343216,0.0531409,0.020222872,0.026569866,0.032279138,0.023785148,0.023273319,0.032092385,0.015697284,0.019108636,0.046261765,0.020368274,0.014937169,0.037010126,0.043823976,0.030486166,0.025399556
2022-02-22,0.022359,0.06417176,0.025691528,0.026719946,0.035075717,0.06466505,0.030053748,0.04205728,0.037802935,0.030100232,0.028018776,0.024080956,0.05037827,0.04440495,0.015498976,0.05374053,0.019117158,0.027933521,0.032333285,0.022944245,0.027917901,0.031978786,0.013996569,0.02071578,0.039842516,0.019215755,0.014467664,0.038178254,0.037586648,0.032806795,0.026145468
2022-02-23,0.019960253,0.06666667,0.020312605,0.027037054,0.039947204,0.06666667,0.031156534,0.038887434,0.032085426,0.034871258,0.02514531,0.027104387,0.045237966,0.04928764,0.016458549,0.053002987,0.02164419,0.029194728,0.030619744,0.022220936,0.029330753,0.033988178,0.01744504,0.024733705,0.032973927,0.028538583,0.013555147,0.030282833,0.033210117,0.031813003,0.026621182
2022-02-24,0.02100877,0.06666667,0.015255602,0.027915644,0.033682127,0.06661247,0.027543183,0.031996913,0.028866412,0.029844347,0.03248385,0.027792545,0.040444866,0.058933448,0.015603728,0.06666667,0.01820238,0.02689756,0.03037416,0.019718627,0.026275113,0.030156236,0.014071265,0.018610727,0.048818078,0.035547413,0.014546905,0.03439693,0.031241303,0.030976485,0.02884958
2022-02-25,0.018417278,0.06666667,0.01768189,0.02276511,0.03152065,0.06250807,0.021030223,0.033735465,0.02591674,0.034613136,0.037849225,0.02036407,0.042717215,0.049195584,0.015929747,0.06666667,0.015471339,0.028413752,0.021409834,0.016358016,0.032071263,0.026219143,0.013349522,0.01974284,0.06666667,0.041146047,0.01435447,0.037627347,0.025032613,0.04835168,0.026207728
2022-02-28,0.01836256,0.06666667,0.014752174,0.026386848,0.035055865,0.046973296,0.01711219,0.035566423,0.042622644,0.029746797,0.03375879,0.023880027,0.035635702,0.039961044,0.020297011,0.06666667,0.019028144,0.025791451,0.01813212,0.021128127,0.041382246,0.026071131,0.013787989,0.030853873,0.06666667,0.042651877,0.016255438,0.03153593,0.028213594,0.046291027,0.018765688
2022-03-01,0.02089163,0.06666667,0.012580571,0.02456427,0.030250141,0.043746118,0.014055478,0.03646157,0.03892758,0.029502012,0.031517863,0.028810782,0.030326843,0.04283922,0.016537463,0.06666667,0.01887246,0.02738067,0.018630438,0.023032993,0.0354269,0.025300963,0.017362455,0.025423262,0.06666667,0.054885715,0.01935575,0.030396372,0.02277166,0.054120526,0.026028296
2022-03-02,0.02096885,0.060877092,0.010865706,0.0254401,0.028653804,0.04301345,0.013457643,0.03886818,0.035059895,0.026922384,0.035269186,0.027765987,0.026714375,0.046161987,0.014056263,0.06666667,0.016584394,0.028196527,0.019706586,0.021203851,0.030570494,0.02419993,0.017533312,0.020506227,0.06666667,0.06484949,0.021619294,0.032905053,0.02224075,0.062327303,0.03012855
2022-03-03,0.021228371,0.054312184,0.012936384,0.021555258,0.028602136,0.039765194,0.013984535,0.039517306,0.034623027,0.02867847,0.045057457,0.0240182,0.02013113,0.03574254,0.019554539,0.06666667,0.019144647,0.03191148,0.01980503,0.021389294,0.038983352,0.026200658,0.018608524,0.026181482,0.06666667,0.06320579,0.020523584,0.031578645,0.022033157,0.06666667,0.020727623
2022-03-04,0.021096947,0.051574886,0.010096555,0.023887634,0.032356072,0.03656735,0.012690091,0.039074674,0.037309118,0.026416471,0.043694504,0.026541283,0.017489953,0.036392882,0.019806147,0.06666667,0.01901207,0.030861624,0.018817214,0.023500198,0.038070034,0.027131153,0.022473736,0.024702022,0.06666667,0.06666667,0.020296155,0.032915253,0.021155275,0.06666667,0.019404033
2022-03-07,0.020115973,0.037414055,0.00806179,0.025426134,0.03533035,0.04245726,0.01310491,0.04069167,0.035316303,0.021462215,0.04965576,0.02673227,0.016815031,0.040082693,0.018747656,0.06666667,0.017384302,0.03133402,0.023623373,0.023704434,0.037504997,0.028810661,0.021291599,0.02077647,0.06666667,0.06666667,0.018995859,0.03848981,0.020688474,0.06666667,0.019315261
2022-03-08,0.02639503,0.026955212,0.0064741224,0.02453332,0.033221215,0.041397635,0.01360797,0.041619238,0.03333765,0.020038506,0.04597813,0.029217448,0.018438227,0.049757853,0.017948344,0.06666667,0.016285043,0.028728021,0.023961194,0.023314916,0.039998565,0.025877738,0.019396182,0.021679498,0.06666667,0.06666667,0.01832646,0.050208934,0.018975077,0.06666667,0.017661816
2022-03-09,0.026346263,0.034331296,0.00886831,0.021089746,0.027815841,0.042274028,0.014401042,0.037886634,0.025760738,0.026739774,0.059497695,0.02222813,0.016437674,0.048409175,0.022583175,0.06666667,0.01682258,0.033092942,0.02274075,0.019255353,0.041278563,0.023620214,0.018325036,0.024131251,0.06666667,0.06666667,0.01604509,0.050237775,0.018971473,0.06666667,0.0141427815
2022-03-10,0.023199668,0.05292322,0.010248601,0.01790264,0.033904854,0.041677974,0.015135821,0.040141888,0.020941824,0.030038167,0.04775385,0.019273534,0.015282019,0.03820902,0.025602343,0.06666667,0.017227916,0.03278238,0.018089343,0.017565396,0.050025254,0.025153397,0.01889549,0.03275688,0.06666667,0.06666667,0.014098291,0.04717697,0.013907926,0.06666667,0.013418666
2022-03-11,0.024413822,0.045014106,0.010570882,0.018762188,0.03427831,0.042591356,0.015059646,0.03871726,0.02297871,0.031012133,0.05077616,0.01986498,0.01542985,0.041688547,0.021667464,0.06666667,0.0192456,0.031051,0.020960541,0.019501254,0.04373188,0.025932966,0.021217795,0.029954499,0.06666667,0.06666667,0.014625715,0.043496337,0.016236417,0.06666667,0.014553921
2022-03-14,0.029948939,0.048935622,0.009691845,0.017963346,0.033073522,0.04494684,0.01832021,0.032472093,0.02263195,0.031193435,0.04625687,0.025056193,0.014808494,0.045035426,0.019369349,0.06088915,0.022831066,0.028497722,0.023388589,0.019563729,0.038026076,0.026486153,0.023859644,0.030860633,0.06666667,0.06666667,0.014319044,0.037834477,0.018333744,0.06666667,0.015405846
2022-03-15,0.030116841,0.05332026,0.009670244,0.017310005,0.038163867,0.04442906,0.019311791,0.034838624,0.021765703,0.033664152,0.042806365,0.023648793,0.012726998,0.047688358,0.01987487,0.045715652,0.027105786,0.026967345,0.027938426,0.022027945,0.03609175,0.027505385,0.025635835,0.03252486,0.06666667,0.063537806,0.015122688,0.033359896,0.018045602,0.06666667,0.01575176
2022-03-16,0.018770467,0.059086893,0.012165165,0.019531088,0.049623072,0.053278454,0.019972142,0.043501735,0.023482274,0.03604168,0.031401604,0.019397447,0.0152379535,0.034709666,0.01994692,0.041076444,0.027578436,0.028486475,0.02740134,0.021954201,0.04320209,0.030680912,0.02384909,0.040915288,0.06666667,0.04972168,0.012945042,0.031649236,0.016833197,0.06666667,0.014226674
2022-03-17,0.015534026,0.05899438,0.013270315,0.023539558,0.05236669,0.061764922,0.022103768,0.041218773,0.02641886,0.03287678,0.022453161,0.021153182,0.020485323,0.031987432,0.0151109295,0.041518155,0.02674515,0.026155097,0.02417145,0.022839876,0.045009427,0.0282208,0.024381302,0.044870116,0.06666667,0.049196653,0.011126823,0.029906562,0.018476777,0.06666667,0.014770391
2022-03-18,0.019795645,0.051350914,0.01507284,0.028534673,0.05214949,0.05559038,0.024129296,0.040079292,0.039727025,0.03156355,0.020060172,0.026215037,0.025243409,0.0318649,0.013611957,0.035299968,0.02912801,0.023038235,0.02368362,0.028318467,0.04109948,0.027797036,0.025156952,0.03940206,0.06666667,0.041649185,0.0131101,0.03033534,0.024854185,0.060082436,0.015389674
2022-03-21,0.023476843,0.05310406,0.020973146,0.028030274,0.052284203,0.05733586,0.026445448,0.03991158,0.039145023,0.035176408,0.018392373,0.02840762,0.027407007,0.028911358,0.0120502785,0.028499333,0.032908227,0.024139762,0.02526226,0.03096192,0.0366819,0.026546557,0.027762251,0.03955209,0.06204078,0.033508852,0.0149398325,0.028585795,0.026204493,0.05441427,0.016940191
2022-03-22,0.033823855,0.05230528,0.021820376,0.031150652,0.047549758,0.045351744,0.023242097,0.036202587,0.056558087,0.03553296,0.016091159,0.037900478,0.030639114,0.030978194,0.012329219,0.021664416,0.036073517,0.02212543,0.02131818,0.037033428,0.031791113,0.025847897,0.030489404,0.032961436,0.060664978,0.033047132,0.01960589,0.026099687,0.031656835,0.040475387,0.01766971
2022-03-23,0.030616827,0.049560454,0.029651916,0.036620658,0.052015763,0.04038949,0.019683165,0.037393354,0.055520184,0.038405657,0.015597096,0.03337507,0.035378255,0.025809724,0.014021977,0.022204122,0.036246695,0.024392199,0.018878715,0.03545368,0.031185653,0.025935289,0.030689612,0.034088492,0.055482917,0.03192565,0.022794638,0.026877696,0.034995645,0.037009023,0.017800381
2022-03-24,0.037766587,0.051533725,0.026457764,0.038884453,0.04897399,0.03521184,0.016534168,0.033116333,0.056875072,0.036456954,0.015603052,0.041839577,0.033306647,0.027281227,0.0154593205,0.019290503,0.03701406,0.024469318,0.018567376,0.03827772,0.025080727,0.028555984,0.03424714,0.027360225,0.055632338,0.036692973,0.026159706,0.026492529,0.03417142,0.032941084,0.019746196
2022-03-25,0.032488067,0.057096913,0.030515108,0.04012996,0.054637484,0.0380133,0.01646568,0.032892693,0.051590465,0.037488688,0.017565647,0.038996413,0.03198472,0.022670168,0.01744234,0.02062495,0.03663392,0.027699126,0.018487835,0.03352424,0.027030412,0.03004382,0.03330249,0.0295147,0.045395218,0.0394658,0.027344374,0.024551373,0.03592527,0.033334155,0.017144663
2022-03-28,0.034087893,0.04906542,0.031183816,0.04539502,0.049812626,0.030229127,0.0147164175,0.027220525,0.062166493,0.03455152,0.017150132,0.047029797,0.032707512,0.024074024,0.02051186,0.019747373,0.03864381,0.026534954,0.017820599,0.03637359,0.026189739,0.030090254,0.033660896,0.029822722,0.038847335,0.043257844,0.03222867,0.02271759,0.0430485,0.025114018,0.015999928
2022-03-29,0.03495703,0.051965237,0.036186956,0.04057006,0.052755993,0.026970059,0.014119792,0.029405504,0.062910855,0.038835213,0.01642549,0.043806847,0.03155527,0.022283943,0.021139346,0.017783295,0.041398488,0.026649946,0.018026784,0.041417982,0.026378715,0.030755404,0.03514683,0.031003114,0.031100472,0.03671565,0.036019366,0.021788374,0.03932771,0.025375789,0.017224489
2022-03-30,0.03234435,0.053899005,0.03878549,0.043100305,0.052172594,0.027584292,0.015696442,0.025777008,0.06666667,0.03718891,0.016292974,0.04750767,0.03433703,0.02087776,0.020314138,0.020993417,0.040998507,0.026008852,0.019264597,0.04322027,0.028016962,0.029566888,0.031087557,0.03182016,0.026630227,0.033252355,0.032891214,0.022549316,0.043563113,0.021469869,0.016122071
2022-03-31,0.034359604,0.057054248,0.025878893,0.039513975,0.05775992,0.028118638,0.014226535,0.023867387,0.06370479,0.03503297,0.016505422,0.054196097,0.029405603,0.021859366,0.021217726,0.019407995,0.043229837,0.025489703,0.020531405,0.047226395,0.027599107,0.032713745,0.033906344,0.031278808,0.02847142,0.04008428,0.028890736,0.02167355,0.037211042,0.023130035,0.016454415
2022-04-01,0.036297716,0.06666667,0.021182457,0.03677584,0.053749256,0.03371293,0.015320919,0.02136422,0.052020106,0.03607069,0.016850648,0.061956275,0.028081454,0.02806225,0.019282551,0.019826071,0.041884694,0.025008092,0.023919595,0.04670074,0.024470784,0.03259665,0.034271196,0.027679289,0.029261854,0.048112247,0.026242169,0.020762583,0.032223213,0.021261977,0.018384868
2022-04-04,0.030589469,0.06666667,0.022509743,0.039594587,0.05804281,0.034061447,0.01601823,0.022402836,0.05370021,0.03289032,0.02046046,0.055461723,0.0315399,0.026666796,0.023583192,0.023753865,0.038257908,0.025513476,0.025040317,0.04500323,0.027853772,0.03265247,0.027625734,0.031288717,0.027114227,0.042017266,0.025521364,0.022190431,0.035984613,0.020638706,0.015355512
2022-04-05,0.029384047,0.06666667,0.030897247,0.036658384,0.04715425,0.030122468,0.01733679,0.020933716,0.04854157,0.038279667,0.023756655,0.049802218,0.03101394,0.024488542,0.027962152,0.02863669,0.036803935,0.027918614,0.023705157,0.04249549,0.029740926,0.033287916,0.029338244,0.03441153,0.023432337,0.044196613,0.026941389,0.021320136,0.036614764,0.022213202,0.015944744
2022-04-06,0.03580993,0.06666667,0.021832222,0.037274282,0.05065641,0.028326932,0.016085027,0.017985,0.044926647,0.032235045,0.023071712,0.061639026,0.031939298,0.030369977,0.025940256,0.026583929,0.03790826,0.022825567,0.027222019,0.042456165,0.024426237,0.03382994,0.028063538,0.029422473,0.0261035,0.05034036,0.029364638,0.022711257,0.03702164,0.01777691,0.019185139
2022-04-07,0.032392494,0.062105674,0.016749017,0.040392827,0.051402193,0.027246486,0.014957778,0.0164062,0.046255957,0.027634539,0.030301277,0.061819065,0.026956616,0.03383402,0.030999584,0.030466769,0.037716523,0.0224972,0.03395327,0.04212181,0.021869224,0.033685025,0.023349289,0.026090685,0.027890306,0.051911708,0.029548366,0.023613635,0.04264929,0.01600509,0.017178083
2022-04-08,0.03268078,0.044866666,0.020366792,0.033600286,0.04581822,0.027333202,0.01685766,0.018920982,0.040909912,0.029235737,0.03641736,0.055103656,0.024193188,0.033950087,0.03374152,0.033177886,0.038918052,0.026212571,0.044211067,0.038872868,0.025050808,0.033226684,0.01970246,0.03290999,0.03498994,0.042069502,0.03106764,0.025763987,0.043810844,0.019777283,0.016242366
2022-04-11,0.031086411,0.030427167,0.018724557,0.0356146,0.039875757,0.029854394,0.020253288,0.021498648,0.04098332,0.026774583,0.03927206,0.05023622,0.025329752,0.038993943,0.03082602,0.04110199,0.03265674,0.02628767,0.053104244,0.036224253,0.028075883,0.030803375,0.014788286,0.033320196,0.03975796,0.03932793,0.027630307,0.033207677,0.046098866,0.02049307,0.017370844
2022-04-12,0.028592393,0.025514668,0.018092347,0.04358459,0.03644795,0.034006,0.024637168,0.020715943,0.0376489,0.025902053,0.03192236,0.057357255,0.031976286,0.046526913,0.031165168,0.036340967,0.030155137,0.02689111,0.06666667,0.037318107,0.028216211,0.031002913,0.013125626,0.032649186,0.027253509,0.036502548,0.026554203,0.035408728,0.044459485,0.013277029,0.020088585
2022-04-13,0.023912638,0.021260034,0.019784523,0.04261055,0.030183936,0.03747602,0.022298764,0.021263586,0.03638312,0.024950588,0.04130552,0.04656299,0.031576294,0.043118358,0.040753458,0.04764267,0.026803765,0.033146642,0.06666667,0.032863747,0.028750451,0.032714944,0.01162524,0.031817265,0.031334165,0.036316678,0.024041973,0.037821062,0.04213821,0.015167742,0.017708397
2022-04-14,0.01999598,0.0221094,0.02547905,0.036933318,0.024575371,0.039585296,0.02312158,0.021943675,0.037405837,0.02441382,0.05237406,0.037196666,0.030032324,0.03430365,0.050720446,0.06012808,0.024231544,0.0388246,0.06473798,0.030605529,0.032007657,0.033738118,0.01098762,0.03352529,0.029575612,0.031265974,0.021203168,0.037284147,0.038230155,0.018339291,0.015124749
2022-04-18,0.026920691,0.023081232,0.02048884,0.028234016,0.021795375,0.04329646,0.025658445,0.019958418,0.03407465,0.021036135,0.054773573,0.043828964,0.023364257,0.034814768,0.06484289,0.046810955,0.026821878,0.039667156,0.06666667,0.034579724,0.03189494,0.03941099,0.012566423,0.035494868,0.0321377,0.029553058,0.016026696,0.0395194,0.027739005,0.021785337,0.013156494
2022-04-19,0.025549237,0.023121819,0.02039659,0.025169453,0.02115395,0.056135766,0.027939828,0.024751727,0.027305558,0.021872267,0.046234302,0.034677215,0.026166478,0.035438612,0.057830535,0.047837425,0.024996487,0.040685862,0.06423744,0.02955339,0.036250208,0.038712498,0.013803253,0.043214485,0.037437096,0.032675106,0.011736484,0.04002144,0.021496028,0.028259825,0.015339635
2022-04-20,0.019516053,0.020818477,0.0262836,0.032206673,0.025860285,0.05150424,0.02128616,0.025975332,0.035116795,0.021235907,0.05035309,0.026642382,0.03341201,0.025109746,0.06666667,0.052673545,0.02558006,0.04275172,0.05282645,0.03191238,0.039561067,0.039224166,0.012561694,0.044498898,0.03431149,0.025690135,0.011645245,0.043812517,0.023323392,0.025704429,0.011935392
2022-04-21,0.02468412,0.020359188,0.020615803,0.039610527,0.025350112,0.045204036,0.024627509,0.026260028,0.046059392,0.019443424,0.03385416,0.034374263,0.0373185,0.02749795,0.06666667,0.041967165,0.027182281,0.03558887,0.04818068,0.03745143,0.038927283,0.037203234,0.015234885,0.05239645,0.02847555,0.029609531,0.011580365,0.045063578,0.025148746,0.020503463,0.013560803
2022-04-22,0.029120212,0.03117513,0.02035597,0.04333022,0.031536214,0.05080908,0.028754517,0.022169098,0.042503208,0.019899499,0.035727948,0.039657544,0.040135134,0.028251864,0.06666667,0.03623739,0.029314784,0.03530732,0.05292172,0.039434005,0.028287064,0.040566873,0.015599652,0.037244406,0.019242948,0.025616983,0.012741366,0.041534092,0.028516388,0.013193488,0.014149216
2022-04-25,0.03489093,0.03651673,0.01890807,0.049014296,0.031358145,0.056500554,0.025142442,0.021109726,0.043888785,0.018880436,0.035253372,0.044847347,0.059069265,0.041231308,0.045062322,0.037712988,0.024889467,0.029297942,0.042270817,0.036522295,0.021484472,0.03369753,0.012573089,0.019183606,0.029683368,0.027160892,0.017889973,0.04655554,0.029201012,0.009735483,0.020467795
2022-04-26,0.028974429,0.05414083,0.023678135,0.046921603,0.03595201,0.05876075,0.023231106,0.022063527,0.042857606,0.02084406,0.044239905,0.03499248,0.05588258,0.036971748,0.045431595,0.043821834,0.024464766,0.029990803,0.04009994,0.032808457,0.020923547,0.03315952,0.009925702,0.016315667,0.02893124,0.021209622,0.020497007,0.04471814,0.030331388,0.009757553,0.018102447
2022-04-27,0.039912913,0.066509515,0.019074436,0.049601905,0.039620977,0.04717005,0.021927636,0.018312868,0.03969705,0.021694094,0.048338354,0.04222025,0.04668265,0.04535983,0.031600446,0.040980153,0.024533054,0.02292141,0.03943784,0.03677284,0.015528772,0.027448801,0.0098342635,0.01064307,0.03789056,0.021802569,0.026460463,0.043714784,0.034333173,0.009078411,0.02089686
2022-04-28,0.052542567,0.06666667,0.021178795,0.035259053,0.029501243,0.044297244,0.024791785,0.018349575,0.04029501,0.023802431,0.059475843,0.037061907,0.040509433,0.043942865,0.03149935,0.04760601,0.02213536,0.022669218,0.036782213,0.032027468,0.016086293,0.025365228,0.008056256,0.010194645,0.053421065,0.017035216,0.02582372,0.046525303,0.035323095,0.011522692,0.020252446
2022-04-29,0.053015884,0.065291815,0.035398424,0.031123934,0.022485593,0.04052647,0.029003013,0.020963905,0.045510355,0.025082583,0.060694765,0.03202352,0.037867237,0.031338405,0.032384712,0.05117426,0.0213224,0.025827505,0.033412073,0.02524303,0.019208059,0.021200065,0.0060608247,0.014329824,0.05930855,0.011436827,0.02849343,0.048008084,0.044003766,0.012154228,0.016106462
2022-05-02,0.06666667,0.06666667,0.026962915,0.030106442,0.022042062,0.036292482,0.030838715,0.01651046,0.03803815,0.027599758,0.050878197,0.053715665,0.03128003,0.034207057,0.033635918,0.035892356,0.02417774,0.025498277,0.03035353,0.026651572,0.016672382,0.021395337,0.008352434,0.013711363,0.06666667,0.016940415,0.031125354,0.05049148,0.0368462,0.011429686,0.01835403
2022-05-03,0.05932204,0.06666667,0.03222644,0.026620336,0.020608576,0.042973075,0.032135244,0.018385608,0.02920832,0.028482912,0.06590815,0.033211447,0.033770442,0.029344384,0.037894942,0.05050574,0.01906771,0.030412603,0.02791793,0.016837787,0.020710034,0.020081105,0.0066137486,0.014816935,0.06666667,0.016449204,0.023208661,0.062806986,0.036861554,0.015809223,0.0144755235
2022-05-04,0.05610925,0.06666667,0.03452302,0.027913235,0.020697808,0.036947478,0.03267328,0.018415025,0.030985931,0.029345877,0.063744,0.028962448,0.033770926,0.028020373,0.042520892,0.051232018,0.019732479,0.028766979,0.023750424,0.015300679,0.022523977,0.018971328,0.0077404343,0.019283904,0.06666667,0.017969687,0.021409648,0.059945565,0.04498866,0.018409817,0.0120115215
2022-05-05,0.033626728,0.05415186,0.044590507,0.03236979,0.023873523,0.035915572,0.030384274,0.020390712,0.03368871,0.027942508,0.06205,0.020530539,0.030909,0.016995361,0.056289725,0.061334178,0.019148229,0.035916265,0.020961618,0.013031183,0.026975848,0.019237848,0.008153533,0.02919964,0.06666667,0.017246291,0.017407438,0.054663245,0.05483676,0.023702525,0.0078099263
2022-05-06,0.044462133,0.06173285,0.025349502,0.03875702,0.026571335,0.04217638,0.03049137,0.019001806,0.034417793,0.023501119,0.05063024,0.0330008,0.032960147,0.024447862,0.037257783,0.060734365,0.018811535,0.030234354,0.022077791,0.015521375,0.020186437,0.022461606,0.011433551,0.020357655,0.06666667,0.028839314,0.019516094,0.05459816,0.04993146,0.021031437,0.012840054
2022-05-09,0.036519144,0.044954624,0.02808721,0.043005966,0.02557588,0.03863824,0.030132307,0.02098085,0.036893193,0.023878274,0.047309306,0.029830132,0.036164127,0.024628911,0.043142017,0.056911983,0.019994672,0.032198872,0.021840736,0.013874668,0.024399541,0.02341358,0.0117056705,0.02617918,0.06666667,0.030931836,0.020703955,0.05142408,0.057032034,0.021547057,0.01143529
2022-05-10,0.031002043,0.06666667,0.023504235,0.042979565,0.035197355,0.041132558,0.028665636,0.021775372,0.028299583,0.02908636,0.04345449,0.028103577,0.029993711,0.027282115,0.043761574,0.054305054,0.021392662,0.03235877,0.025961727,0.016089413,0.021437282,0.028283784,0.013826176,0.025483156,0.059928533,0.03305955,0.019256297,0.047678046,0.04464973,0.021873027,0.013511949
2022-05-11,0.027849833,0.06666667,0.019953322,0.03461842,0.033356585,0.048305735,0.028052438,0.022896994,0.024995748,0.029428838,0.04861443,0.024494508,0.028229138,0.026039386,0.042897876,0.06459865,0.019133732,0.033329137,0.021568604,0.013073053,0.02396323,0.030804422,0.013048576,0.024516037,0.06666667,0.03988556,0.01649845,0.047620248,0.035821117,0.029751962,0.01332064
2022-05-12,0.031728826,0.06666667,0.014769935,0.03317916,0.03244438,0.05269439,0.028249672,0.022134962,0.024270577,0.02532476,0.052947883,0.027836602,0.026805991,0.033208936,0.03477238,0.06666667,0.01773783,0.029053377,0.024230469,0.013827951,0.022348037,0.031369343,0.011845445,0.019570375,0.06666667,0.043856997,0.016423447,0.049737446,0.034398984,0.030228173,0.0150036635
2022-05-13,0.031282697,0.06666667,0.01897983,0.033530258,0.030104864,0.045954425,0.03288169,0.021662489,0.024455631,0.025003511,0.06555736,0.024471628,0.025325133,0.0332783,0.03590651,0.06666667,0.019054018,0.0278478,0.028591564,0.01389434,0.024001308,0.027861815,0.009733047,0.020002834,0.06666667,0.030373562,0.019420065,0.048796404,0.041888397,0.027422788,0.01271773
2022-05-16,0.024821257,0.05029955,0.022659004,0.03594652,0.030672768,0.058083445,0.032908425,0.026536783,0.029567532,0.021344827,0.05975693,0.021980569,0.034946892,0.03262858,0.02982935,0.06666667,0.016312765,0.028795036,0.028697424,0.014233796,0.031270508,0.025725992,0.007825612,0.021967305,0.06666667,0.025810573,0.017405622,0.054243162,0.042010438,0.029298764,0.011087244
2022-05-17,0.032153837,0.040322565,0.021870665,0.03554815,0.028184563,0.049002573,0.033418074,0.028638106,0.037765265,0.02088784,0.0508624,0.028687673,0.03272071,0.036766358,0.027393568,0.0614947,0.018545154,0.028257728,0.028416533,0.016602624,0.03245173,0.026009468,0.008945936,0.022262929,0.06666667,0.026533987,0.021987332,0.052386884,0.044185683,0.02915877,0.011871526
2022-05-18,0.036690086,0.01858102,0.031460214,0.050509013,0.02250073,0.03615163,0.03304069,0.02460695,0.05512205,0.017710907,0.036843985,0.038184784,0.058293838,0.03165756,0.027655026,0.042479757,0.01782124,0.024392558,0.021984467,0.017984964,0.04013884,0.022927893,0.0077364496,0.022524854,0.06666667,0.023193778,0.029509766,0.058673903,0.05691961,0.017458312,0.0105784545
2022-05-19,0.055301066,0.021937296,0.020677706,0.05300713,0.023877507,0.031033097,0.036821097,0.019273207,0.0492531,0.01810076,0.024612527,0.056953173,0.06666667,0.04169429,0.020214206,0.029386142,0.017924342,0.017650586,0.017262438,0.019117506,0.03575691,0.020511243,0.010846045,0.020569397,0.06666667,0.033965215,0.027468193,0.062236737,0.052717052,0.014491206,0.014007499
2022-05-20,0.048383925,0.020424543,0.022880202,0.04975858,0.025589159,0.036482804,0.04585474,0.020951923,0.04033582,0.018410273,0.028550813,0.045002513,0.06666667,0.04163375,0.021059304,0.03195415,0.016058387,0.018370109,0.019297767,0.015598146,0.041520774,0.020998787,0.009830461,0.021485522,0.06666667,0.030832,0.02372793,0.06666667,0.05620234,0.015950242,0.012855031
2022-05-23,0.05198542,0.016739016,0.017985133,0.053007733,0.026509272,0.033157628,0.046002407,0.017290784,0.046230007,0.013759656,0.028374331,0.05305862,0.06666667,0.042273168,0.018427756,0.033709284,0.016037844,0.014821091,0.019471288,0.015537391,0.038654577,0.021022622,0.0092531415,0.019435152,0.06666667,0.03239408,0.02687126,0.062847145,0.06666667,0.012436495,0.0127077
2022-05-24,0.037494738,0.014694501,0.016222978,0.06380044,0.035743684,0.033464096,0.03832165,0.021571277,0.05451983,0.014099816,0.023669817,0.03939677,0.06666667,0.035850115,0.017902879,0.039065566,0.015620111,0.014619682,0.016154097,0.015185485,0.046103615,0.021828188,0.009513657,0.024642704,0.06666667,0.036235686,0.023133976,0.06554503,0.06666667,0.014901605,0.010698012
2022-05-25,0.03699808,0.010739306,0.01143387,0.06666667,0.039507944,0.034436293,0.040092133,0.022245392,0.05872673,0.011485788,0.017889954,0.04835619,0.06666667,0.03939572,0.015086999,0.03427457,0.016187698,0.01284849,0.019412968,0.018383915,0.04291932,0.02351471,0.011978805,0.02570284,0.055883992,0.04282156,0.022901412,0.061336987,0.06666667,0.01286468,0.012573664
2022-05-26,0.034197826,0.008248732,0.014897963,0.06666667,0.04253932,0.035199285,0.044567045,0.026379861,0.058924463,0.012896837,0.017731646,0.041771904,0.06666667,0.035262622,0.01515608,0.031068,0.01766232,0.01413457,0.022750009,0.020212099,0.047657233,0.022848096,0.012978513,0.03076778,0.049206298,0.034062874,0.023063874,0.059776288,0.06666667,0.01432976,0.011708706
2022-05-27,0.02926496,0.008373895,0.018325828,0.06666667,0.04693093,0.036805358,0.044539265,0.03021967,0.05743279,0.015148119,0.016316615,0.034802843,0.06666667,0.02921598,0.015705962,0.031315137,0.020466974,0.015793443,0.025737984,0.022058018,0.047727484,0.023953363,0.015736647,0.0386818,0.041825872,0.029019976,0.019697152,0.055149958,0.06666667,0.018221993,0.0115319835
2022-05-31,0.027540477,0.008038973,0.023650244,0.06666667,0.04746142,0.03289761,0.038896374,0.031202298,0.06666667,0.016622374,0.015204168,0.034941632,0.06666667,0.024066864,0.01742664,0.02907446,0.023084138,0.017331881,0.023601687,0.025945954,0.046966277,0.025334196,0.019744342,0.040560734,0.03493758,0.027534597,0.020927543,0.049233064,0.06666667,0.019673435,0.011434377
2022-06-01,0.030837609,0.011093892,0.025737239,0.06666667,0.047834314,0.03786581,0.0395108,0.030695751,0.06578077,0.019416144,0.011847486,0.041253243,0.06666667,0.02727906,0.014167197,0.023209177,0.026023835,0.016712246,0.02344413,0.03087149,0.039980315,0.027286801,0.024449296,0.035485547,0.028622607,0.02566607,0.018953169,0.043386567,0.06666667,0.017489275,0.015100159
2022-06-02,0.03636557,0.014714435,0.027674906,0.06120423,0.04270861,0.036351576,0.03748459,0.030241178,0.06666667,0.021824485,0.011962054,0.042285897,0.06666667,0.028355129,0.014284994,0.022494305,0.02745021,0.016300205,0.021170802,0.032071605,0.036397573,0.028271047,0.027762523,0.03136466,0.03089811,0.025214031,0.0181747,0.040947217,0.06666667,0.019573297,0.016452063
2022-06-03,0.032787193,0.01823387,0.039083425,0.056247275,0.04492359,0.033501796,0.035091992,0.031357374,0.06666667,0.024618467,0.012792565,0.035572797,0.06666667,0.023371708,0.0168942,0.023210572,0.028729362,0.01783236,0.019551435,0.031433523,0.03735352,0.028675709,0.031297654,0.032422423,0.026880834,0.023589868,0.017928524,0.039485462,0.06666667,0.022848006,0.014284495
2022-06-06,0.045555796,0.019199433,0.033610173,0.053162046,0.0367517,0.029764773,0.03395836,0.024450433,0.06666667,0.02349526,0.013218942,0.05040957,0.06666667,0.029400863,0.014856784,0.021723246,0.030447643,0.016115269,0.020488845,0.03529274,0.029126985,0.027905213,0.034347937,0.023466805,0.030280268,0.027558705,0.02027799,0.03781084,0.06666667,0.019494757,0.017828627
2022-06-07,0.040214248,0.022820804,0.034874197,0.054004606,0.039983332,0.02965834,0.03179275,0.023931393,0.06633051,0.024621148,0.013956549,0.04778206,0.06666667,0.027434262,0.0167009,0.02295792,0.030441178,0.016967991,0.020351717,0.034401275,0.029666353,0.028789403,0.035344187,0.02378461,0.026206452,0.03033073,0.01969356,0.036150478,0.06666667,0.020462234,0.017013483
2022-06-08,0.04624912,0.02059313,0.031739995,0.052153137,0.03803175,0.024614662,0.028175453,0.020387793,0.06666667,0.02225206,0.015438428,0.05654218,0.0665443,0.024915347,0.020483578,0.020537231,0.03297879,0.017931702,0.019855484,0.037382416,0.028931862,0.02866031,0.03813287,0.023815306,0.026355874,0.03341962,0.022232674,0.032199536,0.06666667,0.019867832,0.016244221
2022-06-09,0.051321097,0.021151844,0.030568155,0.047267098,0.037425596,0.025447004,0.024682745,0.019242318,0.060135145,0.02279234,0.01726677,0.063928045,0.0593148,0.028016038,0.021767344,0.019092102,0.03437923,0.019895507,0.021734225,0.041438732,0.025848283,0.029824099,0.04056812,0.021786995,0.030797835,0.03679839,0.02324614,0.030131636,0.055405628,0.020857103,0.017869636
2022-06-10,0.044320114,0.028072052,0.028056199,0.047790743,0.038571525,0.036742833,0.025988473,0.020098474,0.042099748,0.022855876,0.018345732,0.0652506,0.06132864,0.034906965,0.019510606,0.023667997,0.028431507,0.022774888,0.02591467,0.034154523,0.022724776,0.030246235,0.03621723,0.018191943,0.03398692,0.045765653,0.021544518,0.03424584,0.045534253,0.019883452,0.022777015
2022-06-13,0.039153263,0.048885066,0.019632502,0.040414657,0.040564746,0.04657199,0.023134468,0.021444948,0.03456356,0.023147183,0.021123158,0.061238606,0.05212632,0.041723344,0.02144627,0.030440073,0.024528656,0.02459103,0.02604376,0.028501855,0.022143375,0.031289652,0.026872726,0.017011477,0.046956502,0.052395705,0.017531984,0.038937505,0.033118676,0.021755554,0.022711389
2022-06-14,0.031048251,0.06666667,0.015349392,0.03617076,0.04270719,0.06666667,0.023839805,0.020609885,0.024008652,0.023079889,0.026770908,0.05155687,0.045948,0.045298543,0.0223566,0.042782716,0.020914294,0.027603235,0.027432863,0.023113316,0.020767577,0.03160438,0.018959917,0.015203541,0.05371458,0.052883487,0.014377377,0.04054698,0.023830868,0.020925537,0.023261247
2022-06-15,0.034037553,0.06666667,0.013554056,0.022393545,0.03614375,0.06666667,0.028088838,0.02211058,0.019466052,0.029434951,0.03373996,0.03500608,0.031638283,0.03384192,0.03151629,0.057239305,0.0195532,0.029390765,0.019403396,0.015684376,0.02813042,0.03289169,0.01701573,0.022050876,0.06666667,0.060149644,0.0109885745,0.043902144,0.018393248,0.036898784,0.01733599
2022-06-16,0.036619917,0.06666667,0.013984277,0.020404702,0.039952967,0.06505461,0.025708329,0.023116002,0.02203938,0.030026034,0.031618122,0.032865677,0.035471946,0.034173835,0.032801203,0.05118646,0.020804781,0.026266105,0.016448561,0.017743692,0.036672596,0.030706814,0.016218986,0.029303102,0.06666667,0.053599987,0.011394716,0.040728156,0.016376622,0.040385876,0.014993207
2022-06-17,0.04578908,0.06666667,0.011568261,0.019394206,0.039451607,0.06372665,0.026244199,0.022944365,0.021396073,0.03496318,0.026871998,0.04090046,0.030241173,0.04273836,0.027289098,0.040831756,0.023673233,0.02423614,0.017070556,0.020120721,0.030484008,0.03293863,0.019903498,0.025929166,0.06666667,0.060794216,0.013883531,0.034949332,0.013962113,0.034411937,0.019959114
2022-06-21,0.042888496,0.06666667,0.015752757,0.019369258,0.041306112,0.05885326,0.025432598,0.026280161,0.022058059,0.04327187,0.027943414,0.033345968,0.03503659,0.040036555,0.03335405,0.034829408,0.024706073,0.026088385,0.016444208,0.021071691,0.03520095,0.032832954,0.018988341,0.028643036,0.06666667,0.04706913,0.015726233,0.03406652,0.0139654875,0.033753,0.018352104
2022-06-22,0.038082596,0.06666667,0.016657783,0.018497014,0.04385585,0.046534937,0.023178156,0.031280417,0.030597955,0.044558316,0.02517128,0.028077107,0.033468876,0.030859109,0.03954715,0.03153122,0.02600308,0.025562264,0.012368649,0.021081816,0.04817991,0.03166751,0.017905932,0.04477534,0.06666667,0.042026263,0.014850009,0.030745272,0.015514915,0.040730517,0.013357432
2022-06-23,0.04278485,0.06666667,0.014764137,0.026368948,0.05321509,0.045208443,0.02196192,0.02915793,0.03889379,0.037091564,0.017441517,0.046699546,0.043415878,0.038216695,0.027406732,0.022291966,0.029947264,0.02186062,0.014372096,0.029923676,0.039906107,0.03262855,0.02093993,0.035367105,0.046746217,0.046272803,0.022932438,0.026762066,0.017478758,0.023581412,0.019695284
2022-06-24,0.036766645,0.06666667,0.014592731,0.027354805,0.060804628,0.04128343,0.022604877,0.037408337,0.044467885,0.033944372,0.015307668,0.04127225,0.049099863,0.033816364,0.02517174,0.022246778,0.026265675,0.021000167,0.013939705,0.03178241,0.046410166,0.035412088,0.019231483,0.03522102,0.037717275,0.040349916,0.024171753,0.032373864,0.016641768,0.026458928,0.020214748
2022-06-27,0.030168638,0.06666667,0.018984988,0.029515777,0.061728183,0.03841156,0.021135114,0.037288398,0.049294524,0.036119614,0.014433097,0.03601459,0.046812538,0.028509505,0.022348072,0.023230663,0.030435633,0.021547152,0.013398625,0.032978415,0.055416726,0.03014689,0.01833385,0.044592533,0.039781217,0.035634857,0.025081165,0.02955554,0.018063154,0.0284337,0.015938621
2022-06-28,0.035913333,0.06666667,0.013604142,0.02833443,0.06506254,0.038871698,0.02047248,0.038213264,0.04651311,0.032722976,0.012010215,0.045170996,0.037695155,0.02986969,0.016757611,0.019500554,0.0329551,0.020448025,0.014344465,0.03640764,0.0464784,0.03274885,0.02434487,0.038619775,0.03934114,0.045633364,0.02658054,0.027217066,0.01550276,0.03150794,0.020491207
2022-06-29,0.031692103,0.06666667,0.008894363,0.030480051,0.06367394,0.051440362,0.019842794,0.03852869,0.038746286,0.028383017,0.012022362,0.0476505,0.035432536,0.036697395,0.012081061,0.025065899,0.02669325,0.020372974,0.015591364,0.031977516,0.03770518,0.034896202,0.026017638,0.024633087,0.041149907,0.06666667,0.021808395,0.029323144,0.01393569,0.034377392,0.02755357
2022-06-30,0.027046254,0.06666667,0.010363584,0.029000815,0.06666667,0.05350906,0.021580836,0.04394097,0.034785718,0.028775243,0.01168151,0.04189894,0.036178418,0.031309254,0.013772723,0.024318717,0.027185073,0.0234389,0.01690786,0.029785495,0.040907476,0.039878808,0.026935918,0.028777389,0.031324495,0.06405453,0.02182816,0.029391464,0.012847213,0.037413865,0.027827974
2022-07-01,0.029754095,0.06666667,0.008462037,0.029720593,0.0664402,0.050119333,0.020855803,0.042471536,0.036677185,0.024046162,0.010642173,0.04861862,0.036000166,0.033922736,0.013567738,0.022207431,0.02739893,0.021020303,0.018057136,0.030670417,0.03851727,0.041148998,0.029411051,0.026696134,0.029937234,0.06666667,0.023576682,0.03058494,0.012566374,0.034412447,0.029162943
2022-07-05,0.019187873,0.06666667,0.008837305,0.032081433,0.06666667,0.05456947,0.019660706,0.05037789,0.037139844,0.022550287,0.012092767,0.035601314,0.03420223,0.029195864,0.013148939,0.033970766,0.024549684,0.022353515,0.0189813,0.02761256,0.04194979,0.043207668,0.025599722,0.028184412,0.028091842,0.06666667,0.020535305,0.032330666,0.014186813,0.04353979,0.026260246
2022-07-06,0.01967217,0.06666667,0.01211866,0.028139835,0.06666667,0.050171483,0.020813601,0.05463721,0.033070974,0.028935911,0.012369274,0.030376397,0.033038113,0.025650417,0.012813676,0.03457665,0.026309792,0.023579685,0.018251136,0.02924786,0.041920852,0.042082857,0.027935227,0.029608011,0.027717004,0.056762047,0.02111367,0.033066433,0.013144649,0.05159896,0.027944112
2022-07-07,0.023459923,0.06666667,0.013735902,0.024741644,0.06666667,0.040177524,0.02039648,0.056248106,0.035788503,0.03421229,0.0113989115,0.03111653,0.029284576,0.02436905,0.013806917,0.027281418,0.030110054,0.022766788,0.016590971,0.031534594,0.04128899,0.04297001,0.033653814,0.03146821,0.026215637,0.052823935,0.02427977,0.029761428,0.013192743,0.056028876,0.027963074
2022-07-08,0.022476908,0.06666667,0.017431961,0.02379717,0.06666667,0.03815793,0.022070708,0.055306464,0.035579458,0.037782945,0.010425272,0.028045926,0.030143326,0.022142664,0.014001958,0.026213754,0.03025499,0.022673327,0.015089805,0.028578881,0.04767209,0.03770055,0.03357719,0.040080976,0.030012572,0.047909424,0.020870768,0.030389184,0.015057437,0.06084529,0.022377748
2022-07-11,0.02904669,0.06666667,0.01914329,0.025875092,0.06666667,0.03415394,0.022732856,0.050895754,0.03738156,0.037993252,0.009602969,0.03391126,0.031077601,0.021957058,0.013842608,0.020178316,0.034300286,0.02173915,0.01567456,0.0313366,0.040464193,0.0384726,0.04125131,0.036342144,0.026802074,0.04597078,0.025700713,0.028804123,0.017088948,0.050582256,0.02434468
2022-07-12,0.037635855,0.06666667,0.017980041,0.028836988,0.06666667,0.029733462,0.024563234,0.04827226,0.04207065,0.035147313,0.009480316,0.038814638,0.034959648,0.021980973,0.014430448,0.018499544,0.031939473,0.019989198,0.015384633,0.029296452,0.035460938,0.037825406,0.03840585,0.029801503,0.029362544,0.04417465,0.028852139,0.036387827,0.020521455,0.040653158,0.02620607
2022-07-13,0.031567153,0.06666667,0.019349998,0.03364854,0.06666667,0.032424126,0.026436899,0.04990486,0.032516077,0.033900764,0.01074149,0.035044745,0.0355602,0.020756854,0.017947478,0.017794887,0.030411718,0.023786604,0.019202784,0.027503405,0.03459153,0.041243143,0.040192712,0.03014602,0.0247308,0.0447723,0.027014408,0.04047168,0.02054713,0.039906923,0.024551444
2022-07-14,0.03709284,0.05884626,0.023317063,0.028452741,0.06467428,0.031989433,0.028849483,0.048131723,0.030274583,0.03511286,0.012132121,0.033955306,0.0354152,0.021925243,0.020552907,0.01796958,0.031067044,0.02510549,0.022590555,0.026909089,0.03513009,0.03876935,0.035842683,0.03464745,0.031682972,0.035583843,0.025639897,0.044008773,0.020933343,0.040500533,0.022897262
2022-07-15,0.03089508,0.06666667,0.025081692,0.022962052,0.058683246,0.0418059,0.026660038,0.046323452,0.02588868,0.039904412,0.01639086,0.031963523,0.028459353,0.023192627,0.02081395,0.025524888,0.027697269,0.030607961,0.02544753,0.02521113,0.029272722,0.039065253,0.031986315,0.030015305,0.039480504,0.035910204,0.021306176,0.04124008,0.018924702,0.04912622,0.02349221
2022-07-18,0.020200066,0.06666667,0.030616757,0.026698682,0.061321802,0.04758164,0.027018309,0.048700817,0.02702362,0.040683094,0.018865954,0.022636678,0.031229649,0.01710115,0.023692083,0.032306965,0.025568714,0.033781968,0.02327305,0.021195421,0.035458986,0.04015989,0.026223708,0.036991987,0.03366748,0.032207936,0.016382592,0.040877614,0.022208957,0.05098204,0.018675718
2022-07-19,0.024119707,0.057082664,0.028852303,0.024050584,0.04614519,0.05400246,0.0332991,0.052598525,0.024240842,0.0401571,0.016927015,0.022310305,0.034229524,0.02068002,0.017287673,0.033037674,0.024080824,0.030738434,0.026369354,0.021031255,0.03463427,0.03704365,0.029698467,0.035355154,0.039723802,0.031878885,0.013649855,0.043799024,0.020233676,0.057165574,0.025577089
2022-07-20,0.016408473,0.040108442,0.03992517,0.024498051,0.040796455,0.051291544,0.031396765,0.058442555,0.027268596,0.036928073,0.017898919,0.015656238,0.033980116,0.013181835,0.023829961,0.0393652,0.022993198,0.037433963,0.022182783,0.016936904,0.044167466,0.039381012,0.031572174,0.050962154,0.033271592,0.031152584,0.010913565,0.041837964,0.021894846,0.06666667,0.017656734
2022-07-21,0.016247895,0.036438994,0.044201523,0.02396516,0.037980106,0.05619281,0.026607221,0.059273373,0.025393391,0.036578834,0.018791238,0.01447891,0.031452674,0.01248499,0.020857444,0.041944273,0.024010215,0.040990017,0.02123365,0.017029941,0.036270104,0.040512,0.04190397,0.045187872,0.04051079,0.0336444,0.011098861,0.037985492,0.019337388,0.06666667,0.0207298
2022-07-22,0.016550353,0.037427742,0.04467288,0.02549152,0.041575592,0.049848188,0.023224998,0.055772033,0.026160777,0.036629383,0.018622445,0.013869038,0.02893135,0.01109504,0.023239175,0.037928145,0.027101837,0.040306825,0.019305067,0.017699637,0.0335347,0.042484183,0.05213403,0.048729412,0.03863496,0.03747155,0.011940656,0.03417625,0.018857734,0.06666667,0.019917835
2022-07-25,0.017508512,0.031922895,0.030642359,0.031821646,0.040774096,0.056802284,0.023221789,0.052804127,0.028956423,0.027984587,0.016769012,0.018133003,0.030929185,0.014533115,0.019000286,0.039670743,0.026255216,0.03486375,0.022974247,0.018816575,0.027941447,0.04226896,0.05293185,0.038181093,0.040882017,0.04856852,0.012504459,0.039253615,0.020953506,0.06666667,0.025464015
2022-07-26,0.018725257,0.022721073,0.030037554,0.030326871,0.038697332,0.048886675,0.021137632,0.06176655,0.02998994,0.026394648,0.020326305,0.016161542,0.026685992,0.016058495,0.02033958,0.041280236,0.02656656,0.034737296,0.02643913,0.019598838,0.029559348,0.043518033,0.049297214,0.03581997,0.047390733,0.04685167,0.0146023985,0.043123312,0.021612873,0.06666667,0.02468027
2022-07-27,0.027130723,0.013248718,0.024751164,0.054422487,0.038591176,0.052114543,0.021352736,0.037942305,0.037527006,0.016547518,0.017883645,0.043599766,0.038152248,0.021412788,0.021360274,0.025144264,0.032780234,0.03191651,0.038998164,0.027334448,0.021246372,0.047231372,0.048867773,0.02604603,0.029171037,0.054223757,0.024695812,0.036869526,0.028534967,0.031752188,0.029150449
2022-07-28,0.015876928,0.01680022,0.03456141,0.04065564,0.038692273,0.06666667,0.02058851,0.053271454,0.030571671,0.020207014,0.016276961,0.02680568,0.03852331,0.018419921,0.021185974,0.032147244,0.027396586,0.042056825,0.029289803,0.019741815,0.031466886,0.044793885,0.041865982,0.03858176,0.031126251,0.056028247,0.019502716,0.03397545,0.02168674,0.04750073,0.023735452
2022-07-29,0.014545608,0.016150324,0.030899784,0.04833493,0.048558228,0.055990424,0.01437677,0.048449554,0.038474422,0.01870426,0.014253807,0.03086808,0.038380172,0.01726975,0.021967495,0.033129744,0.029176045,0.04058218,0.026404982,0.025236757,0.032768063,0.040945604,0.044852007,0.038822144,0.02854452,0.0642147,0.021935634,0.030742465,0.023004306,0.042104572,0.020312672
2022-08-01,0.009422149,0.017333148,0.028619431,0.045507293,0.04616992,0.06666667,0.0136507815,0.041132253,0.033815227,0.018638503,0.019570658,0.02203389,0.031254325,0.0152344955,0.019783853,0.056143954,0.02740436,0.044268295,0.02415609,0.023674097,0.034021143,0.038090818,0.043050695,0.044001397,0.032112136,0.06666667,0.015993295,0.022829216,0.02329982,0.05934009,0.016115325
2022-08-02,0.010180497,0.019000823,0.030459024,0.04778695,0.04449794,0.06666667,0.016108166,0.042642515,0.036274023,0.018791467,0.015186812,0.026706573,0.034350466,0.017846856,0.016536288,0.04974118,0.028852295,0.039764203,0.025974838,0.027843473,0.033134557,0.037473474,0.04770411,0.046694197,0.023853377,0.06559201,0.016942495,0.021457307,0.023357188,0.05000336,0.018576868
2022-08-03,0.011781673,0.02545312,0.027253713,0.044400908,0.047826085,0.064958826,0.01303471,0.04313723,0.036300298,0.021397736,0.015590966,0.026925938,0.037044466,0.020301456,0.014728916,0.04946851,0.02742136,0.03687524,0.020527292,0.027893528,0.031376854,0.03438323,0.047003884,0.03665994,0.03445564,0.06666667,0.019354135,0.02288944,0.020236518,0.052358616,0.022293096
2022-08-04,0.010192527,0.026001472,0.034470107,0.048864756,0.05086375,0.06294203,0.011657251,0.041131906,0.038288184,0.022332972,0.015619176,0.025984243,0.046919182,0.018857261,0.016899504,0.04914993,0.026179276,0.038077008,0.019174593,0.027600713,0.034066174,0.03508744,0.036967315,0.0371742,0.031642932,0.06482295,0.020210493,0.024565771,0.020981181,0.04310282,0.020172877
2022-08-05,0.014039906,0.028708199,0.042244148,0.05437137,0.042461306,0.052051798,0.012775553,0.035172302,0.04396751,0.024525966,0.013228829,0.035440758,0.061321855,0.022501705,0.016534325,0.039050113,0.026993617,0.03286016,0.018665945,0.03260384,0.032476366,0.031164799,0.03588,0.03458484,0.029309466,0.0584597,0.025486019,0.0263936,0.023490826,0.029217105,0.024018079
2022-08-08,0.015160748,0.036277063,0.03914882,0.051175363,0.03819167,0.047287654,0.01449958,0.03771173,0.04534126,0.027213397,0.012408644,0.030654145,0.06329445,0.022114225,0.017960118,0.043615386,0.022074986,0.030698566,0.01424824,0.025682874,0.03630626,0.028537719,0.029680487,0.037717536,0.036901,0.06080264,0.021391127,0.033482734,0.025571514,0.031930044,0.022920037
2022-08-09,0.014379984,0.037140243,0.04650827,0.052584205,0.03375631,0.039330695,0.013655128,0.031838875,0.04614408,0.027702605,0.017568564,0.028461669,0.0629233,0.022131125,0.022233872,0.055228665,0.020690192,0.03212501,0.015626512,0.023478517,0.03223585,0.029184623,0.022482773,0.029744301,0.04381827,0.052993227,0.021705555,0.04214372,0.030121576,0.030878281,0.021184009
2022-08-10,0.013403698,0.042430125,0.03931635,0.047363237,0.030883998,0.035734545,0.012237354,0.030843025,0.045352634,0.030205196,0.017199332,0.025116617,0.054780368,0.02226932,0.023532344,0.0609834,0.02105625,0.031116601,0.012788916,0.019297993,0.033645187,0.028984077,0.022709226,0.034794968,0.054184537,0.065951794,0.020213759,0.038012035,0.03044495,0.03519201,0.019956164
2022-08-11,0.010498593,0.03356863,0.05573418,0.051930632,0.031869557,0.035662282,0.014475666,0.034046583,0.04544395,0.029836457,0.017864764,0.019933846,0.058628518,0.019601487,0.023520634,0.06666667,0.019688932,0.031353034,0.014004655,0.019042326,0.04385591,0.025851859,0.018567627,0.042858966,0.040992282,0.04985108,0.019801931,0.039459385,0.035421487,0.03449385,0.015474231
2022-08-12,0.009848786,0.035593767,0.05313911,0.04957924,0.027312443,0.03305059,0.01577822,0.037451442,0.044316858,0.032191556,0.017936168,0.016129319,0.052805267,0.017579332,0.02327213,0.06666667,0.01746926,0.032104976,0.012415588,0.016331283,0.04639751,0.025921691,0.018609164,0.043246236,0.04517627,0.051621724,0.015891328,0.04637686,0.036086723,0.043955114,0.015745379
2022-08-15,0.010079946,0.032626875,0.06666667,0.03923323,0.02590824,0.029714245,0.020604245,0.040345646,0.03983092,0.03454938,0.01876599,0.01498399,0.038955618,0.01373738,0.025910035,0.06666667,0.020081803,0.034927044,0.014978782,0.015860826,0.052212246,0.028621174,0.020221643,0.05959023,0.0306763,0.041290227,0.01590535,0.041412123,0.03783257,0.053889953,0.013920657
2022-08-16,0.009998275,0.030679893,0.06666667,0.044373263,0.028832663,0.031014659,0.021591028,0.037752263,0.04292559,0.03294212,0.0153905405,0.01941862,0.040824737,0.014105799,0.023716899,0.06666667,0.02235154,0.033590157,0.016767144,0.01899956,0.052738372,0.0290414,0.022646423,0.061455652,0.02261141,0.042563185,0.0165939,0.037895184,0.038096238,0.042939737,0.014810419
2022-08-17,0.008069355,0.031531036,0.06666667,0.036958523,0.029450702,0.037274275,0.026036441,0.045750905,0.036423657,0.03359982,0.01696032,0.015611483,0.03416424,0.013510337,0.023308543,0.06666667,0.021543916,0.036089852,0.021333454,0.01917382,0.056247473,0.029865008,0.020390078,0.06487146,0.019838754,0.033132665,0.013010842,0.04161449,0.033825293,0.052718807,0.014361114
2022-08-18,0.0076015815,0.038512986,0.05110078,0.03646593,0.02684302,0.045916688,0.028205505,0.045069695,0.032430343,0.031866144,0.01794628,0.016413862,0.033095907,0.015147037,0.021788782,0.06666667,0.019103013,0.036962297,0.02244608,0.01738357,0.052276406,0.031005424,0.019514076,0.05935381,0.023148056,0.042034626,0.010881931,0.046278916,0.03078653,0.05723958,0.01651448
2022-08-19,0.0073894397,0.03966984,0.05490221,0.03550674,0.023283849,0.050337985,0.026475176,0.046854768,0.03346681,0.03260326,0.02122057,0.0153556755,0.03222735,0.01584883,0.020947337,0.06666667,0.017628733,0.040362976,0.022315694,0.016218312,0.050599556,0.028463751,0.016340367,0.051694605,0.02796022,0.04120094,0.011435299,0.04689687,0.030741489,0.05875104,0.016633641
2022-08-22,0.009632438,0.04053542,0.04360356,0.04099685,0.02444392,0.049203906,0.023347527,0.04101033,0.040054727,0.028621696,0.025907092,0.021641556,0.03290478,0.020075677,0.021920864,0.06666667,0.018552888,0.038132578,0.024984894,0.018373406,0.040758796,0.03149389,0.015213345,0.03551646,0.03344732,0.04769936,0.0155153815,0.050655577,0.033289306,0.046606336,0.019193444
2022-08-23,0.011366922,0.043277767,0.03647847,0.042175706,0.023553768,0.047340713,0.022707846,0.038648713,0.035713565,0.027172495,0.03281443,0.022307051,0.034981035,0.02812782,0.022598606,0.06666667,0.01681867,0.034681384,0.027597029,0.017490467,0.036817662,0.028914623,0.011963338,0.024805415,0.046103496,0.046968836,0.017668935,0.060992487,0.0328349,0.039751463,0.020659728
2022-08-24,0.011577644,0.04532146,0.034217313,0.031817213,0.017973155,0.051171508,0.021208555,0.035974238,0.028207406,0.027373744,0.051089153,0.01627616,0.026695425,0.029604355,0.027967962,0.06666667,0.015135771,0.038691107,0.027889196,0.0148108965,0.03882677,0.026206618,0.010049475,0.026484083,0.06666667,0.045736488,0.015347103,0.05475242,0.027200045,0.052958317,0.016103083
2022-08-25,0.011584478,0.039693486,0.03932096,0.030760352,0.016354173,0.04802743,0.019635063,0.03321016,0.026017267,0.027158845,0.063134894,0.01435258,0.026996905,0.028296266,0.03549733,0.06666667,0.014657364,0.041044842,0.028003281,0.014167205,0.03893604,0.025974786,0.009142126,0.029410692,0.06666667,0.042496994,0.015477706,0.053728648,0.026371153,0.052966107,0.014249534
2022-08-26,0.010573551,0.033714723,0.042890564,0.032871377,0.01717127,0.046197448,0.018989537,0.029734386,0.026247842,0.02543385,0.06622323,0.014358707,0.025969014,0.025384685,0.040828872,0.06666667,0.015432158,0.040766682,0.028751338,0.015016418,0.04468974,0.024742553,0.008928248,0.036059454,0.06666667,0.04259691,0.015084669,0.049582347,0.026673205,0.05009594,0.011657951
2022-08-29,0.018622221,0.035874262,0.030602932,0.034624137,0.015965449,0.04473921,0.021379597,0.023960918,0.026875854,0.023674197,0.06477908,0.022394253,0.032289132,0.040028002,0.035660636,0.06666667,0.015981402,0.03273317,0.029738886,0.016312204,0.035163667,0.024982858,0.0092827855,0.026323263,0.06666667,0.048248623,0.017723944,0.05721225,0.027616194,0.037516337,0.016361207
2022-08-30,0.017579898,0.039463524,0.034766205,0.029174646,0.0162719,0.044516746,0.020280022,0.0242528,0.023566226,0.027867882,0.06666667,0.015874714,0.030805271,0.03807983,0.04492871,0.06666667,0.016351644,0.03512096,0.0304305,0.014094875,0.035779513,0.024880143,0.0087892795,0.02834944,0.06666667,0.040963393,0.01518148,0.055534225,0.028993208,0.04482051,0.013282457
2022-08-31,0.020321367,0.05406004,0.03617156,0.02655306,0.017562885,0.045510758,0.022020232,0.021592773,0.019790072,0.032142717,0.06666667,0.016601726,0.030593036,0.041415963,0.043359354,0.06666667,0.018284509,0.032961927,0.031977206,0.014232466,0.03240432,0.024268964,0.008962986,0.029261034,0.06666667,0.035305865,0.015186665,0.05031618,0.027776519,0.036586422,0.014779392
2022-09-01,0.022200495,0.06666667,0.032475505,0.0264488,0.019012395,0.04813883,0.021096973,0.018855244,0.019124452,0.033766143,0.06666667,0.017921878,0.031621568,0.044321343,0.039841443,0.06666667,0.018843453,0.031784005,0.030884577,0.013876007,0.028141418,0.023745222,0.009499726,0.025352938,0.06666667,0.037982352,0.015105051,0.046421614,0.028603762,0.032537553,0.01573059
2022-09-02,0.02144208,0.06666667,0.028946595,0.028918047,0.02402631,0.044981807,0.018475154,0.018302657,0.02231303,0.030776128,0.06666667,0.018457243,0.03178212,0.04260135,0.04206293,0.06666667,0.02020877,0.029121386,0.029410562,0.014164326,0.026615309,0.02611993,0.008815852,0.02319289,0.06666667,0.0390249,0.017122788,0.049524378,0.031840738,0.030381465,0.014704589
2022-09-06,0.026064416,0.06666667,0.028334698,0.028326161,0.022838285,0.043639876,0.01932159,0.01869875,0.022920484,0.032910913,0.06666667,0.019231364,0.034101468,0.047557574,0.035070147,0.06666667,0.021058768,0.027826317,0.028895073,0.015106621,0.025266431,0.02272807,0.008911818,0.021241901,0.06666667,0.03477375,0.018244462,0.0507237,0.033070378,0.029851418,0.016618904
2022-09-07,0.027857384,0.06369611,0.025499133,0.029301155,0.024797032,0.042592745,0.017718567,0.01936928,0.0249007,0.031121524,0.06666667,0.020069765,0.037847564,0.05142071,0.033585094,0.06666667,0.020228583,0.026239831,0.028200282,0.015947862,0.024926959,0.021860238,0.0086523425,0.01931232,0.06666667,0.03333272,0.019255929,0.05371606,0.033953823,0.028379789,0.016216502
2022-09-08,0.021386437,0.05150039,0.031852674,0.029367441,0.033878494,0.041505694,0.01579237,0.02406041,0.023933798,0.031723667,0.06666667,0.014664397,0.037921447,0.041768398,0.035703413,0.06666667,0.021633577,0.02773826,0.032791976,0.01748041,0.029342966,0.022056257,0.0076045915,0.023567416,0.06666667,0.024216302,0.018702105,0.058416277,0.034215037,0.033968043,0.013207746
2022-09-09,0.02414414,0.03893808,0.027425198,0.031328514,0.0362054,0.041435976,0.020072075,0.025166592,0.024205077,0.029931504,0.057795983,0.016968576,0.04039923,0.047155738,0.027871244,0.06666667,0.024140863,0.023221206,0.03792716,0.02068396,0.032711517,0.02056571,0.0083619915,0.028123057,0.06666667,0.022966705,0.01823593,0.05792183,0.037043855,0.0305933,0.015126256
2022-09-12,0.022822602,0.039931964,0.030850565,0.029346272,0.031179443,0.03666775,0.022408467,0.026854282,0.029306682,0.03079421,0.051652167,0.016576981,0.039120093,0.040502325,0.029426988,0.06666667,0.024758166,0.022806354,0.0320985,0.02141474,0.04084034,0.021316692,0.009428832,0.03392179,0.06666667,0.022780454,0.016592668,0.054784562,0.038643185,0.036062326,0.013777266
2022-09-13,0.022443594,0.038225997,0.034077723,0.028157294,0.03169521,0.028757297,0.01872097,0.028540965,0.03250703,0.036477175,0.0433908,0.016253449,0.033069286,0.032563858,0.03284843,0.06666667,0.028438412,0.02484235,0.027389424,0.023354061,0.041036256,0.024134524,0.013194678,0.040467706,0.06666667,0.026136354,0.017689776,0.045726374,0.03821462,0.04441488,0.013898175
2022-09-14,0.033336878,0.060436174,0.018383065,0.030751409,0.03401705,0.031803668,0.0194675,0.025964992,0.029675657,0.037487835,0.0290922,0.027379403,0.03529453,0.04871245,0.024317207,0.048704993,0.02911825,0.020837037,0.026014064,0.023640368,0.029415011,0.025599828,0.017877614,0.02896096,0.06666667,0.043549184,0.017726034,0.04736524,0.03233277,0.035037946,0.021034015
2022-09-15,0.023837127,0.04095558,0.023472127,0.030231379,0.032552026,0.04486807,0.020803358,0.031877887,0.027505014,0.029232923,0.042725008,0.018859759,0.04270227,0.05026787,0.024965914,0.06666667,0.021677038,0.024683775,0.029920327,0.018563662,0.0342546,0.02454001,0.010398988,0.025641445,0.06666667,0.029063422,0.0159453,0.059317645,0.034177072,0.038065027,0.015562042
2022-09-16,0.022858016,0.04161465,0.02111542,0.03436465,0.038267106,0.05420911,0.022918876,0.03320324,0.022358818,0.027004113,0.040535927,0.019879343,0.047448847,0.055389248,0.02364523,0.055440526,0.02076264,0.023849985,0.034699604,0.019338977,0.030803569,0.026230061,0.009895476,0.022189325,0.06666667,0.028405176,0.015879191,0.06200464,0.028917681,0.030352792,0.019751102
2022-09-19,0.022320652,0.0371525,0.022491021,0.040025,0.04055833,0.06296866,0.028657738,0.03205387,0.021313619,0.022685554,0.042284995,0.02095211,0.057504434,0.05395707,0.023974882,0.050013892,0.01817189,0.02290421,0.03881382,0.01878858,0.029132755,0.024082337,0.007652231,0.019666193,0.06666667,0.021820309,0.016564332,0.06666667,0.031642783,0.020398594,0.018114313
2022-09-20,0.017203622,0.03641304,0.022927001,0.03990163,0.04227996,0.06666667,0.028194638,0.035652023,0.0212724,0.021309538,0.042993072,0.01677727,0.059375636,0.04546666,0.02679888,0.06085994,0.015366058,0.025148503,0.03715392,0.01748043,0.03386686,0.022830795,0.006595597,0.022182234,0.06666667,0.019888084,0.012511855,0.06666667,0.030258937,0.024521358,0.014770059
2022-09-21,0.018621208,0.04789651,0.021251844,0.039660886,0.043416593,0.06666667,0.025121594,0.034939628,0.020922584,0.023743354,0.039318513,0.020456115,0.053046003,0.04737367,0.02594291,0.051012427,0.017518416,0.027531443,0.035611212,0.019093273,0.027369803,0.0243739,0.008538695,0.020044195,0.06666667,0.024129665,0.014326541,0.06648279,0.026353683,0.023954118,0.018615093
2022-09-22,0.020022726,0.06666667,0.01721441,0.032594927,0.04330637,0.06666667,0.025477028,0.034465704,0.018245602,0.025525104,0.04090328,0.020947287,0.04500855,0.05214858,0.02365306,0.054914173,0.016090397,0.029115807,0.031998023,0.017974563,0.025396306,0.023830164,0.009540641,0.017479753,0.06666667,0.030194163,0.0130777545,0.06187932,0.020344853,0.028300809,0.020350644
2022-09-23,0.024182558,0.06666667,0.015946263,0.03144077,0.04039532,0.06666667,0.026157456,0.032963995,0.020619862,0.024199657,0.043461118,0.025007,0.042547043,0.053508013,0.02639921,0.04698453,0.016628422,0.027768789,0.029709825,0.018683665,0.026399733,0.02565061,0.008961215,0.016879616,0.06666667,0.030640207,0.016320845,0.06171909,0.019961802,0.026646418,0.020216968
2022-09-26,0.030333245,0.06666667,0.017588394,0.033946436,0.04221338,0.06631196,0.025815252,0.028637249,0.019532803,0.025042554,0.042969823,0.030066302,0.047592722,0.055590857,0.025998633,0.03684333,0.0176521,0.025799988,0.031382382,0.021675175,0.02265563,0.025155643,0.00890757,0.013287662,0.06666667,0.027050005,0.021440553,0.061348334,0.019588955,0.018887682,0.023352044
2022-09-27,0.030175123,0.06666667,0.01914269,0.02822751,0.041230474,0.06666667,0.02449921,0.030108418,0.017039506,0.030589841,0.048286438,0.02522906,0.041234575,0.055877943,0.027378615,0.03896358,0.018138623,0.02844964,0.031987347,0.020167585,0.02079545,0.028369853,0.009756822,0.011798975,0.06666667,0.027103614,0.02098461,0.05896756,0.018129522,0.02269785,0.024669569
2022-09-28,0.034777805,0.06666667,0.020971607,0.024243796,0.03925486,0.062119573,0.025294622,0.029828662,0.017095014,0.034428272,0.054840066,0.022174234,0.03916471,0.053295143,0.029047787,0.04038939,0.017170804,0.029111005,0.028491568,0.0187861,0.02240789,0.026651625,0.009849581,0.012010845,0.06666667,0.025729,0.020778123,0.060744844,0.019085672,0.027712563,0.021211503
2022-09-29,0.024937576,0.06666667,0.026431661,0.02319976,0.037404966,0.061875634,0.026108418,0.032835424,0.017279629,0.033968292,0.064881824,0.014746011,0.03824633,0.044089,0.028044337,0.05356853,0.015391208,0.029823065,0.030250307,0.016851947,0.029582039,0.023021996,0.0072848815,0.015055822,0.06666667,0.018441677,0.01614897,0.0650096,0.021480288,0.035711918,0.014995556
2022-09-30,0.032559287,0.06666667,0.020841748,0.023160582,0.035216007,0.06666667,0.031355087,0.032004207,0.017345663,0.031081622,0.05524194,0.020115795,0.038705774,0.055109747,0.020579178,0.04660691,0.016196905,0.027525492,0.03351185,0.018945443,0.024931101,0.023745902,0.008758937,0.012984088,0.06666667,0.020607406,0.017171586,0.062199622,0.020483067,0.032206405,0.020808646
2022-10-03,0.029938394,0.06666667,0.022286726,0.025687091,0.03453878,0.06666667,0.031895343,0.032422908,0.016157277,0.03401718,0.04913035,0.020356294,0.041564476,0.060301352,0.01970248,0.04034341,0.016878746,0.029557683,0.03597351,0.017625023,0.022235503,0.025654588,0.010368979,0.0120493155,0.06666667,0.023791034,0.019093355,0.054961424,0.022030646,0.027583204,0.023854928
2022-10-04,0.018269394,0.06666667,0.029387176,0.021717392,0.033336468,0.06627486,0.029845614,0.03851517,0.014667652,0.040934257,0.05246407,0.011796493,0.030885207,0.035372302,0.026416674,0.05592784,0.0159451,0.03635847,0.031342495,0.012768393,0.033186156,0.025018256,0.009555314,0.022768375,0.06666667,0.022252936,0.012744133,0.051645953,0.024483252,0.049174774,0.013612493
2022-10-05,0.014678063,0.05213566,0.033812333,0.024710836,0.033022717,0.06205066,0.03020333,0.04279463,0.018307319,0.042997286,0.037652403,0.011593862,0.03140382,0.028583813,0.023898203,0.059026267,0.017403925,0.035445645,0.026720177,0.013309592,0.044641767,0.023386072,0.010939589,0.036310088,0.06666667,0.024899615,0.011208717,0.04730801,0.02639351,0.05672628,0.01176914
2022-10-06,0.021509724,0.042622596,0.031862278,0.027622266,0.03344297,0.065820925,0.030243665,0.040765405,0.019668264,0.040153246,0.033877663,0.017840007,0.031666115,0.029369572,0.01928901,0.0513115,0.019851292,0.03663369,0.030721564,0.015397528,0.034145635,0.026766596,0.014910156,0.029158449,0.06666667,0.031195067,0.01455451,0.046917662,0.027053308,0.05191393,0.01704874
2022-10-07,0.02430347,0.04031932,0.03831621,0.026470838,0.02961033,0.064743534,0.030250018,0.040146127,0.018428402,0.045171794,0.03348131,0.018310793,0.030685855,0.02994439,0.018029463,0.047558326,0.020917457,0.041394316,0.032099478,0.015091207,0.028261267,0.026155123,0.017473647,0.025134508,0.06666667,0.030375415,0.0154065825,0.04513494,0.027838953,0.052702285,0.019577986
2022-10-10,0.032402337,0.04008114,0.035399687,0.029877799,0.027607376,0.062054437,0.032107003,0.034131892,0.019711796,0.042629257,0.029978279,0.025332613,0.03343771,0.036507245,0.020534571,0.03673536,0.023647977,0.041710675,0.034395844,0.015619362,0.024049133,0.026375212,0.018757306,0.02410434,0.06666667,0.03231176,0.017280016,0.047793046,0.030530384,0.03805042,0.020179361
2022-10-11,0.024756044,0.048464004,0.03944834,0.029382357,0.027715417,0.06362225,0.03293757,0.035400435,0.01720223,0.04366076,0.03466293,0.01869721,0.032404937,0.029611008,0.02763068,0.0409503,0.020000812,0.048571095,0.032129236,0.012753466,0.02411625,0.027960211,0.015535303,0.023840085,0.06666667,0.027915074,0.014859509,0.054083135,0.029506465,0.038655963,0.016860262
2022-10-12,0.022348655,0.05438469,0.032617413,0.025226302,0.029273039,0.06603496,0.02900973,0.032491833,0.013461283,0.040181156,0.04675493,0.016772054,0.022780946,0.027968265,0.0327793,0.046678293,0.020039642,0.05295216,0.03828748,0.012752506,0.021712322,0.031709094,0.015903164,0.020684635,0.06666667,0.030322056,0.013754918,0.051204484,0.023996476,0.044813056,0.016438495
2022-10-13,0.02166808,0.059576817,0.030036023,0.025141284,0.03098987,0.06666667,0.025333796,0.03275299,0.013368232,0.038372673,0.050999496,0.01605871,0.02062165,0.027137429,0.033774022,0.048053056,0.021929152,0.052260067,0.037896894,0.013271902,0.020755542,0.03427207,0.015686367,0.01937045,0.06666667,0.031643298,0.014533995,0.046586383,0.021493865,0.04604964,0.017032914
2022-10-14,0.015452402,0.057360902,0.030635377,0.026550507,0.03271257,0.060942654,0.022021336,0.033677652,0.015830856,0.03947314,0.049730465,0.012825038,0.017919248,0.018024473,0.038786065,0.059326887,0.02253269,0.05596135,0.027325595,0.01173379,0.026145417,0.032693133,0.015371811,0.03085497,0.06666667,0.033927478,0.011876039,0.038922466,0.024551842,0.0581996,0.0119675845
2022-10-17,0.022240805,0.050649766,0.025118494,0.03620038,0.04113644,0.055532448,0.021285044,0.03250659,0.017915431,0.03920457,0.03783259,0.020849822,0.020959526,0.021293681,0.036329545,0.037490327,0.02896667,0.051881332,0.02959653,0.016136527,0.022910155,0.036762055,0.020730257,0.028396891,0.06666667,0.04213346,0.017182209,0.039286613,0.024473844,0.04105498,0.017276347
2022-10-18,0.015941698,0.034141686,0.038328107,0.04371217,0.048702605,0.04468785,0.019993126,0.04372391,0.023529155,0.042689625,0.035984963,0.0129405605,0.028209079,0.015072719,0.041812528,0.03758129,0.02852958,0.050007425,0.02395498,0.015889551,0.032257516,0.035218492,0.017715583,0.038358245,0.051926184,0.029690186,0.01770002,0.042037237,0.031592358,0.04560016,0.012471403
2022-10-19,0.013624371,0.031673424,0.037682667,0.04902005,0.05253924,0.043469608,0.019474898,0.0489186,0.027569259,0.047158316,0.026969599,0.012618215,0.028639685,0.015579133,0.031027818,0.037475638,0.031377368,0.04597714,0.023364669,0.018645458,0.031561743,0.03516335,0.023153378,0.04148226,0.040632986,0.032990873,0.017023707,0.036168154,0.03459757,0.050074007,0.014346813
2022-10-20,0.0128500415,0.035598695,0.028509932,0.049584173,0.04955765,0.051311966,0.017365992,0.045301776,0.02798331,0.04787577,0.022586677,0.016173411,0.026937192,0.018017828,0.023328949,0.04021029,0.032305643,0.047820456,0.024210138,0.0196372,0.026924403,0.03924898,0.03028225,0.03303858,0.036289535,0.04989439,0.015203932,0.030221276,0.03224717,0.050877515,0.01860489
2022-10-21,0.013264053,0.051025618,0.022487799,0.043225136,0.05383593,0.056770932,0.018210616,0.04329494,0.023396304,0.048451863,0.021971047,0.016677016,0.02497329,0.018238015,0.020550989,0.039899528,0.031417098,0.04385872,0.021552397,0.018016124,0.024887139,0.043829918,0.03509608,0.028897863,0.0294381,0.06515503,0.014298904,0.02614991,0.027566569,0.05229079,0.021272277
2022-10-24,0.010757801,0.051807474,0.027771091,0.033839606,0.05510895,0.05365056,0.017532093,0.05140608,0.02370543,0.052182477,0.025200851,0.012113932,0.018219788,0.015701298,0.021066112,0.04208068,0.035162613,0.045069635,0.022438262,0.018436514,0.028352499,0.04318306,0.03434454,0.035210013,0.029074479,0.050203755,0.013903962,0.022713954,0.02659063,0.06666667,0.016505195
2022-10-25,0.010868319,0.055001035,0.023979953,0.032569896,0.06260123,0.058247324,0.017072948,0.061520223,0.02582391,0.045008406,0.023909232,0.013193055,0.015504702,0.01574921,0.01674352,0.042738114,0.03311035,0.04249748,0.023354815,0.022689626,0.025990043,0.046031523,0.037983283,0.028504733,0.023691934,0.049758095,0.015356258,0.021692513,0.023166198,0.06666667,0.018975405
2022-10-26,0.011454186,0.043502692,0.026208665,0.036884025,0.06385781,0.05976337,0.019832598,0.061253645,0.03198282,0.03795709,0.020453325,0.017001512,0.01940971,0.016235609,0.015510285,0.038799837,0.03113009,0.040638514,0.024908535,0.026943214,0.03186766,0.041580874,0.035427365,0.031640075,0.02130111,0.04521217,0.015423082,0.024410596,0.02569418,0.06666667,0.017048687
2022-10-27,0.015527119,0.03176159,0.016786141,0.037514873,0.058010373,0.06431392,0.026594955,0.052892197,0.037624344,0.03026742,0.019363517,0.0259478,0.018027946,0.019376988,0.015404676,0.034696177,0.03370506,0.035676036,0.036080718,0.030401278,0.033173837,0.040865794,0.031789314,0.034604866,0.024043852,0.044260126,0.012790565,0.029495459,0.030304411,0.0623414,0.016357254
2022-10-28,0.015343595,0.02060448,0.016364548,0.038660824,0.05250655,0.06666667,0.030998973,0.04637861,0.032375045,0.028364407,0.020980364,0.029414393,0.017943677,0.018771347,0.018677605,0.03267553,0.035272874,0.040812947,0.05141578,0.030234443,0.036990684,0.03857853,0.02840395,0.04568348,0.025319047,0.041137334,0.01065953,0.03091985,0.031424776,0.052243255,0.014176908
2022-10-31,0.014267061,0.020671625,0.015298892,0.035483588,0.055876225,0.064743005,0.03183779,0.042339444,0.032304063,0.022574196,0.021812564,0.028990144,0.015883459,0.01309834,0.023846304,0.0399119,0.030378366,0.041263014,0.04090128,0.026380327,0.04658958,0.035095867,0.025266523,0.058303215,0.027206233,0.044192538,0.0089829555,0.035007372,0.029322822,0.06270772,0.009463583
2022-11-01,0.01572488,0.018795509,0.012122896,0.043671772,0.054407503,0.06474921,0.03000693,0.033098303,0.03485864,0.019996963,0.021338837,0.040638626,0.019223036,0.014930854,0.021848997,0.042000998,0.028837673,0.039687186,0.04092901,0.027812712,0.041576564,0.034275718,0.0247149,0.047849867,0.029575191,0.05968524,0.009371727,0.038533065,0.03128097,0.04615266,0.01230356
2022-11-02,0.016265096,0.015918529,0.010640182,0.04118189,0.04847459,0.06666667,0.03828121,0.030529477,0.031266183,0.01702883,0.02034559,0.043652494,0.019854182,0.017838841,0.020160073,0.044191606,0.027427364,0.03529071,0.046871617,0.025986679,0.044421,0.031121843,0.0237246,0.054119147,0.03060832,0.060104296,0.008068858,0.041022684,0.03347154,0.043573234,0.011892678
2022-11-03,0.016430251,0.019095993,0.008000892,0.040804803,0.048659958,0.06666667,0.04747494,0.031381078,0.026875002,0.016831521,0.013783098,0.0496527,0.025150023,0.023458995,0.019541211,0.03238975,0.02546794,0.033116907,0.043296255,0.024902487,0.048728544,0.030264663,0.026491953,0.0641402,0.026274996,0.06666667,0.0067289295,0.041412853,0.026739843,0.0350304,0.0145404795
2022-11-04,0.015838934,0.020514496,0.007430465,0.03668479,0.047557406,0.06666667,0.047454208,0.030601205,0.022763224,0.016945748,0.01568202,0.04425989,0.02246677,0.025666526,0.022240484,0.036013026,0.02586052,0.03286096,0.04807514,0.022617366,0.05222509,0.029065328,0.024349865,0.06666667,0.03048903,0.06666667,0.0060096183,0.040799156,0.025000574,0.03759501,0.012933153
2022-11-07,0.017956458,0.02016752,0.008846025,0.03172827,0.04064487,0.06666667,0.05516428,0.031856805,0.02402072,0.016224485,0.016520442,0.040844493,0.02440518,0.025815312,0.02512735,0.03759402,0.025046438,0.029506087,0.045773163,0.022713652,0.06514922,0.0273341,0.020957904,0.06666667,0.03167423,0.057914417,0.0057136333,0.04395368,0.02465428,0.03808581,0.011273827
2022-11-08,0.018996524,0.025585825,0.009036148,0.03224237,0.039069183,0.06666667,0.05532388,0.030869387,0.026569003,0.016940234,0.017473277,0.041805867,0.02267263,0.025351655,0.023137964,0.04420438,0.025764814,0.027775787,0.04087348,0.022640293,0.06081312,0.026520712,0.020585626,0.06666667,0.029554904,0.059093345,0.006177921,0.041660722,0.026872482,0.03652872,0.012526405
2022-11-09,0.02053007,0.025808886,0.008692111,0.033677835,0.039272178,0.06666667,0.05979041,0.030161282,0.028574768,0.016022978,0.01579468,0.047001246,0.023769446,0.025553068,0.022814201,0.03933137,0.025980048,0.026069999,0.039135687,0.024725243,0.06381775,0.025861815,0.021226654,0.06666667,0.026164709,0.05761683,0.00632718,0.040056482,0.026999312,0.03323841,0.012652028
2022-11-10,0.029189747,0.030088458,0.008441381,0.03560173,0.037760142,0.060474016,0.058179356,0.027799983,0.02654835,0.019718936,0.008566883,0.06313311,0.02653379,0.03386653,0.024830712,0.019057754,0.035111256,0.02170496,0.03550955,0.029236611,0.059901785,0.02387277,0.029348098,0.06666667,0.023415178,0.063495114,0.007958315,0.03394,0.02225975,0.022020329,0.015768746
2022-11-11,0.019488461,0.027872374,0.018790651,0.041065652,0.041644145,0.052893892,0.058617383,0.041834667,0.04365158,0.022076057,0.010241038,0.03354447,0.04298617,0.02460362,0.030356903,0.029584968,0.025433168,0.022595938,0.024759127,0.02643374,0.06666667,0.019287664,0.017097684,0.06666667,0.027124474,0.03511538,0.00847948,0.050595295,0.033126142,0.028135879,0.009230667
2022-11-14,0.02553145,0.03374307,0.021187987,0.03535323,0.03145198,0.04395812,0.058452155,0.038363725,0.055116024,0.02333118,0.008487139,0.037700307,0.04215924,0.030335195,0.020064102,0.034132257,0.025442583,0.018135585,0.020065332,0.031237625,0.06666667,0.015544307,0.019212216,0.06666667,0.031168686,0.034345925,0.008614542,0.044827305,0.037302613,0.03053891,0.010863879
2022-11-15,0.042289983,0.040094588,0.022875773,0.034088254,0.026515558,0.030854449,0.05702085,0.02742568,0.063883446,0.02568674,0.0077859494,0.057096526,0.03770326,0.031897847,0.020178573,0.02330469,0.032041263,0.015678829,0.017497543,0.036021013,0.06486787,0.0155078415,0.021769905,0.06666667,0.027392684,0.032000557,0.012249339,0.034697857,0.04302307,0.020765474,0.01111793
2022-11-16,0.033541944,0.06442987,0.026025431,0.027444405,0.027560348,0.028844692,0.047144603,0.031151809,0.06196953,0.030168433,0.010927932,0.03452284,0.031453934,0.028424725,0.021577574,0.037392233,0.026057437,0.016779462,0.013179017,0.02995337,0.06666667,0.013550169,0.018122524,0.06666667,0.04286545,0.030533487,0.010733005,0.039850656,0.039801635,0.033408407,0.009251744
2022-11-17,0.03295231,0.06666667,0.022405112,0.029489603,0.034595415,0.028495478,0.040539604,0.030255476,0.05822668,0.03126328,0.009661843,0.03879283,0.030403545,0.028294915,0.021734023,0.033207715,0.03143826,0.016296737,0.013592119,0.03234291,0.061592083,0.015471623,0.022265011,0.06666667,0.04009805,0.03719863,0.01139591,0.03654935,0.034869824,0.03285955,0.010378785
2022-11-18,0.030928617,0.06666667,0.017176813,0.028421719,0.03735138,0.03770073,0.042174097,0.028434953,0.04927955,0.02697514,0.012396414,0.041053463,0.026293293,0.027997999,0.021227792,0.04291063,0.027445735,0.017519187,0.0137720015,0.029601812,0.055945054,0.017743964,0.020919466,0.06666667,0.041872807,0.04604287,0.010496764,0.03746327,0.02981466,0.036527228,0.011179251
2022-11-21,0.026103217,0.06666667,0.016606137,0.028696798,0.041910697,0.038075138,0.03935551,0.030165892,0.045844603,0.027311606,0.014838292,0.03687532,0.022832893,0.026567562,0.023521973,0.049817566,0.02626965,0.018668763,0.015227979,0.029120723,0.05458617,0.02003609,0.019404864,0.06666667,0.03726376,0.047406908,0.010887992,0.03898723,0.02874858,0.04045618,0.011078582
2022-11-22,0.021689199,0.06666667,0.016329998,0.030330027,0.03937735,0.04052484,0.040322896,0.030996917,0.052359927,0.025722507,0.016438901,0.034517586,0.025523454,0.029037403,0.020919912,0.062005136,0.023715103,0.017458547,0.016481742,0.029409695,0.056843277,0.019517466,0.014919994,0.057241302,0.037590925,0.04056273,0.010484715,0.04407489,0.03091251,0.036986753,0.011037635
2022-11-23,0.022125307,0.06666667,0.018991958,0.027685735,0.034069564,0.036419656,0.044011652,0.03301524,0.0507325,0.025929913,0.018179743,0.030251805,0.021845974,0.025231268,0.022260536,0.06666667,0.023142826,0.017216785,0.01620042,0.027158834,0.062261954,0.018958965,0.014390331,0.0640427,0.035832517,0.03760198,0.010815482,0.043194532,0.03189017,0.043319598,0.0098887235
2022-11-25,0.02431381,0.06666667,0.02043151,0.02955531,0.034644153,0.032039598,0.03779245,0.030715019,0.056091666,0.027806778,0.018003872,0.03357035,0.022758951,0.026512213,0.021205774,0.06416664,0.02482004,0.016077695,0.015963605,0.03130843,0.06006908,0.019212404,0.015392548,0.061005063,0.035656802,0.0386754,0.0127658555,0.040130366,0.032653593,0.03928936,0.010704997
2022-11-28,0.02533983,0.06666667,0.018091802,0.031354856,0.03404983,0.033230636,0.041781183,0.02882082,0.055994224,0.025638212,0.016976563,0.037685543,0.024818717,0.030012177,0.018631138,0.061508663,0.025502848,0.014050728,0.018901443,0.03261459,0.058082916,0.01955595,0.015434349,0.059947006,0.032074515,0.03887881,0.012637764,0.040437687,0.035348777,0.03339229,0.012539466
2022-11-29,0.032300264,0.06666667,0.01785545,0.029269801,0.038967595,0.03774857,0.041624706,0.027454507,0.051107507,0.027797237,0.01869238,0.046441726,0.024707593,0.041238658,0.017084224,0.04610992,0.030934405,0.013628103,0.028659912,0.041067027,0.04586577,0.02257144,0.015785573,0.048255283,0.030235704,0.030551132,0.015216652,0.037780967,0.03292251,0.026494889,0.014963828
2022-11-30,0.032948148,0.06666667,0.018285528,0.02573702,0.03118174,0.038291506,0.04647674,0.026077854,0.049348857,0.028130382,0.02246654,0.040921174,0.024730185,0.043329448,0.01904671,0.053780705,0.026911082,0.013809562,0.026256533,0.033975482,0.050333794,0.020391025,0.012712176,0.048506554,0.03966768,0.02818957,0.013596534,0.04176895,0.034616563,0.028020823,0.013824473
2022-12-01,0.028271098,0.06666667,0.027134174,0.026623692,0.032330196,0.03522708,0.042084895,0.030013725,0.058648817,0.028311564,0.023763353,0.034568418,0.02886734,0.032746345,0.020623075,0.057297982,0.02540102,0.014691636,0.023062449,0.034014437,0.055888638,0.020929532,0.011336322,0.051248297,0.0321333,0.022251459,0.0158416,0.04032686,0.038402148,0.028634714,0.01265917
2022-12-02,0.04006826,0.06666667,0.025280181,0.025667379,0.030593187,0.03156504,0.0390947,0.022214819,0.06289694,0.02821039,0.023083873,0.05211557,0.025133986,0.038782924,0.016431874,0.05118008,0.030791076,0.012968389,0.027129915,0.041418117,0.04272243,0.020141467,0.0129214255,0.04321572,0.035278738,0.022928648,0.019575441,0.0340013,0.040937524,0.023037808,0.013946129
2022-12-05,0.04347084,0.06666667,0.026242474,0.02439629,0.031369507,0.03114789,0.03367301,0.019535882,0.061387017,0.028880505,0.027195577,0.06002725,0.022870425,0.03889174,0.017719692,0.04862713,0.032492112,0.014557395,0.031009369,0.04425059,0.036962133,0.020723624,0.012011534,0.03507297,0.039377466,0.020948019,0.022232844,0.03360876,0.039895844,0.020735987,0.0140194595
2022-12-06,0.05382783,0.06666667,0.02444589,0.022760704,0.036952175,0.033072844,0.027867505,0.01748207,0.047750223,0.03141033,0.02755368,0.06666667,0.022159463,0.046521,0.016801296,0.032262668,0.036142286,0.015998391,0.037112188,0.04845405,0.02962587,0.020850668,0.012409215,0.02812673,0.052293688,0.02091001,0.026750633,0.03200063,0.031417053,0.017726846,0.01598074
2022-12-07,0.051702213,0.06666667,0.026074175,0.024709819,0.038427368,0.035018735,0.026569348,0.017456636,0.03784473,0.03361944,0.027126715,0.06666667,0.022099188,0.04808112,0.019196458,0.029533526,0.03589694,0.018621746,0.044779014,0.042379905,0.026922785,0.021622632,0.011404658,0.028799167,0.050869714,0.022296261,0.029477216,0.033151012,0.030942483,0.01489847,0.017145196
2022-12-08,0.05095213,0.06666667,0.026315056,0.022935444,0.032676596,0.036702372,0.029529097,0.018125713,0.035798606,0.030382894,0.031079283,0.06666667,0.022540392,0.04848084,0.022406353,0.03192578,0.03021347,0.019003157,0.04942494,0.036699753,0.03035966,0.021935284,0.00866017,0.030685045,0.053642195,0.01941406,0.026934963,0.0387598,0.031070089,0.014617334,0.015396183
2022-12-09,0.06666667,0.06666667,0.033897504,0.017285747,0.024720747,0.031032791,0.034942683,0.016182076,0.035564993,0.03245321,0.033513915,0.06666667,0.021391144,0.041731376,0.025787834,0.028133381,0.0305325,0.018856997,0.048759166,0.03381881,0.032643273,0.020134265,0.0074281935,0.035481434,0.054641582,0.013802855,0.028862434,0.036726285,0.035253916,0.013222281,0.013198603
2022-12-12,0.06666667,0.06666667,0.040886976,0.017238587,0.019229665,0.024036026,0.03889063,0.012346046,0.03409261,0.033801556,0.031509407,0.06666667,0.024474101,0.050387193,0.025547039,0.021422941,0.03611737,0.016814703,0.05051569,0.038763694,0.026941078,0.020868737,0.009997003,0.029818643,0.04397085,0.014176454,0.041235585,0.030568294,0.03899962,0.009519611,0.017829891
2022-12-13,0.06666667,0.06019089,0.05133818,0.015162196,0.018643856,0.02301301,0.038744077,0.012843433,0.03630998,0.036804076,0.032260954,0.06666667,0.02383462,0.03889153,0.033044033,0.021733094,0.03733392,0.018880391,0.049819943,0.035600875,0.030960334,0.020677505,0.009837725,0.03962735,0.039581068,0.010985266,0.03392082,0.027649734,0.045662,0.01041399,0.012901813
2022-12-14,0.06666667,0.03683612,0.064050384,0.018427912,0.016451437,0.017971596,0.039708372,0.011241873,0.048085496,0.033035494,0.02927322,0.06666667,0.03088551,0.042976785,0.028093427,0.01734421,0.039309908,0.015468392,0.045448594,0.042411122,0.029335395,0.017030718,0.010321259,0.036334332,0.037351497,0.008999977,0.044119164,0.025212826,0.06144036,0.007520806,0.011980474
2022-12-15,0.06666667,0.037105247,0.056512963,0.018262444,0.016687002,0.020304758,0.042019177,0.011919083,0.046312433,0.031074911,0.025549706,0.06666667,0.030070469,0.04786921,0.025152612,0.015035345,0.04417898,0.015495987,0.046225604,0.041542932,0.026367242,0.020110933,0.013406438,0.036527332,0.03475844,0.011272864,0.051215287,0.022806661,0.056350507,0.007735252,0.014796839
2022-12-16,0.06666667,0.042509083,0.042678922,0.017715897,0.01718786,0.021979654,0.044724632,0.012943288,0.03983577,0.031123757,0.026337191,0.06666667,0.032758765,0.0596475,0.024986716,0.01667201,0.03869529,0.015087869,0.043721553,0.037889946,0.02582523,0.020964002,0.013838502,0.031293176,0.043766875,0.014149656,0.046783607,0.027222436,0.049643613,0.008789999,0.017893873
2022-12-19,0.06666667,0.053823315,0.04828561,0.017975694,0.015029253,0.023546405,0.040336672,0.013332662,0.032847025,0.03540678,0.03146258,0.06666667,0.032305367,0.054437425,0.035684586,0.020804966,0.032878835,0.018330622,0.038846575,0.029458486,0.025977233,0.0230419,0.012780769,0.030893553,0.04428217,0.016152212,0.03879575,0.029035065,0.043352213,0.009691429,0.017871508
2022-12-20,0.06666667,0.06666667,0.040549938,0.01767151,0.014996499,0.024179662,0.037660107,0.013915877,0.028553309,0.036904406,0.034122515,0.057529755,0.024697779,0.04798988,0.050189245,0.026150076,0.03294875,0.0202282,0.034008965,0.02369817,0.026145825,0.026357902,0.0148249725,0.039732043,0.0428572,0.023352116,0.031725757,0.027325077,0.038639918,0.0126540875,0.017057126
2022-12-21,0.05992648,0.06666667,0.039374843,0.017861964,0.015389895,0.027186621,0.035724707,0.0139347045,0.023622243,0.03503776,0.04330771,0.042585984,0.020879095,0.038544714,0.06666667,0.03763233,0.031513844,0.02313856,0.032924928,0.019309536,0.027453851,0.030707875,0.015868098,0.047804836,0.04034726,0.029186191,0.023580404,0.026094489,0.03635804,0.017432975,0.013936736
2022-12-22,0.06666667,0.055013835,0.042292178,0.015560609,0.01732382,0.021001324,0.030418966,0.016103959,0.028154748,0.030243447,0.04683947,0.036442894,0.019746492,0.025699401,0.06666667,0.029676678,0.033356477,0.025866203,0.030303411,0.024756774,0.038557705,0.035254877,0.016579488,0.06666667,0.043671496,0.02148006,0.021047244,0.031988323,0.028910074,0.024822764,0.0088872835
2022-12-23,0.06666667,0.046858985,0.03729634,0.018845467,0.017785834,0.015662732,0.0295522,0.014315677,0.033697706,0.028167995,0.04092505,0.05007335,0.022854067,0.027633,0.06666667,0.021975672,0.03909339,0.023077533,0.03161168,0.030866772,0.035665274,0.039120987,0.01922653,0.061894376,0.03779774,0.02182791,0.025431087,0.03573304,0.029833257,0.019351086,0.010491923
2022-12-27,0.061090715,0.02982268,0.043104235,0.02175923,0.016894817,0.01596635,0.025403202,0.016029712,0.034974914,0.02688031,0.04930337,0.037713666,0.023425784,0.025389763,0.06666667,0.02947244,0.03731184,0.026050126,0.033933453,0.027516289,0.038519308,0.03888397,0.016824005,0.06382614,0.041066475,0.021979026,0.02532564,0.037440345,0.034689274,0.023175912,0.009560343
2022-12-28,0.058887158,0.02317115,0.03694391,0.025158266,0.015475655,0.014721607,0.024619928,0.017091932,0.039223973,0.024420835,0.04373015,0.04087471,0.024092028,0.02546996,0.06666667,0.028410994,0.03594099,0.027537914,0.03439611,0.029329905,0.039126452,0.04160112,0.018689387,0.06493486,0.037772097,0.026145762,0.025196858,0.04218865,0.034485627,0.023116289,0.010579052
2022-12-29,0.061408997,0.019014474,0.035758402,0.029080024,0.016767064,0.016455457,0.026286306,0.01654499,0.033505622,0.024207616,0.04020452,0.04167203,0.029100168,0.027496696,0.06666667,0.024442904,0.036531754,0.026830913,0.03672287,0.028771207,0.036042497,0.04156149,0.02081977,0.06501577,0.036746603,0.027960088,0.025967734,0.04127757,0.03421316,0.020090505,0.012836141
2022-12-30,0.043571897,0.016151235,0.04763775,0.03439574,0.016814355,0.016880274,0.02462555,0.01616186,0.036350805,0.024015917,0.044382952,0.034810998,0.03335374,0.024310282,0.06666667,0.032500926,0.034191303,0.02867427,0.034802027,0.027326044,0.037577778,0.041436,0.020779254,0.06666667,0.02975775,0.028558042,0.02638742,0.037269816,0.04298444,0.01947606,0.011482185
2023-01-03,0.05335231,0.015885439,0.04908765,0.032593135,0.01675505,0.01468,0.023068279,0.015324551,0.035411526,0.027599113,0.040246118,0.03655904,0.029774304,0.022557791,0.06666667,0.025766073,0.03949812,0.028838238,0.03173856,0.027975835,0.033002302,0.042877574,0.027273592,0.06666667,0.030283626,0.030382922,0.029696641,0.030633023,0.043400105,0.020186897,0.012218854
2023-01-04,0.0541186,0.019174082,0.054858968,0.03566757,0.0199643,0.0117978845,0.026238995,0.0144943325,0.039673444,0.033245135,0.033127144,0.031520694,0.035937693,0.020587422,0.06666667,0.022364216,0.043119386,0.023289494,0.026257243,0.028777892,0.03560994,0.041146852,0.028806088,0.06666667,0.024248894,0.024471845,0.027827179,0.030630155,0.05273006,0.016486827,0.010494337
2023-01-05,0.05630572,0.016391352,0.05340788,0.042173594,0.021633431,0.009761976,0.028107837,0.0140078375,0.052414928,0.03369561,0.029986005,0.028066602,0.044503666,0.018526776,0.06666667,0.021682011,0.038840596,0.018961346,0.021812834,0.030592086,0.036162056,0.033081632,0.022355067,0.06666667,0.026046475,0.016950693,0.025120376,0.037614822,0.06666667,0.012947558,0.0088492315
2023-01-06,0.06666667,0.018325359,0.0490143,0.034956086,0.019210476,0.010271771,0.03555212,0.014011485,0.04751919,0.03583632,0.031333987,0.028280692,0.039853726,0.017969359,0.06666667,0.02095406,0.037609793,0.019761017,0.020269299,0.02661377,0.0361497,0.033168517,0.021504402,0.06666667,0.033534873,0.015902158,0.022853825,0.038894065,0.06666667,0.015218327,0.008764658
2023-01-09,0.041157983,0.023514614,0.06410399,0.0334403,0.022073485,0.012732276,0.03941358,0.017764324,0.04817866,0.038148798,0.031658355,0.021565422,0.033558697,0.014796816,0.06666667,0.029228764,0.037771292,0.02390234,0.021055989,0.023541166,0.044895966,0.03579529,0.02135222,0.06666667,0.0237056,0.01550954,0.018899636,0.035574928,0.06666667,0.02048756,0.0061724097
2023-01-10,0.037569873,0.025955567,0.05270852,0.03687389,0.023615362,0.015497129,0.039912842,0.017349191,0.04491324,0.03793676,0.021453278,0.02670242,0.040761657,0.01544231,0.06666667,0.028479528,0.036752097,0.0241059,0.019795166,0.02566081,0.04717457,0.036705386,0.032207757,0.06666667,0.018574987,0.024057686,0.015169737,0.031969912,0.058965664,0.021564597,0.008790835
2023-01-11,0.033957083,0.0231231,0.055816334,0.0359459,0.023632243,0.018236004,0.04142137,0.017995225,0.042532142,0.038878065,0.01859402,0.026063282,0.0437349,0.0152154835,0.06666667,0.027646197,0.037112955,0.026189497,0.020705897,0.024593938,0.046539966,0.03663106,0.03654398,0.06666667,0.018037295,0.024668531,0.013027885,0.02898355,0.059217114,0.02272321,0.008900435
2023-01-12,0.02843683,0.02462104,0.06666667,0.036221817,0.02689436,0.020014964,0.035902705,0.017796617,0.039935812,0.041556425,0.019178528,0.022369022,0.04382387,0.014065113,0.06293086,0.03205075,0.03812008,0.027582562,0.020834511,0.024998762,0.041083023,0.035186462,0.038894434,0.06666667,0.01719354,0.02472042,0.0135580255,0.025059149,0.05901987,0.02470295,0.0099141635
2023-01-13,0.029510146,0.02176554,0.06514303,0.04150217,0.024211643,0.020519981,0.0395549,0.014758886,0.046233788,0.038439307,0.015897447,0.030680943,0.04763699,0.01449232,0.051673353,0.027070872,0.038519476,0.0276037,0.01962101,0.026796581,0.04035907,0.031567354,0.045279022,0.06666667,0.015740853,0.028427012,0.013786617,0.021414734,0.064763606,0.020081835,0.010281155
2023-01-17,0.026174614,0.024018621,0.06666667,0.04437594,0.025762409,0.023397446,0.04351356,0.01558584,0.044158604,0.039552324,0.013738157,0.03225723,0.04655177,0.014293426,0.04486622,0.02572455,0.038724616,0.030209355,0.020091964,0.026482519,0.037503067,0.029869301,0.04836379,0.06666667,0.012958048,0.028668081,0.013919266,0.019853553,0.06666667,0.018693117,0.010692613
2023-01-18,0.024019651,0.019979246,0.06666667,0.053573623,0.027108647,0.029332401,0.03886299,0.013894783,0.041039158,0.03472418,0.013319495,0.044075415,0.049908996,0.0147956535,0.03541181,0.02416778,0.03798271,0.035825722,0.025599904,0.02692275,0.02697684,0.028049165,0.05090609,0.06666667,0.012958815,0.030509207,0.016172513,0.017594783,0.06666667,0.014380053,0.0119076185
2023-01-19,0.030787144,0.02469335,0.06666667,0.057000928,0.026867768,0.030652745,0.037320517,0.011635469,0.03874335,0.0370151,0.014051574,0.05483996,0.06295507,0.019904649,0.029550107,0.019115817,0.03571031,0.034345172,0.026525496,0.029566862,0.020561924,0.025624318,0.04559353,0.049372252,0.015069647,0.026312402,0.02003128,0.01818742,0.06666667,0.010039882,0.014592635
2023-01-20,0.03243579,0.03396101,0.06666667,0.06148723,0.029140597,0.032012857,0.02885117,0.009962626,0.040430695,0.03121873,0.018993128,0.06224976,0.06379723,0.021353569,0.030692952,0.022907078,0.031154502,0.03459351,0.02120953,0.025229778,0.017959036,0.027729852,0.036263905,0.031352323,0.019114647,0.03490197,0.024740124,0.01835538,0.06666667,0.00914011,0.015427565
2023-01-23,0.024085796,0.04333853,0.06666667,0.055731025,0.029653767,0.037208825,0.029504234,0.012400781,0.037972573,0.03741554,0.030272985,0.043959122,0.052061405,0.01750576,0.03391425,0.03741365,0.030666515,0.045383837,0.02382625,0.023087505,0.01901775,0.02735213,0.028321503,0.03122046,0.018291008,0.026096128,0.027887322,0.01773714,0.06666667,0.012132536,0.01320834
2023-01-24,0.021165386,0.06666667,0.06666667,0.0418649,0.030715039,0.04516714,0.030284787,0.01542802,0.03124401,0.043414366,0.029231532,0.03558206,0.035432313,0.015392478,0.029000152,0.045293204,0.029689055,0.04889464,0.02085883,0.021424076,0.022081913,0.026577234,0.030708574,0.037868753,0.021885462,0.029723842,0.022376496,0.016926745,0.053565815,0.02060259,0.014267256
2023-01-25,0.018397756,0.06666667,0.06666667,0.039884094,0.03180146,0.044852663,0.028679837,0.017506763,0.028878165,0.044262856,0.025733436,0.03380912,0.027960394,0.01415164,0.03018491,0.045247275,0.029631147,0.050474815,0.021558091,0.021595512,0.024065418,0.028429037,0.03604968,0.045113295,0.019439649,0.037005637,0.018910075,0.016121548,0.046586443,0.026142938,0.014193013
2023-01-26,0.01754801,0.06537469,0.06666667,0.043198187,0.03209791,0.05734471,0.036440168,0.014906057,0.026821027,0.040783633,0.027522992,0.04095392,0.028135879,0.015097626,0.029124605,0.037023067,0.035203412,0.05264596,0.030445386,0.02426984,0.020566808,0.029837657,0.03367445,0.042294182,0.011390851,0.028315881,0.01984025,0.0124581065,0.049726497,0.015952785,0.014338795
2023-01-27,0.0147794625,0.05426918,0.06666667,0.03808811,0.025377966,0.06666667,0.032343287,0.017959943,0.02903503,0.03938296,0.026929278,0.034115724,0.030158281,0.014940605,0.0267737,0.049652137,0.031007677,0.058841664,0.022896377,0.02034609,0.02526218,0.027068071,0.03220263,0.051954236,0.018536476,0.034430303,0.01708868,0.012071951,0.044681802,0.02218471,0.014288155
2023-01-30,0.0125388885,0.066459164,0.06666667,0.037830528,0.03082142,0.06666667,0.03523292,0.022050295,0.024955833,0.045855433,0.024846356,0.027089043,0.032647252,0.015491213,0.025078593,0.046787076,0.02905496,0.059839454,0.023553664,0.021952266,0.025619034,0.028372405,0.03392738,0.047977243,0.013027827,0.0291872,0.017364075,0.012076695,0.040209696,0.022254225,0.014566536
2023-01-31,0.01351427,0.06666667,0.06666667,0.037318133,0.03271299,0.06666667,0.04364932,0.023939893,0.021427885,0.04510495,0.021779342,0.028923644,0.03522215,0.019707952,0.023094714,0.04077395,0.028663501,0.053860664,0.02935897,0.022674397,0.023952013,0.03146896,0.034161814,0.044977177,0.010793212,0.027952012,0.015379429,0.01350378,0.0370942,0.020862354,0.018128332
2023-02-01,0.011678836,0.06414649,0.06666667,0.04067404,0.032760505,0.06666667,0.04336779,0.028565928,0.028255379,0.039227154,0.025878698,0.023127047,0.043577675,0.01746491,0.020995166,0.05852101,0.022350304,0.050730757,0.024685314,0.020723423,0.027966537,0.028808376,0.022812761,0.039530657,0.011245249,0.023874538,0.01734914,0.016971665,0.041514333,0.02124983,0.01861316
2023-02-02,0.013674335,0.05095837,0.06666667,0.04458541,0.033193436,0.06666667,0.044730857,0.029040894,0.03297326,0.039155073,0.02084514,0.02798468,0.05217759,0.01944666,0.015891792,0.052017942,0.022680704,0.042824548,0.025736215,0.026479652,0.029978424,0.02545648,0.022801287,0.04105952,0.011356823,0.023124268,0.01928163,0.017560856,0.04053698,0.017779639,0.023334205
2023-02-03,0.014076435,0.06666667,0.06666667,0.041053437,0.029820023,0.05415549,0.04308921,0.029945705,0.03991672,0.048206933,0.017574849,0.022844864,0.06666667,0.023033338,0.012249537,0.059251085,0.020151816,0.03126953,0.016145652,0.027438154,0.034309983,0.018856699,0.019719237,0.038171798,0.015157768,0.019097874,0.020522842,0.01887952,0.044258155,0.018540613,0.022262728
2023-02-06,0.020357944,0.06666667,0.063951,0.03686592,0.028974833,0.044226613,0.043242157,0.026727969,0.038030133,0.06106082,0.014707109,0.027075453,0.047789052,0.024418717,0.012615652,0.06202998,0.021309325,0.028368298,0.0116347615,0.023598619,0.029151594,0.019345278,0.024854682,0.037715793,0.02104541,0.03350668,0.019331982,0.019968225,0.043106817,0.022954918,0.025367608
2023-02-07,0.017887963,0.06666667,0.06666667,0.03821316,0.02971153,0.050985936,0.045870814,0.028452555,0.031793725,0.06324821,0.01575086,0.024387313,0.047674235,0.02526733,0.013435724,0.056644786,0.021299286,0.032028187,0.014891479,0.022343814,0.028855521,0.018490246,0.022074256,0.040327292,0.01964137,0.028391529,0.019682229,0.019397065,0.044080533,0.020944277,0.024895443
2023-02-08,0.015353378,0.06666667,0.06666667,0.0376746,0.028307978,0.05824322,0.044227373,0.030287236,0.028922893,0.058866758,0.019319033,0.020874724,0.047068417,0.024384534,0.012250497,0.06666667,0.017777957,0.03516286,0.013985644,0.01779129,0.030482514,0.01608545,0.01695581,0.037940014,0.027554817,0.02835521,0.020631991,0.021061376,0.045164637,0.023098072,0.022171725
2023-02-09,0.019840557,0.06666667,0.06481852,0.032562774,0.028684586,0.0641896,0.04772758,0.030850438,0.026638934,0.05587045,0.020502392,0.023710687,0.04418916,0.028082699,0.010664045,0.06343022,0.016991308,0.03315931,0.01682606,0.018432943,0.028228743,0.017518917,0.01551502,0.032217953,0.032469362,0.026669685,0.021480141,0.022878692,0.03928392,0.023867968,0.02603068
2023-02-10,0.021682283,0.06666667,0.05832961,0.025217019,0.028945168,0.06666667,0.046071574,0.0317047,0.019421581,0.05740902,0.02973827,0.022398036,0.03248466,0.028501475,0.011551723,0.06666667,0.016236845,0.040596068,0.023243971,0.016142583,0.025360161,0.019956272,0.014469648,0.027398208,0.043012,0.02716669,0.021079138,0.023663642,0.032625828,0.030225793,0.02536803
2023-02-13,0.020921046,0.06666667,0.04735983,0.02061597,0.026683815,0.06666667,0.040027864,0.032560296,0.018196069,0.052923,0.033468146,0.019974418,0.024618106,0.027871503,0.012613725,0.06666667,0.016630786,0.041727696,0.024987524,0.013845126,0.028119743,0.019442162,0.012836829,0.033072803,0.065832116,0.029567836,0.018825926,0.024540814,0.030800035,0.040048163,0.021888651
2023-02-14,0.02020716,0.06666667,0.04584232,0.01556657,0.027138842,0.06666667,0.039761283,0.039130133,0.016681038,0.050646357,0.031208545,0.0177069,0.018943366,0.022633549,0.0133728245,0.06666667,0.01791336,0.044968087,0.026242558,0.014255868,0.03433642,0.02035948,0.01239912,0.04535409,0.06516395,0.02496564,0.017724123,0.023226665,0.023467476,0.05088991,0.019894373
2023-02-15,0.024814114,0.06666667,0.039272837,0.012894891,0.026583005,0.06666667,0.040635068,0.040138602,0.014472969,0.050711215,0.027458977,0.019264612,0.018540964,0.02449304,0.011722198,0.064700566,0.018647509,0.04026138,0.026126275,0.014663847,0.037434768,0.01955819,0.013217166,0.04831798,0.06666667,0.025287485,0.017318044,0.024010226,0.019869069,0.05648631,0.023098694
2023-02-16,0.020193063,0.06666667,0.04416216,0.0114305345,0.027208555,0.06666667,0.032686766,0.039834,0.012330796,0.05701403,0.028950598,0.015211389,0.016292451,0.023052843,0.0141276,0.06406025,0.019561967,0.04452339,0.027209593,0.014865793,0.03773511,0.019511845,0.013341954,0.04963444,0.06666667,0.023411484,0.01480914,0.02398704,0.01755014,0.06666667,0.020636404
2023-02-17,0.024122287,0.06666667,0.037540838,0.011997438,0.0276204,0.06666667,0.033178512,0.037073735,0.01110949,0.05764638,0.028114567,0.018504476,0.015222682,0.028287997,0.014734101,0.057553057,0.022232821,0.04413838,0.03060931,0.015581057,0.03241038,0.019238226,0.015247723,0.049429063,0.06666667,0.027913705,0.015987024,0.022949321,0.01664845,0.06150179,0.023406792
2023-02-21,0.01894118,0.06666667,0.030754121,0.012599427,0.035570893,0.06666667,0.03082702,0.04269743,0.010944309,0.051531106,0.028513234,0.018502092,0.013818137,0.027827188,0.019863047,0.047147658,0.02387631,0.048497234,0.038978152,0.018517336,0.034244053,0.0235275,0.014344612,0.055120014,0.06519659,0.024809526,0.014613985,0.023713162,0.013539979,0.056345463,0.021805914
2023-02-22,0.020223495,0.06666667,0.021232057,0.012633654,0.039710946,0.06666667,0.026724257,0.043158464,0.010262757,0.049578927,0.030974723,0.021536974,0.012817038,0.03673993,0.018012479,0.04894206,0.025209723,0.04544625,0.043442164,0.018973414,0.028303828,0.025534907,0.0150558045,0.040921062,0.06666667,0.03213368,0.015275577,0.024649909,0.011624599,0.055349696,0.025531631
2023-02-23,0.018205846,0.06666667,0.023368625,0.01300386,0.037958834,0.06666667,0.025395168,0.046324175,0.01000982,0.050184812,0.031322226,0.02097979,0.013842294,0.03756831,0.020194463,0.04657499,0.024859697,0.048019957,0.04539698,0.018864265,0.030123178,0.026096327,0.013894914,0.040895656,0.06285339,0.03018938,0.017119722,0.025573757,0.011029387,0.050151844,0.026665004
2023-02-24,0.025570381,0.06666667,0.024913378,0.014441607,0.030642893,0.06666667,0.032247186,0.04217106,0.013126196,0.04677636,0.029798163,0.028675007,0.01704991,0.03751921,0.019116888,0.04519723,0.023347098,0.044895463,0.039122168,0.018421758,0.034674928,0.023190048,0.012091804,0.04195453,0.06495741,0.03118383,0.01932589,0.028543696,0.012526137,0.038219992,0.026966447
2023-02-27,0.03426378,0.06666667,0.021942656,0.014435706,0.02910835,0.06666667,0.033194184,0.040516283,0.014646253,0.0507591,0.026842076,0.030170422,0.017278,0.04154887,0.019408049,0.040567353,0.023871101,0.038501,0.033474486,0.018919887,0.032884162,0.022783374,0.0131738065,0.038850598,0.06666667,0.03306833,0.019924168,0.030940538,0.013380249,0.036193516,0.029353699
2023-02-28,0.03135776,0.06666667,0.025602622,0.017711662,0.026924184,0.06666667,0.036620185,0.03844208,0.016448589,0.051105488,0.024894629,0.030923733,0.021836469,0.040006734,0.022039458,0.042987272,0.022394856,0.040460177,0.03064389,0.01797311,0.036480926,0.0225589,0.012922341,0.04038745,0.05548033,0.034284186,0.018699018,0.033427052,0.015592565,0.0306003,0.027860695
2023-03-01,0.029035537,0.06666667,0.035266977,0.020781219,0.026694654,0.06417254,0.03692975,0.03681052,0.016224222,0.056723513,0.023460824,0.028691992,0.02568301,0.039462857,0.024207132,0.039249565,0.023888431,0.042099174,0.031482514,0.018077312,0.03298668,0.022117797,0.014958805,0.043036226,0.04494047,0.031730965,0.020442037,0.030594837,0.019793248,0.025987457,0.027803062
2023-03-02,0.030291602,0.06666667,0.036799174,0.021618819,0.021890912,0.06033197,0.03785702,0.03122992,0.015734399,0.05772961,0.02559221,0.03012451,0.02517398,0.042089358,0.029287385,0.038252678,0.024289249,0.04393732,0.033203118,0.0170692,0.031423543,0.023139173,0.01599353,0.038176466,0.043926053,0.034911916,0.019188704,0.03184637,0.021304347,0.024043096,0.026877707
2023-03-03,0.026836945,0.06666667,0.039108682,0.020605657,0.023089886,0.058644973,0.034194697,0.03503391,0.016592743,0.05268761,0.025391893,0.028465046,0.023583105,0.03765837,0.032103565,0.040454566,0.025428625,0.046396855,0.036970235,0.018336939,0.03356756,0.025186371,0.016982535,0.041187443,0.03742741,0.033701923,0.018694319,0.032012995,0.020312075,0.02849308,0.024183312
2023-03-06,0.023047758,0.06666667,0.04236225,0.025874227,0.023102788,0.051186398,0.032552592,0.031762615,0.019195259,0.04725669,0.021368006,0.032509167,0.02441569,0.0330284,0.032264374,0.038320042,0.028680192,0.04537734,0.03408363,0.01996467,0.038563725,0.023575393,0.019796329,0.051574748,0.031839725,0.040721264,0.019203588,0.030216107,0.02342071,0.026088554,0.021981103
2023-03-07,0.026170053,0.06666667,0.03382158,0.029852638,0.02628449,0.050114986,0.02833497,0.034109026,0.022442777,0.040481064,0.019378813,0.04112534,0.021293677,0.03044604,0.028494561,0.031676713,0.029684262,0.05062309,0.030264016,0.022986837,0.033397295,0.026556317,0.024851583,0.04165796,0.02883885,0.051839508,0.028039463,0.027137546,0.021176934,0.025665522,0.026587427
2023-03-08,0.030329509,0.06666667,0.030969283,0.029163541,0.028812295,0.050179336,0.024687883,0.03221777,0.019617276,0.03863675,0.022032002,0.046243053,0.021419497,0.033374213,0.026618162,0.02530032,0.02914397,0.053609442,0.032119084,0.025561186,0.028199162,0.02832148,0.027235107,0.030363778,0.032506276,0.05212819,0.037470244,0.025608698,0.017197264,0.024496889,0.029771676
2023-03-09,0.025781969,0.06666667,0.030492784,0.030010767,0.028717581,0.052963663,0.024192534,0.030941445,0.01919037,0.03782908,0.021229943,0.044449564,0.02339246,0.037075106,0.025129408,0.026691448,0.026559642,0.0532186,0.030639334,0.025068246,0.031235805,0.026703447,0.028876288,0.029664034,0.032784157,0.0612467,0.034427274,0.025065733,0.016506823,0.025797896,0.027451238
2023-03-10,0.031962376,0.06666667,0.024612537,0.030577915,0.026839029,0.052364875,0.022171164,0.025426535,0.019946266,0.034892336,0.022458196,0.05339816,0.027605832,0.04700412,0.020684274,0.028983252,0.023412703,0.044797435,0.028387735,0.024356624,0.02426648,0.025617568,0.027721977,0.020193856,0.044421,0.06666667,0.03710306,0.026455406,0.016766487,0.021488676,0.032750808
2023-03-13,0.03072161,0.06666667,0.026116844,0.032038745,0.026057946,0.053006284,0.022501236,0.026090778,0.018952934,0.032720484,0.026187403,0.046567976,0.03260312,0.049536165,0.02141044,0.034313254,0.019435622,0.042869207,0.026738059,0.019122979,0.023515455,0.023796938,0.020637177,0.018100968,0.05539985,0.06133651,0.04063356,0.03127231,0.019985525,0.018638704,0.033025254
2023-03-14,0.02879453,0.06666667,0.026486935,0.031708747,0.027189702,0.04917138,0.016893039,0.026358828,0.022586476,0.032708507,0.028476661,0.044804495,0.034356497,0.051855013,0.02192583,0.03679133,0.019926492,0.039546307,0.025440251,0.021534046,0.021580506,0.025874997,0.021044323,0.015525026,0.05029418,0.06384776,0.048523758,0.02720487,0.019914381,0.018401025,0.034567446
2023-03-15,0.029257873,0.06666667,0.035889402,0.030567007,0.027254088,0.039585177,0.014317276,0.029665694,0.028939024,0.03900139,0.025301479,0.040020805,0.03874844,0.04789238,0.021834036,0.03537066,0.021382995,0.038184963,0.020458573,0.024310097,0.026070429,0.022467526,0.019456143,0.018631425,0.05566008,0.051217955,0.054756396,0.025930298,0.021279192,0.019160604,0.030721927
2023-03-16,0.035148367,0.06666667,0.03842312,0.025668776,0.034293175,0.034398522,0.013469023,0.034860466,0.030590499,0.047333576,0.019923124,0.04200533,0.03924495,0.05475812,0.017008856,0.025842857,0.024502361,0.032310307,0.021553475,0.03390707,0.02234977,0.02473289,0.022625268,0.015732365,0.039764,0.039030377,0.06542511,0.023078678,0.018695848,0.01854576,0.03811129
2023-03-17,0.03537913,0.06666667,0.04611718,0.025285345,0.038177237,0.032633066,0.0132800415,0.034680437,0.033227872,0.054018516,0.016302068,0.042868942,0.040292878,0.04787492,0.014987204,0.021887993,0.030427687,0.03029306,0.020046724,0.03749817,0.024428824,0.024196113,0.025589876,0.018326895,0.030860934,0.035741452,0.06666667,0.018339599,0.020721609,0.01765261,0.035530288
2023-03-20,0.04560614,0.06666667,0.03713327,0.020881305,0.039417703,0.029407082,0.013320619,0.034280434,0.031481817,0.057031713,0.012593715,0.047601294,0.035639055,0.05161007,0.012383321,0.017058361,0.03280597,0.026222246,0.019233363,0.043805707,0.02123491,0.024988439,0.035531282,0.017264962,0.026573678,0.039061423,0.06555699,0.015839428,0.017297147,0.019047812,0.04342408
2023-03-21,0.04148896,0.06666667,0.035206083,0.021018159,0.046548694,0.031875186,0.012967351,0.029466623,0.030512987,0.059020463,0.014450537,0.05087678,0.028472047,0.041656088,0.015670275,0.017212458,0.039084587,0.030934706,0.022157589,0.042171016,0.023104165,0.027091708,0.038753208,0.022649484,0.029038839,0.04407809,0.05356157,0.014263807,0.019914385,0.021509059,0.028578429
2023-03-22,0.038787477,0.06666667,0.04063648,0.020933878,0.040748212,0.032044843,0.011349121,0.027774198,0.030675458,0.057194553,0.017961117,0.046129625,0.027873773,0.03607425,0.015122496,0.02214698,0.038339462,0.033723492,0.022547336,0.04232942,0.024365172,0.026807629,0.037169892,0.022312826,0.037659127,0.042705297,0.049018387,0.014383967,0.020593423,0.026153255,0.029772192
2023-03-23,0.038514048,0.06666667,0.030852947,0.02062931,0.037256893,0.03754565,0.012882837,0.029525813,0.027040696,0.056812033,0.0125594465,0.05047453,0.02786911,0.038483296,0.012755457,0.019717483,0.036540188,0.03229586,0.019157374,0.035322398,0.021986993,0.030846119,0.052689984,0.022658758,0.028043736,0.065184064,0.04259687,0.012338219,0.016512644,0.02617451,0.03806607
2023-03-24,0.033883024,0.06666667,0.036104266,0.01690802,0.03967141,0.042857423,0.015116352,0.033216856,0.021870198,0.062032137,0.014775728,0.038059343,0.026966501,0.03292079,0.0147878835,0.023870004,0.03363305,0.037140504,0.018972374,0.029222708,0.026312912,0.03436164,0.05196726,0.026695358,0.030325767,0.06015532,0.035569876,0.013351884,0.014961982,0.03607878,0.031543985
2023-03-27,0.032846015,0.06666667,0.028503831,0.019405838,0.043951225,0.035992116,0.012160013,0.033200096,0.027629578,0.051362872,0.013782929,0.040970013,0.027888,0.032422308,0.016014505,0.02331726,0.03381641,0.03418725,0.017002074,0.031894814,0.027868593,0.034969658,0.055538744,0.027810913,0.030909395,0.06666667,0.03983651,0.013180454,0.015470623,0.035428833,0.029305793
2023-03-28,0.021708762,0.06666667,0.021703755,0.023339422,0.04975694,0.05034033,0.014860792,0.041555375,0.025844637,0.04841694,0.014662724,0.03134432,0.02628901,0.028631238,0.013823226,0.033901878,0.029786203,0.03668882,0.018868042,0.026402144,0.031335372,0.037628483,0.048280075,0.031676047,0.027722163,0.06666667,0.029057879,0.01482077,0.01630336,0.042601924,0.029316032
2023-03-29,0.019780923,0.06666667,0.020874918,0.025163252,0.04093381,0.054455098,0.01831268,0.042168707,0.025645535,0.043988984,0.013101135,0.0325892,0.026219979,0.029823221,0.01363458,0.03919488,0.02768895,0.037617292,0.02026473,0.02409978,0.03334487,0.037331678,0.050297003,0.03674221,0.023299405,0.06666667,0.025394373,0.015377725,0.01733787,0.04218088,0.029803002
2023-03-30,0.01859411,0.049953938,0.028839087,0.026642602,0.03749938,0.043598942,0.017853076,0.042691268,0.033489823,0.044484183,0.014376992,0.02704362,0.030363789,0.026160095,0.016291251,0.043143354,0.02839427,0.038306043,0.018676104,0.026143296,0.04127509,0.034218866,0.044723604,0.0453126,0.024169324,0.06666667,0.02714609,0.015797192,0.022442343,0.04301861,0.022684397
2023-03-31,0.017659795,0.036526166,0.033503603,0.028317206,0.034398053,0.04206079,0.019006332,0.043236736,0.035566404,0.0443077,0.014554248,0.026810598,0.03216529,0.02599735,0.015155307,0.044484165,0.027846722,0.039015386,0.020961998,0.026804432,0.041380245,0.035165593,0.045996312,0.046065964,0.022077093,0.064532205,0.028174689,0.015936997,0.025916655,0.0434016,0.022974364
2023-04-03,0.016832482,0.025811698,0.045328334,0.030416524,0.033290595,0.03602441,0.021312855,0.04323821,0.038736533,0.04460797,0.017147904,0.023122264,0.03267387,0.022280023,0.0155242765,0.05233233,0.027533919,0.038232457,0.02401412,0.027213203,0.04530213,0.031827148,0.03941037,0.048271626,0.0237448,0.047958452,0.029192958,0.019479856,0.033261858,0.046462625,0.019414194
2023-04-04,0.018768497,0.01637654,0.0422485,0.034422766,0.03169158,0.03463465,0.020455487,0.040649693,0.041298468,0.038635097,0.021940088,0.025879724,0.026037306,0.019838586,0.014841001,0.057722453,0.028431054,0.040079795,0.030234097,0.026794253,0.037693463,0.03272501,0.037426453,0.041669123,0.028064499,0.048661377,0.03389949,0.020270722,0.04102758,0.048054516,0.019528132
2023-04-05,0.025471631,0.009671214,0.04396506,0.043324478,0.031972855,0.027168328,0.017607985,0.033996914,0.049272552,0.032296516,0.018808477,0.037978977,0.036459636,0.021960003,0.015047008,0.038650148,0.03250667,0.034724534,0.03224282,0.033249583,0.033670925,0.032681122,0.038299225,0.038842794,0.0283627,0.04387055,0.050696302,0.02044303,0.044717785,0.029360475,0.022679709
2023-04-06,0.028378498,0.009704676,0.030271271,0.045491226,0.044712715,0.023194425,0.01284632,0.032489643,0.05389863,0.02939634,0.022762958,0.03684163,0.031173088,0.020697411,0.017971579,0.037350457,0.035416763,0.031453684,0.031344064,0.0327781,0.029651815,0.038346104,0.03578221,0.033242546,0.034009777,0.04866443,0.054859012,0.021762704,0.046549242,0.029699372,0.019259317
2023-04-10,0.027895598,0.010838588,0.033093028,0.045665443,0.05245547,0.019715138,0.010932709,0.031900737,0.047162663,0.032214236,0.02229003,0.033538576,0.03133384,0.018835243,0.020130564,0.033665787,0.03719401,0.03156464,0.027903287,0.03320387,0.02946747,0.038731996,0.038316697,0.034415368,0.030300599,0.0513431,0.06559316,0.020125212,0.042153608,0.027730022,0.020289306
2023-04-11,0.027930636,0.008857054,0.034174956,0.047077276,0.052014705,0.024258584,0.013915211,0.030588029,0.044439144,0.029628064,0.025368134,0.035180006,0.03470132,0.02050733,0.019379316,0.034354754,0.03512606,0.03268593,0.036346268,0.034767944,0.031748492,0.038126905,0.03352228,0.03306948,0.030142408,0.04256007,0.055756044,0.023186354,0.045011275,0.025695918,0.019880055
2023-04-12,0.029315487,0.008237562,0.027400704,0.051998373,0.050226323,0.023478476,0.016722145,0.029058304,0.045570504,0.025398016,0.026893541,0.036246475,0.034312926,0.020283135,0.023198538,0.037070457,0.03294809,0.029805342,0.039485227,0.034388326,0.03468387,0.03690684,0.02973891,0.034303635,0.031703513,0.042982943,0.043971643,0.03128085,0.048678275,0.025065431,0.018646132
2023-04-13,0.033066858,0.007010351,0.02290784,0.05676598,0.046800397,0.02079185,0.015340417,0.026840525,0.043504246,0.022590354,0.02431695,0.03840354,0.03547774,0.019624168,0.030285602,0.031555336,0.034320064,0.028311202,0.038344905,0.034726985,0.035300523,0.036510035,0.03107881,0.043171816,0.0351869,0.048574798,0.041957278,0.03374536,0.042452637,0.022578262,0.018458279
2023-04-14,0.024220042,0.006797743,0.030875983,0.060715687,0.045085225,0.019892113,0.013524503,0.026539689,0.04783862,0.020388165,0.029452084,0.03079116,0.037477426,0.015470732,0.03766163,0.03927355,0.034622338,0.030343885,0.0346521,0.03342109,0.037819833,0.038614713,0.027334806,0.046170864,0.030825198,0.04055752,0.04216617,0.033351935,0.044498567,0.023989897,0.015626734
2023-04-17,0.02449249,0.007110826,0.03682032,0.06381565,0.04274373,0.018168023,0.014039323,0.027155016,0.044493854,0.024354298,0.025254576,0.026140805,0.03416732,0.014525676,0.038937226,0.037757087,0.037600785,0.029757213,0.028615586,0.031958386,0.038820457,0.03351803,0.030359162,0.06350032,0.03059287,0.039430473,0.041512806,0.029395275,0.046050884,0.02432434,0.014587188
2023-04-18,0.023432357,0.0074782004,0.03810938,0.061570734,0.04143354,0.01960377,0.018137658,0.030379687,0.04468792,0.024036976,0.024037395,0.022982927,0.035639193,0.014258515,0.042053957,0.03869671,0.035760794,0.0286578,0.030441333,0.03324245,0.04326034,0.03440128,0.030120485,0.06666667,0.025523476,0.032476556,0.034923602,0.032324016,0.04558987,0.025965586,0.014106826
2023-04-19,0.022454834,0.008678225,0.047314882,0.056255072,0.031463727,0.025774341,0.023815129,0.033443116,0.040908575,0.0253361,0.025201803,0.021281905,0.036611196,0.013238848,0.038987476,0.048790965,0.030360375,0.03339373,0.032806385,0.026810352,0.03950216,0.033608418,0.026198218,0.06666667,0.024628723,0.029224075,0.029008934,0.035285458,0.05020106,0.027096061,0.015653195
2023-04-20,0.027170362,0.010935402,0.053610545,0.049933754,0.02727754,0.02434202,0.02276614,0.031893197,0.0482117,0.028252494,0.024713086,0.021473961,0.036261763,0.015187532,0.038883775,0.04911948,0.032335393,0.030429186,0.028655732,0.03020734,0.037193436,0.028411312,0.026687736,0.06666667,0.029865736,0.02501443,0.030733291,0.031051766,0.05219002,0.02558103,0.014944172
2023-04-21,0.022775026,0.013685498,0.046291843,0.055964187,0.029336728,0.03182843,0.020610718,0.033564284,0.042133372,0.025039608,0.029221332,0.019983932,0.03458596,0.019327892,0.03330582,0.0640712,0.031115167,0.030644171,0.035228316,0.02959159,0.029339913,0.029481694,0.023760816,0.052705374,0.032310132,0.027241021,0.031091655,0.034081332,0.046974715,0.025202189,0.019506082
2023-04-24,0.023527248,0.014212618,0.057785906,0.048880532,0.024853243,0.02900812,0.023406815,0.039478805,0.048277207,0.026213124,0.025554188,0.01891335,0.036756508,0.021276437,0.031529006,0.059122488,0.032321744,0.028014783,0.037262514,0.030140268,0.032339178,0.028794626,0.019879367,0.057941247,0.02675611,0.01912282,0.031179093,0.035766773,0.048576567,0.023691356,0.019417958
2023-04-25,0.023080535,0.015720239,0.051882107,0.04795609,0.02432482,0.028141234,0.021372734,0.036684792,0.046003416,0.02605757,0.029897874,0.019140983,0.030060085,0.020621598,0.034386512,0.06666667,0.03212902,0.029498741,0.03869808,0.028965637,0.032320566,0.028078921,0.018497467,0.05508314,0.033330396,0.021768795,0.028064253,0.039711777,0.04655288,0.027017387,0.01828569
2023-04-26,0.026461413,0.015981147,0.038769327,0.052787498,0.031094158,0.029317146,0.018136904,0.033112288,0.035010353,0.026147882,0.028936565,0.025659587,0.030036751,0.02493041,0.042998403,0.043670475,0.038426902,0.03023613,0.05556374,0.035491362,0.025861142,0.033474114,0.020313611,0.057947006,0.033495974,0.023403076,0.029126614,0.037664026,0.03460208,0.020699546,0.020644363
2023-04-27,0.03831583,0.03867564,0.046756934,0.030351551,0.027090829,0.03917816,0.021736108,0.035328247,0.029767176,0.03707762,0.028985318,0.023365857,0.035308752,0.031547092,0.03355427,0.04166837,0.038059052,0.027294118,0.043000184,0.035123426,0.026238358,0.031141507,0.018513372,0.05510666,0.038873006,0.017818756,0.027903195,0.02865873,0.024729729,0.021859903,0.026972258
2023-04-28,0.027292391,0.048753757,0.06666667,0.03166783,0.025199044,0.030953813,0.021953361,0.03192794,0.040661544,0.037061084,0.03215982,0.018751835,0.04138539,0.019919828,0.043939665,0.05724339,0.03232859,0.026998596,0.024606336,0.02770479,0.032104652,0.028986229,0.016193578,0.061216306,0.03006158,0.015561438,0.027512552,0.025967969,0.03617991,0.021756288,0.017283829
2023-05-01,0.0303299,0.04618723,0.06666667,0.029860502,0.024233863,0.03200566,0.023496455,0.029025637,0.04222185,0.034601174,0.038578328,0.021097332,0.03820956,0.017769031,0.04061751,0.06666667,0.028691621,0.028194087,0.025412636,0.02771869,0.02982225,0.028087717,0.014833561,0.047952104,0.035707805,0.015179189,0.025173184,0.030465122,0.040278904,0.02430282,0.016612945
2023-05-02,0.032488484,0.06484703,0.06410592,0.024168374,0.027074719,0.04035322,0.029439064,0.028071329,0.034601998,0.03610417,0.034700442,0.025936594,0.03458304,0.016587503,0.042611636,0.051349595,0.028748922,0.031149553,0.028011676,0.027183421,0.030716717,0.031628337,0.015895464,0.05133889,0.028623864,0.014995373,0.020793643,0.03029401,0.033286195,0.024011625,0.016299192
2023-05-03,0.03838964,0.06666667,0.06666667,0.021504791,0.027763644,0.038107686,0.028135376,0.025940051,0.029663773,0.04423952,0.03721126,0.027452728,0.03560153,0.018481206,0.048377562,0.0360314,0.033974886,0.03110374,0.035957184,0.030435704,0.024382232,0.03420285,0.0150238,0.042968743,0.027944408,0.010870069,0.024739215,0.030075073,0.031107409,0.019017737,0.017963447
2023-05-04,0.03665035,0.06666667,0.06666667,0.020206783,0.024120077,0.032925595,0.029773481,0.025271166,0.025394104,0.05221906,0.040457416,0.024164235,0.0353244,0.018912274,0.058805037,0.034181885,0.0319053,0.033712555,0.03885783,0.026937056,0.024427624,0.03453523,0.013982885,0.041977253,0.026305668,0.009746741,0.024551792,0.032339368,0.03315088,0.018877394,0.01695323
2023-05-05,0.03500798,0.06666667,0.06666667,0.020808654,0.024994018,0.043475714,0.029955989,0.023924721,0.021406423,0.04814267,0.038012825,0.028392041,0.033009555,0.025645193,0.049473237,0.036035437,0.032207377,0.032726023,0.0412714,0.024159465,0.022037802,0.035078377,0.01640136,0.041742973,0.026058938,0.015005628,0.026534745,0.026031686,0.030894853,0.017447233,0.020784348
2023-05-08,0.024477609,0.06666667,0.0659278,0.017916419,0.025621105,0.049961515,0.029701179,0.023564667,0.020342741,0.045747884,0.042844225,0.024088101,0.023852943,0.017977439,0.055071924,0.051059484,0.029883146,0.03940377,0.033254247,0.019712644,0.026905363,0.038179792,0.017368652,0.05348406,0.025722194,0.019487662,0.017743288,0.023215916,0.028321045,0.027526636,0.014969883
2023-05-09,0.02372638,0.06666667,0.06190445,0.017137656,0.032375474,0.051423937,0.02794098,0.02318362,0.017936364,0.04681451,0.041162536,0.026068557,0.020149983,0.017127028,0.047110748,0.04757635,0.033660572,0.0411637,0.034573637,0.021134323,0.025948558,0.04236747,0.022100419,0.05212154,0.02443652,0.02257058,0.017466974,0.020770289,0.025050774,0.033080142,0.015249268
2023-05-10,0.018073056,0.06666667,0.057691343,0.018582538,0.033212893,0.06037308,0.033409964,0.022414532,0.013967351,0.045950644,0.037290756,0.024241807,0.021233791,0.019027123,0.03847567,0.05224064,0.031331718,0.04255043,0.036670092,0.016931562,0.026383698,0.040707875,0.025208306,0.05307814,0.023448398,0.028747637,0.015118369,0.02034383,0.025450492,0.03421349,0.016964111
2023-05-11,0.018114092,0.06666667,0.060623962,0.020527212,0.040031783,0.04800827,0.026524844,0.022466619,0.0146855535,0.051412717,0.031154923,0.02370405,0.02214051,0.01787469,0.04169818,0.042753216,0.0358982,0.0410749,0.027975988,0.0174644,0.02595857,0.042394523,0.033362627,0.05868372,0.021364212,0.035462968,0.01913954,0.016928257,0.024729144,0.034433775,0.016741887
2023-05-12,0.02143692,0.06666667,0.056680597,0.02166986,0.045183446,0.037809726,0.023744285,0.023863263,0.014320268,0.058382515,0.022307042,0.024488982,0.019270338,0.023255127,0.042773113,0.02890182,0.045670565,0.036448296,0.02470415,0.021826236,0.023254208,0.037579678,0.047073875,0.06666667,0.017489089,0.04020833,0.024771659,0.01231937,0.021743141,0.030767007,0.018723754
2023-05-15,0.019571703,0.06666667,0.03936557,0.026373005,0.048003107,0.043275304,0.023139458,0.023360875,0.0154709155,0.045588613,0.018631091,0.029121753,0.022430915,0.027241802,0.037614852,0.03208104,0.040694293,0.03378678,0.023832968,0.020515174,0.023751982,0.038602535,0.049097627,0.06666667,0.01708201,0.06075154,0.023499213,0.0132126305,0.022335488,0.027750773,0.020483654
2023-05-16,0.0199837,0.06666667,0.04220554,0.027050266,0.041815303,0.0488451,0.0246327,0.023439916,0.015086336,0.046495583,0.016038083,0.03127886,0.025413714,0.0306146,0.032601427,0.029959934,0.039718185,0.034886353,0.024115775,0.020069871,0.024560126,0.035823535,0.04869966,0.06666667,0.017773507,0.060653467,0.02270024,0.0128623275,0.022301836,0.024304172,0.022736555
2023-05-17,0.033398215,0.06666667,0.0535825,0.026758928,0.03628964,0.03276141,0.022738203,0.019304017,0.017421551,0.057040427,0.013968879,0.037584376,0.030379707,0.03352712,0.033730052,0.019371074,0.046538386,0.028620081,0.017203804,0.021525593,0.02097247,0.033181645,0.052964717,0.061023895,0.017619336,0.05472379,0.034525562,0.011218844,0.024335044,0.016243873,0.024780188
2023-05-18,0.028440444,0.06666667,0.06666667,0.03358897,0.032451287,0.031710524,0.023152808,0.018132761,0.020066652,0.059333794,0.017475104,0.02804375,0.03614413,0.028368361,0.036895953,0.028862437,0.038258214,0.02867185,0.014453781,0.018464673,0.023079902,0.02750716,0.043239642,0.06248513,0.020899147,0.05253503,0.029942213,0.012644658,0.033911258,0.016657975,0.021249058
2023-05-19,0.027839934,0.06666667,0.06666667,0.029722258,0.03406727,0.03360524,0.02346923,0.017229378,0.017194115,0.06666667,0.021944756,0.021178525,0.02991693,0.021477757,0.040593453,0.033007532,0.03960034,0.03203111,0.015076941,0.019081468,0.02149312,0.027984157,0.048891775,0.06666667,0.023382036,0.0447682,0.02506987,0.0112103745,0.03295167,0.022965845,0.01758005
2023-05-22,0.035063505,0.06666667,0.06666667,0.031559385,0.027644925,0.028038645,0.023410242,0.01448611,0.01978161,0.065387174,0.020267736,0.026340602,0.027584786,0.02193587,0.03923817,0.028906412,0.04494568,0.027787153,0.0138910245,0.019402914,0.017518591,0.027937952,0.054269258,0.06666667,0.020840762,0.04857624,0.02925575,0.009723391,0.03770476,0.01883812,0.019663231
2023-05-23,0.04033127,0.06666667,0.06666667,0.029349422,0.028948525,0.026630774,0.028787475,0.0156032145,0.018398846,0.06361829,0.02096224,0.025801966,0.030191192,0.027858125,0.030117683,0.024973918,0.04170879,0.022661017,0.013626811,0.020406019,0.01887603,0.027919937,0.058287587,0.05427147,0.02122134,0.050514758,0.032899186,0.010818741,0.0364171,0.022530338,0.022934604
2023-05-24,0.042225774,0.06666667,0.06666667,0.024433894,0.027031057,0.032874227,0.035065114,0.019757869,0.015291264,0.05624306,0.028829824,0.021640176,0.030007852,0.037321385,0.02396601,0.026898231,0.036535688,0.023845293,0.02017207,0.019669363,0.019778939,0.02681184,0.04858446,0.043013155,0.030384338,0.037528526,0.032742202,0.013408558,0.037489474,0.02923676,0.025880264
2023-05-25,0.042688508,0.060437236,0.06666667,0.022761082,0.023832273,0.03483433,0.029473705,0.020051321,0.013541907,0.06128921,0.034874078,0.02026904,0.029345086,0.040506788,0.022230944,0.031379968,0.033384237,0.026802579,0.02451651,0.018800963,0.017392049,0.027785428,0.041050375,0.03347832,0.039817896,0.03681963,0.034913715,0.014394867,0.03568464,0.030374229,0.030602427
2023-05-26,0.052240953,0.06666667,0.060231667,0.018492028,0.02123421,0.043933548,0.039175183,0.021257157,0.012941822,0.06535894,0.024769388,0.024642251,0.03084393,0.036455784,0.01768568,0.029955795,0.029907601,0.025773415,0.01760755,0.0150749395,0.021736627,0.026155602,0.041722365,0.03610073,0.035081513,0.049683377,0.03001749,0.014394376,0.026795963,0.029383795,0.034679655
2023-05-30,0.04756915,0.06666667,0.06002456,0.017782992,0.02233162,0.043603018,0.038206983,0.024000255,0.012987766,0.06666667,0.020262131,0.022988867,0.031035833,0.03446856,0.016274255,0.029182328,0.029865457,0.025380882,0.016646238,0.016240234,0.024131836,0.025885524,0.046356916,0.041197058,0.03388717,0.050262686,0.026599543,0.0141801415,0.023879327,0.035244163,0.03619117
2023-05-31,0.046329297,0.06666667,0.05568339,0.018589934,0.023143822,0.04475637,0.036837243,0.024258008,0.012669476,0.06666667,0.019353228,0.02289255,0.029687652,0.032874003,0.016126145,0.027693124,0.030817162,0.026444178,0.015931481,0.017186457,0.022872211,0.026635904,0.052137,0.0395079,0.03123475,0.05558452,0.026774464,0.013312239,0.021735793,0.03618952,0.039408848
2023-06-01,0.050592855,0.06666667,0.04190026,0.01815172,0.03048816,0.037072483,0.03028346,0.021001726,0.013302145,0.06666667,0.02034294,0.027146135,0.026975607,0.034248263,0.0195929,0.022288773,0.03683884,0.025021583,0.017348727,0.02024922,0.020615138,0.031884182,0.058025748,0.03755769,0.029226543,0.06107817,0.02901207,0.012404401,0.021182202,0.034820303,0.038014423
2023-06-02,0.02995814,0.06666667,0.053819068,0.022216156,0.029929394,0.04586535,0.03512438,0.022465479,0.012096064,0.06666667,0.021096261,0.025468929,0.024526086,0.030012554,0.017473556,0.02785021,0.035362627,0.030669978,0.023336217,0.018690478,0.021007484,0.030772168,0.055154476,0.040508077,0.017892908,0.059751574,0.02777027,0.011112185,0.026728969,0.032209408,0.03779822
2023-06-05,0.016054945,0.05773156,0.055231158,0.030932337,0.029337395,0.058290455,0.02882848,0.024689142,0.014281709,0.053248525,0.022028752,0.024452737,0.021586299,0.026970197,0.018073836,0.035419244,0.033653703,0.03848676,0.03621376,0.021252183,0.021748811,0.0320187,0.049791463,0.04601365,0.016087018,0.05855402,0.022085395,0.0121780345,0.028442424,0.034596622,0.031720694
2023-06-06,0.016311806,0.04592866,0.045416225,0.033749457,0.03393947,0.058842566,0.027063321,0.02945517,0.014002498,0.046195734,0.020724826,0.025902484,0.021530164,0.030195823,0.013373731,0.03237014,0.035097387,0.035262372,0.040253278,0.02380651,0.019589415,0.034308784,0.05786162,0.036587954,0.015077031,0.06457324,0.02770798,0.012630144,0.024629276,0.03553317,0.04207976
2023-06-07,0.01378326,0.037525102,0.04401781,0.03876126,0.03424385,0.055102535,0.028284108,0.03479211,0.015139289,0.04394846,0.019625813,0.020913165,0.024740217,0.03307973,0.01228437,0.038943578,0.031418417,0.032157395,0.037108053,0.024164047,0.024586705,0.030806964,0.056477193,0.038485486,0.017355893,0.06666667,0.025126364,0.015319743,0.025156114,0.04158899,0.038397312
2023-06-08,0.013430251,0.024996292,0.030001745,0.040008806,0.031701565,0.04964331,0.02889341,0.040966034,0.018916694,0.03707253,0.023048703,0.016486736,0.02434584,0.032533728,0.014438533,0.056019664,0.024695326,0.031688318,0.032677,0.021182097,0.032615785,0.02844566,0.04509921,0.03841434,0.03298335,0.06666667,0.017887715,0.026333109,0.026735665,0.062969126,0.029102795
2023-06-09,0.009940431,0.021727867,0.027659168,0.038773138,0.034487646,0.053310066,0.027402423,0.047534697,0.017464932,0.03545491,0.023292985,0.013928219,0.022852747,0.026514355,0.014927534,0.06365085,0.022780124,0.034566537,0.035414226,0.01972593,0.03566521,0.034240566,0.04546751,0.040454242,0.025311932,0.06666667,0.015983036,0.026950603,0.023653662,0.06666667,0.027531113
2023-06-12,0.010202528,0.03136022,0.01932793,0.034255803,0.03402645,0.061226618,0.031965535,0.047104634,0.015187369,0.033754148,0.020885248,0.015618684,0.020427778,0.025323633,0.014361714,0.06508675,0.021553796,0.034039363,0.032952037,0.018605847,0.037693884,0.03895898,0.05093886,0.041960552,0.020158486,0.06666667,0.013527167,0.025910994,0.018683728,0.06666667,0.03156793
2023-06-13,0.00944458,0.0371442,0.02087801,0.028573437,0.035965648,0.055653132,0.03349213,0.044836283,0.013299816,0.037309144,0.021395644,0.01385256,0.017470729,0.02097763,0.01621801,0.06484572,0.024087457,0.034224376,0.03305075,0.018400276,0.04115727,0.0418801,0.055398922,0.050236847,0.016481638,0.06666667,0.012235421,0.023621473,0.017034357,0.06666667,0.027501104
2023-06-14,0.0093505215,0.036480106,0.018925387,0.027613293,0.034221295,0.0569381,0.035480928,0.043743074,0.014037123,0.03553233,0.02125493,0.0146813635,0.01635521,0.022468148,0.014950061,0.06658776,0.02467687,0.031451877,0.0341516,0.019827593,0.044715546,0.03927006,0.055853486,0.054089434,0.016158655,0.06666667,0.011655704,0.021915816,0.017669277,0.06666667,0.026611108
2023-06-15,0.01656863,0.04800268,0.02179804,0.023800667,0.028337896,0.04373996,0.043031335,0.039758243,0.019986143,0.0373188,0.018274685,0.018075617,0.018903652,0.021360504,0.018969256,0.05161699,0.02661665,0.027151443,0.02530194,0.025051268,0.05192713,0.03407985,0.05164918,0.062153902,0.015811607,0.06666667,0.012967149,0.023484703,0.018193945,0.06666667,0.0227348
2023-06-16,0.016812898,0.0555953,0.02242704,0.024308411,0.030182116,0.03744379,0.03765274,0.039303925,0.025061032,0.03477764,0.018559542,0.01882223,0.01890216,0.018880894,0.022197569,0.05456099,0.028553274,0.025612662,0.021389075,0.026463183,0.053069167,0.03587242,0.04967661,0.060726456,0.013084112,0.06666667,0.014624766,0.022521101,0.020938875,0.06481883,0.020494528
2023-06-20,0.027866427,0.04172088,0.0199536,0.026070321,0.03077797,0.031286396,0.03806215,0.0378824,0.030495146,0.03175992,0.014179868,0.030141247,0.022862097,0.023967246,0.022393193,0.033686075,0.034653198,0.021395972,0.023408856,0.03679737,0.057309773,0.03378909,0.05235461,0.065025516,0.013725567,0.064652465,0.020043127,0.023955226,0.02155777,0.045965936,0.022260588
2023-06-21,0.027579729,0.048631504,0.022706503,0.02810495,0.038433377,0.041662864,0.038076583,0.043068428,0.024554199,0.034336768,0.015199435,0.032530844,0.026952013,0.027548581,0.019087907,0.028636366,0.033102542,0.024039371,0.029886516,0.039508518,0.04916907,0.03560664,0.04398505,0.04479247,0.012041969,0.055124167,0.024229879,0.02603648,0.01917428,0.03644085,0.029752146
2023-06-22,0.02651682,0.04142818,0.020501794,0.029748801,0.034819607,0.048197035,0.040638205,0.04107003,0.022937741,0.030467397,0.016891917,0.0365303,0.026466168,0.029631699,0.022986121,0.02984476,0.0316973,0.026113728,0.041253395,0.03545511,0.04891363,0.035502523,0.033804175,0.049109835,0.014185802,0.053592738,0.021239672,0.030956898,0.021240985,0.03202777,0.02622986
2023-06-23,0.02558753,0.04902284,0.030811334,0.025656072,0.037367087,0.049553744,0.032845195,0.04404764,0.02176678,0.033792615,0.024037238,0.033382993,0.024874233,0.028417729,0.025499964,0.030569812,0.032576215,0.031444617,0.048678644,0.039269153,0.040193528,0.039424803,0.027603144,0.038190305,0.014382034,0.035371717,0.028115045,0.029386615,0.018796554,0.032527365,0.026807457
2023-06-26,0.028884754,0.06394108,0.031206721,0.022863941,0.03492187,0.047266543,0.02933335,0.03921246,0.018997457,0.036113992,0.035314176,0.031368688,0.02235277,0.030166024,0.026970716,0.035783358,0.029001784,0.03143454,0.049166057,0.036403347,0.03349069,0.037274256,0.020957729,0.02630376,0.023149766,0.031522904,0.029199347,0.03617386,0.017443191,0.03453809,0.029242786
2023-06-27,0.024234751,0.040810466,0.035163354,0.025258245,0.02481896,0.03763636,0.028812457,0.03739814,0.020456383,0.03451151,0.04872789,0.024118971,0.021153694,0.024926128,0.040585835,0.05536809,0.022535013,0.037616897,0.04917561,0.031714056,0.03851355,0.031304833,0.015668467,0.02821018,0.032481946,0.028801112,0.024050903,0.049662374,0.021314817,0.040681537,0.024287483
2023-06-28,0.023588378,0.034795757,0.049100805,0.024876924,0.020141035,0.03271714,0.030505212,0.035341844,0.021187413,0.03834226,0.045382112,0.024027461,0.022266056,0.019730108,0.05154097,0.052264955,0.022867741,0.043217342,0.047758736,0.031162927,0.04142838,0.03104548,0.015834158,0.03593316,0.026706206,0.024536815,0.023243641,0.04817639,0.021960935,0.037301365,0.023018287
2023-06-29,0.024500577,0.043723132,0.049152244,0.027692119,0.017297046,0.026210397,0.02635771,0.025883231,0.0260504,0.041875724,0.042906865,0.028977323,0.022577284,0.021756385,0.05431434,0.059036024,0.02470154,0.0411246,0.03724405,0.03174971,0.03853492,0.028360106,0.018288197,0.035714205,0.028422391,0.033260614,0.023553953,0.04046103,0.026510516,0.031508368,0.022254996
2023-06-30,0.022980982,0.0320632,0.053166546,0.0352627,0.017503295,0.023665013,0.024242414,0.020348957,0.025140889,0.043833178,0.041222896,0.02885944,0.023010295,0.017206267,0.064511634,0.058725104,0.026432943,0.044399735,0.032044172,0.027741741,0.03955289,0.02584902,0.018780464,0.045643147,0.030942293,0.03933079,0.022848338,0.038094312,0.03170429,0.026219832,0.018673224
2023-07-03,0.017307682,0.028147679,0.06619372,0.038107388,0.018461166,0.021957196,0.022577373,0.024713138,0.028105516,0.047845773,0.034221087,0.022640783,0.021957276,0.014308641,0.058315318,0.06281148,0.026354406,0.045817275,0.027362864,0.024397325,0.039741594,0.026101492,0.022185612,0.053637173,0.024473991,0.040273663,0.023981262,0.032663163,0.0383143,0.03008805,0.016936606
2023-07-05,0.015160855,0.026071217,0.06666667,0.041182265,0.018056845,0.02275974,0.026528567,0.030565962,0.03014587,0.047609545,0.029541226,0.019843092,0.02445375,0.016615858,0.04565862,0.06666667,0.023074541,0.0441403,0.026376847,0.02320625,0.04299825,0.025717199,0.023747114,0.047667585,0.019227363,0.04343204,0.02400957,0.034662217,0.042708285,0.031471025,0.020034663
2023-07-06,0.013132532,0.020975674,0.06600843,0.046755653,0.021187913,0.027364094,0.028178731,0.035461787,0.02770862,0.043578062,0.02329606,0.020546839,0.029859243,0.01934589,0.037774596,0.06024853,0.021931997,0.045187384,0.028725319,0.023360746,0.042056844,0.027397512,0.027228203,0.049683817,0.014074042,0.04920201,0.026660591,0.031084755,0.04183728,0.027496964,0.02264988
2023-07-07,0.01442031,0.04661341,0.06058077,0.03828591,0.023219215,0.028190253,0.025422864,0.030973362,0.022423156,0.057227045,0.02086142,0.023496037,0.026565833,0.020880112,0.038776476,0.04992669,0.02428886,0.046938103,0.025767833,0.02359807,0.03344682,0.032393727,0.034373507,0.04264941,0.011238536,0.059722424,0.027675515,0.024396576,0.031091968,0.025594838,0.028960947
2023-07-10,0.014846909,0.040979292,0.06666667,0.042705428,0.018187465,0.032030333,0.03264759,0.025666656,0.02068703,0.054920945,0.021796672,0.024771998,0.033736765,0.026560824,0.036090817,0.05087117,0.022422189,0.044293474,0.027287712,0.021421786,0.034162898,0.027798114,0.030659055,0.041675877,0.011974074,0.057825156,0.026283242,0.02430356,0.036910497,0.0202261,0.029589705
2023-07-11,0.014373049,0.033806935,0.06666667,0.042038333,0.016959973,0.037853453,0.037317704,0.022816064,0.017789105,0.047097515,0.030657725,0.021872513,0.03025843,0.023546465,0.04440713,0.0648019,0.01963281,0.050202053,0.034372363,0.016519986,0.031990718,0.025750004,0.022395749,0.04147805,0.018299198,0.048668098,0.019910537,0.032953832,0.04150748,0.02099182,0.02306434
2023-07-12,0.012540068,0.020405713,0.06666667,0.0469403,0.016047636,0.038627252,0.035483282,0.023267275,0.019010644,0.039654143,0.037723143,0.018775985,0.032358564,0.021829883,0.04467039,0.06666667,0.018496824,0.05284916,0.039549146,0.015793102,0.033857618,0.024643632,0.019090682,0.04335648,0.022536492,0.04150811,0.019181887,0.037937094,0.047730453,0.02333919,0.01946252
2023-07-13,0.013766376,0.017951712,0.06666667,0.04564606,0.014986636,0.036969036,0.034793057,0.02585351,0.022357676,0.04029053,0.031575996,0.018291531,0.03596291,0.022184571,0.03751553,0.06666667,0.018723218,0.049357243,0.034796026,0.016527656,0.03663727,0.022426626,0.021149188,0.051915556,0.026626902,0.039091136,0.019935334,0.036198463,0.05087519,0.025523502,0.018738227
2023-07-14,0.018297106,0.021909911,0.06666667,0.047845773,0.019376062,0.034477264,0.03435751,0.02579284,0.025160573,0.04550313,0.023959115,0.02244714,0.04073828,0.02520393,0.03200543,0.051885497,0.025479121,0.041279696,0.033476572,0.023287907,0.03524892,0.023225417,0.02989127,0.05381214,0.018044587,0.035542525,0.027089491,0.025906878,0.052278914,0.02005136,0.01975897
2023-07-17,0.023811866,0.031432036,0.06666667,0.04167709,0.032098457,0.033615626,0.025751978,0.029402906,0.020723745,0.05125832,0.019870006,0.026679572,0.029689416,0.02549956,0.0296759,0.02835885,0.035436075,0.039030436,0.043388575,0.032798782,0.0255532,0.03223362,0.04304243,0.04491618,0.011772974,0.036199864,0.035261367,0.020886132,0.033179097,0.021274602,0.028814673
2023-07-18,0.025318997,0.044836618,0.063609615,0.03485179,0.038255475,0.045501176,0.02337438,0.030783994,0.014407276,0.05321033,0.01964416,0.024333423,0.02280284,0.025498904,0.027399484,0.025430948,0.036149878,0.040704846,0.04590595,0.032596737,0.022576176,0.03019721,0.043797966,0.04713332,0.017156078,0.037764486,0.026673676,0.020091454,0.023098936,0.02692957,0.029964313
2023-07-19,0.036108516,0.052539684,0.047877975,0.029169843,0.038932994,0.04558972,0.03178057,0.034677185,0.016404085,0.05060648,0.015367159,0.02635023,0.02535097,0.024692722,0.0246334,0.020979974,0.035023406,0.03218547,0.03787276,0.03388158,0.028420338,0.03072195,0.04327341,0.058485802,0.017779468,0.0344638,0.021100385,0.022780469,0.019727312,0.030289168,0.03293317
2023-07-20,0.030615518,0.036893517,0.05004862,0.034747228,0.039352268,0.049812086,0.03807706,0.039773688,0.0213097,0.041458312,0.015303107,0.0266925,0.031115474,0.027033709,0.023230532,0.02297198,0.031678397,0.03129957,0.04444686,0.03877727,0.030869363,0.03140999,0.038064986,0.056231942,0.013116683,0.02696202,0.02047242,0.024535982,0.024814002,0.027035296,0.031849924
2023-07-21,0.022616362,0.028326249,0.021901658,0.041709103,0.055510372,0.06666667,0.030551575,0.049447183,0.02431163,0.027160062,0.019313311,0.023737578,0.029714655,0.031576898,0.019632004,0.036317598,0.02577592,0.029412573,0.04735622,0.036748145,0.035879564,0.029070722,0.024934547,0.046282746,0.027989872,0.032983765,0.016200224,0.03719332,0.022511091,0.033242382,0.025926005
2023-07-24,0.021519745,0.018181417,0.018365305,0.037359174,0.05145969,0.0486599,0.02595496,0.06248316,0.025585875,0.022647208,0.024170665,0.018976826,0.027869644,0.03235791,0.019923883,0.043646105,0.022084933,0.026717495,0.046548948,0.03413045,0.045807462,0.027378054,0.017881563,0.04043802,0.042413346,0.03150539,0.019690748,0.055850103,0.02005559,0.04484602,0.025490416
2023-07-25,0.01817579,0.015056958,0.016064093,0.036333967,0.04558388,0.04343298,0.024055026,0.061796695,0.023746533,0.021805387,0.024192452,0.017217904,0.024818176,0.0351887,0.017429492,0.054341957,0.019312222,0.026365109,0.04000165,0.028992906,0.053735472,0.02290836,0.017165469,0.04187417,0.053422425,0.04442976,0.019701555,0.056416307,0.019360898,0.051886503,0.025187202
2023-07-26,0.020240223,0.014728507,0.016000675,0.03431184,0.04818227,0.036162388,0.019753614,0.061923966,0.020976355,0.024089655,0.025835225,0.01741987,0.020829033,0.034187216,0.018908776,0.049727496,0.020023987,0.026797676,0.040849544,0.032797012,0.053352308,0.023916261,0.019838491,0.03910958,0.053245515,0.04999348,0.02268665,0.05344228,0.01573201,0.059390526,0.025547566
2023-07-27,0.018079668,0.0144393435,0.018932462,0.045499135,0.06615596,0.032250777,0.01803383,0.05510804,0.021356937,0.021414313,0.032048278,0.017849758,0.020781737,0.03482151,0.02092584,0.052325238,0.021157619,0.027104454,0.044329904,0.036553506,0.04869401,0.022646878,0.017599259,0.031198518,0.04346244,0.045932684,0.028267987,0.0562185,0.018183105,0.047184076,0.021444226
2023-07-28,0.020602979,0.013581085,0.017539084,0.060183823,0.06666667,0.041452125,0.021993248,0.041338813,0.024120104,0.020020915,0.023080697,0.027927987,0.031296216,0.04552399,0.014294513,0.045930356,0.022479886,0.0241872,0.049457688,0.04004075,0.043080017,0.019643497,0.01755321,0.028632157,0.0374299,0.04989934,0.0271172,0.051355775,0.022272993,0.026147315,0.025150472
2023-07-31,0.019658804,0.01916208,0.026503153,0.054889876,0.06666667,0.03728648,0.02286509,0.0465765,0.027840536,0.024774764,0.02221851,0.025293725,0.03250141,0.04104959,0.016646147,0.045609023,0.024048854,0.025668677,0.04516434,0.043004114,0.046610713,0.021578966,0.01717959,0.03069098,0.027142296,0.037234113,0.027229879,0.05095594,0.022704965,0.027210362,0.024033863
2023-08-01,0.019481156,0.02030198,0.034770247,0.03966133,0.043498725,0.03462363,0.024465408,0.04729104,0.026267659,0.02966638,0.02564007,0.020961279,0.029343156,0.036484998,0.016942967,0.061876293,0.021280192,0.029284569,0.03931331,0.03223486,0.048849992,0.022617657,0.016399963,0.034162316,0.037124995,0.03837929,0.020187858,0.05519378,0.024090162,0.044672254,0.024932487
2023-08-02,0.022455022,0.025811931,0.033643395,0.035292577,0.04180085,0.030816536,0.02040362,0.040729687,0.024967367,0.035450306,0.028975632,0.022945669,0.022621747,0.03589679,0.021867434,0.05508249,0.025451997,0.030177766,0.0418641,0.03752349,0.043412376,0.026651412,0.020795928,0.030441603,0.037079442,0.04407187,0.018984735,0.050394252,0.019697743,0.050566185,0.02412605
2023-08-03,0.025198923,0.028341556,0.026987284,0.034896623,0.043464128,0.029979872,0.01829165,0.04010167,0.02391,0.0334551,0.0326726,0.023772571,0.021146173,0.04154307,0.029308258,0.04629411,0.027398136,0.029133888,0.05001531,0.03966453,0.035628848,0.030277483,0.020630317,0.026100725,0.038646694,0.04206656,0.019428246,0.05446462,0.01783697,0.04456268,0.024781402
2023-08-04,0.02846311,0.026233088,0.033676762,0.028549109,0.03990397,0.0326195,0.01907673,0.04093483,0.019720864,0.03446333,0.040526066,0.01965349,0.022318369,0.039601512,0.03379086,0.0464488,0.027911436,0.031035919,0.053495016,0.03513468,0.036324125,0.028056126,0.015864626,0.029190635,0.04966877,0.029143494,0.019439803,0.056514233,0.016854638,0.042220324,0.023165789
2023-08-07,0.035538606,0.022323513,0.047888085,0.026561055,0.029640466,0.031540617,0.021579284,0.03919924,0.021405948,0.036938548,0.043273892,0.018021107,0.030543862,0.055739004,0.02509934,0.043048676,0.030610852,0.0220553,0.060960602,0.038113542,0.034779582,0.024828121,0.013812468,0.026747655,0.048643615,0.017895136,0.023931222,0.04762188,0.021720648,0.032404292,0.027533827
2023-08-08,0.03817528,0.026874293,0.0490823,0.02064134,0.030509567,0.032154065,0.024406547,0.037939362,0.020084977,0.03670857,0.04995108,0.016888008,0.023699995,0.05246681,0.025632486,0.04268368,0.036544103,0.020225305,0.06666667,0.038385503,0.035885762,0.026806062,0.014051664,0.030652847,0.042334873,0.014127379,0.022476468,0.04069675,0.022650428,0.035775784,0.02482204
2023-08-09,0.036710225,0.029196735,0.044784885,0.01963924,0.029951382,0.0294937,0.021126093,0.03424686,0.019913573,0.035242625,0.06202028,0.017032081,0.021051005,0.05189559,0.025104634,0.049857248,0.035017718,0.020196043,0.06581052,0.035489123,0.031233352,0.028603768,0.013435437,0.022319458,0.051935527,0.015266277,0.02295912,0.0430673,0.023663182,0.04004337,0.023693653
2023-08-10,0.03488857,0.026967598,0.04042947,0.018107323,0.027371228,0.028356131,0.019352252,0.030771527,0.019931642,0.030475495,0.06666667,0.016684111,0.019168112,0.053715367,0.028771505,0.05756858,0.032713637,0.02123518,0.06666667,0.033250317,0.029354211,0.028346792,0.011843404,0.017399319,0.06666667,0.015244135,0.023034383,0.046711944,0.024458313,0.04344666,0.020402793
2023-08-11,0.024197849,0.027655514,0.048488688,0.018770473,0.026131116,0.032606933,0.020333331,0.029913153,0.019063553,0.031002467,0.06666667,0.014752087,0.019216115,0.050076157,0.02841492,0.06666667,0.029070739,0.025871158,0.06666667,0.028478418,0.029679839,0.029929394,0.010513934,0.0142363245,0.062390734,0.015659196,0.022309234,0.04612227,0.028464163,0.04766055,0.018991692
2023-08-14,0.02055411,0.0286653,0.042622596,0.017418372,0.024326963,0.03200328,0.02247083,0.031676613,0.016612055,0.029865922,0.06666667,0.014481709,0.013858169,0.050280396,0.032291394,0.06666667,0.029785037,0.02829629,0.06666667,0.02610942,0.03132338,0.030439457,0.012014067,0.017224835,0.05796377,0.01970358,0.021775529,0.043023244,0.027794676,0.05915408,0.018264929
2023-08-15,0.023302782,0.032364942,0.051056005,0.01576681,0.023803893,0.031147238,0.024076711,0.029327793,0.01427874,0.03402472,0.06666667,0.016869882,0.012157529,0.044070523,0.030253932,0.06666667,0.031443015,0.0302499,0.06666667,0.025117459,0.030659424,0.030845212,0.0137707945,0.017253727,0.04722856,0.022673652,0.027772449,0.03500508,0.0264222,0.05905415,0.02000288
2023-08-16,0.029826263,0.044024363,0.04823713,0.01640944,0.025775703,0.031955954,0.026906522,0.024516217,0.012521659,0.03677971,0.06666667,0.022015465,0.012664012,0.043225076,0.032162454,0.0612762,0.034212366,0.030770874,0.06666667,0.025665032,0.025030524,0.032962035,0.015943736,0.015374312,0.03793569,0.024645206,0.03310275,0.032653604,0.02395213,0.04232258,0.02379966
2023-08-17,0.03128477,0.053302214,0.046263117,0.014353448,0.028519357,0.034044288,0.029337397,0.025275065,0.010780004,0.037400547,0.06666667,0.018105946,0.012926867,0.039871875,0.037302703,0.05570648,0.031520624,0.031573437,0.06666667,0.023009256,0.025039,0.0339818,0.014327449,0.016018273,0.042264428,0.020227741,0.028852632,0.036139153,0.02187426,0.04698928,0.02037526
2023-08-18,0.05009149,0.041697983,0.05016948,0.01669927,0.024270324,0.025702348,0.027924808,0.01917962,0.015261224,0.03215323,0.06666667,0.02323346,0.015560339,0.050285827,0.040538482,0.049004715,0.033977386,0.02503714,0.056355298,0.025355909,0.023244789,0.030967403,0.012875922,0.012878377,0.0512168,0.019171668,0.046985067,0.0324547,0.031418234,0.032784548,0.016837493
2023-08-21,0.046979655,0.044383027,0.045401458,0.015154222,0.025983986,0.026187038,0.027640155,0.020694649,0.01479419,0.031372555,0.06666667,0.019250136,0.012977832,0.042304862,0.046297345,0.05807342,0.031638432,0.027025586,0.05265101,0.022131713,0.023901232,0.034312,0.013077516,0.01383205,0.051312193,0.02124087,0.04246786,0.032584466,0.032278225,0.042710297,0.014675358
2023-08-22,0.050821327,0.06393438,0.052161943,0.01136114,0.024269914,0.029882638,0.035327412,0.021747708,0.011108082,0.0385602,0.06666667,0.019981071,0.01200029,0.038505502,0.039382484,0.04560431,0.03144035,0.028621735,0.04592402,0.019541183,0.025166951,0.0358392,0.017029013,0.016733702,0.03867273,0.023584273,0.039166622,0.024732778,0.027285121,0.047512226,0.017435024
2023-08-23,0.05096437,0.06666667,0.049455304,0.011461184,0.02442218,0.027771166,0.032975294,0.019756423,0.011121324,0.04032414,0.06666667,0.021444734,0.012362589,0.040507693,0.039589126,0.045587815,0.03378014,0.026752409,0.043438006,0.019736646,0.022948012,0.037408978,0.020726264,0.016299123,0.035905402,0.027892519,0.038575154,0.021865,0.028887639,0.046706893,0.018001145
2023-08-24,0.04134602,0.06666667,0.06121905,0.011814415,0.022587411,0.026675638,0.035627574,0.020363009,0.011868839,0.05159587,0.06666667,0.019921755,0.012311145,0.0322686,0.040332537,0.04963546,0.032246348,0.030675447,0.02904425,0.0164987,0.026857715,0.034349367,0.023230875,0.02275389,0.030486735,0.033899486,0.03483811,0.01934221,0.029686168,0.04854671,0.016643332
2023-08-25,0.049922414,0.06666667,0.046551608,0.014765023,0.025385177,0.0333842,0.04425672,0.020058155,0.012312171,0.04451732,0.06666667,0.02817477,0.016433053,0.044779126,0.033888236,0.03692525,0.031150965,0.02731143,0.03306972,0.019438837,0.0261308,0.030532964,0.023911085,0.020566128,0.027970292,0.03550011,0.036223736,0.020419868,0.030585287,0.031683236,0.020818993
2023-08-28,0.041544273,0.06666667,0.045772295,0.014487215,0.023112718,0.03390514,0.03819269,0.019798217,0.0147395395,0.041904315,0.06666667,0.02612505,0.016716426,0.039224282,0.0415349,0.047210068,0.031140022,0.030120658,0.030058673,0.017472835,0.027560737,0.033091232,0.021908144,0.023476508,0.031565968,0.038263783,0.031766888,0.020872831,0.032967135,0.034386832,0.017747294
2023-08-29,0.029427987,0.06666667,0.04005112,0.016403547,0.024650678,0.037177205,0.038231373,0.022106575,0.0136245005,0.037482485,0.064013265,0.023387872,0.01632826,0.034948867,0.040100638,0.05760282,0.027782733,0.03219956,0.028299158,0.017079731,0.03172667,0.033509765,0.025794992,0.026897175,0.025527481,0.052108873,0.025887113,0.0213026,0.028659454,0.042619687,0.018401146
2023-08-30,0.029113604,0.06666667,0.041104782,0.016198467,0.029645527,0.030272119,0.04142314,0.024667446,0.01520468,0.039333023,0.0507583,0.021685615,0.015382291,0.024031287,0.046422727,0.05094909,0.028735457,0.03330247,0.019666784,0.01804324,0.040756844,0.033428635,0.033740774,0.035952833,0.019151814,0.05613967,0.023325369,0.02169267,0.025412949,0.051631596,0.016160136
2023-08-31,0.026610756,0.06666667,0.038439862,0.017071761,0.03082216,0.03157352,0.038425248,0.026147658,0.015022477,0.03922569,0.04444785,0.022317808,0.0138896145,0.021413177,0.03958468,0.052231092,0.027385995,0.037806228,0.018162994,0.01838195,0.03583558,0.03378577,0.042792026,0.032465708,0.018589957,0.06666667,0.022689747,0.021167768,0.022989005,0.058861535,0.018529056
2023-09-01,0.025334375,0.06666667,0.04320039,0.017133212,0.026931249,0.027253076,0.039513327,0.029100036,0.015777478,0.046422873,0.03540332,0.019580692,0.014273482,0.02187197,0.034543328,0.051125318,0.02726294,0.036219634,0.015594815,0.018550746,0.036461864,0.029092526,0.051016316,0.036024053,0.019166851,0.06666667,0.02136205,0.020395443,0.022957327,0.065216765,0.01988122
2023-09-05,0.033426844,0.06666667,0.045461576,0.014624069,0.01941966,0.020783227,0.043244377,0.028649364,0.015205986,0.048613798,0.031860553,0.020302847,0.012018515,0.021960149,0.035490517,0.042550262,0.029444015,0.033852126,0.015848588,0.017879581,0.035598744,0.026344674,0.056085326,0.044987366,0.023389138,0.061793577,0.021770893,0.02077436,0.023723628,0.06666667,0.021562906
2023-09-06,0.04219835,0.06666667,0.034311105,0.015659174,0.019461026,0.022872245,0.035805482,0.024996722,0.015128674,0.0467084,0.02914531,0.026294166,0.0134061845,0.025866514,0.028373048,0.038648006,0.031721886,0.031336527,0.0141211795,0.018228311,0.029243948,0.028237984,0.06666667,0.038093645,0.028905341,0.06666667,0.026721466,0.01719682,0.02125132,0.06666667,0.029400492
2023-09-07,0.045087162,0.06666667,0.028723719,0.0162577,0.018518459,0.024198227,0.035876494,0.026106682,0.015549991,0.044045035,0.03221241,0.023547167,0.014189431,0.028983885,0.028253116,0.04579699,0.028298685,0.029466923,0.015378724,0.017513456,0.027598592,0.02855142,0.06342917,0.032810856,0.03328267,0.06666667,0.02409291,0.019983703,0.021773463,0.065894715,0.031244906
2023-09-08,0.03779146,0.06666667,0.027474277,0.021423815,0.020179553,0.025746677,0.033024654,0.026538948,0.017510876,0.040339004,0.03129955,0.02469288,0.017621804,0.03413517,0.025204927,0.051423986,0.029315114,0.027094401,0.018767873,0.017827641,0.026939215,0.028432872,0.059215948,0.032016955,0.031805594,0.06666667,0.02583519,0.021227313,0.026472002,0.05223517,0.035073794
2023-09-11,0.036548525,0.06666667,0.02413329,0.018614722,0.021046543,0.02601374,0.026501667,0.027416902,0.016028265,0.041366346,0.034759533,0.020144798,0.015720438,0.030648677,0.021800913,0.059644546,0.028534228,0.027310625,0.01814436,0.016905762,0.02597759,0.02756689,0.051696934,0.031462792,0.048603483,0.06666667,0.02390691,0.02186671,0.023579424,0.06594629,0.03477577
2023-09-12,0.026829502,0.06666667,0.026387604,0.022287214,0.026988238,0.025901899,0.02249664,0.03409429,0.017581109,0.04391865,0.028589832,0.018064937,0.017053109,0.031708002,0.022063348,0.053457644,0.032237146,0.026578164,0.021020487,0.021549998,0.026961528,0.032213137,0.06015326,0.034361683,0.028185062,0.06666667,0.027984777,0.018578896,0.023629433,0.05876903,0.037022043
2023-09-13,0.017313536,0.037664726,0.023863228,0.024826651,0.03191335,0.043509413,0.028224347,0.03743827,0.0127620725,0.033258237,0.03742844,0.014188696,0.021321688,0.039221045,0.019347224,0.06178526,0.024418356,0.03222228,0.02994219,0.019755825,0.034732755,0.029150795,0.043994777,0.035709757,0.03891851,0.06516771,0.019143976,0.022696087,0.024825653,0.0640349,0.031220242
2023-09-14,0.014858158,0.032179236,0.028664444,0.02732484,0.033002194,0.041476075,0.02601937,0.046392348,0.013775061,0.033865668,0.0361418,0.011246162,0.027832566,0.037981182,0.018989896,0.06345613,0.023207422,0.031766433,0.02757076,0.018796794,0.037901122,0.028900538,0.042029306,0.035241812,0.034891445,0.05852351,0.023771137,0.023706729,0.025788058,0.060270067,0.034429733
2023-09-15,0.012402298,0.024217248,0.032699924,0.034518886,0.029693916,0.041006412,0.02912901,0.05054457,0.01814796,0.03025764,0.030281182,0.01116401,0.035515796,0.0343298,0.01997232,0.06666667,0.0208888,0.03173433,0.026194638,0.017607888,0.045311056,0.027550707,0.035784148,0.041222826,0.030325709,0.05646569,0.021851353,0.028874243,0.033040006,0.05220743,0.030393539
2023-09-18,0.011587315,0.028195245,0.022244804,0.04111586,0.036647502,0.03781559,0.022332069,0.047010314,0.0174176,0.02822928,0.03097792,0.012676428,0.03426809,0.037277803,0.02052953,0.06666667,0.019759376,0.03182141,0.023854317,0.01729893,0.039596807,0.033917703,0.04058135,0.027990231,0.0295832,0.06666667,0.024594277,0.0322745,0.027480524,0.053461596,0.036127098
2023-09-19,0.0103733875,0.025204806,0.022177,0.050038293,0.03803473,0.03883021,0.018267246,0.04578496,0.018456964,0.026274903,0.0342602,0.013214013,0.034302283,0.036189537,0.022775989,0.06666667,0.018802114,0.035078295,0.023267688,0.017582646,0.038881913,0.035430208,0.038616404,0.024300754,0.029307248,0.06666667,0.028479518,0.03189452,0.0267426,0.049942408,0.034155827
2023-09-20,0.0130895255,0.035515834,0.02131624,0.04529807,0.037529875,0.034098674,0.01964137,0.042369734,0.016287299,0.029804638,0.034286473,0.013410704,0.025169754,0.035798937,0.027473068,0.06321076,0.021863807,0.0342452,0.02171958,0.018207714,0.036332093,0.033790227,0.047704883,0.028550211,0.028437283,0.06666667,0.030940203,0.026870241,0.024774034,0.05358395,0.03201295
2023-09-21,0.011826272,0.026532767,0.015195682,0.053370487,0.04421936,0.041597888,0.017368734,0.040890004,0.017450454,0.023462737,0.04039332,0.015344734,0.026642365,0.03471254,0.032747157,0.062230933,0.019962855,0.03867444,0.028970804,0.019014696,0.032104373,0.040926978,0.03776835,0.022445368,0.027404929,0.06666667,0.028379422,0.03275922,0.023438623,0.04534968,0.032148167
2023-09-22,0.014174835,0.027806262,0.0122094685,0.048077997,0.042314675,0.049692553,0.016022073,0.03709347,0.015162927,0.02146952,0.04596824,0.018631926,0.028949756,0.035675053,0.030412797,0.06069608,0.016802369,0.040283628,0.032132767,0.017658582,0.02700468,0.04355612,0.028319938,0.01565815,0.038469557,0.06666667,0.027560445,0.04102789,0.018191816,0.041435976,0.040873785
2023-09-25,0.01445835,0.028358512,0.012263437,0.040035296,0.0380028,0.053217463,0.015843105,0.0337694,0.013146399,0.02347866,0.05212209,0.018263439,0.024655152,0.03590777,0.034352154,0.061254647,0.016569113,0.044947118,0.037483573,0.016904019,0.02711873,0.039219704,0.025884915,0.018651063,0.047915146,0.06666667,0.02396423,0.037292056,0.017611265,0.0449416,0.035702124
2023-09-26,0.014447533,0.03191404,0.0145880515,0.032251228,0.03198178,0.05123742,0.015259984,0.029763967,0.011552549,0.027154865,0.06520434,0.015895184,0.019671282,0.03454325,0.03514405,0.06666667,0.016482137,0.04613132,0.03733766,0.015594805,0.02583428,0.03468399,0.024175396,0.01917044,0.058833797,0.06666667,0.021936871,0.032424007,0.018124959,0.052931514,0.032395974
2023-09-27,0.022560738,0.037524752,0.014921618,0.028009973,0.028120141,0.053934574,0.017246855,0.024023885,0.01155605,0.02882162,0.06666667,0.02063179,0.019717056,0.039788347,0.033043023,0.059848223,0.017763518,0.044637423,0.04159952,0.016762177,0.020378372,0.032023806,0.020922469,0.015332131,0.06666667,0.06666667,0.02299403,0.031913564,0.018880041,0.040596627,0.036447678
2023-09-28,0.025819566,0.043847132,0.022280334,0.025228294,0.021412736,0.05647662,0.018536858,0.020193152,0.011031438,0.034615442,0.06666667,0.0198647,0.018283885,0.039776288,0.03271733,0.06666667,0.018976748,0.04903424,0.040453847,0.014803319,0.017533418,0.028162643,0.018865274,0.0133071225,0.06666667,0.064846024,0.02444882,0.026353266,0.022698121,0.03552619,0.034907196
2023-09-29,0.026493765,0.052748833,0.028327497,0.025041573,0.02282326,0.05080221,0.020543363,0.018687714,0.0107435845,0.042723067,0.06666667,0.018568138,0.016885696,0.03453441,0.035982978,0.06393613,0.021183293,0.05085474,0.03890175,0.0145702595,0.018006328,0.027161565,0.020514272,0.015297851,0.060404982,0.0589012,0.023581184,0.023625074,0.026336117,0.033362817,0.03178969
2023-10-02,0.05932098,0.038350716,0.03691534,0.018787978,0.020302933,0.036692914,0.022311833,0.014790406,0.0138962045,0.04001735,0.06666667,0.031150863,0.02005057,0.036800027,0.045571703,0.032179825,0.027916308,0.046947755,0.047195006,0.02277352,0.018053563,0.03034647,0.019649208,0.015288269,0.06666667,0.031746548,0.031936925,0.026852021,0.025039675,0.025840834,0.029940924
2023-10-03,0.06666667,0.06666667,0.040057585,0.013191959,0.022528578,0.037932057,0.0209727,0.013891176,0.011924801,0.048991397,0.06666667,0.032651287,0.017603103,0.0364907,0.03461315,0.025807828,0.030335354,0.043248035,0.042157527,0.024091888,0.015137751,0.03467811,0.021951308,0.011139987,0.05346456,0.029112099,0.033625603,0.021297783,0.019811008,0.028112413,0.035180252
2023-10-04,0.06666667,0.06666667,0.032937713,0.012349233,0.022986768,0.030157434,0.019615851,0.01266799,0.013503354,0.051385693,0.06666667,0.039165527,0.016790455,0.04238236,0.036650144,0.020110585,0.034000654,0.03764132,0.04019446,0.026465897,0.014284309,0.032049257,0.022606688,0.010277363,0.06666667,0.02785891,0.03520736,0.022479426,0.021412667,0.02676265,0.031389274
2023-10-05,0.06666667,0.06666667,0.038506363,0.011227329,0.03095328,0.029940665,0.018434996,0.014022747,0.01105987,0.06666667,0.06666667,0.029971164,0.015218797,0.03510635,0.037941337,0.020309834,0.0369442,0.037971698,0.039181486,0.026768876,0.01473574,0.034195863,0.023007557,0.010731903,0.05857693,0.024643753,0.033412825,0.022272555,0.018562803,0.03042873,0.029205684
2023-10-06,0.06666667,0.06666667,0.03155984,0.013322283,0.033746865,0.030692613,0.022961874,0.012432616,0.012551541,0.060581185,0.06606901,0.04046803,0.019331908,0.03701486,0.03218294,0.018588308,0.035998937,0.03189006,0.034252092,0.028364329,0.016629854,0.035117872,0.023062745,0.010423793,0.055454437,0.029166669,0.033679314,0.024151905,0.01984371,0.025984952,0.03114213
2023-10-09,0.06666667,0.06666667,0.038502894,0.01550599,0.03732939,0.02890435,0.019074116,0.01228093,0.014295131,0.061375774,0.06566684,0.040501818,0.021464005,0.029956033,0.034662444,0.017745662,0.036547232,0.03403211,0.030543378,0.030267354,0.01745697,0.03817848,0.023206428,0.009415265,0.045682214,0.028576558,0.038582325,0.02350993,0.019980842,0.024400165,0.02902204
2023-10-10,0.06666667,0.06666667,0.037684094,0.018157631,0.034012727,0.027090747,0.019267516,0.011315666,0.017098922,0.05580489,0.06666667,0.042198066,0.021902021,0.026623437,0.034774568,0.021380126,0.0340365,0.035287987,0.026359184,0.028931145,0.017836208,0.038175266,0.023556639,0.008802439,0.04777382,0.033052053,0.038304806,0.023364654,0.02472305,0.025599996,0.026885845
2023-10-11,0.051454145,0.06666667,0.045083836,0.024075791,0.03805433,0.029004462,0.02010166,0.015183655,0.02127685,0.052341223,0.06163369,0.03626327,0.027272744,0.026945177,0.030927496,0.022225412,0.03212324,0.035195377,0.028951341,0.032756913,0.019676998,0.03615417,0.024207167,0.009993633,0.038619906,0.028164392,0.037192825,0.025560351,0.030089503,0.02576165,0.027042115
2023-10-12,0.048538398,0.06666667,0.051336277,0.02628613,0.046196986,0.028186861,0.020153608,0.017082252,0.020256372,0.05595514,0.04526824,0.03535919,0.033608682,0.02622531,0.029595098,0.01606423,0.03333972,0.03369845,0.027553344,0.036734767,0.021001497,0.037771102,0.03068028,0.011511694,0.028056744,0.029485468,0.03986767,0.024316141,0.027633587,0.023903295,0.02766679
2023-10-13,0.055107176,0.06666667,0.04378788,0.023807552,0.045568,0.028825598,0.020181835,0.018872844,0.020750368,0.055464953,0.03672721,0.037701588,0.034043346,0.030225739,0.024991207,0.013730884,0.03412928,0.030945184,0.02609694,0.037679255,0.0202369,0.040337466,0.035081316,0.011054481,0.028177803,0.032689206,0.04076021,0.02396846,0.025170164,0.024623645,0.032596845
2023-10-16,0.04448121,0.05427899,0.034682408,0.03135928,0.04964153,0.031349007,0.015708076,0.020465108,0.023394898,0.045146294,0.03865354,0.035642248,0.039036456,0.03055333,0.024293995,0.018404502,0.03099315,0.032562505,0.026988234,0.033395734,0.019544886,0.042895023,0.029702192,0.0098955985,0.03738786,0.041878644,0.03909826,0.030326277,0.02877243,0.025334502,0.03413383
2023-10-17,0.038701266,0.04333997,0.043176096,0.029650636,0.049289424,0.030691838,0.020150727,0.025149548,0.026009,0.043570135,0.040877108,0.030942375,0.037324052,0.029223148,0.023006242,0.021610433,0.03205517,0.031933438,0.03122215,0.036527444,0.024747327,0.044022925,0.028664252,0.012091729,0.029204426,0.032207683,0.03760888,0.032352056,0.03143437,0.031642556,0.031573594
2023-10-18,0.031727638,0.039429426,0.036540505,0.03344664,0.04371142,0.03190213,0.021124633,0.028846927,0.027042989,0.03912662,0.03807191,0.030140644,0.033894107,0.029245948,0.022163784,0.027121814,0.031225195,0.034083743,0.03384642,0.035537332,0.02408279,0.04810352,0.030160267,0.012518487,0.024554476,0.03674539,0.034407947,0.0344724,0.032865968,0.035213213,0.03864571
2023-10-19,0.028953124,0.035044156,0.0276995,0.034898214,0.039637,0.033231493,0.015828284,0.0321826,0.024622474,0.033848755,0.026866904,0.034817573,0.035615277,0.029413743,0.022389738,0.028360687,0.030658776,0.039258704,0.031017343,0.029290333,0.021024749,0.051660765,0.03464362,0.014107096,0.027546395,0.05682812,0.034429647,0.035519548,0.02602807,0.033140413,0.051436905
2023-10-20,0.029552776,0.035895575,0.031343013,0.0314827,0.03872457,0.029847734,0.014327716,0.033292882,0.021861607,0.03866856,0.024520738,0.033226475,0.033830766,0.028469145,0.02863739,0.024419818,0.03469224,0.044330586,0.030113481,0.028705519,0.02171433,0.05102385,0.04025164,0.01942221,0.024374682,0.05725896,0.039054688,0.02806376,0.023374435,0.030691635,0.048826516
2023-10-23,0.03540242,0.030153744,0.034840085,0.03243896,0.033010125,0.032329552,0.017582266,0.03146534,0.024733515,0.033802878,0.026568668,0.04277102,0.044526875,0.034830432,0.033787597,0.021522634,0.030658709,0.046618283,0.035966452,0.03205744,0.024177672,0.04462499,0.026179718,0.018192431,0.025972001,0.038945034,0.043673918,0.035332896,0.02338945,0.01926501,0.04517989
2023-10-24,0.03839716,0.05315983,0.045367204,0.019823046,0.033642143,0.034063585,0.020184444,0.033770468,0.01855517,0.0470139,0.03048191,0.03371483,0.037723895,0.03303221,0.03647807,0.020413416,0.031771258,0.04791751,0.039470132,0.030602459,0.026569938,0.04378091,0.02209578,0.021231968,0.026222738,0.026599728,0.036430802,0.033802476,0.018405251,0.022982415,0.03629535
2023-10-25,0.034299605,0.057288535,0.03784677,0.017931331,0.040302325,0.033343744,0.022586165,0.03955765,0.022166563,0.04332095,0.022801526,0.03332365,0.041546922,0.032763973,0.046249177,0.016412621,0.031182665,0.04383549,0.037210997,0.037561364,0.04045043,0.04530068,0.023309173,0.033609055,0.017396595,0.022984331,0.027222129,0.031680714,0.01671529,0.024452385,0.025347192
2023-10-26,0.0499959,0.05561124,0.018803248,0.013795693,0.03892789,0.040626977,0.030295875,0.043647736,0.020814173,0.03418602,0.017520495,0.042641897,0.03837413,0.040238958,0.03130332,0.014644633,0.029884312,0.032707866,0.043854915,0.039456546,0.04261706,0.043269005,0.021228952,0.037838608,0.02357908,0.023110703,0.022087531,0.03668882,0.013690818,0.02681424,0.031743348
2023-10-27,0.047244284,0.03705132,0.016967917,0.017877987,0.040914666,0.038997684,0.038551837,0.045098297,0.02179799,0.031933703,0.015521417,0.043073572,0.047990598,0.048696596,0.029911801,0.011842498,0.02814725,0.028104806,0.0491712,0.03802455,0.047997516,0.036931973,0.018504769,0.045501746,0.022661665,0.022459641,0.021955559,0.040156275,0.018551962,0.020396912,0.027962012
2023-10-30,0.031084392,0.047815733,0.022020884,0.01790276,0.04223667,0.05794627,0.036325723,0.043617792,0.016125074,0.03959386,0.015757192,0.036048014,0.048931617,0.051728796,0.025328951,0.012483913,0.03059516,0.032683443,0.060507044,0.038157765,0.038308118,0.03850258,0.022044605,0.043081775,0.01621381,0.021251967,0.020676244,0.026764954,0.016536321,0.018849967,0.03087861
2023-10-31,0.023020044,0.048471812,0.025321245,0.016540853,0.041919902,0.0593031,0.0360569,0.047417168,0.018188313,0.03989519,0.015138131,0.027363677,0.048427753,0.044282585,0.028289095,0.015717937,0.029907651,0.03358331,0.052929692,0.035118867,0.047991194,0.039500717,0.022028025,0.061718278,0.015982183,0.019352311,0.01540993,0.025687795,0.016795563,0.024907907,0.023732873
2023-11-01,0.023517303,0.041020326,0.022644756,0.02438015,0.045385893,0.057211496,0.036530666,0.043866545,0.024692958,0.030905724,0.01317359,0.03407565,0.06386144,0.041136872,0.025036681,0.017093882,0.028734235,0.028878225,0.044206847,0.036693186,0.045516722,0.039111283,0.023762433,0.057615127,0.014484039,0.02284089,0.0187197,0.027290374,0.021366173,0.018841974,0.027404863
2023-11-02,0.02092431,0.054405086,0.022914018,0.024708977,0.044746727,0.055993788,0.038691573,0.04646804,0.025282199,0.035730936,0.010120171,0.029655807,0.06084277,0.03649973,0.022359943,0.016372759,0.029061938,0.026507158,0.03216017,0.035182912,0.04735692,0.037902717,0.032624904,0.06666667,0.011607266,0.028072413,0.01734946,0.02175782,0.01994459,0.021324046,0.026764182
2023-11-03,0.019691763,0.037059586,0.027887536,0.03185215,0.04429331,0.052375477,0.038185507,0.04696219,0.03578886,0.030611344,0.011181062,0.028098695,0.06666667,0.02766221,0.023662772,0.022442048,0.027851554,0.027063765,0.027775137,0.034878653,0.05406963,0.033731725,0.029042222,0.06666667,0.014844787,0.025605306,0.01598667,0.026416522,0.028035196,0.023285147,0.020325841
2023-11-06,0.026271913,0.02802446,0.03220931,0.037859865,0.046212967,0.04236194,0.046234656,0.037390634,0.041141104,0.029340431,0.009623116,0.036667574,0.06666667,0.02509613,0.02164359,0.015962197,0.03261217,0.023153335,0.02580053,0.04053854,0.05809792,0.030018365,0.033024948,0.06666667,0.01286098,0.02259428,0.019273229,0.024585364,0.033061836,0.016998053,0.01800722
2023-11-07,0.03172568,0.031131899,0.03150105,0.03579905,0.051995207,0.039360605,0.044431046,0.039549384,0.038505197,0.030603915,0.008756407,0.038446248,0.06666667,0.021867663,0.020480659,0.012475252,0.033985984,0.02342408,0.023779916,0.041043784,0.050651424,0.03217546,0.036498137,0.06666667,0.012061465,0.021642696,0.022161959,0.024856621,0.029385028,0.017552363,0.020818492
2023-11-08,0.03189585,0.033348735,0.035866566,0.03258007,0.059020173,0.038790427,0.04096208,0.04147656,0.034795128,0.032733984,0.009932479,0.033995003,0.06486732,0.01949352,0.021585125,0.011688007,0.034695778,0.02519323,0.024857186,0.042012382,0.04641489,0.03490813,0.03601807,0.066122584,0.012142487,0.018103143,0.0230069,0.025439119,0.026475722,0.020115351,0.021463998
2023-11-09,0.041890386,0.039106946,0.040085033,0.031061755,0.05791676,0.032065842,0.040071987,0.039254084,0.034055617,0.03825449,0.010591967,0.034456197,0.061025705,0.0171711,0.022957068,0.010802715,0.035439935,0.024985686,0.022322685,0.041585468,0.042728655,0.034549776,0.035058927,0.058670327,0.013277859,0.01711347,0.027018657,0.027410625,0.025844049,0.020148871,0.023077363
2023-11-10,0.0268754,0.054128006,0.042319655,0.037553158,0.058920726,0.04710252,0.03347646,0.033448413,0.031310525,0.041371997,0.0128997825,0.035333365,0.0633725,0.01790516,0.021536494,0.015848914,0.033777885,0.031716317,0.026089134,0.03488578,0.031720534,0.042181697,0.034527022,0.039241344,0.01042129,0.02334893,0.022393126,0.023920571,0.028621966,0.01752824,0.026223099
2023-11-13,0.017410489,0.06666667,0.04807655,0.035459213,0.056774303,0.050333954,0.031156596,0.039670166,0.025894599,0.04775185,0.012536949,0.024159726,0.050705314,0.015608793,0.023906827,0.020261489,0.030219441,0.036104564,0.023513703,0.029748745,0.03355734,0.040401585,0.0400982,0.04913206,0.008811427,0.029226443,0.017655605,0.021167556,0.025018606,0.024955628,0.024015605
2023-11-14,0.015670126,0.06666667,0.04240202,0.039046735,0.05459533,0.05603633,0.02989403,0.037654597,0.02787279,0.046263985,0.01254089,0.02665712,0.046311673,0.015736833,0.023794113,0.023302514,0.030261453,0.038467,0.023280796,0.028680114,0.031036463,0.04197626,0.041527208,0.04713997,0.007886419,0.036608625,0.016517123,0.019387111,0.025209974,0.023310028,0.024265707
2023-11-15,0.010871971,0.051792845,0.05287926,0.044696234,0.051023714,0.052420713,0.033693787,0.043511417,0.03014596,0.041582007,0.0116229495,0.020448541,0.050421014,0.0135529125,0.024095051,0.030471394,0.025834426,0.037595745,0.02216563,0.025382565,0.041542828,0.03294066,0.03397463,0.065524615,0.008357733,0.031689838,0.013783983,0.023689272,0.029255215,0.02689609,0.018137004
2023-11-16,0.009950964,0.049492247,0.047297735,0.04209234,0.059038326,0.056437872,0.034698367,0.043888863,0.028614478,0.0358117,0.014022043,0.019135166,0.043056585,0.0144202765,0.023038534,0.03526659,0.026214715,0.03825866,0.025280379,0.027921539,0.040471558,0.03642184,0.0351084,0.057366602,0.008717328,0.03032035,0.012596427,0.02601872,0.02718599,0.033875022,0.017980387
2023-11-17,0.016454859,0.022309942,0.06527853,0.06666667,0.049762256,0.039320897,0.034851376,0.027203964,0.044640724,0.026244039,0.011637441,0.04376901,0.06666667,0.0150000695,0.025376173,0.020436393,0.030804757,0.031880595,0.024960047,0.036188312,0.03540004,0.033480108,0.02990515,0.04233304,0.0058441954,0.02589717,0.02828369,0.025965216,0.043716095,0.009964394,0.019758187
2023-11-20,0.013927609,0.016844405,0.06666667,0.06666667,0.04551419,0.043129437,0.035106253,0.025047794,0.04792484,0.024250286,0.013841665,0.040003266,0.06666667,0.016821783,0.024343586,0.027207764,0.02839808,0.03326714,0.027559264,0.03440277,0.0327358,0.029365662,0.02659307,0.040879685,0.0070476276,0.02670501,0.02732984,0.025859684,0.059700437,0.009605079,0.01658798
2023-11-21,0.014773895,0.015467314,0.06666667,0.06666667,0.046452556,0.041552074,0.03648215,0.023399888,0.049016133,0.022927066,0.015760906,0.03973135,0.06666667,0.015448017,0.025646025,0.027934717,0.02772999,0.034038067,0.025498817,0.03407762,0.033442356,0.028736586,0.024765216,0.0411148,0.007124974,0.024245093,0.032425243,0.024671093,0.06365992,0.00885193,0.015026206
2023-11-22,0.01395448,0.014088519,0.05918967,0.06666667,0.060099643,0.04403816,0.030490309,0.022017103,0.043398146,0.018898342,0.019002547,0.041374695,0.06666667,0.015686277,0.026327677,0.028955529,0.028920667,0.034988623,0.031072939,0.035506908,0.028422145,0.032311954,0.0255464,0.033410087,0.0067920135,0.02712241,0.037128337,0.023241665,0.061648026,0.008978422,0.014054974
2023-11-24,0.012559874,0.010428616,0.06567938,0.06666667,0.054966014,0.040436644,0.025213592,0.02092725,0.04425369,0.017630365,0.01965403,0.042498767,0.06666667,0.016232118,0.028232737,0.029817581,0.028676374,0.037957784,0.03315163,0.035277627,0.027369503,0.032961767,0.024322141,0.032111865,0.0067301565,0.028166011,0.043780793,0.02293269,0.06200659,0.007756474,0.01493461
2023-11-27,0.01087306,0.0075701303,0.06249655,0.06666667,0.0500645,0.041463174,0.022789778,0.021833748,0.0413316,0.016545359,0.021849364,0.03964897,0.06666667,0.017416611,0.02748506,0.03460605,0.028478784,0.040040176,0.040439367,0.033485774,0.02646623,0.03382528,0.023751006,0.031277303,0.007612398,0.030470079,0.045337684,0.023417896,0.06193607,0.008453835,0.015700832
2023-11-28,0.011363316,0.007901822,0.06218443,0.06666667,0.046146646,0.04259646,0.025278784,0.023505673,0.035751924,0.017017035,0.020772967,0.038859777,0.06666667,0.01866596,0.028000139,0.03184796,0.027421428,0.0414801,0.041253947,0.03386052,0.028187389,0.03431732,0.026926002,0.033650942,0.0073504294,0.033129804,0.046048734,0.023354786,0.05225876,0.009279509,0.018254105
2023-11-29,0.011674619,0.010008797,0.05393654,0.06666667,0.042488795,0.039592646,0.023661658,0.026487958,0.036295053,0.017751342,0.018388478,0.0370213,0.0621724,0.020406244,0.03132699,0.03554422,0.026135257,0.040818043,0.03348649,0.032764908,0.03294983,0.031734224,0.030638345,0.04168066,0.009127265,0.043421242,0.043713342,0.024347385,0.044854496,0.011474958,0.019429838
2023-11-30,0.017424062,0.010495435,0.050917495,0.06666667,0.038150992,0.03288394,0.031833228,0.024592154,0.03861701,0.01838961,0.017067606,0.04021289,0.06666667,0.021769393,0.03560175,0.027211588,0.026775189,0.032759532,0.029567854,0.035257056,0.04290559,0.028407445,0.027323639,0.051693738,0.01135542,0.03433018,0.039559424,0.029341599,0.044312306,0.010737625,0.01717292
2023-12-01,0.016242418,0.0073687667,0.0417019,0.06666667,0.041161157,0.03306145,0.02916666,0.025629824,0.03955921,0.015377452,0.017698966,0.04426825,0.06467876,0.020850535,0.038598716,0.025656277,0.028130395,0.032142986,0.039179932,0.037671413,0.041975193,0.03237969,0.023552543,0.05118395,0.0105434535,0.03242252,0.037934534,0.033555273,0.043645877,0.010212195,0.017783042
2023-12-04,0.015358003,0.0055314405,0.035161022,0.06666667,0.03494816,0.031626444,0.03012136,0.024866242,0.04462257,0.012937244,0.017581152,0.0440361,0.06666667,0.018758819,0.04500783,0.030082453,0.024101838,0.031980716,0.03758806,0.03794592,0.049756728,0.027698932,0.019795284,0.057798043,0.013587636,0.031346057,0.030852348,0.04434196,0.0431125,0.010030974,0.01609083
2023-12-05,0.01711667,0.0043298877,0.03527424,0.06666667,0.03225395,0.030126423,0.03090774,0.024524778,0.039295442,0.011966138,0.0226622,0.040742256,0.060210653,0.018712245,0.04988366,0.03122322,0.024097256,0.032929927,0.046946596,0.035593983,0.04697332,0.027419563,0.015577936,0.053194366,0.018943947,0.024665952,0.030930597,0.058324374,0.04134933,0.0107850395,0.016371638
2023-12-06,0.014096259,0.004827019,0.04396124,0.06666667,0.038019974,0.03776469,0.03361716,0.02403212,0.026519071,0.013684519,0.03055056,0.030342251,0.051304374,0.015329497,0.057366274,0.03065121,0.02361323,0.039124697,0.059168763,0.036033418,0.043509312,0.030007662,0.01524085,0.06051615,0.0162985,0.017965306,0.02644427,0.04939222,0.036799103,0.012834235,0.014319391
2023-12-07,0.011746109,0.0046543907,0.040692072,0.06666667,0.03518496,0.04029821,0.037397094,0.022439003,0.024935655,0.011863651,0.031542238,0.030445807,0.056308623,0.016692322,0.055615377,0.03644123,0.01921779,0.038167708,0.06631463,0.032894846,0.045393813,0.026862051,0.012359984,0.055410188,0.01824577,0.016557587,0.020611871,0.06068568,0.038269866,0.012601465,0.013483343
2023-12-08,0.009058043,0.006263212,0.045131277,0.06666667,0.03971795,0.044004407,0.035946682,0.022913702,0.02294228,0.01279548,0.031593665,0.02835907,0.05426932,0.016680842,0.052607182,0.04368897,0.019796485,0.040266912,0.061693065,0.0321107,0.045998566,0.026267484,0.013676001,0.055378098,0.014460332,0.02010189,0.020542588,0.05266173,0.036767893,0.01341303,0.014226469
2023-12-11,0.011467048,0.006345918,0.04333906,0.06666667,0.035140898,0.04599943,0.03731064,0.024766967,0.020153169,0.013800643,0.030305455,0.029122543,0.045719758,0.017067386,0.046111625,0.042659607,0.019980883,0.042012196,0.061795607,0.03146909,0.047251504,0.027315645,0.014547946,0.06242239,0.018821478,0.021278711,0.01854332,0.05339735,0.02931405,0.019236749,0.01663627
2023-12-12,0.012769997,0.006423999,0.042589016,0.06666667,0.031585146,0.044379994,0.037551776,0.02279299,0.020132555,0.013548698,0.03113778,0.030755738,0.039432794,0.016497215,0.05518731,0.040481053,0.021881292,0.04374356,0.06399672,0.030111024,0.046473242,0.025687827,0.014051265,0.06666667,0.021657154,0.020686932,0.018490806,0.05336898,0.029307948,0.017668696,0.014275167
2023-12-13,0.0142255295,0.00623746,0.047084942,0.05646191,0.03611345,0.05910163,0.043957423,0.02641977,0.016725149,0.012557953,0.031051513,0.03058764,0.04230389,0.018737627,0.051284824,0.029618248,0.02122701,0.047336202,0.06666667,0.03429539,0.04894643,0.026283668,0.013322652,0.062290847,0.019126287,0.013551997,0.017466197,0.052557193,0.022753293,0.016783608,0.0149236005
2023-12-14,0.010741681,0.006160399,0.0462479,0.05998471,0.029470187,0.05778807,0.042499427,0.03201216,0.020619065,0.012611335,0.02830877,0.023829663,0.04297263,0.016044011,0.04737681,0.040168583,0.016957149,0.04804551,0.059981152,0.028225353,0.055208974,0.023327662,0.011313277,0.065437324,0.023664793,0.014171025,0.013942659,0.06286227,0.025660152,0.01994767,0.014419634
2023-12-15,0.012255685,0.006299037,0.044132143,0.06436957,0.0257174,0.042456422,0.04320225,0.028818278,0.026624007,0.013641754,0.031106602,0.02271773,0.043361977,0.01603273,0.049271382,0.049391285,0.014498679,0.043237172,0.039957307,0.025825126,0.06666667,0.017870352,0.009811241,0.06281961,0.04042575,0.016117262,0.0122739365,0.06666667,0.03110205,0.022850635,0.01047931
2023-12-18,0.016210578,0.008381788,0.056791466,0.046020918,0.022564325,0.037676822,0.046532024,0.030291433,0.021847252,0.018739844,0.03341792,0.020714799,0.031488333,0.016516075,0.049507033,0.044715293,0.017945362,0.044721946,0.04081088,0.026104154,0.06449698,0.018958792,0.012446589,0.06666667,0.040402923,0.01573345,0.014131414,0.06608161,0.027291035,0.03021932,0.012572969
2023-12-19,0.019878233,0.01258241,0.06666667,0.03526576,0.021671288,0.03754445,0.051048044,0.03377416,0.022064038,0.024438484,0.033498242,0.019470153,0.025296858,0.017686158,0.04784785,0.0422817,0.023082886,0.04282681,0.03871496,0.027066652,0.06567972,0.020256156,0.01488159,0.06666667,0.035560876,0.014108633,0.015511734,0.04864444,0.028534237,0.035260618,0.012189532
2023-12-20,0.023080882,0.015523098,0.06666667,0.027596854,0.020515831,0.03361202,0.051028688,0.03156921,0.02135085,0.026201481,0.034621257,0.019227274,0.019863088,0.017984904,0.045783404,0.045059726,0.026712473,0.03849419,0.0349934,0.025583403,0.06666667,0.020678613,0.016601043,0.06666667,0.044429008,0.015498555,0.014232304,0.044248912,0.027682234,0.046965327,0.010861974
2023-12-21,0.030160947,0.022597326,0.063213654,0.025086788,0.020406611,0.032607704,0.055780537,0.027650353,0.01540999,0.030494373,0.031848863,0.022441247,0.020247085,0.022335885,0.043443672,0.03777646,0.029105827,0.036017433,0.03476397,0.02375537,0.05676895,0.02072401,0.020577464,0.06666667,0.04897391,0.02003433,0.014964845,0.04285846,0.023779267,0.044362154,0.015145858
2023-12-22,0.028885784,0.025329111,0.06587106,0.024735346,0.02205226,0.035348944,0.060896683,0.025878862,0.01591217,0.02858402,0.03476656,0.02270325,0.019549115,0.021180479,0.043077048,0.040399645,0.030286063,0.03471926,0.03433801,0.022275459,0.060266882,0.021058656,0.019497732,0.06666667,0.042626448,0.019342337,0.0149833225,0.03803929,0.026091468,0.041546263,0.013091813
2023-12-26,0.018442396,0.041349012,0.05429008,0.031534128,0.024646515,0.044966765,0.060402527,0.028992416,0.016088901,0.03129923,0.028922968,0.020861894,0.018182302,0.025144923,0.027901867,0.059267286,0.0282678,0.032128945,0.028465183,0.017937712,0.052337784,0.021110652,0.02441058,0.06666667,0.02964797,0.035203636,0.014882252,0.028517907,0.030900666,0.040714715,0.016514327
2023-12-27,0.016335195,0.039231636,0.0459207,0.033103626,0.025163721,0.05155447,0.060425475,0.02982488,0.016053535,0.027617127,0.027419977,0.022066176,0.017990727,0.026268637,0.02591917,0.06457028,0.027226217,0.031863607,0.028373836,0.018191,0.05601719,0.020344717,0.024705272,0.06666667,0.029151184,0.040814683,0.013932578,0.027240464,0.02898813,0.040631656,0.016387472
2023-12-28,0.01398664,0.041643716,0.036992636,0.032496568,0.027242154,0.061777145,0.06315388,0.030649658,0.014358732,0.025910288,0.02419237,0.023632837,0.01664547,0.027962541,0.023210581,0.06161739,0.027469786,0.0316356,0.031930186,0.018774353,0.056191273,0.021505533,0.027557276,0.06666667,0.024310715,0.04797897,0.012064407,0.024827477,0.025106292,0.04112753,0.017381327
2023-12-29,0.015104051,0.04169636,0.036665756,0.032112792,0.030981882,0.060434822,0.06666667,0.031483795,0.014160115,0.026290996,0.021220008,0.026566004,0.017755315,0.02782575,0.025229558,0.046580687,0.03042667,0.031090377,0.033675555,0.021160275,0.062278483,0.023009554,0.030453924,0.06666667,0.020642601,0.04495497,0.013054945,0.024019983,0.023024926,0.037402764,0.01736375
2024-01-02,0.015453613,0.044474464,0.032360066,0.03134382,0.031710636,0.06517762,0.06666667,0.03104612,0.013759403,0.024597006,0.021576978,0.029051108,0.0182975,0.029621514,0.024397276,0.046398994,0.029337054,0.029658437,0.03702155,0.02118171,0.062428083,0.02391065,0.02878626,0.06666667,0.018311743,0.044350974,0.012856583,0.025104048,0.022655506,0.03342779,0.018370159
2024-01-03,0.016195279,0.022483,0.02204341,0.041417316,0.037287787,0.06666667,0.06666667,0.035428658,0.020820033,0.016223699,0.021926008,0.033628948,0.027705092,0.036362436,0.025018826,0.04087157,0.025637284,0.026178593,0.039743505,0.023130933,0.06666667,0.024953716,0.018956993,0.06666667,0.018640528,0.040970474,0.014458645,0.03528486,0.026700612,0.023852542,0.017412592
2024-01-04,0.015559456,0.017033154,0.016023813,0.04359232,0.042105522,0.06438175,0.052112535,0.041596577,0.022917984,0.013528375,0.02406977,0.03318465,0.03165693,0.042241964,0.020153098,0.044942413,0.021568527,0.025470832,0.03713822,0.02309051,0.06666667,0.027254375,0.015614337,0.05635779,0.023531057,0.04847183,0.01798847,0.041147415,0.023032801,0.026561763,0.021005103
2024-01-05,0.017941695,0.016224513,0.014025805,0.04642629,0.03931118,0.056924857,0.05418356,0.041867465,0.022556499,0.014150694,0.021665921,0.035925493,0.03593737,0.0418402,0.024767376,0.037317656,0.018668048,0.02542897,0.03379951,0.022556132,0.06666667,0.026471458,0.014755254,0.05620401,0.023674581,0.056646485,0.018431332,0.05022206,0.020656627,0.022744054,0.022008235
2024-01-08,0.020367954,0.013528435,0.01638326,0.045434278,0.034424398,0.05124069,0.06666667,0.042772576,0.025065623,0.014351351,0.02230814,0.033407785,0.041341305,0.041714214,0.024592074,0.038677897,0.016554471,0.022973925,0.031262994,0.022379871,0.06666667,0.023796935,0.013051191,0.058819022,0.02505466,0.046041857,0.018279335,0.056837037,0.02347384,0.022960322,0.019571228
2024-01-09,0.021891057,0.018101234,0.020992722,0.038140852,0.03530995,0.05557642,0.06666667,0.04489886,0.026044514,0.016301842,0.019612778,0.036281988,0.04256746,0.037780356,0.02222163,0.035864163,0.017423473,0.02315021,0.029189864,0.023861565,0.06666667,0.025359528,0.015068477,0.06666667,0.019170316,0.042043686,0.018023007,0.049444743,0.022436872,0.024620296,0.018622138
2024-01-10,0.034568775,0.034412537,0.022967774,0.027778242,0.038598187,0.057168715,0.06666667,0.044427942,0.024243098,0.020938253,0.018898882,0.042157605,0.036639333,0.042356666,0.020200662,0.026094303,0.021162516,0.02134979,0.029900113,0.028811973,0.06666667,0.027707966,0.017412893,0.052699722,0.015985133,0.034573626,0.02164011,0.039869446,0.018613618,0.022885358,0.022603426
2024-01-11,0.03383006,0.053482834,0.027947001,0.022089424,0.03567181,0.06568657,0.06666667,0.049521193,0.022728931,0.024078753,0.017631399,0.03664417,0.03422922,0.037297796,0.018348824,0.027606018,0.020801172,0.021284427,0.027919354,0.026387902,0.06666667,0.026389007,0.01727145,0.057121597,0.014563262,0.026448173,0.019074941,0.036623806,0.018264897,0.025706846,0.022015836
2024-01-12,0.03483692,0.06666667,0.03303148,0.021055283,0.028840205,0.06666667,0.06666667,0.03960274,0.022477947,0.025357679,0.019423982,0.04661485,0.03362144,0.04138792,0.013890932,0.03135682,0.022241242,0.021010157,0.030270375,0.026712883,0.06138331,0.02422714,0.015743587,0.041973688,0.018105416,0.026059948,0.02004308,0.0328537,0.018106893,0.021687225,0.028083151
2024-01-16,0.046154644,0.06666667,0.03838977,0.018338766,0.022405256,0.059849896,0.06666667,0.030207722,0.029341932,0.026701929,0.02475172,0.056528408,0.026500799,0.043375723,0.013198411,0.04009799,0.02469641,0.01908183,0.024953455,0.028306901,0.051773027,0.02064602,0.014674463,0.035116892,0.02457057,0.024851201,0.02667695,0.027473118,0.022710834,0.020948749,0.024343291
2024-01-17,0.050350193,0.06666667,0.040610887,0.015328098,0.02398134,0.05967211,0.06666667,0.030490091,0.024597125,0.03102001,0.025685193,0.05467287,0.026929926,0.041385733,0.01244707,0.03810839,0.024574693,0.020114053,0.025124444,0.026612232,0.05011536,0.024041675,0.016736934,0.03125132,0.022209728,0.02448239,0.0263648,0.028277162,0.019908763,0.023144053,0.028430024
2024-01-18,0.06666667,0.06666667,0.039139044,0.014523239,0.024475822,0.04862257,0.06666667,0.025394168,0.023609499,0.034076758,0.028340688,0.06270568,0.023215638,0.03891897,0.015271683,0.032063097,0.028510965,0.02051086,0.023619598,0.02766501,0.039840136,0.024491394,0.018530741,0.027526578,0.024762237,0.026085954,0.033663455,0.025234904,0.018469654,0.019826604,0.030905053
2024-01-19,0.04758338,0.06666667,0.055848245,0.013943465,0.025465703,0.04885645,0.060146518,0.022614181,0.02126249,0.046724804,0.036916994,0.048650518,0.01677786,0.02727531,0.020818394,0.04575131,0.031772636,0.029053027,0.022655552,0.024656089,0.038156595,0.026860414,0.02107131,0.032764617,0.023158854,0.02724169,0.029914852,0.020347731,0.02049947,0.025046865,0.021498015
2024-01-22,0.0425537,0.06666667,0.06666667,0.014555751,0.02442046,0.044957165,0.065778516,0.020254435,0.020383315,0.055292096,0.030770153,0.04548021,0.017350128,0.022141261,0.022920726,0.04037288,0.035671562,0.031303868,0.020552266,0.023777764,0.038855556,0.025573758,0.024910994,0.0466822,0.018459385,0.024894739,0.026917571,0.01646296,0.02407978,0.023326559,0.017966907
2024-01-23,0.038733553,0.06666667,0.06666667,0.016887493,0.02597301,0.04015768,0.05664552,0.016942522,0.02232361,0.05818991,0.03179551,0.050733536,0.01589721,0.020806368,0.025891835,0.039299518,0.038364336,0.03330733,0.019780038,0.025598869,0.03559105,0.0289707,0.030264735,0.04025094,0.014813256,0.031891756,0.027513593,0.014725746,0.02581055,0.022032974,0.017473515
2024-01-24,0.04155419,0.06666667,0.06666667,0.014691419,0.020735594,0.026730819,0.051228095,0.019125432,0.026298827,0.0663272,0.02469184,0.049281374,0.014775135,0.017169015,0.038163155,0.029088264,0.040350467,0.03687464,0.015828969,0.025317958,0.038192704,0.031916693,0.036759283,0.051014986,0.010492818,0.03168732,0.02818698,0.013574913,0.026138093,0.023756312,0.016714172
2024-01-25,0.048453167,0.06666667,0.06666667,0.013030883,0.017453074,0.025603151,0.050497223,0.017583685,0.02004897,0.06666667,0.02019189,0.051103145,0.013728031,0.019059457,0.030640204,0.025320293,0.045092236,0.03244975,0.01462325,0.022519736,0.03642082,0.028450372,0.044441767,0.06123781,0.0124339145,0.040205408,0.027043406,0.011343451,0.023626316,0.026198337,0.021200262
2024-01-26,0.044218775,0.06666667,0.06666667,0.014157871,0.014436452,0.019469524,0.044243686,0.020826021,0.027990393,0.06666667,0.021918168,0.036827527,0.014842008,0.017071756,0.037363786,0.034363452,0.038078234,0.03245645,0.010542738,0.019831063,0.04410206,0.025271367,0.039511852,0.06666667,0.016424617,0.038803644,0.025777373,0.014280064,0.030211665,0.033186432,0.017126352
2024-01-29,0.04775838,0.06666667,0.06666667,0.012900322,0.014298761,0.017270496,0.038010344,0.025979508,0.027424887,0.06666667,0.024983302,0.03145961,0.014335703,0.016355008,0.041531026,0.031360086,0.03576936,0.03383013,0.011833032,0.020792214,0.04325112,0.029481761,0.0384801,0.058242425,0.017335372,0.03303354,0.02890059,0.017329918,0.026805392,0.041478883,0.019768732
2024-01-30,0.044242617,0.06666667,0.06666667,0.012998065,0.01451932,0.018043935,0.036507696,0.02856031,0.026619464,0.064009085,0.025431907,0.0283542,0.015237986,0.016495794,0.039029308,0.030862901,0.035106264,0.033477284,0.014276842,0.022354633,0.04806954,0.029627018,0.036826745,0.06305238,0.017853687,0.02817976,0.027690016,0.018322594,0.026585547,0.0450931,0.01923867
2024-01-31,0.04773842,0.053820226,0.06666667,0.0139263645,0.01632128,0.020832313,0.04097152,0.032553304,0.02179515,0.0642657,0.020481497,0.026410146,0.01630044,0.015580883,0.040457994,0.024718147,0.03746788,0.033312216,0.018277235,0.021907166,0.050608203,0.030155404,0.039778974,0.06666667,0.020234806,0.026739432,0.020889303,0.019685553,0.026256107,0.046542313,0.01863869
2024-02-01,0.045836054,0.04120604,0.061371226,0.015415972,0.01967749,0.026706897,0.046871003,0.03220425,0.019010063,0.05593866,0.018358339,0.03263259,0.017647319,0.02093342,0.04064266,0.0195691,0.038638517,0.033281155,0.031480074,0.023343738,0.046560865,0.036702022,0.041313633,0.06666667,0.016786868,0.02874689,0.017138364,0.022291336,0.025305426,0.037397996,0.020325366
2024-02-02,0.034415584,0.033755023,0.06666667,0.01342425,0.01949099,0.035015672,0.059909336,0.04585748,0.018796915,0.052405212,0.018798018,0.024069123,0.017271336,0.019055527,0.033736516,0.023771297,0.034125205,0.036182445,0.04221747,0.023255413,0.053390894,0.038298596,0.03208311,0.06666667,0.012567694,0.01892701,0.014683015,0.022648994,0.024960045,0.046740863,0.016813628
2024-02-05,0.028299153,0.038949326,0.06666667,0.0108303,0.016613552,0.042431086,0.062334757,0.051303215,0.015433882,0.06323857,0.017983666,0.019003551,0.015453571,0.021170245,0.02349965,0.026335925,0.033175297,0.036171462,0.045281243,0.022644306,0.050814945,0.036189932,0.032131612,0.06666667,0.011520352,0.016962122,0.012279204,0.017906534,0.021118639,0.05670118,0.020889387
2024-02-06,0.033316795,0.058410604,0.06666667,0.0087692365,0.013839935,0.037978154,0.0590072,0.051468927,0.014360921,0.06666667,0.018319529,0.018364133,0.012113502,0.023662968,0.021812271,0.02530859,0.03105018,0.033165842,0.036991447,0.021841045,0.04437345,0.034799978,0.03349456,0.06666667,0.013103334,0.018713992,0.012408757,0.017085986,0.017599791,0.065621324,0.02301756
2024-02-07,0.038297165,0.058309235,0.06666667,0.00829279,0.013796896,0.030174775,0.047754142,0.043543443,0.019491883,0.06666667,0.027249705,0.017899295,0.011377034,0.02290359,0.026978472,0.031664774,0.032741725,0.031338815,0.03440347,0.024265867,0.043358177,0.034952506,0.026765086,0.06666667,0.019693144,0.015191133,0.013700608,0.019590283,0.020631399,0.06666667,0.018967923
2024-02-08,0.04822322,0.047617394,0.06666667,0.008557471,0.013155541,0.029082477,0.047592327,0.039277826,0.020984698,0.06666667,0.026954249,0.020901224,0.013083222,0.02225184,0.02504458,0.028552877,0.034792904,0.030632881,0.03501915,0.02612789,0.0434402,0.03190865,0.025245987,0.06666667,0.02412644,0.014126315,0.01619088,0.020343205,0.021431137,0.063697025,0.021638395
2024-02-09,0.03476239,0.036319792,0.06666667,0.010417169,0.01307215,0.038032524,0.039822116,0.032989956,0.021932496,0.06283918,0.039951127,0.020230718,0.015094337,0.022961082,0.01947015,0.049959853,0.032771513,0.03710932,0.04786515,0.022951238,0.03292308,0.031561967,0.01899929,0.051079016,0.03476224,0.01304224,0.015193969,0.02255408,0.030512152,0.060803648,0.023349397
2024-02-12,0.037856165,0.035587195,0.06666667,0.011106463,0.016907485,0.037927914,0.035806533,0.032986723,0.019224701,0.06666667,0.033883844,0.022501288,0.016307635,0.023347938,0.01886902,0.03429871,0.036029298,0.038148917,0.050236654,0.026789732,0.0331442,0.031306315,0.023814306,0.05544955,0.034382444,0.013698629,0.019246938,0.020521741,0.026115075,0.055295967,0.025875289
2024-02-13,0.036768667,0.02579405,0.06666667,0.01224078,0.018802408,0.040044896,0.03508397,0.030294491,0.020591812,0.05692895,0.034198754,0.02204296,0.017157799,0.023556715,0.020183831,0.034644365,0.034355655,0.037006915,0.052738316,0.027408766,0.038288496,0.02827923,0.02124979,0.064714,0.047419373,0.013245626,0.015110078,0.023061937,0.027612396,0.054755412,0.019752894
2024-02-14,0.03455565,0.029314406,0.06666667,0.015998822,0.021360457,0.05292456,0.03562808,0.02668052,0.019730624,0.050398916,0.042643316,0.029758938,0.020386541,0.02507806,0.019683443,0.03627309,0.031799812,0.043744776,0.06271975,0.026142586,0.029426709,0.032327313,0.019434009,0.039870005,0.03907849,0.0146942,0.017844943,0.024183534,0.03005431,0.037665866,0.023931615
2024-02-15,0.028095106,0.025744759,0.06666667,0.01619448,0.02082793,0.0547482,0.038419984,0.027236484,0.016988227,0.048765622,0.04600554,0.025262022,0.020865884,0.0231137,0.021975828,0.038450018,0.030175844,0.045586135,0.06666667,0.023588868,0.033673864,0.031375926,0.017446406,0.04886242,0.036227737,0.0135816,0.016162653,0.025106622,0.030937675,0.03984645,0.021400675
2024-02-16,0.020205518,0.014220092,0.06666667,0.022032589,0.019026667,0.05785969,0.039793514,0.02707625,0.02083466,0.034908675,0.045544315,0.023447877,0.023974838,0.024464922,0.021197848,0.05193839,0.025935952,0.041480955,0.06666667,0.020468138,0.0373975,0.02710051,0.013786111,0.0557961,0.04343594,0.014225434,0.012799628,0.029909078,0.043580975,0.03702977,0.017194735
2024-02-20,0.0157994,0.01147496,0.06666667,0.024350982,0.01718186,0.066085786,0.045903653,0.031446178,0.020293804,0.03180157,0.04263689,0.020933682,0.02656465,0.026806593,0.01823498,0.058914687,0.0213303,0.04421038,0.06666667,0.017853608,0.036294267,0.026304172,0.013149547,0.052846722,0.037256315,0.014509333,0.0128464885,0.031241445,0.04612781,0.03487309,0.019393515
2024-02-21,0.009864516,0.012075241,0.052621275,0.034238435,0.023682874,0.06666667,0.040761054,0.038873825,0.021172615,0.024891134,0.051199928,0.016749678,0.027346168,0.030628784,0.018163247,0.06666667,0.018888162,0.047949083,0.06666667,0.018853242,0.03335744,0.028680064,0.012041541,0.042095833,0.030275539,0.016761713,0.013983419,0.03404388,0.046121582,0.035187624,0.019492107
2024-02-22,0.010063289,0.007777143,0.0549343,0.040959593,0.023514988,0.061801624,0.03141316,0.0403876,0.025269043,0.022666058,0.047128763,0.016975421,0.02885232,0.030243881,0.02165482,0.06666667,0.021218887,0.046901934,0.06666667,0.02281014,0.034168728,0.028046537,0.0119935535,0.045476902,0.028185546,0.016534267,0.018326841,0.03305564,0.046273503,0.031531002,0.018501181
2024-02-23,0.008983223,0.009409721,0.060489606,0.04375479,0.024542216,0.06666667,0.0363322,0.04488077,0.02568053,0.02403065,0.037866764,0.017143942,0.032936763,0.026854757,0.015717499,0.06666667,0.020175558,0.046290975,0.06666667,0.02183275,0.037185162,0.025571061,0.01215582,0.049635854,0.021909636,0.017297322,0.018064901,0.029190144,0.043259688,0.028845778,0.019961914
2024-02-26,0.011132927,0.009322237,0.051769122,0.050935555,0.027642699,0.06666667,0.04055231,0.040557336,0.028941128,0.021919498,0.032132614,0.023944119,0.035795566,0.03205427,0.013865399,0.060545992,0.024168741,0.038877603,0.06666667,0.0280627,0.03385863,0.02575082,0.013579169,0.046624254,0.017737558,0.017671155,0.019971784,0.027994813,0.047027554,0.02085037,0.023380732
2024-02-27,0.010560647,0.011921104,0.045481887,0.047478124,0.026426798,0.06666667,0.04747157,0.04119533,0.024959227,0.024192462,0.03343976,0.022807432,0.034753654,0.0352476,0.012034115,0.06666667,0.022928298,0.042008772,0.06666667,0.026005438,0.031816028,0.025659326,0.013797126,0.043178197,0.021013904,0.018606199,0.014754975,0.029903214,0.04343041,0.023503907,0.025424497
2024-02-28,0.011132005,0.015197659,0.051183544,0.043500733,0.025658133,0.06666667,0.051061943,0.041318182,0.025673727,0.027159387,0.03435474,0.01742642,0.03499615,0.029205842,0.014376708,0.06666667,0.021298904,0.037836578,0.06666667,0.024854476,0.034826986,0.022497647,0.012017599,0.046874966,0.024349472,0.014146722,0.012474059,0.03504088,0.044888794,0.025722165,0.020925587
2024-02-29,0.013508717,0.01550886,0.050364412,0.045717046,0.02469817,0.06666667,0.05359934,0.03251521,0.03189093,0.024709214,0.037233528,0.019163279,0.04075048,0.03252842,0.014155121,0.06666667,0.022711825,0.030323362,0.0632115,0.026849624,0.03365586,0.019976858,0.011035822,0.041129883,0.025720848,0.013462611,0.012514136,0.034946054,0.056415267,0.019994453,0.018375838
2024-03-01,0.012778551,0.013053154,0.061006542,0.06231034,0.022802828,0.06666667,0.04846906,0.024229355,0.03487732,0.02256387,0.034980576,0.02210935,0.05752632,0.03255806,0.0139185935,0.06666667,0.021745076,0.0273603,0.053340763,0.028854683,0.030232085,0.017982664,0.012006395,0.034760244,0.019534057,0.014975251,0.014996079,0.029706232,0.06666667,0.012305489,0.019016754
2024-03-04,0.014795419,0.014325766,0.06208836,0.06471381,0.02081104,0.06634253,0.05353778,0.019849995,0.0386422,0.022846313,0.033897646,0.02545305,0.05909021,0.034994073,0.0129154,0.06666667,0.023201209,0.023460137,0.049540766,0.028717121,0.02760206,0.016824327,0.013794627,0.03376467,0.017938294,0.01657215,0.015851242,0.026061967,0.06666667,0.010428206,0.018606294
2024-03-05,0.013630599,0.020351533,0.05517156,0.06552374,0.023519592,0.06666667,0.05540709,0.021068808,0.03906915,0.026609423,0.02364074,0.025164874,0.06538376,0.038203306,0.01254954,0.06666667,0.023601424,0.022644322,0.043035902,0.029607192,0.028063778,0.01738459,0.017596774,0.03482387,0.01181729,0.019142231,0.014023205,0.022387818,0.06666667,0.008922989,0.021654896
2024-03-06,0.012202072,0.016637258,0.042791713,0.06666667,0.027900208,0.06666667,0.06318149,0.02131032,0.03485625,0.022424432,0.021598047,0.027697748,0.06666667,0.04487621,0.011488586,0.064941086,0.021998586,0.022868104,0.049931485,0.02683472,0.029678332,0.016628595,0.017060926,0.03559411,0.011847256,0.02295585,0.012727153,0.024817873,0.06666667,0.008173432,0.02031149
2024-03-07,0.014666331,0.019303031,0.04593464,0.06286841,0.026445532,0.06666667,0.06666667,0.021203691,0.030370751,0.023887405,0.022914177,0.028956983,0.05380536,0.044391755,0.012658239,0.058095846,0.024510087,0.02375881,0.05265421,0.024071988,0.031424716,0.016350046,0.018901318,0.042442564,0.011880809,0.024140354,0.013527042,0.023339782,0.06666667,0.008979916,0.018516213
2024-03-08,0.016301453,0.020672541,0.046177633,0.05811819,0.02558442,0.06666667,0.06644557,0.022387775,0.030198788,0.024830054,0.02281805,0.029888658,0.04888995,0.04426438,0.01238248,0.056495316,0.025397236,0.023942078,0.04860156,0.025117077,0.032053478,0.015536354,0.019527763,0.041517492,0.013788343,0.026583811,0.015097332,0.022749474,0.06666667,0.010148587,0.021150827
2024-03-11,0.018774027,0.019491205,0.033799496,0.06209213,0.029497003,0.06666667,0.05315833,0.019342797,0.03284233,0.019895567,0.023074204,0.03823329,0.04798264,0.04989223,0.012782919,0.054945786,0.026536012,0.022954507,0.048545823,0.026632605,0.029708965,0.016276231,0.019383287,0.03640979,0.01955322,0.032572694,0.016586723,0.02521412,0.06666667,0.010130242,0.020358479
2024-03-12,0.017812563,0.01656034,0.02710361,0.061965145,0.044671386,0.058432184,0.0339633,0.02040023,0.0326694,0.017020263,0.033400346,0.036772195,0.03679012,0.03970391,0.017134387,0.061073978,0.029225588,0.027789317,0.05207306,0.027931783,0.028566962,0.02134427,0.018525612,0.030340469,0.022603152,0.038749576,0.0198217,0.028732259,0.06666667,0.01378181,0.018374417
2024-03-13,0.021342538,0.026469508,0.0269003,0.049301576,0.047988024,0.055153545,0.03657652,0.025987236,0.030742066,0.022785591,0.029249473,0.031579774,0.029092733,0.03334623,0.017399471,0.05885757,0.033904098,0.02762079,0.041656822,0.028428944,0.034487817,0.02424817,0.024322642,0.03870389,0.018108925,0.045985468,0.021607967,0.025551036,0.051767945,0.01920474,0.021628594
2024-03-14,0.02950395,0.01981775,0.022404186,0.03886797,0.041298673,0.041389573,0.03115709,0.037001703,0.035458807,0.022081835,0.026669908,0.027425181,0.029150646,0.04409836,0.01638183,0.051905174,0.029300625,0.022732664,0.034503017,0.034398533,0.045190707,0.024298659,0.025094952,0.039584722,0.028903818,0.049705952,0.024273962,0.032895505,0.03758705,0.03226389,0.024653304
2024-03-15,0.032816943,0.031364974,0.023510393,0.026209112,0.03631889,0.035762668,0.021596363,0.038743783,0.030342475,0.02810969,0.031451777,0.022503873,0.021389794,0.0459815,0.014193051,0.0643235,0.02854724,0.023302428,0.028824892,0.03054024,0.03454227,0.02674586,0.02820506,0.028805658,0.041753214,0.05733406,0.027841564,0.027548134,0.030702407,0.051151864,0.029536322
2024-03-18,0.03441958,0.03599475,0.024201876,0.025019249,0.0344415,0.03287807,0.02167242,0.034530632,0.024838239,0.030997436,0.03172229,0.024659418,0.016887762,0.040585916,0.018105814,0.056770034,0.028918443,0.026332729,0.028919086,0.02598933,0.03489238,0.027268074,0.029998887,0.031521052,0.046654537,0.06666667,0.027227271,0.029098732,0.028850123,0.054113206,0.025824497
2024-03-19,0.024682546,0.039617542,0.03168771,0.026730128,0.03796241,0.03335629,0.022734266,0.035994735,0.020895608,0.032943834,0.03368031,0.020509837,0.015242179,0.03387053,0.020937558,0.06384268,0.028588114,0.029530367,0.03085456,0.023113606,0.036248706,0.0288695,0.029999273,0.03614821,0.03226024,0.06666667,0.02500733,0.027308933,0.031215837,0.05779861,0.02170189
2024-03-20,0.01983534,0.032379836,0.036492895,0.027964057,0.03535552,0.035605673,0.023414705,0.03543086,0.019840468,0.030142538,0.03343522,0.020347772,0.01551122,0.026484087,0.02380662,0.06666667,0.02547356,0.03530896,0.03159277,0.019996602,0.039410643,0.029819041,0.028095087,0.043124024,0.031456612,0.06666667,0.022062946,0.030574806,0.031448334,0.062584385,0.019672072
2024-03-21,0.016484376,0.032366354,0.044619456,0.02926136,0.037009433,0.03544683,0.02504872,0.040871482,0.020902988,0.03221571,0.030679917,0.015712332,0.017044744,0.020314928,0.026144242,0.06666667,0.023689087,0.037711024,0.028747967,0.01991551,0.0429055,0.030738795,0.027270002,0.051298227,0.025657859,0.05457276,0.019715928,0.031819314,0.030925913,0.06666667,0.0175759
2024-03-22,0.021013146,0.023183068,0.050536983,0.028891178,0.030080281,0.03239979,0.03921277,0.042537022,0.022746488,0.034884986,0.026458625,0.014239412,0.021731528,0.022315953,0.02365252,0.06666667,0.023284825,0.03017967,0.031136943,0.022070585,0.053846076,0.025208192,0.024791498,0.06478794,0.023482284,0.036023263,0.016735036,0.035859097,0.03532348,0.059147254,0.017573442
2024-03-25,0.020425,0.025928177,0.058041506,0.036945574,0.026745223,0.034925263,0.039719127,0.04249074,0.02827926,0.03645197,0.023723753,0.01625815,0.0300025,0.026399305,0.01911859,0.06666667,0.021354785,0.029170502,0.026314419,0.021097591,0.044767506,0.024107117,0.026800092,0.04903526,0.019037833,0.042649716,0.022499235,0.031030664,0.045448616,0.042230498,0.022335358
2024-03-26,0.022513648,0.019880472,0.06297061,0.038844578,0.023823954,0.031512268,0.038498085,0.03677994,0.035589002,0.03443827,0.032744832,0.016283505,0.03716471,0.028579894,0.01920795,0.06666667,0.018703915,0.027953966,0.025343927,0.02158915,0.04394643,0.02282,0.020604543,0.038282573,0.025389686,0.034854688,0.024913771,0.033439774,0.05866064,0.038794074,0.01920448
2024-03-27,0.017378412,0.02070986,0.058316916,0.041102108,0.031012788,0.037312355,0.036833026,0.033903133,0.022148399,0.034671202,0.037681777,0.016069856,0.03180566,0.02838854,0.024145141,0.06666667,0.022535015,0.031061709,0.039244052,0.021895826,0.03717998,0.029703856,0.022988355,0.044682775,0.018292205,0.037038386,0.02252549,0.028772643,0.049591307,0.03667322,0.019669333
2024-03-28,0.012913251,0.0156242205,0.06666667,0.046838462,0.026952356,0.029437141,0.03285827,0.037382327,0.029787865,0.030714246,0.041902017,0.013081968,0.03210998,0.022648485,0.03313055,0.06666667,0.019585764,0.032300953,0.034036152,0.0213224,0.044458743,0.026858531,0.016239192,0.050818074,0.0208578,0.027122082,0.021830654,0.036447097,0.058260925,0.03720383,0.013943329
2024-04-01,0.014441428,0.011733122,0.06666667,0.056116864,0.024748601,0.025146777,0.029469285,0.034272548,0.035674587,0.027144743,0.04465977,0.015002248,0.03566525,0.02432328,0.03212365,0.06666667,0.019816048,0.02917917,0.033865392,0.023999477,0.041407827,0.02520474,0.015293674,0.042073477,0.021042611,0.026815088,0.028295215,0.03681286,0.066560395,0.029986355,0.015792178
2024-04-02,0.01965825,0.013864602,0.06666667,0.047366764,0.025649533,0.019984182,0.022846106,0.030660354,0.033307865,0.031996198,0.051600017,0.014263734,0.03403203,0.02595013,0.037333358,0.06561501,0.02240386,0.028880611,0.027054315,0.024454964,0.037707835,0.025960116,0.017977279,0.04015523,0.027589802,0.028542565,0.03680907,0.030123364,0.06279468,0.032642398,0.016109109
2024-04-03,0.02715282,0.014989871,0.06666667,0.04650976,0.020034665,0.014641765,0.022474544,0.0250171,0.041547872,0.03425903,0.056743763,0.014140366,0.0409308,0.02819394,0.042625286,0.06666667,0.021969201,0.025213039,0.01897015,0.022860754,0.03646752,0.021629212,0.014536526,0.034173302,0.03756265,0.023376651,0.044290747,0.03196163,0.06666667,0.025226124,0.012500916
2024-04-04,0.028809402,0.025559224,0.06666667,0.034455802,0.017415473,0.013650195,0.025623862,0.02452775,0.031319734,0.04399626,0.05314698,0.0111900065,0.0295533,0.02668231,0.051189866,0.065923944,0.021575462,0.02675458,0.015378484,0.020653278,0.039935593,0.020879695,0.019393113,0.04660828,0.036988582,0.02866614,0.035360347,0.026036363,0.06252391,0.036330454,0.013204945
2024-04-05,0.03071539,0.029933108,0.050997607,0.031135079,0.01698499,0.01599358,0.023123648,0.025847457,0.027906874,0.040699422,0.050394326,0.011727807,0.030354725,0.03121296,0.047565572,0.06666667,0.018151019,0.026431387,0.014755568,0.017964749,0.03774729,0.021186734,0.01884747,0.039703056,0.062442493,0.03895637,0.028065402,0.03377916,0.04951293,0.045481578,0.015715586
2024-04-08,0.027127275,0.035698295,0.059336703,0.024181182,0.015036455,0.016906872,0.020675013,0.029439557,0.026853193,0.046604734,0.054244682,0.008947046,0.026018884,0.029570617,0.044257257,0.06666667,0.017887667,0.027238613,0.013864815,0.017081833,0.040180203,0.020901162,0.017586378,0.04084894,0.06666667,0.034436285,0.025246762,0.0302134,0.042459298,0.058611233,0.015212315
2024-04-09,0.02887129,0.033712532,0.05853156,0.023691446,0.015287849,0.01685949,0.021141058,0.03095462,0.023577178,0.045938056,0.046100274,0.009546559,0.02601932,0.03308575,0.039927453,0.06666667,0.019220477,0.025594918,0.014902506,0.017738136,0.04154236,0.019218454,0.019037167,0.04811758,0.06666667,0.034744695,0.026264142,0.030841889,0.038051333,0.060490508,0.017658064
2024-04-10,0.028037904,0.029715585,0.061603423,0.02533209,0.014971736,0.017284183,0.018523341,0.029242981,0.027161408,0.041227933,0.051934507,0.010791258,0.027459254,0.03797997,0.03865893,0.06666667,0.019820256,0.026009621,0.016823146,0.019892605,0.038460027,0.018692572,0.017054576,0.042692874,0.06666667,0.03324268,0.030666832,0.029616589,0.041864358,0.05409919,0.017806837
2024-04-11,0.026020328,0.041613046,0.06330789,0.019712793,0.014667847,0.02241556,0.016151277,0.030336196,0.022735445,0.053837635,0.051982343,0.010932071,0.022371009,0.040018912,0.0325345,0.06666667,0.020579875,0.03308293,0.018186804,0.018731354,0.031373244,0.018798718,0.018714335,0.038642626,0.06666667,0.034168072,0.025732426,0.024583714,0.03478208,0.061993297,0.018660342
2024-04-12,0.030025717,0.063726485,0.06666667,0.014623501,0.013799441,0.020874621,0.01451191,0.024861649,0.02103626,0.062433764,0.05044985,0.0121549675,0.017665839,0.030636193,0.0403179,0.06054864,0.023713037,0.039048057,0.014835523,0.019277435,0.02971687,0.018179774,0.020837957,0.042443518,0.06666667,0.02981506,0.028397169,0.018087015,0.02840618,0.060702596,0.015539735
2024-04-15,0.03865535,0.06666667,0.06666667,0.013705611,0.0153055005,0.021773405,0.012598842,0.020042676,0.019428642,0.06666667,0.051122252,0.017189108,0.016392926,0.033922303,0.046017386,0.049268194,0.025499247,0.043639656,0.01548025,0.021380624,0.021967137,0.01904326,0.023986926,0.03151707,0.06666667,0.035037793,0.030082114,0.017783133,0.023396133,0.05173411,0.017363682
2024-04-16,0.04527608,0.06666667,0.0533147,0.014313247,0.017195964,0.022999337,0.013485692,0.018302765,0.021165654,0.06666667,0.04626691,0.02169349,0.018653063,0.03821271,0.05402192,0.040212613,0.026805358,0.043403674,0.016662406,0.022589793,0.025114484,0.019107562,0.021181637,0.036110006,0.06666667,0.03544117,0.025958983,0.020676885,0.021974925,0.04361626,0.016242705
2024-04-17,0.04877687,0.06666667,0.04976623,0.014253822,0.019922046,0.02819931,0.012006038,0.017814375,0.019466503,0.06666667,0.046264887,0.026797226,0.0215195,0.038292762,0.050771408,0.033529893,0.028116696,0.04710507,0.021205844,0.02382091,0.022358779,0.023425844,0.019656444,0.029060854,0.06666667,0.03477453,0.026862832,0.021233145,0.018061154,0.036379818,0.020557206
2024-04-18,0.050429225,0.06666667,0.04032287,0.017320903,0.022987327,0.026106292,0.010030389,0.017461302,0.022927431,0.059064217,0.04110178,0.031061353,0.025988089,0.03945302,0.05553812,0.030298432,0.029275792,0.046696816,0.024113137,0.026960375,0.0236952,0.022099406,0.017139455,0.03244797,0.06666667,0.032867055,0.026332166,0.025084691,0.019718846,0.030216815,0.01992819
2024-04-19,0.051081795,0.04794129,0.03392484,0.022847947,0.025944091,0.026357884,0.009653879,0.01781217,0.026181394,0.04739173,0.03950757,0.039156985,0.03164869,0.041044205,0.059039555,0.026181953,0.028353425,0.048057504,0.029827626,0.031453613,0.025396425,0.022252344,0.015109915,0.030896582,0.06666667,0.032137893,0.028682163,0.030373791,0.021389196,0.02263411,0.021052752
2024-04-22,0.04208441,0.027780307,0.024287267,0.030703263,0.029114336,0.027594315,0.009269818,0.020097658,0.03190511,0.032486178,0.04596624,0.03888833,0.03288845,0.043034777,0.06063464,0.031327758,0.028718304,0.044632297,0.037816815,0.03183652,0.025474139,0.024124434,0.012426601,0.031009229,0.06666667,0.03308963,0.028860455,0.03814125,0.027159669,0.021701273,0.020279862
2024-04-23,0.03312543,0.022582883,0.02701075,0.03493618,0.02789168,0.03144721,0.00998344,0.026997605,0.03623244,0.032121997,0.039737593,0.031579897,0.03701755,0.047494087,0.044812657,0.03820106,0.02712611,0.043008577,0.037070796,0.03132719,0.031763274,0.019203253,0.011216415,0.03706094,0.06666667,0.03151575,0.028656844,0.042400274,0.028513707,0.023393374,0.019904364
2024-04-24,0.034180712,0.015292288,0.02944755,0.04402107,0.024189042,0.025703408,0.011139674,0.027546903,0.051819,0.028290274,0.02556174,0.037464663,0.053791475,0.044382438,0.040403787,0.030615948,0.025506929,0.037105724,0.02699315,0.032733258,0.038063403,0.01790805,0.011772847,0.041894887,0.06666667,0.030841073,0.032692984,0.041873496,0.034235053,0.017177755,0.02068476
2024-04-25,0.03175479,0.017663933,0.025585016,0.04431966,0.029003922,0.025920704,0.010031384,0.030956214,0.048925396,0.028442413,0.025623634,0.035638608,0.043037806,0.04222793,0.039722253,0.031869076,0.026576374,0.0398689,0.028015638,0.034761023,0.03511847,0.020645121,0.014001004,0.03869732,0.06666667,0.037266206,0.0331374,0.04107031,0.030838363,0.021305233,0.021309238
2024-04-26,0.03163137,0.016990392,0.023269616,0.04871587,0.028962495,0.027577186,0.010997569,0.039132696,0.05235728,0.025911922,0.025901593,0.03293214,0.047056824,0.034589157,0.03308073,0.03708473,0.01962418,0.042543154,0.022151763,0.027791781,0.034416936,0.019430302,0.012041956,0.03109427,0.06666667,0.03887285,0.038759194,0.052695986,0.030360145,0.02247529,0.024883965
2024-04-29,0.024075761,0.028229414,0.028274897,0.044471957,0.033869635,0.026582206,0.0134062115,0.04669576,0.042819727,0.033493817,0.020321373,0.027248362,0.040156335,0.031160766,0.032021,0.029922295,0.021436417,0.042581726,0.01919341,0.029047344,0.044800583,0.020055698,0.014499029,0.040999703,0.065851405,0.03948756,0.037576925,0.043960657,0.02139904,0.028585702,0.027775273
2024-04-30,0.023606123,0.03293717,0.023424637,0.04240451,0.029353872,0.029181255,0.01544759,0.04195285,0.05011559,0.03240264,0.016573032,0.031292982,0.0380553,0.03621564,0.027566554,0.033944786,0.020984227,0.036705904,0.018027296,0.03036622,0.045383148,0.01898838,0.016802471,0.046923596,0.06666667,0.047068007,0.027629597,0.03932563,0.024108464,0.03225886,0.024287002
2024-05-01,0.029687857,0.03596675,0.02356737,0.051817194,0.034658268,0.034719404,0.018440621,0.036916636,0.045901086,0.030277992,0.013642093,0.04502184,0.051220406,0.04550338,0.02405005,0.023829402,0.022160575,0.033398814,0.0227222,0.031689625,0.034538064,0.02018588,0.017281497,0.032571793,0.047989096,0.044463407,0.034086693,0.040320873,0.027013699,0.017146375,0.029211067
2024-05-02,0.029413078,0.029406913,0.021026498,0.061008792,0.042273283,0.031872425,0.015755972,0.029688433,0.052733988,0.023585998,0.015924532,0.04850823,0.059620805,0.05608634,0.022076458,0.020699425,0.027122756,0.022935107,0.02451102,0.038129993,0.029915867,0.02043776,0.017032646,0.026412277,0.043384008,0.04025184,0.04621152,0.03270558,0.033210598,0.012155702,0.025902154
2024-05-03,0.023469679,0.03183131,0.023979276,0.05414582,0.04540608,0.0380331,0.01675549,0.031190064,0.051554304,0.023171596,0.018073915,0.04298019,0.058540717,0.059904274,0.018407902,0.024968222,0.026734626,0.023224447,0.02784472,0.040787566,0.031921744,0.021583378,0.01736693,0.02525903,0.041768316,0.036429767,0.03994145,0.031740904,0.032432392,0.015562555,0.024990235
2024-05-06,0.021212852,0.04407905,0.023105808,0.04812839,0.047081884,0.039600216,0.017162696,0.03499554,0.05132144,0.023816789,0.017953511,0.03841645,0.05207428,0.054086704,0.0147592705,0.031205393,0.02336703,0.02205548,0.022746975,0.04000855,0.03196909,0.0219473,0.020959951,0.02319234,0.04558219,0.04250169,0.035623457,0.03158353,0.029520884,0.023381835,0.026559427
2024-05-07,0.027019508,0.04537857,0.022436727,0.037477538,0.042904943,0.036730256,0.01958549,0.03770988,0.05647603,0.025219286,0.016820274,0.039485816,0.046044186,0.050715864,0.012300985,0.0304868,0.025631962,0.019162802,0.021704173,0.0433497,0.035692398,0.023746202,0.024706615,0.025773976,0.04381542,0.039348263,0.032869827,0.029706344,0.02836754,0.03081939,0.028513243
2024-05-08,0.036838304,0.052249007,0.01994151,0.030827684,0.037120473,0.023995273,0.017117616,0.040852845,0.057321798,0.031603843,0.011528059,0.039276462,0.030766388,0.05180316,0.0150875375,0.01851917,0.031271152,0.017646177,0.016572958,0.050729495,0.035775293,0.019414356,0.035658114,0.03913835,0.04861829,0.043192632,0.036702067,0.02408929,0.022003544,0.03409551,0.030243648
2024-05-09,0.038797837,0.050122976,0.01735805,0.02770972,0.037408613,0.02607937,0.017262824,0.040326744,0.05147364,0.029841186,0.011509778,0.03805036,0.028478924,0.051429946,0.014304446,0.019368902,0.033075977,0.016476782,0.01672525,0.04902324,0.036712866,0.020278824,0.037478276,0.041498978,0.05429928,0.046039682,0.033419974,0.023766765,0.019784413,0.03986137,0.032035008
2024-05-10,0.03118213,0.036577616,0.01888775,0.029753776,0.030607166,0.027070137,0.018502293,0.044340346,0.055766195,0.027249863,0.01309258,0.030570026,0.03069185,0.051041525,0.0141382255,0.028589275,0.027768405,0.016505199,0.016237332,0.04283108,0.04096717,0.018621076,0.03229149,0.045114603,0.06598348,0.047316022,0.027786564,0.028223753,0.0235247,0.04913998,0.029628385
2024-05-13,0.02122544,0.03999076,0.017380454,0.03436514,0.03278091,0.041356634,0.024567734,0.046515647,0.04476489,0.025655037,0.012090719,0.03216962,0.028190859,0.04545078,0.013428397,0.03391726,0.028357686,0.02006539,0.02039106,0.03820842,0.039157048,0.02232389,0.040367153,0.051657673,0.03463744,0.060798768,0.02239993,0.023271754,0.02395788,0.046189066,0.034366563
2024-05-14,0.022119086,0.038726002,0.015390449,0.032990355,0.03503375,0.03900226,0.021008683,0.04433779,0.04846535,0.023537852,0.012614952,0.033925503,0.027521107,0.043435052,0.017111637,0.03108021,0.027847925,0.021117693,0.019268533,0.042846024,0.041684482,0.02483131,0.042389326,0.04888059,0.03463069,0.065007135,0.022596497,0.023998782,0.020403743,0.04834647,0.029850753
2024-05-15,0.02824654,0.03641337,0.013640994,0.0341634,0.034708418,0.032935742,0.02093368,0.039690174,0.04379424,0.023463184,0.010487646,0.038285006,0.029854972,0.040061973,0.01846419,0.024845364,0.031692617,0.017877826,0.016629128,0.042670634,0.04346889,0.02720556,0.05367767,0.05674919,0.030599395,0.06666667,0.024328135,0.022879755,0.018563924,0.04440214,0.03259957
2024-05-16,0.032161742,0.031512804,0.015207167,0.039379455,0.034437377,0.032764826,0.027151488,0.038010374,0.04657821,0.020926336,0.009523811,0.042570874,0.034377996,0.034652084,0.01845007,0.022655945,0.03066006,0.016949262,0.015035377,0.03996284,0.046683468,0.024368865,0.05015145,0.06508703,0.02724953,0.06666667,0.026464367,0.023935378,0.021975514,0.034874607,0.02957503
2024-05-17,0.023408793,0.06385023,0.012165212,0.03474251,0.047590867,0.036414344,0.022404391,0.04159106,0.04321806,0.022627825,0.012352526,0.031008562,0.025861813,0.0298277,0.018654685,0.034955256,0.02768587,0.018460538,0.012238508,0.03383267,0.043172657,0.026661746,0.04878703,0.05010649,0.029959688,0.06666667,0.021476177,0.02537405,0.019145865,0.04892592,0.026832286
2024-05-20,0.024232952,0.058376413,0.01213829,0.03423843,0.044335533,0.03408379,0.02185833,0.040586587,0.04087533,0.023060085,0.013626105,0.029523244,0.02399088,0.029022139,0.020162165,0.038685583,0.02727393,0.019390842,0.011898707,0.03178163,0.046020787,0.026707534,0.04753879,0.050023593,0.035404433,0.06666667,0.02084935,0.02807748,0.018741487,0.05488025,0.025948659
2024-05-21,0.03312082,0.06666667,0.011869163,0.023209585,0.036464807,0.028192693,0.022326374,0.036092844,0.03636832,0.028643738,0.012708897,0.03461323,0.020458186,0.0288656,0.02270329,0.031163774,0.028370742,0.019525677,0.010070852,0.03239336,0.045406863,0.02895974,0.061770085,0.048695922,0.036693152,0.06666667,0.01983121,0.024657618,0.013802106,0.0637724,0.025915612
2024-05-22,0.039138634,0.06666667,0.011848502,0.018275434,0.042510152,0.02443763,0.018191446,0.037328865,0.031045662,0.02952647,0.013650755,0.030720482,0.017639553,0.027974248,0.024689216,0.026651008,0.030291142,0.018033456,0.0097699175,0.03306368,0.04572546,0.029762872,0.0598352,0.051372427,0.046798743,0.06666667,0.020634927,0.025288003,0.011052962,0.06666667,0.02474315
2024-05-23,0.048809648,0.06666667,0.011649361,0.014429875,0.048141956,0.022647161,0.018505,0.034394592,0.02684694,0.030706678,0.015878627,0.03128004,0.014925374,0.028368408,0.028675247,0.019651461,0.035377156,0.016285418,0.011551242,0.03732984,0.041405752,0.03411416,0.05956343,0.049789246,0.04144118,0.06666667,0.022112912,0.022682028,0.009908224,0.06666667,0.023529043
2024-05-24,0.06538454,0.06666667,0.011410547,0.011110387,0.042685878,0.027568344,0.02748778,0.032724723,0.019007064,0.035845645,0.016209204,0.031929158,0.01639866,0.031837434,0.02455948,0.015791152,0.030140435,0.015722375,0.012632649,0.030981816,0.04467911,0.029360393,0.05072635,0.049916863,0.05204312,0.06554729,0.01781741,0.02501701,0.008846076,0.06462603,0.025326412
2024-05-28,0.05746065,0.06666667,0.015579796,0.009943818,0.038500458,0.026398348,0.029932862,0.030767964,0.017810311,0.042716015,0.018116292,0.02555892,0.016740749,0.029381,0.028821906,0.019833738,0.028311936,0.016934205,0.011468109,0.025738481,0.049889956,0.026761124,0.047571383,0.06666667,0.06128408,0.05633403,0.014263178,0.024208205,0.010730093,0.06666667,0.018942386
2024-05-29,0.058154993,0.06666667,0.016951941,0.009912532,0.034635603,0.03038516,0.029522339,0.027866973,0.017128043,0.041070502,0.018927889,0.025661416,0.019458888,0.029747428,0.024996763,0.023211224,0.026006773,0.017286645,0.011416664,0.023755431,0.048724122,0.024565162,0.048001222,0.06666667,0.06666667,0.059425846,0.01334969,0.022886895,0.011287141,0.06666667,0.018996045
2024-05-30,0.06666667,0.06666667,0.020663379,0.009244463,0.031775057,0.028039109,0.027672047,0.023949344,0.017498424,0.047578316,0.020261167,0.027296757,0.020308329,0.03078616,0.028284825,0.020918591,0.027603364,0.018365629,0.010601547,0.024821125,0.041267466,0.024028707,0.048245803,0.06586544,0.06666667,0.053048957,0.015653435,0.020505996,0.011645116,0.065516904,0.018554544
2024-05-31,0.055842895,0.06666667,0.024521198,0.011960294,0.031622328,0.028381433,0.032703187,0.021097584,0.020581603,0.038085546,0.028157653,0.026978252,0.02481506,0.031667024,0.04406844,0.02757117,0.0237931,0.021351775,0.013841877,0.024220103,0.050147522,0.022537347,0.032963105,0.0637118,0.06666667,0.03995768,0.013007513,0.029156074,0.018299473,0.053513847,0.012111777
2024-06-03,0.03884147,0.054436035,0.025625987,0.017220577,0.029321766,0.030618388,0.033027265,0.021625651,0.026880326,0.027155614,0.030212622,0.027687656,0.031033669,0.028393375,0.045947824,0.038744383,0.020955587,0.024565483,0.01611857,0.02246403,0.058976166,0.02173189,0.024042,0.06666667,0.06666667,0.040896952,0.012420815,0.035086513,0.026660353,0.045375552,0.010600144
2024-06-04,0.043806855,0.053719275,0.032316994,0.019801708,0.03044521,0.032456428,0.039957676,0.020154566,0.02721464,0.030483251,0.025311094,0.038754273,0.03584338,0.028697405,0.04668044,0.025409348,0.025478402,0.027142286,0.019467968,0.02713981,0.054198887,0.025298823,0.029163454,0.06666667,0.041449025,0.039596267,0.017407356,0.027270248,0.02828256,0.027862933,0.012522765
2024-06-05,0.0333104,0.05259241,0.034391135,0.021744655,0.033411376,0.034276858,0.037934367,0.02172599,0.02767728,0.02946935,0.026924431,0.04207376,0.03420896,0.027000299,0.048785586,0.024996018,0.026902981,0.030552434,0.025363132,0.031869207,0.05210337,0.03125698,0.031826407,0.06666667,0.022875234,0.039885536,0.019682473,0.024468906,0.027144432,0.025329575,0.013549789
2024-06-06,0.04040479,0.06666667,0.034949604,0.01618083,0.02907411,0.03135351,0.040842187,0.024477685,0.025520366,0.036513742,0.024868524,0.037743118,0.026961137,0.024034273,0.045290343,0.02327489,0.02722137,0.030623643,0.02029789,0.032389905,0.05392545,0.029663451,0.037450094,0.06666667,0.022224579,0.039730705,0.020361966,0.021651018,0.021011762,0.03306345,0.015562272
2024-06-07,0.046766344,0.06666667,0.03892865,0.017002746,0.022948526,0.029276254,0.03816087,0.025787318,0.03417972,0.034118842,0.02250397,0.044492852,0.030532118,0.026286848,0.042989265,0.021730326,0.028206958,0.028655864,0.019102005,0.036434297,0.04947413,0.028881788,0.03424516,0.06413575,0.020544093,0.034603402,0.02450719,0.022072002,0.02185533,0.026080023,0.018830683
2024-06-10,0.059878413,0.06666667,0.037293736,0.014874608,0.017827613,0.028257722,0.03868885,0.025258593,0.0348084,0.035781734,0.020878674,0.048814427,0.02801262,0.024240134,0.046211213,0.01866268,0.02910875,0.02778401,0.014802737,0.034417644,0.047052,0.031489704,0.035221543,0.061733674,0.023548907,0.034997884,0.02594536,0.022140963,0.01827873,0.026606428,0.02071558
2024-06-11,0.04915983,0.06666667,0.04712914,0.01625809,0.015263563,0.03181748,0.041608375,0.032956608,0.03721528,0.034718126,0.023580305,0.036797535,0.03591551,0.026897458,0.03720849,0.025370736,0.023759931,0.025883134,0.015530346,0.030177508,0.051655225,0.029295698,0.02772397,0.051513523,0.027470961,0.029048372,0.026758732,0.02874189,0.020485671,0.029232623,0.02415922
2024-06-12,0.051559623,0.06666667,0.065061554,0.013323374,0.014375804,0.030572757,0.038077395,0.030351458,0.033000227,0.04251582,0.034270838,0.035423305,0.024085477,0.021318223,0.04325683,0.03043201,0.025424307,0.032920595,0.014421468,0.028646896,0.035497326,0.03348798,0.029923398,0.03525422,0.026370516,0.026696013,0.03256941,0.024688443,0.018816449,0.036367867,0.024623752
2024-06-13,0.05567083,0.06666667,0.054262836,0.011949527,0.014644048,0.030643575,0.042696297,0.029819692,0.024705537,0.056103196,0.029961843,0.030256512,0.019011948,0.01832418,0.036899604,0.033080567,0.026108427,0.03123908,0.011407839,0.023021933,0.03371788,0.032515,0.039137512,0.038769003,0.028470295,0.03900249,0.02932224,0.022058424,0.016319148,0.047689788,0.026524076
2024-06-14,0.06666667,0.06666667,0.04952153,0.011098565,0.01600407,0.028433459,0.039190967,0.027989171,0.024069054,0.05681151,0.029016826,0.03374355,0.017643396,0.017526615,0.040915437,0.026625544,0.027849935,0.030742161,0.012180636,0.02519485,0.03046453,0.03150308,0.03934379,0.04081746,0.03486055,0.03560378,0.030493733,0.0227518,0.015783867,0.045003254,0.025483543
2024-06-17,0.06666667,0.06666667,0.049473852,0.012139618,0.017468989,0.031181004,0.037114594,0.027024962,0.024014402,0.05807741,0.027689332,0.035963815,0.018715844,0.01998367,0.036922473,0.025442649,0.02859974,0.032067936,0.012887137,0.025916671,0.029038563,0.029091062,0.03913522,0.040416826,0.03538697,0.03736448,0.03372598,0.020462641,0.01632762,0.037528433,0.027504783
2024-06-18,0.058385953,0.06666667,0.053074636,0.011392619,0.018229164,0.029724432,0.031052643,0.027528528,0.02159662,0.065783314,0.033252157,0.027928034,0.015894989,0.016572293,0.041389983,0.03215394,0.028062329,0.037041724,0.013057266,0.024731915,0.028365048,0.030009607,0.036056843,0.03929596,0.040280696,0.034165323,0.029384805,0.022185149,0.0150765935,0.04673344,0.024927331
2024-06-20,0.06666667,0.06666667,0.05342869,0.010351141,0.015747227,0.025833094,0.04250678,0.029099787,0.022729855,0.06666667,0.029763274,0.026173688,0.016113115,0.016225431,0.043717775,0.026356058,0.027863575,0.032439858,0.012789458,0.024321232,0.03356833,0.028414253,0.034834705,0.050274655,0.034715142,0.028495232,0.025953544,0.023311922,0.016641902,0.045659553,0.022670727
2024-06-21,0.06666667,0.06666667,0.056716472,0.011275616,0.013601929,0.021348352,0.03847442,0.027520137,0.028220098,0.062019512,0.034831617,0.023230804,0.018073471,0.01734335,0.04362633,0.032156106,0.026677614,0.02886787,0.012620282,0.022882722,0.035687894,0.025579136,0.027681649,0.046375718,0.04541896,0.024287729,0.027010025,0.026467599,0.022309603,0.044705555,0.021656103
2024-06-24,0.057280973,0.06666667,0.06666667,0.014171893,0.01602352,0.02203004,0.032917026,0.027735645,0.03008103,0.05167072,0.040940784,0.024007045,0.021847049,0.0169866,0.047762703,0.031705167,0.029458364,0.03251728,0.016409714,0.026513109,0.031742956,0.030404378,0.025494987,0.03723354,0.034666356,0.01958989,0.036762625,0.02759329,0.023969322,0.036352683,0.022797978
2024-06-25,0.04470078,0.06666667,0.042704053,0.017105661,0.017266627,0.021632891,0.029320622,0.030315476,0.035411667,0.038946025,0.0453216,0.02028285,0.01904545,0.016826732,0.05250254,0.04481289,0.02636265,0.03368856,0.015385686,0.024451,0.036460865,0.033827588,0.024437126,0.039561555,0.037921388,0.027639465,0.032342315,0.030785095,0.025702814,0.048759617,0.019811753
2024-06-26,0.039890073,0.06666667,0.048105475,0.022264002,0.019634394,0.027104966,0.031012818,0.03120774,0.029745854,0.038181834,0.034756374,0.02534265,0.02528329,0.019301882,0.039724156,0.03610695,0.02640945,0.036285795,0.015465223,0.024059823,0.037575983,0.037257485,0.03247344,0.040370192,0.023515843,0.03987946,0.043735057,0.023026362,0.023942519,0.038018107,0.023656132
2024-06-27,0.02437288,0.06666667,0.060483675,0.023000615,0.02198004,0.03050649,0.025427492,0.038713645,0.028880656,0.04234879,0.0337441,0.01737258,0.025903717,0.019607104,0.03633659,0.04764829,0.023553828,0.041380703,0.015934637,0.023068568,0.034603924,0.040388238,0.033457797,0.034564085,0.016599622,0.03837799,0.042098124,0.020952659,0.023490734,0.044247635,0.024288125
2024-06-28,0.019106679,0.06228629,0.06435111,0.025078917,0.022545693,0.03552612,0.025651539,0.037143182,0.023111414,0.037760384,0.033825405,0.017710509,0.025460798,0.021288935,0.03367268,0.047179382,0.025083384,0.042021148,0.020662373,0.022043204,0.029276881,0.04514121,0.03918702,0.03319572,0.011637967,0.045055166,0.043112017,0.017769104,0.025228446,0.042006403,0.02688092
2024-07-01,0.010282062,0.057411894,0.03573571,0.04195388,0.03242491,0.060813826,0.024892822,0.03583023,0.01677296,0.032728095,0.024872772,0.017865576,0.024039287,0.026138287,0.024287114,0.048874635,0.023898399,0.041869313,0.028042354,0.019807393,0.020876316,0.05192144,0.059938964,0.029368296,0.0059614005,0.06666667,0.028341653,0.013593167,0.026095552,0.035854273,0.03284075
2024-07-02,0.016665105,0.05894512,0.03582063,0.035718083,0.03237655,0.048290465,0.027535353,0.037889067,0.019059973,0.035235822,0.021601535,0.015309019,0.030298343,0.024260405,0.02913495,0.038315363,0.024020344,0.035489082,0.01714463,0.020411897,0.025410097,0.04986312,0.06364511,0.043392353,0.008343846,0.06666667,0.029521275,0.014057779,0.022754325,0.04110145,0.03172224
2024-07-03,0.015078876,0.059334848,0.036356118,0.038973257,0.032915786,0.04099449,0.024066458,0.040400088,0.018552423,0.03739912,0.019039825,0.012596536,0.031660967,0.023561038,0.031525213,0.038647413,0.023063622,0.03323524,0.014355114,0.018723162,0.02652639,0.048760477,0.06666667,0.0502513,0.009124794,0.06666667,0.029449148,0.0145992655,0.022722062,0.042809,0.03194463
2024-07-05,0.01631582,0.063596,0.03144911,0.04047206,0.035560563,0.042026814,0.026307277,0.03833003,0.019845353,0.035572357,0.016803252,0.014083714,0.03263599,0.023656605,0.028795263,0.04051328,0.023370015,0.030052418,0.013613072,0.01867047,0.029366568,0.04554999,0.06666667,0.05499443,0.009574946,0.06666667,0.025809016,0.014854943,0.024084566,0.042516373,0.028246362
2024-07-08,0.015663259,0.06666667,0.028136598,0.03431756,0.044138305,0.040999584,0.0246793,0.04049644,0.01962542,0.037461318,0.01566762,0.014365577,0.0272249,0.02341555,0.028294342,0.038702816,0.026325043,0.029443974,0.0128540555,0.02094536,0.029857395,0.050581094,0.06666667,0.054428406,0.008073497,0.06666667,0.02647286,0.013266275,0.019146603,0.048686225,0.02673063
2024-07-09,0.019715702,0.06666667,0.027416147,0.029528225,0.041087747,0.033694647,0.030049365,0.042660948,0.018693343,0.04448569,0.012913968,0.015862973,0.026431486,0.023530805,0.026725411,0.032273646,0.025775636,0.026418531,0.012068938,0.021058582,0.035455666,0.045525204,0.06666667,0.059116587,0.008958155,0.06666667,0.024067136,0.016135141,0.017864592,0.05327051,0.029215218
2024-07-10,0.019666232,0.06666667,0.025417281,0.033537533,0.050012767,0.037079263,0.031002952,0.041446332,0.01839715,0.045573935,0.012072528,0.017152715,0.030560868,0.028768385,0.022713747,0.02722987,0.025498355,0.024003563,0.0133346,0.023804909,0.036941946,0.039417554,0.06666667,0.05493085,0.010129366,0.06666667,0.023123953,0.016958367,0.018715233,0.042543784,0.029965963
2024-07-11,0.017868193,0.06666667,0.024538523,0.03594096,0.048333067,0.03847786,0.0352232,0.039153896,0.019820245,0.041875564,0.01364934,0.018274195,0.028205536,0.0266688,0.021100685,0.032995824,0.024550313,0.02376017,0.014527937,0.023470258,0.040375143,0.034035746,0.062494293,0.05777047,0.010998828,0.06666667,0.021357944,0.017576648,0.022642093,0.043565195,0.027415743
2024-07-12,0.018769793,0.042061035,0.017886965,0.054678265,0.04846088,0.040837713,0.04527598,0.03269626,0.024550831,0.027791979,0.014994431,0.026551437,0.035308126,0.032464966,0.019306703,0.036768362,0.022467854,0.022633132,0.024002394,0.026235513,0.039445486,0.029445741,0.04654898,0.04839531,0.013486824,0.06666667,0.02185634,0.026536625,0.036260966,0.03005192,0.02756253
2024-07-15,0.014818667,0.024852991,0.01772833,0.06666667,0.04518746,0.04343999,0.03865907,0.031563073,0.03026331,0.022663655,0.015595282,0.031837054,0.040953707,0.034537327,0.017874725,0.042039525,0.020551909,0.02487087,0.031938072,0.029691003,0.037343647,0.028524373,0.040734623,0.039467838,0.0134404665,0.06666667,0.02291685,0.030327493,0.04171107,0.025787063,0.027347228
2024-07-16,0.012889484,0.031851966,0.021281397,0.0642199,0.037730735,0.051509272,0.03821279,0.026850583,0.023655126,0.027499,0.023590788,0.026807828,0.028814305,0.033784606,0.01786913,0.060788557,0.020089358,0.032691527,0.034382973,0.024985703,0.03107337,0.026913712,0.037209366,0.03364447,0.017269965,0.06666667,0.019524949,0.027567426,0.04142681,0.03140699,0.027791241
2024-07-17,0.0072748763,0.01546315,0.024589084,0.06666667,0.042111896,0.056445513,0.030244216,0.029620357,0.025976919,0.022026448,0.024521729,0.0230744,0.03199144,0.027193615,0.023380363,0.06575957,0.019420834,0.040423915,0.048533093,0.026458643,0.03231634,0.029962644,0.029898275,0.03703603,0.012301431,0.06666667,0.016143708,0.030449402,0.045740943,0.027630463,0.020677375
2024-07-18,0.006776226,0.00947768,0.01711399,0.06666667,0.04413928,0.05849749,0.027896978,0.031059062,0.031497687,0.014284596,0.027685456,0.026915353,0.034312014,0.031260345,0.023196021,0.06666667,0.017867493,0.03774901,0.060096756,0.028589733,0.030709954,0.030167982,0.022953084,0.028159294,0.012300772,0.06666667,0.01764577,0.039163724,0.04795105,0.021593403,0.020939792
2024-07-19,0.007766219,0.007224054,0.015374283,0.06666667,0.040808424,0.061833587,0.02543664,0.034782164,0.030107275,0.012996674,0.03123702,0.026871253,0.03504503,0.03218679,0.022295525,0.06666667,0.016323475,0.039121214,0.06666667,0.029298952,0.029839965,0.02970623,0.020077879,0.02292978,0.015278529,0.06666667,0.018201768,0.043830104,0.040358607,0.022449423,0.02195247
2024-07-22,0.009259299,0.008261803,0.015694747,0.06666667,0.044098537,0.057602465,0.024964746,0.039438605,0.027709417,0.014011238,0.028906018,0.02690177,0.03577885,0.035516616,0.024750264,0.05553317,0.017257987,0.03862638,0.06666667,0.029980736,0.030433789,0.032125514,0.018953012,0.024058895,0.015836665,0.060921915,0.021413865,0.04874796,0.033765044,0.021627417,0.024489937
2024-07-23,0.014393251,0.01129008,0.01711435,0.06666667,0.044415265,0.057844125,0.023062835,0.03464278,0.023910105,0.015906658,0.028708681,0.032573488,0.034411367,0.037399683,0.02495744,0.043641638,0.019938406,0.037365448,0.06666667,0.030982293,0.03067833,0.02716196,0.017754342,0.024498416,0.027008343,0.057408623,0.02460165,0.05260719,0.027740378,0.019534493,0.025115043
2024-07-24,0.021397512,0.019555865,0.016787263,0.05199759,0.062059037,0.05088182,0.02189981,0.037282586,0.016680403,0.021927785,0.026382301,0.030287297,0.027343929,0.03918656,0.027367838,0.026890082,0.028625567,0.03127451,0.06666667,0.039959654,0.028045198,0.029289316,0.024449276,0.035775118,0.028875645,0.05099104,0.02555216,0.04167815,0.019700782,0.024257274,0.026931966
2024-07-25,0.032185547,0.016737534,0.009576181,0.044057064,0.06097952,0.044409692,0.019604038,0.03771833,0.024765514,0.016772069,0.025189333,0.03746442,0.028983667,0.052492015,0.026255718,0.022470834,0.027216079,0.022643067,0.06666667,0.043570384,0.029701764,0.027554676,0.018350096,0.031888876,0.04847276,0.04256082,0.025781851,0.048410933,0.021335373,0.022292586,0.023892602
2024-07-26,0.04550217,0.013295315,0.010587917,0.036516055,0.056814875,0.036957934,0.020023407,0.03242504,0.025184546,0.017359132,0.034365527,0.03761418,0.026707547,0.05783341,0.02724257,0.021708706,0.029185526,0.020574693,0.06666667,0.049280856,0.029525172,0.025605839,0.014394847,0.028827924,0.06376665,0.029108066,0.027238207,0.049663693,0.023767652,0.022717616,0.019538257
2024-07-29,0.054951373,0.010066638,0.012879671,0.033697996,0.05026564,0.030554997,0.019423958,0.03042058,0.029072745,0.016537206,0.03351987,0.039079353,0.028871592,0.057588365,0.028877966,0.019118657,0.032211058,0.017852116,0.06666667,0.0542008,0.033745605,0.025374096,0.013158517,0.03285533,0.062990196,0.02267556,0.029303398,0.049260046,0.025939798,0.021673098,0.017167112
2024-07-30,0.05169033,0.010347696,0.015470049,0.035915606,0.048042655,0.033970922,0.023250638,0.027415417,0.028281918,0.016306618,0.034896176,0.045509245,0.03227522,0.05765219,0.022838365,0.02296745,0.0345147,0.017821765,0.06666667,0.04995609,0.031651642,0.025025237,0.011352386,0.03113841,0.056776267,0.019461302,0.031202951,0.048711907,0.031452633,0.018340018,0.019097537
2024-07-31,0.032420285,0.0067269965,0.011435702,0.049563505,0.06137401,0.045177594,0.016124396,0.020202676,0.02733184,0.010856851,0.044031855,0.040892325,0.03917477,0.0543664,0.019579818,0.03517854,0.031834725,0.018445363,0.06666667,0.04778891,0.02662628,0.025198065,0.012720994,0.024116397,0.06666667,0.026999224,0.026453305,0.04041086,0.035293505,0.018476449,0.017865028
2024-08-01,0.03142439,0.005734111,0.013619644,0.056147873,0.054576453,0.048842326,0.017858487,0.018803202,0.028568977,0.011059747,0.033695083,0.04483398,0.054732557,0.04563459,0.02014233,0.031305358,0.028222384,0.020003838,0.06666667,0.043716658,0.031911124,0.023378503,0.014487195,0.029962836,0.06102405,0.030238805,0.022970662,0.040800795,0.03672918,0.016656097,0.016252093
2024-08-02,0.038603004,0.008986919,0.012175363,0.055908382,0.06666667,0.033890113,0.011617797,0.016275832,0.038333293,0.012361687,0.033595614,0.051079597,0.057753276,0.044490535,0.025062254,0.024075901,0.032528806,0.017927421,0.061213657,0.052191727,0.02416161,0.025865223,0.015070739,0.020248685,0.057553705,0.028842464,0.029292768,0.037565153,0.03893858,0.012433425,0.015289808
2024-08-05,0.044649325,0.011113545,0.008846844,0.057645187,0.06666667,0.031824805,0.0097353645,0.013204584,0.03984442,0.010722447,0.032940347,0.06666667,0.05612663,0.04106423,0.029037235,0.02110623,0.029728597,0.018875513,0.05206834,0.05090525,0.020573532,0.026989559,0.014049365,0.014045642,0.0587223,0.038480397,0.032371152,0.041516528,0.03481482,0.009610656,0.016053827
2024-08-06,0.04045469,0.01641327,0.0075092837,0.05434599,0.06388809,0.04189283,0.011403995,0.014990146,0.033424865,0.011833572,0.03056617,0.06666667,0.05707548,0.05398984,0.022335107,0.023525497,0.025376888,0.019263927,0.052101657,0.045415435,0.019715004,0.025282893,0.01239775,0.011176271,0.0637272,0.042248238,0.027616026,0.04665463,0.028570147,0.009554664,0.020583779
2024-08-07,0.032852475,0.017961953,0.008732593,0.04861358,0.06666667,0.05197526,0.013103548,0.019266976,0.029859759,0.013113267,0.032506816,0.055181265,0.060193118,0.04677251,0.02620108,0.027288921,0.023375483,0.021712044,0.055978935,0.03985665,0.02748379,0.026876332,0.009662461,0.0149673475,0.06426317,0.033836138,0.01892117,0.058127347,0.025562825,0.012542537,0.01654398
2024-08-08,0.03807392,0.02156608,0.00807123,0.05162963,0.065582596,0.0437104,0.01221388,0.018796498,0.0345068,0.01298581,0.025830315,0.06518498,0.05962498,0.049006034,0.029536735,0.023867134,0.025146523,0.019525686,0.045133702,0.043042637,0.02750369,0.027694479,0.011171165,0.01684832,0.0574514,0.040307354,0.020534365,0.05273441,0.024726534,0.011155231,0.016837483
2024-08-09,0.03878594,0.024159795,0.009582519,0.04662101,0.06227339,0.04385782,0.0135984,0.022910094,0.03683242,0.013863705,0.02648102,0.05119475,0.05640067,0.03862217,0.03672121,0.027798895,0.024919339,0.020768553,0.036727473,0.038532406,0.037630916,0.02705156,0.010610882,0.024199596,0.06470695,0.036772493,0.017507156,0.05903272,0.023279741,0.015147791,0.013408617
2024-08-12,0.049619086,0.030382568,0.010077325,0.04131937,0.061050262,0.034836963,0.01328485,0.024761744,0.0423072,0.015276884,0.02452024,0.046631195,0.053424854,0.033869557,0.03980424,0.026349394,0.027442876,0.01822292,0.026038114,0.039684974,0.040175155,0.028081102,0.0122633185,0.026678246,0.06666667,0.036584195,0.01814599,0.05966586,0.021309242,0.01885919,0.012666417
2024-08-13,0.056205273,0.03517453,0.010162805,0.03666694,0.06666667,0.03397008,0.0144352,0.024653016,0.038076576,0.016463695,0.022797473,0.04412565,0.05036599,0.02976245,0.04099396,0.021972299,0.03015342,0.018379785,0.02153534,0.036999486,0.043454003,0.028920406,0.015471851,0.03161664,0.06666667,0.039910987,0.017661573,0.05325496,0.01951236,0.022476241,0.011493686
2024-08-14,0.06611469,0.037208807,0.013337954,0.029881917,0.0656604,0.032031205,0.02087578,0.027156113,0.03392092,0.016883766,0.019289441,0.045088276,0.04672094,0.024984557,0.04626689,0.01606821,0.03323999,0.018529002,0.02325442,0.03779784,0.05114591,0.032383967,0.018279724,0.04378921,0.04843108,0.029981066,0.017694611,0.05007417,0.01772622,0.024811788,0.011371126
2024-08-15,0.065791994,0.03483035,0.013470931,0.029260673,0.06508675,0.035320994,0.024872962,0.029174155,0.033924587,0.0171741,0.01724975,0.04550385,0.045651663,0.023593377,0.039215308,0.016837144,0.033648986,0.018128144,0.02470299,0.035863727,0.049162824,0.032953974,0.020666974,0.046939086,0.045964178,0.030108307,0.015820371,0.049840152,0.019211942,0.02746406,0.012565693
2024-08-16,0.035581067,0.047872745,0.018150937,0.02207232,0.06586071,0.055618763,0.027866814,0.038863648,0.026709776,0.02065741,0.022723006,0.026041027,0.032844193,0.01874094,0.03282844,0.030208718,0.029358275,0.024687016,0.030739179,0.029465755,0.04905126,0.03564244,0.019110197,0.048930515,0.046383824,0.02353997,0.009469614,0.050593056,0.01702049,0.052087627,0.011280259
2024-08-19,0.029624043,0.04798518,0.016970605,0.025254596,0.06666667,0.0596781,0.031715166,0.04320277,0.029312678,0.019194586,0.018325025,0.026603634,0.03466133,0.01696574,0.02909826,0.031125428,0.0271852,0.024517259,0.027346497,0.028139057,0.051727947,0.035587538,0.021738086,0.052758332,0.037832167,0.026096268,0.008848218,0.050024573,0.017550588,0.05282077,0.011443701
2024-08-20,0.023411699,0.044943195,0.019638648,0.027230559,0.06666667,0.06381742,0.03621717,0.045651194,0.028329065,0.019366292,0.016243441,0.025775025,0.034596663,0.015557593,0.024343418,0.033587825,0.027636375,0.025476716,0.02657949,0.02549657,0.053069662,0.036769215,0.024733074,0.057546757,0.027776144,0.029108651,0.00891563,0.044098455,0.019447953,0.056133047,0.011836388
2024-08-21,0.021804512,0.056364797,0.021036504,0.026651891,0.06666667,0.061319765,0.03762709,0.045272578,0.02442625,0.020499555,0.016929425,0.02826575,0.028808601,0.015364238,0.026353542,0.029289197,0.030077733,0.026998326,0.031789802,0.02704278,0.046298653,0.047289193,0.031204335,0.04702276,0.01601371,0.032518987,0.010626473,0.041360803,0.017415835,0.05392024,0.0137400115
2024-08-22,0.016563527,0.05260404,0.022645013,0.027941102,0.06601143,0.06264363,0.03981669,0.047287565,0.022502786,0.020324355,0.018485153,0.023469672,0.027758684,0.014621745,0.027073555,0.03401073,0.0282355,0.02741108,0.033583574,0.025117682,0.04762695,0.046950463,0.029861772,0.050226938,0.014855082,0.030820677,0.009803421,0.04225462,0.018175868,0.058470566,0.012846136
2024-08-23,0.016870962,0.053606987,0.01878213,0.03478499,0.06666667,0.06197,0.039409276,0.044973258,0.023477076,0.018978816,0.020989997,0.023913778,0.03033541,0.017550524,0.026825013,0.03952907,0.025978662,0.025284767,0.034976926,0.02441653,0.043488063,0.04434927,0.02520649,0.037965167,0.017609801,0.034625575,0.009975439,0.053106714,0.021386681,0.04914511,0.013820854
2024-08-26,0.012542828,0.03588947,0.019370105,0.04340974,0.065070495,0.06666667,0.042080723,0.043668997,0.024515629,0.015542669,0.024290016,0.021047335,0.034454748,0.016658938,0.026783515,0.04976526,0.021800052,0.025708433,0.03545921,0.022780415,0.0503006,0.03851888,0.020953463,0.039320987,0.017921388,0.03521959,0.00933735,0.05803382,0.024694534,0.046652,0.011542153
2024-08-27,0.011861239,0.028637443,0.01879145,0.048001453,0.06666667,0.05734479,0.035940573,0.04545982,0.026544847,0.014091214,0.029638402,0.019937532,0.029834902,0.016518813,0.026523704,0.061359826,0.020400384,0.026007676,0.038474973,0.023135496,0.048493203,0.039276198,0.017428745,0.029474542,0.01972715,0.034843102,0.011101748,0.06666667,0.02739315,0.049742848,0.010681441
2024-08-28,0.011749644,0.027524386,0.020262064,0.051969852,0.06666667,0.06249085,0.037830885,0.037127215,0.021851638,0.014344815,0.031613722,0.023523543,0.026821956,0.016294243,0.033053525,0.049874343,0.023363156,0.031284478,0.05025183,0.025084464,0.04410267,0.044281323,0.020992955,0.031765044,0.013433145,0.03773923,0.012254509,0.05728513,0.026970703,0.037881136,0.010310879
2024-08-29,0.011226348,0.025125893,0.020036215,0.06111564,0.06666667,0.05877634,0.035261095,0.040434904,0.021620823,0.014989522,0.031406913,0.021847453,0.026343891,0.017770184,0.033843603,0.047285464,0.023018861,0.03119529,0.05184363,0.025587382,0.040169537,0.044843122,0.021968525,0.029643336,0.012190769,0.04052147,0.014651108,0.05661813,0.028040381,0.034612916,0.011344583
2024-08-30,0.009666156,0.025851477,0.019226182,0.05615703,0.06666667,0.053432368,0.02629203,0.039046533,0.021161031,0.015741285,0.033864208,0.018913843,0.021822896,0.017215556,0.040327135,0.055607017,0.023754844,0.03400473,0.04909434,0.023800815,0.03805023,0.047543768,0.022557346,0.032042034,0.015195784,0.047422085,0.013875926,0.05259078,0.025836142,0.041954856,0.011284904
2024-09-03,0.010730516,0.025010379,0.024530763,0.051737472,0.06025878,0.042911094,0.02967673,0.046162497,0.023624705,0.016914174,0.033804256,0.016945096,0.021339117,0.018246036,0.042171195,0.052263148,0.025546445,0.030909602,0.047961205,0.02667835,0.042676527,0.04810765,0.023758397,0.035388898,0.011856296,0.037890017,0.017352248,0.051063273,0.027814358,0.04379311,0.012877668
2024-09-04,0.012137511,0.018368535,0.016987951,0.06666667,0.060497865,0.039422084,0.026727019,0.04120592,0.033583846,0.013056598,0.025951939,0.028611835,0.034718804,0.027479898,0.036906756,0.040779166,0.024781456,0.025007404,0.054667696,0.03369044,0.031849567,0.052239064,0.024872018,0.02190404,0.007798528,0.045722835,0.025642361,0.053496856,0.034524135,0.019400373,0.02130083
2024-09-05,0.01111835,0.020073416,0.014570339,0.06666667,0.060401075,0.040941525,0.02236692,0.036938485,0.031627525,0.013459391,0.026067395,0.028928434,0.037788004,0.03146117,0.033005714,0.04658036,0.024281757,0.023435883,0.056491103,0.030562952,0.030725362,0.048773043,0.021069534,0.018980144,0.010338164,0.054311536,0.024710644,0.059829097,0.033552848,0.01721891,0.023724252
2024-09-06,0.015084565,0.030088836,0.019450955,0.06666667,0.045394722,0.034185193,0.029057423,0.03386217,0.030253401,0.018652879,0.023987515,0.03138669,0.03891672,0.032580454,0.03331472,0.041604448,0.027416239,0.022160433,0.04740862,0.028047273,0.032025903,0.04661988,0.022803735,0.024074648,0.011005704,0.05243974,0.02724087,0.054135837,0.035871573,0.016629968,0.027632212
2024-09-09,0.022933075,0.036949884,0.015255303,0.05425982,0.04727987,0.032878272,0.026471755,0.02545077,0.029511895,0.018054763,0.029059691,0.04434823,0.032548986,0.03603749,0.032950535,0.040254015,0.03045865,0.021053523,0.05384531,0.030144889,0.025439132,0.04773446,0.021159517,0.017707052,0.0152525855,0.05186527,0.028721442,0.053561687,0.034521915,0.015221912,0.0290683
2024-09-10,0.016245574,0.029053418,0.015527773,0.0501715,0.044096395,0.044758346,0.034670196,0.027617346,0.028843982,0.016424006,0.03171199,0.032882296,0.036570486,0.04278998,0.026656527,0.060998276,0.025667029,0.019480001,0.05929437,0.025997093,0.03393108,0.041903887,0.017064674,0.021685354,0.015757812,0.04497863,0.019748038,0.051436603,0.043593977,0.018152315,0.022291047
2024-09-11,0.02231035,0.046099134,0.0148142185,0.032773536,0.03980599,0.036607478,0.040869903,0.029622795,0.026929833,0.022735374,0.027654829,0.03410967,0.02758864,0.039570477,0.029733432,0.047723696,0.032094564,0.018148122,0.054667242,0.02862286,0.03569816,0.051037442,0.02626527,0.028257191,0.011072252,0.049712714,0.020628693,0.03967489,0.034367524,0.023994217,0.026809504
2024-09-12,0.023044772,0.06666667,0.016295882,0.019675624,0.037066363,0.043911766,0.04820536,0.03228092,0.018357655,0.031496264,0.02531706,0.026727837,0.021566287,0.035942476,0.026427569,0.044839557,0.032471713,0.019494098,0.043216363,0.02529709,0.040857308,0.04802228,0.034810103,0.04029028,0.0131934,0.04984686,0.01637697,0.028491568,0.024261223,0.040102452,0.025446232
2024-09-13,0.020887513,0.06666667,0.018510278,0.017228015,0.033911537,0.046621248,0.047498703,0.03181951,0.017573977,0.03535697,0.028442191,0.022994336,0.018255709,0.031194903,0.0249575,0.058597848,0.031015933,0.021066098,0.038328897,0.022780279,0.038955454,0.047767784,0.036633104,0.039415646,0.013657476,0.05114725,0.014349733,0.025194535,0.024443148,0.051457237,0.023270521
2024-09-16,0.020811025,0.06666667,0.018931067,0.01429954,0.036830656,0.046005607,0.044029627,0.032676145,0.015650718,0.034492005,0.029712673,0.02209419,0.015363272,0.028145995,0.024853004,0.05350735,0.034137126,0.021809328,0.044370573,0.023948863,0.038406886,0.04954482,0.039467856,0.042902622,0.014214014,0.044961587,0.013491521,0.023479732,0.020789983,0.06270072,0.021704843
2024-09-17,0.028046181,0.066417515,0.02119749,0.014970246,0.031918284,0.037072815,0.058821034,0.03398921,0.02091479,0.029524285,0.030797245,0.023830967,0.016937345,0.028059458,0.02412796,0.052778173,0.0343035,0.017972983,0.04489287,0.02357733,0.04518317,0.046915673,0.030453274,0.04164285,0.013892937,0.03365568,0.015652051,0.031227212,0.027596371,0.054303385,0.019327704
2024-09-18,0.04184069,0.043470133,0.028834429,0.017224757,0.024496906,0.028954398,0.057915416,0.032810077,0.028842421,0.027355403,0.033806935,0.027628465,0.024526985,0.03136375,0.022642821,0.05308128,0.03180052,0.01619075,0.037384298,0.02601967,0.050326116,0.041180782,0.023392657,0.031656258,0.022068955,0.026955638,0.022591896,0.044419922,0.033214457,0.04709787,0.02090535
2024-09-19,0.03814155,0.04535194,0.03348795,0.015927576,0.025996815,0.029124979,0.05286433,0.033779163,0.02448555,0.02854672,0.0417787,0.022343032,0.020754961,0.027290568,0.026239356,0.056848355,0.028466636,0.02039791,0.037535388,0.023327384,0.044694427,0.04613223,0.022179201,0.027354747,0.023794932,0.02470666,0.021434767,0.04768193,0.030853542,0.059429105,0.01904959
2024-09-20,0.031112721,0.057797972,0.050055232,0.016455444,0.022653641,0.02928038,0.061907988,0.028425394,0.019570544,0.0357947,0.038805008,0.018137872,0.019420017,0.018984403,0.031858478,0.059484586,0.027117116,0.024760397,0.028070575,0.017590374,0.046203062,0.04163736,0.025152942,0.036479946,0.0198866,0.026156494,0.016090097,0.03986934,0.03297149,0.06315496,0.015114866
2024-09-23,0.041602977,0.037117574,0.06350368,0.018428283,0.025827281,0.022643099,0.052134775,0.024512716,0.022391792,0.030642476,0.038813937,0.022494968,0.021941183,0.015759455,0.05181281,0.039359916,0.03264601,0.02760436,0.03192586,0.02149799,0.042407554,0.046940967,0.026323924,0.045307178,0.018641833,0.019807154,0.019326888,0.04172021,0.035799585,0.049206268,0.0118573
2024-09-24,0.036179673,0.02882673,0.062709615,0.019462895,0.026081875,0.025974998,0.04986186,0.025498426,0.021882253,0.02818968,0.03642663,0.021221958,0.023338078,0.016621707,0.04887862,0.043447733,0.03130793,0.028925905,0.035549488,0.020308109,0.04318948,0.041975636,0.027597647,0.051363926,0.022849502,0.020582184,0.016294962,0.042736154,0.0384455,0.053070016,0.011200833
2024-09-25,0.028415386,0.027881874,0.06666667,0.01836694,0.028029297,0.029778875,0.04843086,0.02384789,0.017912198,0.029130831,0.03867127,0.020370593,0.02022391,0.014296291,0.05561066,0.041688155,0.031203015,0.036244825,0.040197074,0.018730285,0.042219326,0.042862672,0.029064246,0.056006555,0.020260807,0.020854322,0.0133230835,0.038948968,0.034547944,0.056724414,0.009490765
2024-09-26,0.026454497,0.036048837,0.062881924,0.019022925,0.031745784,0.034781497,0.04474993,0.023845978,0.017243844,0.030299515,0.035128344,0.02155376,0.021325344,0.012528573,0.060318742,0.038584936,0.030054487,0.04230544,0.037998278,0.018434964,0.03924666,0.046142336,0.031688143,0.05605945,0.017768448,0.022807559,0.01285361,0.03613117,0.02962552,0.05185686,0.0105126435
2024-09-27,0.02296332,0.041700225,0.055821363,0.023240492,0.033609122,0.040068682,0.049026772,0.020163096,0.017633913,0.027240172,0.032128803,0.027155202,0.022300195,0.012731901,0.061211646,0.038891945,0.031632192,0.04200242,0.04309998,0.020390667,0.038315445,0.049375385,0.032724235,0.055320658,0.01183755,0.024772996,0.01151939,0.03303317,0.029913198,0.039432794,0.010743066
2024-09-30,0.021990342,0.036847573,0.04862787,0.024185538,0.03411302,0.03841579,0.03734839,0.020445155,0.01896133,0.023761649,0.04177407,0.025429651,0.020427413,0.010939271,0.06666667,0.05009875,0.029257383,0.04680828,0.03803461,0.018843379,0.035725635,0.050904576,0.028843943,0.047571056,0.016756132,0.02872478,0.011829461,0.038226645,0.028790388,0.049116228,0.01053503
2024-10-01,0.0168111,0.0389603,0.0448793,0.02755516,0.034114577,0.04047951,0.03270415,0.021027606,0.019334216,0.021950519,0.045330636,0.022250226,0.019999376,0.009828631,0.06666667,0.06666667,0.023993967,0.050910342,0.031085925,0.016014429,0.033529185,0.0480194,0.026938124,0.041852016,0.018283378,0.036858466,0.0115935085,0.03922933,0.029073399,0.053083077,0.010976814
2024-10-02,0.021962443,0.025574207,0.04073024,0.030147275,0.03196753,0.03551757,0.03574737,0.021788841,0.018985193,0.019500578,0.04928922,0.0250272,0.020709595,0.012648712,0.06666667,0.058752187,0.023591235,0.04876872,0.039500233,0.018645857,0.035590395,0.042572573,0.025535034,0.040695548,0.023133973,0.03542117,0.01391467,0.04849631,0.029427607,0.04801415,0.011677703
2024-10-03,0.014914516,0.02322072,0.03582266,0.03633705,0.03250315,0.04604075,0.032734085,0.02123957,0.0154965175,0.02050901,0.04444843,0.02398507,0.022289254,0.014589217,0.05403337,0.06666667,0.021238571,0.050907087,0.04101039,0.014226664,0.031561278,0.040841047,0.027821051,0.037118662,0.023826635,0.0580338,0.012243146,0.04279933,0.03185102,0.047246598,0.014444687
2024-10-04,0.015341511,0.02278669,0.031645853,0.033675916,0.033269484,0.05734006,0.03271111,0.019880325,0.011949375,0.020140277,0.046229243,0.025009463,0.022219943,0.016039187,0.04751398,0.06666667,0.019709153,0.054626934,0.0456976,0.012455918,0.02814732,0.037683282,0.026441757,0.035443176,0.031694643,0.06362485,0.011499016,0.041936353,0.028223934,0.04449238,0.015904589
2024-10-07,0.013771251,0.024544703,0.04483216,0.032736424,0.03372818,0.06075488,0.033672784,0.019190809,0.010907624,0.024724271,0.047943667,0.020014368,0.020973276,0.014448551,0.04895797,0.06666667,0.02215892,0.058833156,0.04476442,0.010769156,0.027848436,0.03688425,0.024397884,0.043486148,0.03002762,0.051141914,0.010776099,0.034531366,0.032403458,0.04119947,0.012910123
2024-10-08,0.029804816,0.02388427,0.053488504,0.03256341,0.026690181,0.055602938,0.05076022,0.015742665,0.012376955,0.024993246,0.048597775,0.029262066,0.024194706,0.01934694,0.04699281,0.053562507,0.024498766,0.047898795,0.047091257,0.01170023,0.02402119,0.030468583,0.022603335,0.037966248,0.034140203,0.04033543,0.01477578,0.035407368,0.042213548,0.02549334,0.013521911
2024-10-09,0.026381295,0.030484805,0.06666667,0.03523572,0.03018511,0.051699005,0.046718393,0.016165677,0.012724297,0.027057124,0.05256324,0.024986355,0.02560134,0.015182512,0.053007316,0.05383044,0.024313368,0.049110856,0.037715804,0.010928177,0.02276608,0.02972212,0.021489648,0.037289187,0.031194469,0.035622083,0.018102834,0.03303337,0.044285703,0.023515316,0.012421685
2024-10-10,0.026937347,0.03255168,0.06666667,0.027792625,0.030016322,0.042904887,0.040236823,0.016533617,0.013241046,0.030000702,0.061216984,0.02159604,0.017305095,0.011654519,0.06596412,0.05055407,0.02772839,0.052583702,0.035333496,0.011585194,0.02347949,0.032847434,0.022523731,0.042789247,0.03393622,0.030450173,0.018150114,0.029695833,0.040794954,0.032281376,0.010648115
2024-10-11,0.029491361,0.029036457,0.066439755,0.0331114,0.029276444,0.04601736,0.03228743,0.01626029,0.014789088,0.030658526,0.055942092,0.026259223,0.0199185,0.014057271,0.05943142,0.0458498,0.028859237,0.053062454,0.036629606,0.013854298,0.02125806,0.031524733,0.025379987,0.036652453,0.038424,0.03576881,0.022043385,0.026834566,0.040577646,0.02659415,0.013710194
2024-10-14,0.023975883,0.02342623,0.06666667,0.04193269,0.029781017,0.04145619,0.03132744,0.020470891,0.018460006,0.033089403,0.047274567,0.020952158,0.023324776,0.014812993,0.055054013,0.051769573,0.028092688,0.04676758,0.033873968,0.014306177,0.025625542,0.028690476,0.023078248,0.04368396,0.03558705,0.033992592,0.02177936,0.02983717,0.051024493,0.025929017,0.01395717
2024-10-15,0.021445435,0.021009652,0.06666667,0.05394456,0.03557762,0.039020363,0.026682878,0.02038361,0.021841452,0.031167602,0.042398907,0.024347365,0.024516689,0.01388211,0.045869622,0.0527573,0.029351527,0.045972526,0.03378248,0.016530327,0.023668183,0.027915537,0.025262268,0.039678764,0.028675348,0.03913352,0.027249616,0.027129143,0.05604965,0.022421027,0.015668258
2024-10-16,0.025762212,0.032575946,0.06666667,0.052950174,0.04047445,0.024910273,0.025478711,0.019705083,0.030095894,0.04053389,0.035407122,0.021620566,0.027810114,0.015600885,0.051426392,0.044343583,0.03429454,0.03567161,0.022772402,0.0217258,0.024942735,0.022337632,0.022464896,0.04708402,0.033392765,0.026526028,0.031818792,0.02728613,0.06486093,0.018115582,0.011344178
2024-10-17,0.021976234,0.027855044,0.06627714,0.054953154,0.04423401,0.027439374,0.026031036,0.020671088,0.030318007,0.037099056,0.03939672,0.020847905,0.03004112,0.016487211,0.044494957,0.05085999,0.030617962,0.034146804,0.025965793,0.023252988,0.031199176,0.022218918,0.01816906,0.040179193,0.033718567,0.026036143,0.028646162,0.032825608,0.06297641,0.020037223,0.01102794
2024-10-18,0.023579204,0.031086328,0.06314063,0.050548606,0.036440875,0.025329767,0.026888307,0.019558962,0.029105017,0.043690905,0.038078584,0.022158053,0.028367715,0.01805792,0.042166725,0.05210135,0.03202111,0.033363365,0.026228458,0.023675721,0.030465582,0.021680688,0.019993566,0.041160442,0.035023067,0.02864785,0.028265482,0.030813111,0.06528602,0.020090679,0.012985919
2024-10-21,0.017852457,0.033516385,0.059599947,0.05392366,0.03825188,0.029736545,0.02461922,0.01987573,0.02977159,0.040494397,0.03948305,0.022041606,0.028771568,0.01934608,0.03776149,0.06308422,0.030035647,0.034121096,0.027055193,0.024522102,0.030550402,0.022633996,0.020465188,0.037106697,0.028862018,0.032985218,0.028160645,0.027012823,0.06462474,0.020381143,0.01335326
2024-10-22,0.019181142,0.049857076,0.058974188,0.0421254,0.037175335,0.031862408,0.019851923,0.019299846,0.021603253,0.052275512,0.03838717,0.022755336,0.026229203,0.020199232,0.038043726,0.05145946,0.03076389,0.03910361,0.023703584,0.022467203,0.02616359,0.025104452,0.02788526,0.037133705,0.032712273,0.046271276,0.029026266,0.020284597,0.04941119,0.024595136,0.01609376
2024-10-23,0.020465625,0.06666667,0.049455088,0.027567226,0.033717927,0.0397525,0.014874251,0.02118899,0.019729037,0.052963864,0.03912846,0.020122604,0.023181196,0.022051968,0.030377246,0.05576337,0.029770244,0.03997292,0.016627464,0.018247979,0.025038376,0.024488889,0.02662537,0.035073552,0.062007528,0.05463371,0.028265523,0.017873155,0.033744678,0.03232636,0.018298242
2024-10-24,0.031935673,0.06666667,0.02837016,0.026921386,0.03733565,0.022288706,0.013255435,0.025231572,0.029952109,0.04877571,0.041888025,0.019376682,0.0258778,0.029718963,0.030975275,0.055714656,0.022978777,0.024429819,0.009916945,0.020745054,0.03474756,0.021020927,0.02221401,0.026253268,0.06666667,0.06530235,0.03312667,0.029533142,0.03197108,0.039943364,0.016865905
2024-10-25,0.032441556,0.06666667,0.026717378,0.02323391,0.030594481,0.024891764,0.018794043,0.028881583,0.029546758,0.052289534,0.03283213,0.018257342,0.02675599,0.0348723,0.02083902,0.06666667,0.020675374,0.021848787,0.008929212,0.017887538,0.03800104,0.018937856,0.020643428,0.028259007,0.06666667,0.06635402,0.027208753,0.031104924,0.030480724,0.045385167,0.023336375
2024-10-28,0.035582762,0.06666667,0.027942467,0.020325694,0.02832007,0.025997106,0.01854068,0.028117876,0.026049724,0.05437944,0.0355903,0.019205913,0.024430623,0.03611298,0.020083284,0.06666667,0.02021127,0.023061773,0.008935402,0.018134272,0.034178857,0.021303706,0.023338098,0.023480697,0.06666667,0.06666667,0.029378805,0.027394425,0.025404792,0.05098483,0.02684749
2024-10-29,0.027114902,0.06666667,0.029656392,0.0197462,0.034159407,0.027311685,0.019546835,0.029206168,0.02165928,0.0568085,0.03072722,0.016977405,0.022913974,0.035664037,0.01936916,0.06666667,0.022008607,0.022606337,0.010624085,0.018076383,0.037618797,0.02204593,0.023567194,0.032239888,0.06666667,0.06479885,0.022298543,0.026953954,0.024558632,0.05874316,0.022998478
2024-10-30,0.029217454,0.06666667,0.038076434,0.02099038,0.03536805,0.031362053,0.023140494,0.025413277,0.0193599,0.06666667,0.02758638,0.020652076,0.025903672,0.0365929,0.019792277,0.05761875,0.025767613,0.024659146,0.011274583,0.020178327,0.032732856,0.025087295,0.030211272,0.03303178,0.048756726,0.06405821,0.024990886,0.020554872,0.02313093,0.04472377,0.026434306
2024-10-31,0.036103107,0.06666667,0.040541906,0.024591513,0.037132014,0.027502043,0.023733474,0.024959464,0.023081303,0.06666667,0.026950425,0.021637792,0.030780343,0.04268555,0.01803691,0.050085533,0.028898587,0.019878075,0.010839635,0.02205381,0.029512323,0.023665214,0.029780991,0.03064314,0.042173084,0.056291204,0.03557036,0.018582586,0.02753637,0.033679932,0.029739985
2024-11-01,0.02063693,0.06666667,0.030745935,0.033961818,0.046235714,0.03687438,0.023586452,0.02296345,0.019856418,0.04897393,0.03640498,0.020414015,0.03342431,0.046002418,0.02198126,0.06666667,0.022530006,0.024693139,0.016785672,0.018894473,0.030560559,0.023784751,0.020530578,0.024554748,0.046969853,0.057116028,0.023998387,0.028719101,0.031475537,0.030686755,0.023305077
2024-11-04,0.013553306,0.06666667,0.03858318,0.03140435,0.034229863,0.041918192,0.02249947,0.026286833,0.01656882,0.05327214,0.037785728,0.016102312,0.030670224,0.04464636,0.022660622,0.06666667,0.022999635,0.030357936,0.021457205,0.017260512,0.033913087,0.024327915,0.02075105,0.034161776,0.042047963,0.05287082,0.021319715,0.024736105,0.027346665,0.03682032,0.02611457
2024-11-05,0.016102167,0.06666667,0.041299246,0.02893407,0.026864795,0.036629084,0.021056687,0.027060954,0.016846573,0.05212189,0.048133895,0.014397007,0.025549185,0.045088153,0.01915287,0.06666667,0.021386584,0.02877218,0.025280615,0.016735448,0.028993681,0.019672452,0.017075814,0.029184563,0.06666667,0.04258235,0.02263165,0.027732842,0.032584667,0.04270352,0.02542705
2024-11-06,0.013299707,0.06666667,0.04063795,0.02521693,0.027574569,0.0426632,0.023391549,0.028467758,0.015081094,0.053059686,0.04078691,0.014384347,0.021542635,0.041425105,0.01875665,0.06666667,0.023577195,0.03142107,0.030972455,0.01738579,0.03512206,0.020616902,0.019473096,0.04249049,0.05326477,0.043255944,0.016712312,0.02416635,0.028647974,0.050451234,0.022820933
2024-11-07,0.007918563,0.06666667,0.031493966,0.02831979,0.039286684,0.049920313,0.017231498,0.031000419,0.010898087,0.06666667,0.028652336,0.00907385,0.017576668,0.022794276,0.020317357,0.06666667,0.025996955,0.03540965,0.023372706,0.01423221,0.038640782,0.025738899,0.030491162,0.0614518,0.03445197,0.064893745,0.008706497,0.0179946,0.019587036,0.06666667,0.017881515
2024-11-08,0.010109884,0.06666667,0.040710293,0.029549178,0.03896624,0.04027876,0.017521292,0.031593286,0.01281521,0.06666667,0.025034335,0.011001359,0.01728832,0.018173441,0.02153019,0.06220782,0.029511847,0.037609786,0.022702795,0.015864387,0.03179149,0.028229652,0.041105058,0.057946425,0.025352122,0.0628802,0.011256814,0.017396035,0.02064509,0.06666667,0.020928677
2024-11-11,0.010494574,0.05935146,0.036381967,0.03208374,0.039868187,0.038275592,0.016950544,0.037291992,0.014721495,0.06445765,0.020099066,0.011882114,0.019989647,0.015974643,0.019856421,0.059912577,0.027263504,0.03813401,0.020386664,0.013933122,0.032295555,0.028158225,0.03960463,0.060730755,0.03069823,0.06666667,0.011559525,0.021968994,0.02166661,0.06666667,0.02267518
2024-11-12,0.008209858,0.049503803,0.035829946,0.0395832,0.046718486,0.044494856,0.016674824,0.034839347,0.012500049,0.05885464,0.02169741,0.01247842,0.021734029,0.015539787,0.020643886,0.06159619,0.028238948,0.042940665,0.026096124,0.014005012,0.031818576,0.029414846,0.03859378,0.05500676,0.027557064,0.06666667,0.011119281,0.02411989,0.0218242,0.058273334,0.023426125
2024-11-13,0.008129621,0.062414628,0.043330982,0.03127621,0.043281008,0.04308757,0.016024431,0.034762155,0.010743463,0.06666667,0.024338739,0.010822647,0.018846761,0.014574737,0.023027424,0.05789003,0.027926406,0.0484626,0.025313325,0.013112335,0.028455306,0.029775715,0.04025969,0.049681958,0.025432391,0.06546489,0.011709921,0.02143599,0.020295743,0.059883166,0.023573486
2024-11-14,0.008676213,0.062031172,0.049559172,0.029986078,0.035013426,0.03790066,0.017954426,0.03743305,0.014316294,0.06666667,0.028623205,0.009988546,0.019149778,0.015485673,0.020228148,0.06666667,0.024749499,0.04551298,0.0227387,0.012389097,0.029787332,0.026762376,0.031596236,0.04384225,0.03230478,0.05549753,0.012507348,0.02492593,0.027979387,0.06666667,0.023060717
2024-11-15,0.00771732,0.05638108,0.05155702,0.032751482,0.029278887,0.04142071,0.016695067,0.036196347,0.016169876,0.06666667,0.02859809,0.010673205,0.022583792,0.01624013,0.017204091,0.06666667,0.021580953,0.04736809,0.02109839,0.011576396,0.029580217,0.025101285,0.026463607,0.03940636,0.043395843,0.05743908,0.011672259,0.027092153,0.03179065,0.066617206,0.023017079
2024-11-18,0.007046263,0.042794738,0.03778364,0.046354912,0.03010068,0.037448227,0.015413625,0.03819622,0.02312385,0.05420946,0.026289936,0.011951231,0.034699537,0.01945974,0.020972336,0.06666667,0.017253155,0.042185772,0.0185863,0.012253284,0.037291624,0.024134796,0.01952361,0.034259267,0.053012855,0.063064046,0.010859893,0.04590118,0.034351133,0.052438453,0.02237356
2024-11-19,0.0068168966,0.042777773,0.037601337,0.05441887,0.026612084,0.03112048,0.015760733,0.038947467,0.028385421,0.051856562,0.025676724,0.012063342,0.037688274,0.020828053,0.023142932,0.06666667,0.015755126,0.04047437,0.015396127,0.012034842,0.040975995,0.022833498,0.018334428,0.032366477,0.044682134,0.06666667,0.01284505,0.049083903,0.03928732,0.046558388,0.02234206
2024-11-20,0.0060624164,0.055578977,0.03696193,0.04620459,0.029593524,0.033776376,0.016301656,0.044607066,0.024626479,0.057075832,0.023160469,0.010509233,0.0322022,0.02167562,0.021294005,0.06666667,0.01569409,0.04095491,0.014823601,0.012422215,0.043477647,0.023451388,0.021394016,0.03785424,0.035719566,0.06666667,0.012335154,0.039893325,0.031816527,0.055905502,0.021294108
2024-11-21,0.005925764,0.06055427,0.030398995,0.043484002,0.03286604,0.0375349,0.013890401,0.04213545,0.02387639,0.05471772,0.02720243,0.011492657,0.027308766,0.021103451,0.022638364,0.06666667,0.016280046,0.045646664,0.01580135,0.012849364,0.039564062,0.027858201,0.022242106,0.033431638,0.036066968,0.06666667,0.012039648,0.035980023,0.028562438,0.06416154,0.021053016
2024-11-22,0.007615228,0.038546998,0.029183874,0.03830919,0.030793952,0.03594127,0.017295266,0.044677015,0.026146643,0.047593705,0.03336301,0.011516821,0.024413493,0.02058585,0.025284441,0.06666667,0.015808694,0.04236346,0.020690078,0.014790386,0.04731775,0.025977423,0.015951088,0.03819878,0.045123115,0.06666667,0.011220584,0.046203136,0.02936415,0.06666667,0.015724597
2024-11-25,0.00767607,0.034954764,0.03221351,0.03456955,0.02699543,0.03507457,0.021404456,0.04558767,0.027459165,0.043527268,0.03535732,0.011329928,0.022780366,0.020087328,0.028379245,0.06666667,0.016425228,0.04268393,0.024402997,0.015721275,0.052105702,0.026535848,0.014436353,0.04334502,0.041529223,0.054608274,0.010056109,0.052350048,0.031104097,0.06666667,0.013965929
2024-11-26,0.0065137846,0.022513922,0.040015567,0.041983332,0.030936653,0.037530478,0.023764636,0.04564022,0.027983261,0.035954975,0.03333156,0.013043516,0.027256174,0.018654859,0.030011678,0.06666667,0.017504279,0.046449702,0.033458512,0.019288657,0.055505533,0.02952191,0.0133481175,0.044518963,0.027011964,0.039204348,0.011184123,0.055646617,0.03414624,0.057870615,0.013539123
2024-11-27,0.0054065287,0.023988165,0.036167137,0.036459018,0.03118182,0.041605122,0.02285695,0.057363376,0.024550237,0.038724896,0.027056266,0.010928586,0.025657715,0.01904567,0.024495875,0.06666667,0.016789036,0.046386424,0.03228585,0.019295214,0.057649456,0.03086545,0.015867325,0.05234124,0.025564332,0.041477725,0.010078525,0.049533743,0.02701881,0.06666667,0.01602617
2024-11-29,0.0055170152,0.020060977,0.035248417,0.038470075,0.03489013,0.04213626,0.023027414,0.059396893,0.026096014,0.03411241,0.029199578,0.011121342,0.029194767,0.021525895,0.021821253,0.06666667,0.015041018,0.043557316,0.034114774,0.020863647,0.059207276,0.028067274,0.012568571,0.043076795,0.0315696,0.03273219,0.01093099,0.05930135,0.02879447,0.06666667,0.015022957
2024-12-02,0.0046971478,0.0203978,0.036002956,0.04019581,0.036158167,0.0484136,0.025204552,0.05473271,0.023463782,0.03246053,0.028484637,0.011705159,0.027377445,0.022431143,0.019868454,0.06666667,0.015774276,0.04370476,0.04092442,0.021269863,0.059284978,0.028287627,0.014072412,0.04621464,0.025229428,0.03578823,0.010524077,0.050593797,0.03011993,0.06591529,0.014035719
2024-12-03,0.0053911353,0.025571795,0.037799973,0.038336862,0.03670823,0.053470697,0.025397386,0.053505063,0.023742473,0.032594386,0.030257693,0.013115261,0.03169242,0.027138656,0.015892284,0.06666667,0.015591057,0.04132317,0.04149613,0.023347024,0.052392073,0.027638942,0.013951132,0.035858963,0.027908333,0.0332514,0.011576871,0.0496894,0.028916383,0.062266,0.01751214
2024-12-04,0.0056518395,0.035408936,0.040065367,0.03009119,0.037397947,0.06666667,0.033261873,0.05242364,0.016855892,0.034867268,0.030944956,0.012254109,0.028452195,0.025631791,0.013582771,0.06666667,0.015152825,0.042590104,0.043338243,0.020293081,0.047649696,0.026639704,0.014964443,0.039562482,0.028323857,0.02940731,0.009727495,0.042104427,0.025712755,0.06666667,0.017643796
2024-12-05,0.005780281,0.06666667,0.050047882,0.0204679,0.03841681,0.06666667,0.030604437,0.044321477,0.011150133,0.048243523,0.029003588,0.012739614,0.022386696,0.023569927,0.013351748,0.06666667,0.017508807,0.048352793,0.042983856,0.017872721,0.038339254,0.028288415,0.018045789,0.03913077,0.02522216,0.02979105,0.009331275,0.030025404,0.019224895,0.06666667,0.019132122
2024-12-06,0.010088989,0.06666667,0.058978282,0.013168333,0.026630484,0.06666667,0.049647633,0.044624094,0.012259776,0.045343366,0.0271647,0.014354492,0.020923965,0.028492223,0.011699547,0.06666667,0.01983173,0.038984027,0.038282856,0.01796275,0.03927771,0.024921926,0.017298523,0.046372376,0.02794176,0.019444225,0.0107481945,0.0275519,0.022415422,0.06345973,0.022130985
2024-12-09,0.012586753,0.06666667,0.06666667,0.011635193,0.029614983,0.06666667,0.055338148,0.03921399,0.010786937,0.055383787,0.02850849,0.013910271,0.019804865,0.027437586,0.013248691,0.058456745,0.023713406,0.037773203,0.03624795,0.018219955,0.03725437,0.025522366,0.017866436,0.05008061,0.02683098,0.016342506,0.01148642,0.024402158,0.02235692,0.056957833,0.019018447
2024-12-10,0.016747767,0.06666667,0.066184305,0.010603239,0.027560085,0.06666667,0.053381987,0.029534085,0.011287076,0.055647682,0.030438237,0.01995678,0.01817412,0.029946614,0.014333707,0.05533629,0.02736679,0.038871102,0.033366475,0.018737767,0.03230106,0.028272167,0.02124226,0.046275776,0.02954251,0.021201704,0.014096901,0.019676277,0.022123521,0.053998124,0.020462258
2024-12-11,0.010960342,0.06666667,0.06666667,0.012327973,0.035835057,0.06666667,0.03496387,0.032428216,0.01003142,0.05350989,0.039497904,0.016050827,0.017026756,0.02961064,0.016592061,0.06666667,0.025195451,0.05047264,0.032237317,0.017393671,0.02708824,0.030888617,0.021428427,0.031497844,0.028261805,0.025438545,0.016572583,0.018905673,0.019847142,0.058546994,0.02072343
2024-12-12,0.012499808,0.06666667,0.06666667,0.012083452,0.033806216,0.06666667,0.03620397,0.031552263,0.010179637,0.05562389,0.037811078,0.015041273,0.01936286,0.03135497,0.017934002,0.06666667,0.02428286,0.04706229,0.027102865,0.018315865,0.032200918,0.02625805,0.020015096,0.038269747,0.03239822,0.024246182,0.016551593,0.019503374,0.018044533,0.05668192,0.018946406
2024-12-13,0.015329008,0.06666667,0.06666667,0.012688753,0.033708546,0.06666667,0.03299688,0.030062031,0.012498984,0.051343895,0.0373378,0.01811897,0.020382019,0.033631343,0.019410415,0.06558541,0.026690595,0.04940836,0.02472252,0.020160852,0.028356152,0.028783692,0.01987637,0.038766477,0.033254806,0.024597503,0.019603247,0.016895134,0.017840995,0.048307218,0.019642018
2024-12-16,0.01585682,0.06666667,0.05953738,0.012337386,0.03568435,0.06666667,0.02991067,0.030609803,0.011238429,0.05025861,0.037089642,0.017667806,0.018416738,0.032822516,0.023115989,0.06037032,0.02680312,0.051890578,0.02348281,0.019239515,0.02804621,0.03005619,0.020466318,0.042990256,0.03649714,0.028011277,0.019905379,0.017007517,0.015579823,0.05255527,0.019218802
2024-12-17,0.012978475,0.06666667,0.06635966,0.012191434,0.03375452,0.06666667,0.022061583,0.029302169,0.009138515,0.057728667,0.04049195,0.014140858,0.015863495,0.028034491,0.028136633,0.059850104,0.027455606,0.059641495,0.021425964,0.017482156,0.024385897,0.03111782,0.023870122,0.038866196,0.03521631,0.03229074,0.021283796,0.015172603,0.013006498,0.055713266,0.019705648
2024-12-18,0.0150642395,0.06666667,0.05957166,0.011113803,0.03664566,0.066087276,0.019868836,0.029278792,0.009787998,0.050808515,0.048831742,0.014215183,0.013864672,0.03001688,0.028692521,0.054100655,0.03008216,0.055597305,0.024427464,0.020303922,0.021860542,0.035502348,0.024010418,0.035811435,0.038344417,0.027889878,0.024323475,0.0141141005,0.01255808,0.061282698,0.019276664
2024-12-19,0.022096863,0.06666667,0.040243965,0.013063146,0.045603078,0.06666667,0.017700214,0.029081836,0.010123373,0.04667106,0.04786991,0.02029789,0.015347186,0.038053885,0.028251743,0.039701864,0.030999746,0.052366093,0.029482568,0.023752159,0.017922463,0.041214585,0.02558627,0.024501834,0.042769656,0.03332833,0.029804582,0.015788402,0.011544275,0.04997832,0.023521375
2024-12-20,0.0217447,0.06666667,0.048670627,0.0120178955,0.0425754,0.06478391,0.01831085,0.029129772,0.009460086,0.05647682,0.04763493,0.016741775,0.015904939,0.03247598,0.034832016,0.036554128,0.030054323,0.05688622,0.027286194,0.019950295,0.020374272,0.041082434,0.023373434,0.02957946,0.042778634,0.029724402,0.028002683,0.016401235,0.011861737,0.04886356,0.019800624
2024-12-23,0.020641578,0.06666667,0.05275397,0.014393741,0.044469256,0.060429987,0.016784763,0.027076865,0.01086386,0.053336706,0.047121484,0.016600028,0.01945068,0.032074053,0.035685234,0.037993275,0.027939724,0.054263983,0.024460623,0.019904211,0.022651015,0.03609304,0.02137116,0.031456117,0.050420187,0.030853253,0.028518038,0.017555574,0.014229104,0.04577847,0.018163351
2024-12-24,0.03084202,0.06666667,0.056410823,0.016952312,0.04436376,0.05263138,0.01801734,0.023497298,0.013015807,0.049891893,0.040352903,0.024211152,0.02484322,0.036168013,0.034681436,0.026063615,0.029820815,0.04920573,0.024539249,0.023901736,0.022712836,0.033797737,0.022380672,0.03076121,0.05037343,0.030113805,0.038405217,0.017629845,0.016244039,0.032060686,0.019443354
2024-12-26,0.023559874,0.06666667,0.06307773,0.018000394,0.047035594,0.05498015,0.016730515,0.024922468,0.012946568,0.052988205,0.040444154,0.019130932,0.024543827,0.031823833,0.03493257,0.029869577,0.02928562,0.05436826,0.025544982,0.022423351,0.0225337,0.033805702,0.021664139,0.033891823,0.046436463,0.028032174,0.033149704,0.01744815,0.017791864,0.03404955,0.017921459
2024-12-27,0.023359325,0.06666667,0.06662686,0.021693097,0.046628583,0.048590474,0.017675804,0.02321267,0.013815834,0.053642206,0.033680815,0.022240428,0.025826922,0.028502712,0.040423933,0.023858545,0.03238114,0.058587953,0.025407035,0.022959456,0.02293395,0.033935953,0.02524354,0.039660502,0.035798535,0.030178728,0.035431515,0.016670171,0.019712951,0.027063651,0.017590038
2024-12-30,0.02531418,0.06603697,0.055855,0.029723553,0.048127957,0.048424497,0.02073721,0.021791197,0.014952071,0.04366028,0.02915231,0.029404916,0.03124789,0.03427634,0.037846554,0.019297205,0.032968875,0.055039756,0.030935157,0.024711426,0.022430997,0.0325024,0.02562218,0.036706615,0.03076221,0.032374937,0.039745856,0.018715113,0.022860674,0.019077688,0.019697987
